,label,x,y,n_cells,n_cells_final,trash,dataset,date,date_index,concentration
0,1,899.004835589942,1464.1473243068988,1,26,True,0,20220531,1,0.0
1,2,898.7570725707257,2000.5971709717096,2,45,False,0,20220531,1,0.0
2,3,899.2132075471698,2532.3352201257862,0,0,False,0,20220531,1,0.0
3,4,899.2132075471698,3068.3352201257862,0,0,False,0,20220531,1,0.0
4,5,899.4020208205757,3607.967850581752,0,0,False,0,20220531,1,0.0
5,6,899.2204169221336,4136.33629675046,0,71,False,0,20220531,1,0.0
6,7,899.4020208205757,4679.967850581751,1,71,False,0,20220531,1,0.0
7,8,899.7795830778664,5208.33629675046,0,0,False,0,20220531,1,0.0
8,9,899.6956112852664,5747.876175548589,0,0,False,0,20220531,1,0.0
9,10,899.204260651629,6275.7807017543855,3,71,False,0,20220531,1,0.0
10,11,899.8779141104294,6816.241104294479,1,75,False,0,20220531,1,0.0
11,12,900.0686274509804,7352.053921568628,0,68,False,0,20220531,1,0.0
12,13,900.3051612903225,7887.866451612903,2,77,False,0,20220531,1,0.0
13,14,900.6003003003003,8428.206306306307,0,69,False,0,20220531,1,0.0
14,15,900.0979381443299,8952.051546391753,1,78,False,0,20220531,1,0.0
15,16,900.2429274292743,9488.59717097171,1,0,False,0,20220531,1,0.0
16,17,901.4233621755252,10024.187268232386,2,79,False,0,20220531,1,0.0
17,18,901.0743368291178,10560.657310302282,1,82,False,0,20220531,1,0.0
18,19,900.5989802039592,11100.224655068989,0,68,False,0,20220531,1,0.0
19,20,899.7005141388174,11639.690231362469,1,79,False,0,20220531,1,0.0
20,21,901.428306551298,12176.889369592089,1,1,False,0,20220531,1,0.0
21,22,900.3805031446541,12707.771698113207,3,82,False,0,20220531,1,0.0
22,23,900.3564231738035,13236.502518891688,3,111,False,0,20220531,1,0.0
23,24,899.9824120603015,13772.14824120603,3,82,False,0,20220531,1,0.0
24,25,900.1607818411097,14308.690416141237,1,122,False,0,20220531,1,0.0
25,26,899.896238244514,14851.685579937304,0,0,False,0,20220531,1,0.0
26,27,899.9824120603015,15380.14824120603,0,74,False,0,20220531,1,0.0
27,28,899.7795830778664,15920.33629675046,0,0,False,0,20220531,1,0.0
28,29,899.6909424724602,16463.68604651163,4,113,False,0,20220531,1,0.0
29,30,899.6956112852664,16995.87617554859,0,0,False,0,20220531,1,0.0
30,31,899.6055408970976,17531.594986807388,0,60,False,0,20220531,1,0.0
31,32,899.5,18067.5,0,73,False,0,20220531,1,0.0
32,33,899.5,18599.690231362467,1,0,False,0,20220531,1,0.0
33,34,899.6002506265664,19139.404761904763,2,54,True,0,20220531,1,0.0
34,35,900.1467065868263,19675.226946107785,0,0,True,0,20220531,1,0.0
35,36,900.0925925925926,20211.5,0,0,True,0,20220531,1,0.0
36,37,900.1842767295598,20754.86603773585,0,0,False,0,20220531,1,0.0
37,38,903.89588688946,21283.309768637533,1,0,True,0,20220531,1,0.0
38,39,1342.8345888261142,1199.9695543000628,0,0,True,0,20220531,1,0.0
39,40,1343.293710691824,1728.4610062893082,0,0,False,0,20220531,1,0.0
40,41,1343.1967699406723,2263.78740936058,0,0,False,0,20220531,1,0.0
41,42,1343.2115987460816,2799.7884012539184,0,0,False,0,20220531,1,0.0
42,43,1343.211959924859,3335.788040075141,1,99,False,0,20220531,1,0.0
43,44,1343.5,3871.694993412385,1,96,False,0,20220531,1,0.0
44,45,1343.5,4407.6952440550685,1,94,False,0,20220531,1,0.0
45,46,1343.5,4943.5,5,105,False,0,20220531,1,0.0
46,47,1343.5975609756097,5479.59756097561,0,0,False,0,20220531,1,0.0
47,48,1343.5951768488746,6011.788102893891,4,113,True,0,20220531,1,0.0
48,49,1343.7790697674418,6544.357322438717,1,99,False,0,20220531,1,0.0
49,50,1343.7002567394095,7083.5,0,0,False,0,20220531,1,0.0
50,51,1344.0771643663738,7623.5,1,97,False,0,20220531,1,0.0
51,52,1343.7884012539184,8151.788401253919,0,0,False,0,20220531,1,0.0
52,53,1343.705533596838,8695.5,2,100,False,0,20220531,1,0.0
53,54,1343.6953727506427,9219.885604113111,1,102,False,0,20220531,1,0.0
54,55,1343.89588688946,9755.690231362469,1,89,False,0,20220531,1,0.0
55,56,1343.399935856318,10291.597498396408,1,100,False,0,20220531,1,0.0
56,57,1344.0824742268042,10828.067010309278,1,89,False,0,20220531,1,0.0
57,58,1344.4319899244333,11374.568010075567,0,97,False,0,20220531,1,0.0
58,59,1343.8859649122808,11903.690476190475,2,98,False,0,20220531,1,0.0
59,60,1343.89588688946,12443.309768637531,2,102,False,0,20220531,1,0.0
60,61,1343.89588688946,12971.690231362469,0,0,False,0,20220531,1,0.0
61,62,1343.690476190476,13503.88596491228,3,37,True,0,20220531,1,0.0
62,63,1343.8859649122808,14039.690476190475,5,3,False,0,20220531,1,0.0
63,64,1343.4044703000611,14579.402020820577,0,0,False,0,20220531,1,0.0
64,65,1343.6953727506427,15115.885604113111,1,103,False,0,20220531,1,0.0
65,66,1343.690476190476,15647.88596491228,5,158,False,0,20220531,1,0.0
66,67,1343.7884012539184,16191.788401253918,0,0,False,0,20220531,1,0.0
67,68,1343.399935856318,16731.402501603592,2,80,False,0,20220531,1,0.0
68,69,1343.6865030674846,17267.308588957054,2,79,False,0,20220531,1,0.0
69,70,1343.5955296999389,17795.98009797918,7,62,False,0,20220531,1,0.0
70,71,1343.5975609756097,18335.40243902439,1,75,False,0,20220531,1,0.0
71,72,1343.5,18867.88235294117,0,73,True,0,20220531,1,0.0
72,73,1343.5,19403.5,2,73,False,0,20220531,1,0.0
73,74,1343.89588688946,19947.309768637533,4,58,False,0,20220531,1,0.0
74,75,1344.0539215686274,20482.93137254902,0,0,True,0,20220531,1,0.0
75,76,1344.1825499034128,21019.03122987765,1,0,True,0,20220531,1,0.0
76,77,1786.8558696988323,928.6923786109404,0,0,True,0,20220531,1,0.0
77,78,1786.6937984496124,1464.37338501292,0,0,False,0,20220531,1,0.0
78,79,1786.9313725490197,2000.053921568628,1,91,False,0,20220531,1,0.0
79,80,1787.2038895859473,2531.781053952321,1,122,False,0,20220531,1,0.0
80,81,1786.442065491184,3068.3110831234258,0,116,False,0,20220531,1,0.0
81,82,1787.970300061237,3608.149112063688,0,91,False,0,20220531,1,0.0
82,83,1787.5979791794243,4135.967850581751,0,0,False,0,20220531,1,0.0
83,84,1787.2204169221336,4679.772225628449,1,92,False,0,20220531,1,0.0
84,85,1787.029699938763,5208.149112063687,3,103,False,0,20220531,1,0.0
85,86,1787.882149591452,5748.053111250786,0,0,False,0,20220531,1,0.0
86,87,1787.9753476611884,6276.870417193426,0,0,False,0,20220531,1,0.0
87,88,1788.0700245700243,6816.055282555282,2,118,False,0,20220531,1,0.0
88,89,1788.0686274509803,7352.053921568628,0,0,False,0,20220531,1,0.0
89,90,1787.9066924066924,7887.685328185328,0,0,False,0,20220531,1,0.0
90,91,1788.4214157168567,8427.5,0,108,False,0,20220531,1,0.0
91,92,1788.8411003236247,8951.057281553398,2,90,False,0,20220531,1,0.0
92,93,1788.9590264941469,9488.74460874923,0,0,False,0,20220531,1,0.0
93,94,1788.5325752919484,10024.31868469576,0,137,False,0,20220531,1,0.0
94,95,1789.3282890673256,10560.925571340333,1,108,False,0,20220531,1,0.0
95,96,1788.2420706163973,11099.868641532015,0,91,False,0,20220531,1,0.0
96,97,1788.1082474226805,11639.5,2,110,False,0,20220531,1,0.0
97,98,1788.8382533825338,12175.657441574416,2,104,False,0,20220531,1,0.0
98,99,1788.3636363636365,13236.671717171715,2,96,False,0,20220531,1,0.0
99,100,1788.083280955374,13772.053111250783,0,0,False,0,20220531,1,0.0
100,101,1788.26214511041,14308.5952681388,2,103,False,0,20220531,1,0.0
101,102,1788.0925925925926,14851.5,0,0,False,0,20220531,1,0.0
102,103,1787.887665198238,15380.240088105727,0,105,False,0,20220531,1,0.0
103,104,1787.8779141104294,15920.24110429448,0,0,False,0,20220531,1,0.0
104,105,1787.7886850152904,16463.409480122325,1,98,False,0,20220531,1,0.0
105,106,1787.795739348371,16995.780701754386,1,32,True,0,20220531,1,0.0
106,107,1787.9177131526767,17531.68506278916,1,72,False,0,20220531,1,0.0
107,108,1787.7003757044458,18067.5,3,187,False,0,20220531,1,0.0
108,109,1787.6027617212587,18599.59505459217,1,79,False,0,20220531,1,0.0
109,110,1787.896238244514,19139.314420062696,0,0,True,0,20220531,1,0.0
110,111,1788.4214157168567,19675.5,2,83,False,0,20220531,1,0.0
111,112,1788.0925925925926,20211.5,1,0,True,0,20220531,1,0.0
112,113,1788.083280955374,20754.94688874921,1,56,False,0,20220531,1,0.0
113,114,1788.294468887492,21283.5,0,0,True,0,20220531,1,0.0
114,115,1791.89588688946,12707.309768637531,0,94,False,0,20220531,1,0.0
115,116,2231.304755944931,1199.5,0,50,True,0,20220531,1,0.0
116,117,2231.6907151819323,1727.8764115432873,0,0,False,0,20220531,1,0.0
117,118,2231.5,2263.5,0,0,False,0,20220531,1,0.0
118,119,2231.5,2799.5,1,108,False,0,20220531,1,0.0
119,120,2231.5,3335.5,2,108,False,0,20220531,1,0.0
120,121,2231.5,3871.5,2,106,False,0,20220531,1,0.0
121,122,2231.695244055069,4407.5,0,0,False,0,20220531,1,0.0
122,123,2231.5,4943.5,1,122,False,0,20220531,1,0.0
123,124,2231.5,5479.5,1,100,False,0,20220531,1,0.0
124,125,2231.6000641436817,6011.402501603592,1,0,False,0,20220531,1,0.0
125,126,2231.690476190476,6543.8859649122805,0,0,False,0,20220531,1,0.0
126,127,2231.89588688946,7083.690231362468,1,0,False,0,20220531,1,0.0
127,128,2232.077164366374,7623.5,1,134,False,0,20220531,1,0.0
128,129,2231.8859649122805,8151.690476190476,3,112,False,0,20220531,1,0.0
129,130,2232.1076618229854,8695.5,0,0,False,0,20220531,1,0.0
130,131,2231.79543994862,9219.787732819525,0,0,False,0,20220531,1,0.0
131,132,2232.182549903413,9755.968770122345,2,107,False,0,20220531,1,0.0
132,133,2232.182549903413,10291.968770122345,1,122,False,0,20220531,1,0.0
133,134,2232.082474226804,10828.067010309278,0,0,False,0,20220531,1,0.0
134,135,2231.6902377972465,11375.304755944931,0,0,False,0,20220531,1,0.0
135,136,2232.165411173886,11903.969554300063,1,107,False,0,20220531,1,0.0
136,137,2231.7002567394097,12443.5,7,129,False,0,20220531,1,0.0
137,138,2232.0817245817248,12972.06628056628,0,0,False,0,20220531,1,0.0
138,139,2232.3332284455632,13504.529578351165,1,141,False,0,20220531,1,0.0
139,140,2232.3332284455632,14040.529578351165,1,106,False,0,20220531,1,0.0
140,141,2232.241104294478,14579.87791411043,2,217,False,0,20220531,1,0.0
141,142,2232.0817245817248,15116.06628056628,0,0,False,0,20220531,1,0.0
142,143,2231.9695543000626,15648.165411173886,0,111,False,0,20220531,1,0.0
143,144,2231.8859649122805,16191.690476190475,0,0,False,0,20220531,1,0.0
144,145,2231.7002567394097,16731.5,2,87,False,0,20220531,1,0.0
145,146,2232.241104294478,17267.681595092025,0,0,False,0,20220531,1,0.0
146,147,2232.053921568628,17796.06862745098,2,109,False,0,20220531,1,0.0
147,148,2231.8859649122805,18335.69047619048,4,91,False,0,20220531,1,0.0
148,149,2232.33629675046,18867.220416922133,3,95,False,0,20220531,1,0.0
149,150,2231.79543994862,19403.787732819525,4,109,False,0,20220531,1,0.0
150,151,2231.89588688946,19947.309768637533,2,89,False,0,20220531,1,0.0
151,152,2232.33629675046,20483.220416922133,3,80,False,0,20220531,1,0.0
152,153,2231.89588688946,21019.309768637533,4,60,True,0,20220531,1,0.0
153,154,2674.93137254902,928.0539215686274,0,0,False,0,20220531,1,0.0
154,155,2677.859493670886,1462.4012658227848,1,61,True,0,20220531,1,0.0
155,156,2675.406919779547,1999.776791181874,2,105,False,0,20220531,1,0.0
156,157,2674.90666247643,2531.489943431804,0,0,True,0,20220531,1,0.0
157,158,2675.1173694147265,3068.04877281309,0,0,False,0,20220531,1,0.0
158,159,2674.6416309012875,3607.7722256284487,3,86,False,0,20220531,1,0.0
159,160,2678.221252257676,4135.150812763395,0,1,True,0,20220531,1,0.0
160,161,2679.5,4679.5,2,98,False,0,20220531,1,0.0
161,162,2678.2738452309536,5208.111877624475,2,118,False,0,20220531,1,0.0
162,163,2679.5,5747.5,1,154,True,0,20220531,1,0.0
163,164,2680.4987699877,6275.849323493235,3,143,True,0,20220531,1,0.0
164,165,2679.882775119617,6815.5,2,166,False,0,20220531,1,0.0
165,166,2680.2616766467067,7351.859281437126,0,0,False,0,20220531,1,0.0
166,167,2680.236225087925,8427.317116060962,4,115,False,0,20220531,1,0.0
167,168,2679.907035175879,8951.680904522613,0,0,False,0,20220531,1,0.0
168,169,2679.211389385808,9487.774299344066,0,153,False,0,20220531,1,0.0
169,170,2680.0693779904304,10024.04066985646,1,103,False,0,20220531,1,0.0
170,171,2681.5253470126736,10560.709414604707,0,0,False,0,20220531,1,0.0
171,172,2680.147574517826,11099.766510812393,1,91,False,0,20220531,1,0.0
172,173,2680.1638705811865,12175.766027561414,1,94,False,0,20220531,1,0.0
173,174,2680.093137254902,12707.5,0,119,False,0,20220531,1,0.0
174,175,2680.0840490797545,13236.039877300613,0,0,False,0,20220531,1,0.0
175,176,2679.796024464832,13771.774006116208,2,136,False,0,20220531,1,0.0
176,177,2680.459409594096,14308.385608856088,0,0,False,0,20220531,1,0.0
177,178,2679.896572827417,14851.681150550796,0,0,False,0,20220531,1,0.0
178,179,2680.0840490797545,15380.039877300613,3,96,False,0,20220531,1,0.0
179,180,2680.0693779904304,15920.04066985646,1,200,False,0,20220531,1,0.0
180,181,2679.980573819486,16463.406754333533,1,114,False,0,20220531,1,0.0
181,182,2679.896572827417,16995.681150550794,1,107,False,0,20220531,1,0.0
182,183,2679.605602060528,17531.592723760463,0,97,False,0,20220531,1,0.0
183,184,2679.9935543278084,18067.58348680172,1,107,False,0,20220531,1,0.0
184,185,2679.80923947203,18599.42206159648,1,81,False,0,20220531,1,0.0
185,186,2680.1876155268023,19139.214109673445,0,95,False,0,20220531,1,0.0
186,187,2680.4227166276346,19675.5,0,0,False,0,20220531,1,0.0
187,188,2679.700488997555,20211.5,4,79,False,0,20220531,1,0.0
188,189,2679.7963870177587,20755.22565829761,2,78,False,0,20220531,1,0.0
189,190,2680.093137254902,21283.5,0,0,True,0,20220531,1,0.0
190,191,2683.602761721259,7887.595054592164,2,101,False,0,20220531,1,0.0
191,192,2683.9025806451614,11639.5,3,127,False,0,20220531,1,0.0
192,193,3130.359950859951,1199.5,1,69,False,0,20220531,1,0.0
193,194,3125.668888888889,1728.9653968253967,1,9,True,0,20220531,1,0.0
194,195,3131.397238278741,2263.5950545921646,2,127,True,0,20220531,1,0.0
195,196,3127.2105097545627,2799.7794210195093,2,125,True,0,20220531,1,0.0
196,197,3129.775092936803,3336.6995043370507,1,97,False,0,20220531,1,0.0
197,198,3131.397238278741,3871.5950545921646,1,128,False,0,20220531,1,0.0
198,199,3130.726600985221,4406.869458128079,3,96,True,0,20220531,1,0.0
199,200,3130.9945196647323,4943.595422308188,0,0,False,0,20220531,1,0.0
200,201,3131.402260232132,5479.404703726329,0,0,False,0,20220531,1,0.0
201,202,3131.203889585948,6011.781053952322,1,127,False,0,20220531,1,0.0
202,203,3131.1220858895704,6544.241104294479,0,2,False,0,20220531,1,0.0
203,204,3131.6001251564458,7083.595118898624,1,125,False,0,20220531,1,0.0
204,205,3131.5,7623.127450980392,5,137,False,0,20220531,1,0.0
205,206,3131.5,8151.872549019607,1,139,False,0,20220531,1,0.0
206,207,3131.5,8695.309768637531,0,0,False,0,20220531,1,0.0
207,208,3131.6956112852663,9219.876175548588,2,94,False,0,20220531,1,0.0
208,209,3131.7961104140527,9755.781053952322,2,113,False,0,20220531,1,0.0
209,210,3131.7961104140527,10291.781053952322,4,87,False,0,20220531,1,0.0
210,211,3131.5,10828.06246076585,3,101,False,0,20220531,1,0.0
211,212,3131.779926335175,11374.854205033764,1,110,False,0,20220531,1,0.0
212,213,3131.6909424724604,11903.686046511628,0,0,False,0,20220531,1,0.0
213,214,3131.6002506265663,12443.40476190476,0,0,False,0,20220531,1,0.0
214,215,3131.7961104140527,12971.781053952322,0,0,False,0,20220531,1,0.0
215,216,3131.7795830778664,13504.33629675046,2,103,False,0,20220531,1,0.0
216,217,3131.7795830778664,14040.33629675046,1,109,False,0,20220531,1,0.0
217,218,3131.960431654676,14579.960431654676,1,104,False,0,20220531,1,0.0
218,219,3131.6956112852663,15115.876175548588,1,116,False,0,20220531,1,0.0
219,220,3131.5,15648.063035495716,0,0,False,0,20220531,1,0.0
220,221,3131.8823529411766,16191.5,0,0,False,0,20220531,1,0.0
221,222,3131.5,16731.30964308078,1,83,False,0,20220531,1,0.0
222,223,3131.6862686567165,17267.313731343285,1,114,False,0,20220531,1,0.0
223,224,3131.313953488372,17795.68604651163,1,2,False,0,20220531,1,0.0
224,225,3131.6909424724604,18335.31395348837,3,100,False,0,20220531,1,0.0
225,226,3131.68671454219,18867.68671454219,1,61,False,0,20220531,1,0.0
226,227,3131.700375704446,19403.5,0,97,False,0,20220531,1,0.0
227,228,3131.5,19947.5,2,92,False,0,20220531,1,0.0
228,229,3131.782634730539,20482.661676646705,0,0,False,0,20220531,1,0.0
229,230,3131.7961104140527,21019.21894604768,1,0,True,0,20220531,1,0.0
230,231,3570.6416309012875,927.7722256284488,0,31,False,0,20220531,1,0.0
231,232,3571.5,1463.5,3,103,False,0,20220531,1,0.0
232,233,3569.9433497536947,2000.5147783251232,1,94,False,0,20220531,1,0.0
233,234,3571.3043887147337,2531.1238244514107,0,127,False,0,20220531,1,0.0
234,235,3571.8962382445143,3067.6855799373043,4,114,False,0,20220531,1,0.0
235,236,3571.5,3607.309523809524,0,157,True,0,20220531,1,0.0
236,237,3571.597620500305,4135.595179987798,1,175,True,0,20220531,1,0.0
237,238,3571.5,4679.5,3,108,False,0,20220531,1,0.0
238,239,3571.88630806846,5207.6858190709045,3,117,False,0,20220531,1,0.0
239,240,3571.7961104140527,5747.590338770389,0,0,True,0,20220531,1,0.0
240,241,3571.8962382445143,6275.314420062696,0,0,False,0,20220531,1,0.0
241,242,3571.69536019536,6815.5,0,117,True,0,20220531,1,0.0
242,243,3572.166258420086,7351.041947336191,0,0,False,0,20220531,1,0.0
243,244,3571.7056555269924,7887.5,0,134,False,0,20220531,1,0.0
244,245,3572.5167865707435,8427.404076738609,1,109,False,0,20220531,1,0.0
245,246,3571.9066924066924,8951.685328185327,1,134,False,0,20220531,1,0.0
246,247,3572.260736196319,9487.86809815951,1,129,False,0,20220531,1,0.0
247,248,3572.260736196319,10023.86809815951,0,0,False,0,20220531,1,0.0
248,249,3572.0686274509803,10560.053921568628,0,0,False,0,20220531,1,0.0
249,250,3574.511180124224,11097.66645962733,1,96,False,0,20220531,1,0.0
250,251,3572.00998068255,11639.404700579524,0,0,False,0,20220531,1,0.0
251,252,3572.3583690987125,12175.227774371551,3,98,False,0,20220531,1,0.0
252,253,3572.0925925925926,12707.5,0,107,False,0,20220531,1,0.0
253,254,3572.0825486503454,13236.052416823602,0,0,False,0,20220531,1,0.0
254,255,3571.8962382445143,13771.685579937304,3,103,False,0,20220531,1,0.0
255,256,3572.183417085427,14307.957286432162,0,0,False,0,20220531,1,0.0
256,257,3571.700375704446,14851.5,0,95,False,0,20220531,1,0.0
257,258,3572.183417085427,15379.957286432162,1,107,False,0,20220531,1,0.0
258,259,3572.3583690987125,15919.772225628449,1,108,False,0,20220531,1,0.0
259,260,3571.88630806846,16463.314180929094,0,0,False,0,20220531,1,0.0
260,261,3572.0925925925926,16995.5,2,99,False,0,20220531,1,0.0
261,262,3571.6055408970974,17531.594986807388,0,110,False,0,20220531,1,0.0
262,263,3571.6001251564458,18067.40488110137,1,0,False,0,20220531,1,0.0
263,264,3571.602761721259,18599.59505459217,0,85,False,0,20220531,1,0.0
264,265,3572.0925925925926,19139.5,1,86,False,0,20220531,1,0.0
265,266,3572.5167865707435,19675.59592326139,0,0,True,0,20220531,1,0.0
266,267,3572.0925925925926,20211.5,1,87,False,0,20220531,1,0.0
267,268,3572.183417085427,20755.04271356784,0,71,False,0,20220531,1,0.0
268,269,3572.0925925925926,21283.5,2,22,True,0,20220531,1,0.0
269,270,4023.1235884567127,1199.1135508155585,2,76,False,0,20220531,1,0.0
270,271,4023.4024390243903,1727.5975609756097,0,0,False,0,20220531,1,0.0
271,272,4023.5,2263.5,1,108,False,0,20220531,1,0.0
272,273,4023.5,2799.304755944931,0,0,False,0,20220531,1,0.0
273,274,4023.22057898049,3335.7794210195093,1,120,False,0,20220531,1,0.0
274,275,4023.6026991441736,3871.597432521396,0,0,False,0,20220531,1,0.0
275,276,4023.6911949685536,4407.308805031446,0,0,False,0,20220531,1,0.0
276,277,4023.3973008558255,4943.597432521396,3,123,False,0,20220531,1,0.0
277,278,4023.690476190476,5479.11403508772,1,106,True,0,20220531,1,0.0
278,279,4023.6000641436817,6011.597498396408,1,93,False,0,20220531,1,0.0
279,280,4023.690476190476,6543.8859649122805,1,1,True,0,20220531,1,0.0
280,281,4023.7002567394097,7083.5,9,138,False,0,20220531,1,0.0
281,282,4023.7884012539184,7623.211598746081,1,110,False,0,20220531,1,0.0
282,283,4023.885964912281,8151.690476190476,3,99,False,0,20220531,1,0.0
283,284,4023.6026991441736,8695.402567478604,1,100,False,0,20220531,1,0.0
284,285,4023.7954399486193,9219.787732819525,1,0,False,0,20220531,1,0.0
285,286,4023.89588688946,9755.690231362469,0,0,False,0,20220531,1,0.0
286,287,4023.89588688946,10291.690231362469,2,107,False,0,20220531,1,0.0
287,288,4023.6953727506425,10827.885604113111,2,121,False,0,20220531,1,0.0
288,289,4023.7884012539184,11375.211598746082,1,122,False,0,20220531,1,0.0
289,290,4023.885964912281,11903.690476190475,1,120,False,0,20220531,1,0.0
290,291,4023.7002567394097,12443.5,1,113,False,0,20220531,1,0.0
291,292,4023.7954399486193,12971.787732819525,0,0,False,0,20220531,1,0.0
292,293,4023.969554300063,13504.165411173886,0,0,False,0,20220531,1,0.0
293,294,4023.885964912281,14039.690476190475,1,104,False,0,20220531,1,0.0
294,295,4023.87652811736,14579.690709046456,2,101,False,0,20220531,1,0.0
295,296,4023.7954399486193,15115.787732819525,0,0,False,0,20220531,1,0.0
296,297,4023.5975609756097,15647.40243902439,1,147,False,0,20220531,1,0.0
297,298,4023.5,16191.5,0,0,False,0,20220531,1,0.0
298,299,4023.6000641436817,16731.402501603592,1,91,False,0,20220531,1,0.0
299,300,4023.4048200122015,17267.402379499694,2,100,False,0,20220531,1,0.0
300,301,4024.053921568628,17796.06862745098,2,63,False,0,20220531,1,0.0
301,302,4023.695244055069,18335.5,0,0,False,0,20220531,1,0.0
302,303,4023.5,18867.5,3,111,False,0,20220531,1,0.0
303,304,4023.6000641436817,19403.597498396408,1,92,False,0,20220531,1,0.0
304,305,4023.89588688946,19947.309768637533,1,95,False,0,20220531,1,0.0
305,306,4023.314180929096,20483.11369193154,1,71,False,0,20220531,1,0.0
306,307,4023.6000641436817,21019.402501603592,4,108,False,0,20220531,1,0.0
307,308,4467.308588957055,927.6865030674846,0,36,True,0,20220531,1,0.0
308,309,4467.6027617212585,1463.5950545921644,0,84,False,0,20220531,1,0.0
309,310,4467.69094247246,1999.686046511628,0,0,False,0,20220531,1,0.0
310,311,4467.5,2531.5,2,123,False,0,20220531,1,0.0
311,312,4467.103264281231,3067.133396107972,0,0,False,0,20220531,1,0.0
312,313,4467.597620500305,3607.5951799877976,1,102,False,0,20220531,1,0.0
313,314,4468.0700245700245,4135.490171990172,0,0,False,0,20220531,1,0.0
314,315,4467.790461538461,4678.6704615384615,0,0,False,0,20220531,1,0.0
315,316,4467.220416922134,5207.772225628449,0,0,True,0,20220531,1,0.0
316,317,4467.600250626567,5747.4047619047615,0,0,False,0,20220531,1,0.0
317,318,4467.695611285267,6275.876175548589,0,0,True,0,20220531,1,0.0
318,319,4468.067931456549,6814.9467564259485,1,87,False,0,20220531,1,0.0
319,320,4467.69094247246,7351.686046511628,0,0,False,0,20220531,1,0.0
320,321,4467.705655526992,7887.5,0,0,False,0,20220531,1,0.0
321,322,4467.9604316546765,8427.039568345324,0,110,False,0,20220531,1,0.0
322,323,4467.803536977492,8951.78038585209,1,107,False,0,20220531,1,0.0
323,324,4467.779926335175,9488.145794966236,0,110,False,0,20220531,1,0.0
324,325,4467.970876762723,10023.958614347026,3,127,False,0,20220531,1,0.0
325,326,4467.779926335175,10560.145794966236,1,103,False,0,20220531,1,0.0
326,327,4467.773709483794,11099.773709483794,1,0,False,0,20220531,1,0.0
327,328,4467.705655526992,11639.5,1,0,False,0,20220531,1,0.0
328,329,4467.691411042945,12175.313496932517,0,89,False,0,20220531,1,0.0
329,330,4467.992462311558,12707.404522613066,1,113,False,0,20220531,1,0.0
330,331,4467.982412060302,13236.14824120603,2,138,False,0,20220531,1,0.0
331,332,4467.695611285267,13771.876175548588,0,0,False,0,20220531,1,0.0
332,333,4467.78679245283,14308.335220125786,0,0,False,0,20220531,1,0.0
333,334,4467.700375704446,14851.5,7,147,False,0,20220531,1,0.0
334,335,4467.695611285267,15379.876175548588,0,0,False,0,20220531,1,0.0
335,336,4467.69094247246,15919.686046511628,4,109,False,0,20220531,1,0.0
336,337,4467.597979179424,16463.03214941825,0,116,False,0,20220531,1,0.0
337,338,4467.796110414053,16995.590338770387,5,90,False,0,20220531,1,0.0
338,339,4467.812169312169,17531.589947089946,0,98,False,0,20220531,1,0.0
339,340,4467.304143126177,18067.314187068423,2,116,False,0,20220531,1,0.0
340,341,4467.6027617212585,18599.59505459217,1,91,False,0,20220531,1,0.0
341,342,4467.992462311558,19139.59547738693,0,99,False,0,20220531,1,0.0
342,343,4467.9604316546765,19675.586330935253,4,93,False,0,20220531,1,0.0
343,344,4467.992462311558,20211.404522613066,1,95,False,0,20220531,1,0.0
344,345,4467.695611285267,20755.87617554859,0,74,False,0,20220531,1,0.0
345,346,4467.600250626567,21283.404761904763,1,24,True,0,20220531,1,0.0
346,347,4910.279048765804,1198.8762793497892,0,0,False,0,20220531,1,0.0
347,348,4909.975961538462,1726.3557692307693,1,96,False,0,20220531,1,0.0
348,349,4911.294228356336,2263.5,1,0,False,0,20220531,1,0.0
349,350,4910.738323353294,2799.859281437126,0,0,False,0,20220531,1,0.0
350,351,4910.551497005988,3335.32754491018,0,0,False,0,20220531,1,0.0
351,352,4911.092964824121,3871.680904522613,1,122,False,0,20220531,1,0.0
352,353,4911.308383233533,4407.317964071856,0,0,False,0,20220531,1,0.0
353,354,4911.298994974874,4943.133165829146,3,124,False,0,20220531,1,0.0
354,355,4911.308841099164,5479.318399044206,0,0,False,0,20220531,1,0.0
355,356,4911.696078431372,6011.318627450981,0,0,False,0,20220531,1,0.0
356,357,4911.308383233533,6543.682035928144,3,149,True,0,20220531,1,0.0
357,358,4911.796387017759,7083.225658297612,1,158,True,0,20220531,1,0.0
358,359,4912.070743405276,7622.958033573142,1,112,False,0,20220531,1,0.0
359,360,4911.5,8151.5,0,0,False,0,20220531,1,0.0
360,361,4911.5,8694.951572327043,1,130,False,0,20220531,1,0.0
361,362,4911.696078431372,9219.68137254902,0,0,False,0,20220531,1,0.0
362,363,4911.69656019656,9755.681818181818,2,111,False,0,20220531,1,0.0
363,364,4911.5,10291.863190184047,2,99,False,0,20220531,1,0.0
364,365,4911.5,10827.863190184047,1,107,False,0,20220531,1,0.0
365,366,4911.5,11374.602040816326,1,105,False,0,20220531,1,0.0
366,367,4911.780407429598,11902.869682444578,2,96,False,0,20220531,1,0.0
367,368,4911.600551808707,12443.043838136113,1,129,False,0,20220531,1,0.0
368,369,4911.696078431372,12971.68137254902,0,0,False,0,20220531,1,0.0
369,370,4911.780407429598,13504.130317555422,4,113,False,0,20220531,1,0.0
370,371,4911.780407429598,14040.130317555422,0,0,False,0,20220531,1,0.0
371,372,4911.774165202109,14579.232864674868,1,108,False,0,20220531,1,0.0
372,373,4911.696078431372,15115.68137254902,2,108,False,0,20220531,1,0.0
373,374,4911.780407429598,15648.130317555422,1,0,False,0,20220531,1,0.0
374,375,4911.5,16191.136363636364,0,0,False,0,20220531,1,0.0
375,376,4911.5,16731.5,0,98,False,0,20220531,1,0.0
376,377,4911.869158878505,17266.77570093458,0,0,True,0,20220531,1,0.0
377,378,4911.877182770663,17795.681606519207,2,97,False,0,20220531,1,0.0
378,379,4912.261676646706,18335.32754491018,2,107,False,0,20220531,1,0.0
379,380,4912.056725146199,18867.49064327485,3,101,False,0,20220531,1,0.0
380,381,4911.696078431372,19403.68137254902,2,104,False,0,20220531,1,0.0
381,382,4911.796387017759,19947.22565829761,0,0,False,0,20220531,1,0.0
382,383,4911.961088355763,20483.050614394386,2,70,False,0,20220531,1,0.0
383,384,4911.888206388207,21018.77764127764,0,0,True,0,20220531,1,0.0
384,385,5354.359950859951,927.5,0,0,True,0,20220531,1,0.0
385,386,5355.3972382787415,1463.4049454078356,3,69,False,0,20220531,1,0.0
386,387,5354.355036855037,1999.8341523341523,0,0,False,0,20220531,1,0.0
387,388,5355.103761755486,2531.314420062696,1,0,False,0,20220531,1,0.0
388,389,5355.299624295554,3067.5,2,122,True,0,20220531,1,0.0
389,390,5355.5,3607.309523809524,0,108,True,0,20220531,1,0.0
390,391,5355.5,4135.5,2,131,False,0,20220531,1,0.0
391,392,5355.87791411043,4678.758895705521,0,0,False,0,20220531,1,0.0
392,393,5355.69094247246,5207.313953488372,1,106,False,0,20220531,1,0.0
393,394,5355.695611285267,5747.123824451411,0,0,False,0,20220531,1,0.0
394,395,5355.600250626567,6275.4047619047615,1,103,False,0,20220531,1,0.0
395,396,5355.5,6815.1274509803925,3,100,False,0,20220531,1,0.0
396,397,5355.597739767868,7351.404703726329,1,102,False,0,20220531,1,0.0
397,398,5355.6027617212585,7887.404945407836,0,0,False,0,20220531,1,0.0
398,399,5355.868641532017,8426.757929383602,0,0,False,0,20220531,1,0.0
399,400,5355.6027617212585,8951.595054592164,1,103,False,0,20220531,1,0.0
400,401,5355.69094247246,9487.686046511628,0,0,False,0,20220531,1,0.0
401,402,5355.882352941177,10023.5,0,0,False,0,20220531,1,0.0
402,403,5355.788685015291,10559.781345565749,0,0,False,0,20220531,1,0.0
403,404,5355.87298266587,11099.5,1,0,False,0,20220531,1,0.0
404,405,5355.803536977492,11639.21961414791,3,106,False,0,20220531,1,0.0
405,406,5355.788685015291,12175.218654434251,0,110,False,0,20220531,1,0.0
406,407,5355.796110414053,12707.218946047678,2,0,False,0,20220531,1,0.0
407,408,5355.896238244514,13235.685579937304,2,119,False,0,20220531,1,0.0
408,409,5355.700375704446,13771.5,1,96,False,0,20220531,1,0.0
409,410,5355.796110414053,14307.781053952322,0,105,False,0,20220531,1,0.0
410,411,5355.600125156446,14851.404881101376,0,79,False,0,20220531,1,0.0
411,412,5355.700375704446,15379.5,2,100,False,0,20220531,1,0.0
412,413,5355.88630806846,15919.685819070904,0,101,False,0,20220531,1,0.0
413,414,5355.5,16462.936964504283,2,94,False,0,20220531,1,0.0
414,415,5355.896238244514,16995.314420062696,1,97,False,0,20220531,1,0.0
415,416,5355.917713152677,17531.31493721084,0,0,False,0,20220531,1,0.0
416,417,5355.795739348371,18067.21929824561,0,0,False,0,20220531,1,0.0
417,418,5355.6027617212585,18599.59505459217,1,118,False,0,20220531,1,0.0
418,419,5355.700375704446,19139.5,0,102,False,0,20220531,1,0.0
419,420,5355.968339307049,19675.40442054958,0,104,False,0,20220531,1,0.0
420,421,5355.600125156446,20211.40488110137,0,81,False,0,20220531,1,0.0
421,422,5355.795739348371,20755.21929824561,0,54,False,0,20220531,1,0.0
422,423,5355.700375704446,21283.5,1,29,True,0,20220531,1,0.0
423,424,5806.541916167665,1199.3179640718563,1,55,True,0,20220531,1,0.0
424,425,5806.328331332533,1727.2454981992796,0,98,False,0,20220531,1,0.0
425,426,5806.901257861635,2262.9616352201256,3,111,False,0,20220531,1,0.0
426,427,5807.019426180514,2799.4067543335327,1,0,False,0,20220531,1,0.0
427,428,5807.204504504504,3335.262162162162,1,1,False,0,20220531,1,0.0
428,429,5807.705771643664,3871.5,2,113,False,0,20220531,1,0.0
429,430,5807.308383233533,4407.317964071856,1,104,False,0,20220531,1,0.0
430,431,5807.397049591965,4943.407093534212,0,1,False,0,20220531,1,0.0
431,432,5807.5,5479.136363636364,2,90,False,0,20220531,1,0.0
432,433,5807.5,6011.5,0,126,False,0,20220531,1,0.0
433,434,5807.317964071856,6544.223353293413,0,0,False,0,20220531,1,0.0
434,435,5807.303921568628,7083.318627450981,0,0,False,0,20220531,1,0.0
435,436,5807.5,7623.136363636364,0,0,False,0,20220531,1,0.0
436,437,5807.5,8151.5,1,111,False,0,20220531,1,0.0
437,438,5807.5,8694.951572327043,5,112,False,0,20220531,1,0.0
438,439,5807.399448191293,9219.956161863887,0,0,False,0,20220531,1,0.0
439,440,5807.303921568628,9755.68137254902,0,110,False,0,20220531,1,0.0
440,441,5807.5,10291.863190184047,0,0,False,0,20220531,1,0.0
441,442,5807.5,10827.863190184047,1,101,False,0,20220531,1,0.0
442,443,5807.5,11374.602040816326,3,115,False,0,20220531,1,0.0
443,444,5807.691616766467,11903.317964071855,2,115,False,0,20220531,1,0.0
444,445,5807.600551808707,12443.043838136113,1,95,False,0,20220531,1,0.0
445,446,5807.696078431372,12971.68137254902,0,0,False,0,20220531,1,0.0
446,447,5807.5,13503.863636363636,1,92,False,0,20220531,1,0.0
447,448,5807.780407429598,14040.130317555422,0,0,True,0,20220531,1,0.0
448,449,5807.5,14579.5,1,100,False,0,20220531,1,0.0
449,450,5807.5,15115.5,1,107,False,0,20220531,1,0.0
450,451,5807.308383233533,15647.682035928145,1,14,True,0,20220531,1,0.0
451,452,5807.219592570402,16190.869682444578,4,97,False,0,20220531,1,0.0
452,453,5807.203975535168,16731.225993883792,1,86,False,0,20220531,1,0.0
453,454,5808.315897136177,17266.518118059616,0,118,True,0,20220531,1,0.0
454,455,5807.5,17795.5,2,125,True,0,20220531,1,0.0
455,456,5807.598027495517,18335.04333532576,0,91,False,0,20220531,1,0.0
456,457,5807.686915887851,18867.317757009347,1,95,False,0,20220531,1,0.0
457,458,5807.399694189602,19403.59296636085,0,0,False,0,20220531,1,0.0
458,459,5807.600551808707,19947.04383813612,3,0,False,0,20220531,1,0.0
459,460,5807.322429906542,20482.59813084112,1,0,True,0,20220531,1,0.0
460,461,5807.600551808707,21019.04383813612,0,0,True,0,20220531,1,0.0
461,462,6248.491920447483,929.41671845867,1,25,True,0,20220531,1,0.0
462,463,6250.684516129032,1463.5,0,24,True,0,20220531,1,0.0
463,464,6250.062461538461,1999.2710769230769,0,0,True,0,20220531,1,0.0
464,465,6246.90797940798,2531.5,2,57,True,0,20220531,1,0.0
465,466,6251.103761755486,3067.6855799373043,0,0,False,0,20220531,1,0.0
466,467,6251.402379499695,3607.4048200122015,1,0,False,0,20220531,1,0.0
467,468,6251.30905752754,4135.686046511628,0,0,False,0,20220531,1,0.0
468,469,6251.788685015291,4679.21865443425,1,0,False,0,20220531,1,0.0
469,470,6251.882352941177,5207.5,0,80,False,0,20220531,1,0.0
470,471,6251.600250626567,5747.4047619047615,0,0,True,0,20220531,1,0.0
471,472,6251.600250626567,6275.595238095239,0,0,True,0,20220531,1,0.0
472,473,6251.5,6815.1274509803925,0,0,True,0,20220531,1,0.0
473,474,6251.5,7351.5,0,63,False,0,20220531,1,0.0
474,475,6251.6027617212585,7887.404945407836,1,82,False,0,20220531,1,0.0
475,476,6251.773053892216,8426.853293413174,0,55,False,0,20220531,1,0.0
476,477,6251.5,8951.690231362469,0,0,False,0,20220531,1,0.0
477,478,6251.5,9487.872549019608,3,85,False,0,20220531,1,0.0
478,479,6251.5,10023.872549019608,3,71,False,0,20220531,1,0.0
479,480,6251.69094247246,10559.686046511628,0,73,False,0,20220531,1,0.0
480,481,6251.87298266587,11099.5,1,58,False,0,20220531,1,0.0
481,482,6251.6027617212585,11639.404945407836,3,73,False,0,20220531,1,0.0
482,483,6251.597979179424,12175.032149418248,3,58,False,0,20220531,1,0.0
483,484,6251.796110414053,12707.218946047678,0,0,False,0,20220531,1,0.0
484,485,6251.896238244514,13235.685579937304,0,0,False,0,20220531,1,0.0
485,486,6251.600125156446,13771.595118898624,0,0,True,0,20220531,1,0.0
486,487,6251.795739348371,14307.780701754386,3,70,True,0,20220531,1,0.0
487,488,6251.5,14851.309643080776,1,58,False,0,20220531,1,0.0
488,489,6251.600250626567,15379.40476190476,0,62,False,0,20220531,1,0.0
489,490,6251.5,15919.5,0,66,False,0,20220531,1,0.0
490,491,6251.5,16462.389434889436,1,0,False,0,20220531,1,0.0
491,492,6251.5,16995.30964308078,0,0,False,0,20220531,1,0.0
492,493,6251.605540897098,17531.405013192612,0,110,True,0,20220531,1,0.0
493,494,6251.5,18066.93753923415,0,0,False,0,20220531,1,0.0
494,495,6251.5,18599.5,0,0,False,0,20220531,1,0.0
495,496,6251.5,19139.30964308078,4,51,False,0,20220531,1,0.0
496,497,6251.5,19675.12701733413,0,0,True,0,20220531,1,0.0
497,498,6251.5,20211.30964308078,3,26,True,0,20220531,1,0.0
498,499,6251.399874843554,20755.40488110137,0,22,True,0,20220531,1,0.0
499,500,6251.600250626567,21283.404761904763,1,10,True,0,20220531,1,0.0
500,1,899.004835589942,1464.1473243068988,0,0,True,1,20220531,2,0.0
501,2,898.7570725707257,2000.5971709717096,0,0,False,1,20220531,2,0.0
502,3,899.2132075471698,2532.3352201257862,0,0,False,1,20220531,2,0.0
503,4,899.2132075471698,3068.3352201257862,1,100,False,1,20220531,2,0.0
504,5,899.4020208205757,3607.967850581752,1,117,False,1,20220531,2,0.0
505,6,899.2204169221336,4136.33629675046,4,113,False,1,20220531,2,0.0
506,7,899.4020208205757,4679.967850581751,0,0,False,1,20220531,2,0.0
507,8,899.7795830778664,5208.33629675046,2,110,False,1,20220531,2,0.0
508,9,899.6956112852664,5747.876175548589,0,116,False,1,20220531,2,0.0
509,10,899.204260651629,6275.7807017543855,0,0,False,1,20220531,2,0.0
510,11,899.8779141104294,6816.241104294479,1,139,False,1,20220531,2,0.0
511,12,900.0686274509804,7352.053921568628,0,0,False,1,20220531,2,0.0
512,13,900.3051612903225,7887.866451612903,0,0,False,1,20220531,2,0.0
513,14,900.6003003003003,8428.206306306307,4,100,False,1,20220531,2,0.0
514,15,900.0979381443299,8952.051546391753,1,104,False,1,20220531,2,0.0
515,16,900.2429274292743,9488.59717097171,0,0,False,1,20220531,2,0.0
516,17,901.4233621755252,10024.187268232386,1,104,False,1,20220531,2,0.0
517,18,901.0743368291178,10560.657310302282,2,110,False,1,20220531,2,0.0
518,19,900.5989802039592,11100.224655068989,0,0,False,1,20220531,2,0.0
519,20,899.7005141388174,11639.690231362469,0,0,False,1,20220531,2,0.0
520,21,901.428306551298,12176.889369592089,1,97,False,1,20220531,2,0.0
521,22,900.3805031446541,12707.771698113207,1,112,False,1,20220531,2,0.0
522,23,900.3564231738035,13236.502518891688,1,100,False,1,20220531,2,0.0
523,24,899.9824120603015,13772.14824120603,0,110,False,1,20220531,2,0.0
524,25,900.1607818411097,14308.690416141237,2,87,False,1,20220531,2,0.0
525,26,899.896238244514,14851.685579937304,0,0,False,1,20220531,2,0.0
526,27,899.9824120603015,15380.14824120603,0,0,False,1,20220531,2,0.0
527,28,899.7795830778664,15920.33629675046,0,0,False,1,20220531,2,0.0
528,29,899.6909424724602,16463.68604651163,1,1,False,1,20220531,2,0.0
529,30,899.6956112852664,16995.87617554859,0,0,False,1,20220531,2,0.0
530,31,899.6055408970976,17531.594986807388,2,119,False,1,20220531,2,0.0
531,32,899.5,18067.5,0,0,False,1,20220531,2,0.0
532,33,899.5,18599.690231362467,0,0,False,1,20220531,2,0.0
533,34,899.6002506265664,19139.404761904763,1,95,False,1,20220531,2,0.0
534,35,900.1467065868263,19675.226946107785,0,0,False,1,20220531,2,0.0
535,36,900.0925925925926,20211.5,0,0,False,1,20220531,2,0.0
536,37,900.1842767295598,20754.86603773585,0,0,False,1,20220531,2,0.0
537,38,903.89588688946,21283.309768637533,0,0,True,1,20220531,2,0.0
538,39,1342.8345888261142,1199.9695543000628,2,95,False,1,20220531,2,0.0
539,40,1343.293710691824,1728.4610062893082,1,91,False,1,20220531,2,0.0
540,41,1343.1967699406723,2263.78740936058,0,0,False,1,20220531,2,0.0
541,42,1343.2115987460816,2799.7884012539184,0,0,False,1,20220531,2,0.0
542,43,1343.211959924859,3335.788040075141,1,128,False,1,20220531,2,0.0
543,44,1343.5,3871.694993412385,0,0,False,1,20220531,2,0.0
544,45,1343.5,4407.6952440550685,0,0,False,1,20220531,2,0.0
545,46,1343.5,4943.5,3,108,False,1,20220531,2,0.0
546,47,1343.5975609756097,5479.59756097561,0,0,False,1,20220531,2,0.0
547,48,1343.5951768488746,6011.788102893891,0,0,False,1,20220531,2,0.0
548,49,1343.7790697674418,6544.357322438717,1,114,False,1,20220531,2,0.0
549,50,1343.7002567394095,7083.5,1,88,False,1,20220531,2,0.0
550,51,1344.0771643663738,7623.5,0,0,False,1,20220531,2,0.0
551,52,1343.7884012539184,8151.788401253919,1,142,False,1,20220531,2,0.0
552,53,1343.705533596838,8695.5,1,111,False,1,20220531,2,0.0
553,54,1343.6953727506427,9219.885604113111,1,113,False,1,20220531,2,0.0
554,55,1343.89588688946,9755.690231362469,1,124,False,1,20220531,2,0.0
555,56,1343.399935856318,10291.597498396408,1,69,False,1,20220531,2,0.0
556,57,1344.0824742268042,10828.067010309278,1,96,False,1,20220531,2,0.0
557,58,1344.4319899244333,11374.568010075567,1,115,False,1,20220531,2,0.0
558,59,1343.8859649122808,11903.690476190475,0,0,False,1,20220531,2,0.0
559,60,1343.89588688946,12443.309768637531,1,130,False,1,20220531,2,0.0
560,61,1343.89588688946,12971.690231362469,3,132,False,1,20220531,2,0.0
561,62,1343.690476190476,13503.88596491228,1,107,False,1,20220531,2,0.0
562,63,1343.8859649122808,14039.690476190475,0,0,False,1,20220531,2,0.0
563,64,1343.4044703000611,14579.402020820577,0,0,False,1,20220531,2,0.0
564,65,1343.6953727506427,15115.885604113111,0,0,False,1,20220531,2,0.0
565,66,1343.690476190476,15647.88596491228,1,104,False,1,20220531,2,0.0
566,67,1343.7884012539184,16191.788401253918,0,116,False,1,20220531,2,0.0
567,68,1343.399935856318,16731.402501603592,0,102,False,1,20220531,2,0.0
568,69,1343.6865030674846,17267.308588957054,0,0,False,1,20220531,2,0.0
569,70,1343.5955296999389,17795.98009797918,1,131,False,1,20220531,2,0.0
570,71,1343.5975609756097,18335.40243902439,0,0,False,1,20220531,2,0.0
571,72,1343.5,18867.88235294117,2,107,False,1,20220531,2,0.0
572,73,1343.5,19403.5,0,0,False,1,20220531,2,0.0
573,74,1343.89588688946,19947.309768637533,2,114,False,1,20220531,2,0.0
574,75,1344.0539215686274,20482.93137254902,2,105,False,1,20220531,2,0.0
575,76,1344.1825499034128,21019.03122987765,1,90,False,1,20220531,2,0.0
576,77,1786.8558696988323,928.6923786109404,0,0,False,1,20220531,2,0.0
577,78,1786.6937984496124,1464.37338501292,1,133,False,1,20220531,2,0.0
578,79,1786.9313725490197,2000.053921568628,1,109,False,1,20220531,2,0.0
579,80,1787.2038895859473,2531.781053952321,2,192,False,1,20220531,2,0.0
580,81,1786.442065491184,3068.3110831234258,1,106,False,1,20220531,2,0.0
581,82,1787.970300061237,3608.149112063688,2,108,False,1,20220531,2,0.0
582,83,1787.5979791794243,4135.967850581751,2,139,False,1,20220531,2,0.0
583,84,1787.2204169221336,4679.772225628449,1,0,False,1,20220531,2,0.0
584,85,1787.029699938763,5208.149112063687,2,118,False,1,20220531,2,0.0
585,86,1787.882149591452,5748.053111250786,1,150,False,1,20220531,2,0.0
586,87,1787.9753476611884,6276.870417193426,1,143,False,1,20220531,2,0.0
587,88,1788.0700245700243,6816.055282555282,1,125,False,1,20220531,2,0.0
588,89,1788.0686274509803,7352.053921568628,3,126,False,1,20220531,2,0.0
589,90,1787.9066924066924,7887.685328185328,4,192,False,1,20220531,2,0.0
590,91,1788.4214157168567,8427.5,1,106,False,1,20220531,2,0.0
591,92,1788.8411003236247,8951.057281553398,0,0,False,1,20220531,2,0.0
592,93,1788.9590264941469,9488.74460874923,2,119,False,1,20220531,2,0.0
593,94,1788.5325752919484,10024.31868469576,2,130,False,1,20220531,2,0.0
594,95,1789.3282890673256,10560.925571340333,1,78,False,1,20220531,2,0.0
595,96,1788.2420706163973,11099.868641532015,0,0,False,1,20220531,2,0.0
596,97,1788.1082474226805,11639.5,2,136,False,1,20220531,2,0.0
597,98,1788.8382533825338,12175.657441574416,0,0,False,1,20220531,2,0.0
598,99,1788.3636363636365,13236.671717171715,1,0,False,1,20220531,2,0.0
599,100,1788.083280955374,13772.053111250783,0,0,False,1,20220531,2,0.0
600,101,1788.26214511041,14308.5952681388,0,0,False,1,20220531,2,0.0
601,102,1788.0925925925926,14851.5,0,0,False,1,20220531,2,0.0
602,103,1787.887665198238,15380.240088105727,0,111,False,1,20220531,2,0.0
603,104,1787.8779141104294,15920.24110429448,3,104,False,1,20220531,2,0.0
604,105,1787.7886850152904,16463.409480122325,0,114,False,1,20220531,2,0.0
605,106,1787.795739348371,16995.780701754386,0,0,False,1,20220531,2,0.0
606,107,1787.9177131526767,17531.68506278916,1,123,False,1,20220531,2,0.0
607,108,1787.7003757044458,18067.5,0,0,False,1,20220531,2,0.0
608,109,1787.6027617212587,18599.59505459217,1,0,False,1,20220531,2,0.0
609,110,1787.896238244514,19139.314420062696,0,0,False,1,20220531,2,0.0
610,111,1788.4214157168567,19675.5,2,108,False,1,20220531,2,0.0
611,112,1788.0925925925926,20211.5,1,105,False,1,20220531,2,0.0
612,113,1788.083280955374,20754.94688874921,2,95,False,1,20220531,2,0.0
613,114,1788.294468887492,21283.5,0,0,True,1,20220531,2,0.0
614,115,1791.89588688946,12707.309768637531,0,131,False,1,20220531,2,0.0
615,116,2231.304755944931,1199.5,0,0,False,1,20220531,2,0.0
616,117,2231.6907151819323,1727.8764115432873,0,0,False,1,20220531,2,0.0
617,118,2231.5,2263.5,0,119,False,1,20220531,2,0.0
618,119,2231.5,2799.5,0,0,False,1,20220531,2,0.0
619,120,2231.5,3335.5,1,116,False,1,20220531,2,0.0
620,121,2231.5,3871.5,0,0,False,1,20220531,2,0.0
621,122,2231.695244055069,4407.5,2,135,False,1,20220531,2,0.0
622,123,2231.5,4943.5,1,131,False,1,20220531,2,0.0
623,124,2231.5,5479.5,0,0,False,1,20220531,2,0.0
624,125,2231.6000641436817,6011.402501603592,1,126,False,1,20220531,2,0.0
625,126,2231.690476190476,6543.8859649122805,4,110,False,1,20220531,2,0.0
626,127,2231.89588688946,7083.690231362468,0,0,False,1,20220531,2,0.0
627,128,2232.077164366374,7623.5,0,140,False,1,20220531,2,0.0
628,129,2231.8859649122805,8151.690476190476,1,117,False,1,20220531,2,0.0
629,130,2232.1076618229854,8695.5,2,0,False,1,20220531,2,0.0
630,131,2231.79543994862,9219.787732819525,1,106,False,1,20220531,2,0.0
631,132,2232.182549903413,9755.968770122345,1,163,False,1,20220531,2,0.0
632,133,2232.182549903413,10291.968770122345,0,0,False,1,20220531,2,0.0
633,134,2232.082474226804,10828.067010309278,0,0,False,1,20220531,2,0.0
634,135,2231.6902377972465,11375.304755944931,1,85,False,1,20220531,2,0.0
635,136,2232.165411173886,11903.969554300063,1,118,False,1,20220531,2,0.0
636,137,2231.7002567394097,12443.5,1,136,False,1,20220531,2,0.0
637,138,2232.0817245817248,12972.06628056628,0,0,False,1,20220531,2,0.0
638,139,2232.3332284455632,13504.529578351165,0,0,False,1,20220531,2,0.0
639,140,2232.3332284455632,14040.529578351165,1,121,False,1,20220531,2,0.0
640,141,2232.241104294478,14579.87791411043,4,111,False,1,20220531,2,0.0
641,142,2232.0817245817248,15116.06628056628,1,119,False,1,20220531,2,0.0
642,143,2231.9695543000626,15648.165411173886,0,0,False,1,20220531,2,0.0
643,144,2231.8859649122805,16191.690476190475,1,67,True,1,20220531,2,0.0
644,145,2231.7002567394097,16731.5,2,119,False,1,20220531,2,0.0
645,146,2232.241104294478,17267.681595092025,2,130,False,1,20220531,2,0.0
646,147,2232.053921568628,17796.06862745098,0,0,False,1,20220531,2,0.0
647,148,2231.8859649122805,18335.69047619048,1,135,False,1,20220531,2,0.0
648,149,2232.33629675046,18867.220416922133,1,118,False,1,20220531,2,0.0
649,150,2231.79543994862,19403.787732819525,1,162,False,1,20220531,2,0.0
650,151,2231.89588688946,19947.309768637533,2,114,False,1,20220531,2,0.0
651,152,2232.33629675046,20483.220416922133,2,111,False,1,20220531,2,0.0
652,153,2231.89588688946,21019.309768637533,3,95,False,1,20220531,2,0.0
653,154,2674.93137254902,928.0539215686274,2,81,True,1,20220531,2,0.0
654,155,2677.859493670886,1462.4012658227848,1,112,False,1,20220531,2,0.0
655,156,2675.406919779547,1999.776791181874,1,118,False,1,20220531,2,0.0
656,157,2674.90666247643,2531.489943431804,0,0,False,1,20220531,2,0.0
657,158,2675.1173694147265,3068.04877281309,3,148,False,1,20220531,2,0.0
658,159,2674.6416309012875,3607.7722256284487,4,108,False,1,20220531,2,0.0
659,160,2678.221252257676,4135.150812763395,2,135,False,1,20220531,2,0.0
660,161,2679.5,4679.5,1,120,False,1,20220531,2,0.0
661,162,2678.2738452309536,5208.111877624475,1,95,False,1,20220531,2,0.0
662,163,2679.5,5747.5,1,0,False,1,20220531,2,0.0
663,164,2680.4987699877,6275.849323493235,0,0,False,1,20220531,2,0.0
664,165,2679.882775119617,6815.5,0,0,False,1,20220531,2,0.0
665,166,2680.2616766467067,7351.859281437126,1,147,False,1,20220531,2,0.0
666,167,2680.236225087925,8427.317116060962,0,0,False,1,20220531,2,0.0
667,168,2679.907035175879,8951.680904522613,0,0,False,1,20220531,2,0.0
668,169,2679.211389385808,9487.774299344066,0,0,False,1,20220531,2,0.0
669,170,2680.0693779904304,10024.04066985646,0,0,False,1,20220531,2,0.0
670,171,2681.5253470126736,10560.709414604707,1,0,False,1,20220531,2,0.0
671,172,2680.147574517826,11099.766510812393,0,107,False,1,20220531,2,0.0
672,173,2680.1638705811865,12175.766027561414,0,0,False,1,20220531,2,0.0
673,174,2680.093137254902,12707.5,0,0,False,1,20220531,2,0.0
674,175,2680.0840490797545,13236.039877300613,0,0,False,1,20220531,2,0.0
675,176,2679.796024464832,13771.774006116208,0,0,False,1,20220531,2,0.0
676,177,2680.459409594096,14308.385608856088,0,0,False,1,20220531,2,0.0
677,178,2679.896572827417,14851.681150550796,0,0,False,1,20220531,2,0.0
678,179,2680.0840490797545,15380.039877300613,1,110,False,1,20220531,2,0.0
679,180,2680.0693779904304,15920.04066985646,0,0,False,1,20220531,2,0.0
680,181,2679.980573819486,16463.406754333533,0,0,False,1,20220531,2,0.0
681,182,2679.896572827417,16995.681150550794,1,221,False,1,20220531,2,0.0
682,183,2679.605602060528,17531.592723760463,1,232,True,1,20220531,2,0.0
683,184,2679.9935543278084,18067.58348680172,0,0,False,1,20220531,2,0.0
684,185,2679.80923947203,18599.42206159648,0,101,False,1,20220531,2,0.0
685,186,2680.1876155268023,19139.214109673445,0,0,False,1,20220531,2,0.0
686,187,2680.4227166276346,19675.5,0,95,False,1,20220531,2,0.0
687,188,2679.700488997555,20211.5,1,117,False,1,20220531,2,0.0
688,189,2679.7963870177587,20755.22565829761,0,0,True,1,20220531,2,0.0
689,190,2680.093137254902,21283.5,1,83,False,1,20220531,2,0.0
690,191,2683.602761721259,7887.595054592164,2,129,True,1,20220531,2,0.0
691,192,2683.9025806451614,11639.5,0,0,False,1,20220531,2,0.0
692,193,3130.359950859951,1199.5,2,125,False,1,20220531,2,0.0
693,194,3125.668888888889,1728.9653968253967,0,0,False,1,20220531,2,0.0
694,195,3131.397238278741,2263.5950545921646,0,0,False,1,20220531,2,0.0
695,196,3127.2105097545627,2799.7794210195093,0,0,False,1,20220531,2,0.0
696,197,3129.775092936803,3336.6995043370507,0,0,False,1,20220531,2,0.0
697,198,3131.397238278741,3871.5950545921646,0,0,False,1,20220531,2,0.0
698,199,3130.726600985221,4406.869458128079,0,0,False,1,20220531,2,0.0
699,200,3130.9945196647323,4943.595422308188,1,1,False,1,20220531,2,0.0
700,201,3131.402260232132,5479.404703726329,1,98,False,1,20220531,2,0.0
701,202,3131.203889585948,6011.781053952322,1,143,False,1,20220531,2,0.0
702,203,3131.1220858895704,6544.241104294479,0,98,False,1,20220531,2,0.0
703,204,3131.6001251564458,7083.595118898624,1,115,False,1,20220531,2,0.0
704,205,3131.5,7623.127450980392,0,0,False,1,20220531,2,0.0
705,206,3131.5,8151.872549019607,0,0,False,1,20220531,2,0.0
706,207,3131.5,8695.309768637531,0,0,False,1,20220531,2,0.0
707,208,3131.6956112852663,9219.876175548588,2,123,False,1,20220531,2,0.0
708,209,3131.7961104140527,9755.781053952322,0,0,False,1,20220531,2,0.0
709,210,3131.7961104140527,10291.781053952322,1,115,False,1,20220531,2,0.0
710,211,3131.5,10828.06246076585,0,0,False,1,20220531,2,0.0
711,212,3131.779926335175,11374.854205033764,0,0,False,1,20220531,2,0.0
712,213,3131.6909424724604,11903.686046511628,0,107,False,1,20220531,2,0.0
713,214,3131.6002506265663,12443.40476190476,2,134,False,1,20220531,2,0.0
714,215,3131.7961104140527,12971.781053952322,1,1,False,1,20220531,2,0.0
715,216,3131.7795830778664,13504.33629675046,1,145,False,1,20220531,2,0.0
716,217,3131.7795830778664,14040.33629675046,0,0,False,1,20220531,2,0.0
717,218,3131.960431654676,14579.960431654676,1,135,False,1,20220531,2,0.0
718,219,3131.6956112852663,15115.876175548588,6,129,False,1,20220531,2,0.0
719,220,3131.5,15648.063035495716,1,109,False,1,20220531,2,0.0
720,221,3131.8823529411766,16191.5,2,130,False,1,20220531,2,0.0
721,222,3131.5,16731.30964308078,0,131,False,1,20220531,2,0.0
722,223,3131.6862686567165,17267.313731343285,0,0,False,1,20220531,2,0.0
723,224,3131.313953488372,17795.68604651163,0,104,False,1,20220531,2,0.0
724,225,3131.6909424724604,18335.31395348837,2,117,False,1,20220531,2,0.0
725,226,3131.68671454219,18867.68671454219,0,0,False,1,20220531,2,0.0
726,227,3131.700375704446,19403.5,0,0,False,1,20220531,2,0.0
727,228,3131.5,19947.5,0,0,False,1,20220531,2,0.0
728,229,3131.782634730539,20482.661676646705,2,60,True,1,20220531,2,0.0
729,230,3131.7961104140527,21019.21894604768,0,0,False,1,20220531,2,0.0
730,231,3570.6416309012875,927.7722256284488,0,0,True,1,20220531,2,0.0
731,232,3571.5,1463.5,1,132,False,1,20220531,2,0.0
732,233,3569.9433497536947,2000.5147783251232,3,115,False,1,20220531,2,0.0
733,234,3571.3043887147337,2531.1238244514107,1,235,False,1,20220531,2,0.0
734,235,3571.8962382445143,3067.6855799373043,0,0,False,1,20220531,2,0.0
735,236,3571.5,3607.309523809524,0,0,False,1,20220531,2,0.0
736,237,3571.597620500305,4135.595179987798,2,132,False,1,20220531,2,0.0
737,238,3571.5,4679.5,1,1,False,1,20220531,2,0.0
738,239,3571.88630806846,5207.6858190709045,0,111,False,1,20220531,2,0.0
739,240,3571.7961104140527,5747.590338770389,0,0,False,1,20220531,2,0.0
740,241,3571.8962382445143,6275.314420062696,0,117,False,1,20220531,2,0.0
741,242,3571.69536019536,6815.5,0,0,False,1,20220531,2,0.0
742,243,3572.166258420086,7351.041947336191,4,122,False,1,20220531,2,0.0
743,244,3571.7056555269924,7887.5,0,97,False,1,20220531,2,0.0
744,245,3572.5167865707435,8427.404076738609,0,0,False,1,20220531,2,0.0
745,246,3571.9066924066924,8951.685328185327,2,119,False,1,20220531,2,0.0
746,247,3572.260736196319,9487.86809815951,1,143,False,1,20220531,2,0.0
747,248,3572.260736196319,10023.86809815951,1,153,False,1,20220531,2,0.0
748,249,3572.0686274509803,10560.053921568628,1,122,False,1,20220531,2,0.0
749,250,3574.511180124224,11097.66645962733,2,172,False,1,20220531,2,0.0
750,251,3572.00998068255,11639.404700579524,0,0,True,1,20220531,2,0.0
751,252,3572.3583690987125,12175.227774371551,0,0,False,1,20220531,2,0.0
752,253,3572.0925925925926,12707.5,2,114,False,1,20220531,2,0.0
753,254,3572.0825486503454,13236.052416823602,0,0,False,1,20220531,2,0.0
754,255,3571.8962382445143,13771.685579937304,1,1,False,1,20220531,2,0.0
755,256,3572.183417085427,14307.957286432162,0,0,False,1,20220531,2,0.0
756,257,3571.700375704446,14851.5,1,137,False,1,20220531,2,0.0
757,258,3572.183417085427,15379.957286432162,4,124,False,1,20220531,2,0.0
758,259,3572.3583690987125,15919.772225628449,0,0,False,1,20220531,2,0.0
759,260,3571.88630806846,16463.314180929094,0,0,False,1,20220531,2,0.0
760,261,3572.0925925925926,16995.5,1,102,False,1,20220531,2,0.0
761,262,3571.6055408970974,17531.594986807388,1,113,False,1,20220531,2,0.0
762,263,3571.6001251564458,18067.40488110137,1,112,False,1,20220531,2,0.0
763,264,3571.602761721259,18599.59505459217,2,88,False,1,20220531,2,0.0
764,265,3572.0925925925926,19139.5,0,0,False,1,20220531,2,0.0
765,266,3572.5167865707435,19675.59592326139,3,102,False,1,20220531,2,0.0
766,267,3572.0925925925926,20211.5,1,129,False,1,20220531,2,0.0
767,268,3572.183417085427,20755.04271356784,1,134,False,1,20220531,2,0.0
768,269,3572.0925925925926,21283.5,0,0,True,1,20220531,2,0.0
769,270,4023.1235884567127,1199.1135508155585,0,0,False,1,20220531,2,0.0
770,271,4023.4024390243903,1727.5975609756097,0,182,False,1,20220531,2,0.0
771,272,4023.5,2263.5,1,204,False,1,20220531,2,0.0
772,273,4023.5,2799.304755944931,1,0,False,1,20220531,2,0.0
773,274,4023.22057898049,3335.7794210195093,0,0,False,1,20220531,2,0.0
774,275,4023.6026991441736,3871.597432521396,1,102,False,1,20220531,2,0.0
775,276,4023.6911949685536,4407.308805031446,0,0,False,1,20220531,2,0.0
776,277,4023.3973008558255,4943.597432521396,0,0,False,1,20220531,2,0.0
777,278,4023.690476190476,5479.11403508772,2,111,False,1,20220531,2,0.0
778,279,4023.6000641436817,6011.597498396408,3,118,False,1,20220531,2,0.0
779,280,4023.690476190476,6543.8859649122805,1,112,False,1,20220531,2,0.0
780,281,4023.7002567394097,7083.5,0,0,False,1,20220531,2,0.0
781,282,4023.7884012539184,7623.211598746081,0,0,False,1,20220531,2,0.0
782,283,4023.885964912281,8151.690476190476,0,0,False,1,20220531,2,0.0
783,284,4023.6026991441736,8695.402567478604,0,0,False,1,20220531,2,0.0
784,285,4023.7954399486193,9219.787732819525,0,119,False,1,20220531,2,0.0
785,286,4023.89588688946,9755.690231362469,0,152,True,1,20220531,2,0.0
786,287,4023.89588688946,10291.690231362469,0,157,True,1,20220531,2,0.0
787,288,4023.6953727506425,10827.885604113111,0,0,False,1,20220531,2,0.0
788,289,4023.7884012539184,11375.211598746082,1,112,False,1,20220531,2,0.0
789,290,4023.885964912281,11903.690476190475,1,181,False,1,20220531,2,0.0
790,291,4023.7002567394097,12443.5,2,123,False,1,20220531,2,0.0
791,292,4023.7954399486193,12971.787732819525,1,135,False,1,20220531,2,0.0
792,293,4023.969554300063,13504.165411173886,2,151,False,1,20220531,2,0.0
793,294,4023.885964912281,14039.690476190475,0,0,False,1,20220531,2,0.0
794,295,4023.87652811736,14579.690709046456,0,111,False,1,20220531,2,0.0
795,296,4023.7954399486193,15115.787732819525,3,103,False,1,20220531,2,0.0
796,297,4023.5975609756097,15647.40243902439,1,112,False,1,20220531,2,0.0
797,298,4023.5,16191.5,0,250,False,1,20220531,2,0.0
798,299,4023.6000641436817,16731.402501603592,0,119,False,1,20220531,2,0.0
799,300,4023.4048200122015,17267.402379499694,0,0,False,1,20220531,2,0.0
800,301,4024.053921568628,17796.06862745098,2,118,False,1,20220531,2,0.0
801,302,4023.695244055069,18335.5,1,119,False,1,20220531,2,0.0
802,303,4023.5,18867.5,0,0,False,1,20220531,2,0.0
803,304,4023.6000641436817,19403.597498396408,2,119,False,1,20220531,2,0.0
804,305,4023.89588688946,19947.309768637533,1,1,False,1,20220531,2,0.0
805,306,4023.314180929096,20483.11369193154,1,100,False,1,20220531,2,0.0
806,307,4023.6000641436817,21019.402501603592,1,105,False,1,20220531,2,0.0
807,308,4467.308588957055,927.6865030674846,2,86,True,1,20220531,2,0.0
808,309,4467.6027617212585,1463.5950545921644,4,132,False,1,20220531,2,0.0
809,310,4467.69094247246,1999.686046511628,0,0,False,1,20220531,2,0.0
810,311,4467.5,2531.5,0,0,False,1,20220531,2,0.0
811,312,4467.103264281231,3067.133396107972,4,159,False,1,20220531,2,0.0
812,313,4467.597620500305,3607.5951799877976,2,236,True,1,20220531,2,0.0
813,314,4468.0700245700245,4135.490171990172,2,130,False,1,20220531,2,0.0
814,315,4467.790461538461,4678.6704615384615,0,0,False,1,20220531,2,0.0
815,316,4467.220416922134,5207.772225628449,0,0,False,1,20220531,2,0.0
816,317,4467.600250626567,5747.4047619047615,0,0,False,1,20220531,2,0.0
817,318,4467.695611285267,6275.876175548589,0,0,False,1,20220531,2,0.0
818,319,4468.067931456549,6814.9467564259485,0,0,False,1,20220531,2,0.0
819,320,4467.69094247246,7351.686046511628,0,0,False,1,20220531,2,0.0
820,321,4467.705655526992,7887.5,0,0,False,1,20220531,2,0.0
821,322,4467.9604316546765,8427.039568345324,0,0,False,1,20220531,2,0.0
822,323,4467.803536977492,8951.78038585209,0,121,True,1,20220531,2,0.0
823,324,4467.779926335175,9488.145794966236,1,134,True,1,20220531,2,0.0
824,325,4467.970876762723,10023.958614347026,0,133,False,1,20220531,2,0.0
825,326,4467.779926335175,10560.145794966236,2,110,False,1,20220531,2,0.0
826,327,4467.773709483794,11099.773709483794,0,0,False,1,20220531,2,0.0
827,328,4467.705655526992,11639.5,1,107,False,1,20220531,2,0.0
828,329,4467.691411042945,12175.313496932517,0,0,True,1,20220531,2,0.0
829,330,4467.992462311558,12707.404522613066,0,0,False,1,20220531,2,0.0
830,331,4467.982412060302,13236.14824120603,0,0,False,1,20220531,2,0.0
831,332,4467.695611285267,13771.876175548588,1,152,False,1,20220531,2,0.0
832,333,4467.78679245283,14308.335220125786,0,0,False,1,20220531,2,0.0
833,334,4467.700375704446,14851.5,2,111,True,1,20220531,2,0.0
834,335,4467.695611285267,15379.876175548588,0,0,False,1,20220531,2,0.0
835,336,4467.69094247246,15919.686046511628,1,38,True,1,20220531,2,0.0
836,337,4467.597979179424,16463.03214941825,1,130,False,1,20220531,2,0.0
837,338,4467.796110414053,16995.590338770387,0,0,False,1,20220531,2,0.0
838,339,4467.812169312169,17531.589947089946,0,0,False,1,20220531,2,0.0
839,340,4467.304143126177,18067.314187068423,1,42,True,1,20220531,2,0.0
840,341,4467.6027617212585,18599.59505459217,1,0,False,1,20220531,2,0.0
841,342,4467.992462311558,19139.59547738693,0,0,False,1,20220531,2,0.0
842,343,4467.9604316546765,19675.586330935253,0,0,False,1,20220531,2,0.0
843,344,4467.992462311558,20211.404522613066,1,108,False,1,20220531,2,0.0
844,345,4467.695611285267,20755.87617554859,0,0,True,1,20220531,2,0.0
845,346,4467.600250626567,21283.404761904763,1,38,True,1,20220531,2,0.0
846,347,4910.279048765804,1198.8762793497892,0,117,False,1,20220531,2,0.0
847,348,4909.975961538462,1726.3557692307693,0,0,False,1,20220531,2,0.0
848,349,4911.294228356336,2263.5,0,0,False,1,20220531,2,0.0
849,350,4910.738323353294,2799.859281437126,3,119,False,1,20220531,2,0.0
850,351,4910.551497005988,3335.32754491018,1,0,False,1,20220531,2,0.0
851,352,4911.092964824121,3871.680904522613,0,0,False,1,20220531,2,0.0
852,353,4911.308383233533,4407.317964071856,0,0,False,1,20220531,2,0.0
853,354,4911.298994974874,4943.133165829146,0,0,False,1,20220531,2,0.0
854,355,4911.308841099164,5479.318399044206,0,0,False,1,20220531,2,0.0
855,356,4911.696078431372,6011.318627450981,0,0,False,1,20220531,2,0.0
856,357,4911.308383233533,6543.682035928144,0,0,False,1,20220531,2,0.0
857,358,4911.796387017759,7083.225658297612,0,0,False,1,20220531,2,0.0
858,359,4912.070743405276,7622.958033573142,2,184,False,1,20220531,2,0.0
859,360,4911.5,8151.5,0,0,False,1,20220531,2,0.0
860,361,4911.5,8694.951572327043,1,115,False,1,20220531,2,0.0
861,362,4911.696078431372,9219.68137254902,1,112,False,1,20220531,2,0.0
862,363,4911.69656019656,9755.681818181818,1,111,False,1,20220531,2,0.0
863,364,4911.5,10291.863190184047,1,104,False,1,20220531,2,0.0
864,365,4911.5,10827.863190184047,0,116,False,1,20220531,2,0.0
865,366,4911.5,11374.602040816326,2,117,False,1,20220531,2,0.0
866,367,4911.780407429598,11902.869682444578,3,147,False,1,20220531,2,0.0
867,368,4911.600551808707,12443.043838136113,0,0,True,1,20220531,2,0.0
868,369,4911.696078431372,12971.68137254902,2,112,False,1,20220531,2,0.0
869,370,4911.780407429598,13504.130317555422,4,259,True,1,20220531,2,0.0
870,371,4911.780407429598,14040.130317555422,0,0,False,1,20220531,2,0.0
871,372,4911.774165202109,14579.232864674868,0,1,False,1,20220531,2,0.0
872,373,4911.696078431372,15115.68137254902,2,118,False,1,20220531,2,0.0
873,374,4911.780407429598,15648.130317555422,2,80,False,1,20220531,2,0.0
874,375,4911.5,16191.136363636364,0,0,False,1,20220531,2,0.0
875,376,4911.5,16731.5,0,0,False,1,20220531,2,0.0
876,377,4911.869158878505,17266.77570093458,0,0,False,1,20220531,2,0.0
877,378,4911.877182770663,17795.681606519207,1,122,False,1,20220531,2,0.0
878,379,4912.261676646706,18335.32754491018,1,143,False,1,20220531,2,0.0
879,380,4912.056725146199,18867.49064327485,0,0,False,1,20220531,2,0.0
880,381,4911.696078431372,19403.68137254902,4,114,False,1,20220531,2,0.0
881,382,4911.796387017759,19947.22565829761,0,0,False,1,20220531,2,0.0
882,383,4911.961088355763,20483.050614394386,1,175,False,1,20220531,2,0.0
883,384,4911.888206388207,21018.77764127764,0,0,False,1,20220531,2,0.0
884,385,5354.359950859951,927.5,0,0,False,1,20220531,2,0.0
885,386,5355.3972382787415,1463.4049454078356,0,0,False,1,20220531,2,0.0
886,387,5354.355036855037,1999.8341523341523,0,0,False,1,20220531,2,0.0
887,388,5355.103761755486,2531.314420062696,0,129,False,1,20220531,2,0.0
888,389,5355.299624295554,3067.5,1,124,False,1,20220531,2,0.0
889,390,5355.5,3607.309523809524,1,178,False,1,20220531,2,0.0
890,391,5355.5,4135.5,0,0,False,1,20220531,2,0.0
891,392,5355.87791411043,4678.758895705521,1,210,False,1,20220531,2,0.0
892,393,5355.69094247246,5207.313953488372,1,116,False,1,20220531,2,0.0
893,394,5355.695611285267,5747.123824451411,0,0,False,1,20220531,2,0.0
894,395,5355.600250626567,6275.4047619047615,0,0,False,1,20220531,2,0.0
895,396,5355.5,6815.1274509803925,4,158,False,1,20220531,2,0.0
896,397,5355.597739767868,7351.404703726329,1,110,False,1,20220531,2,0.0
897,398,5355.6027617212585,7887.404945407836,3,112,True,1,20220531,2,0.0
898,399,5355.868641532017,8426.757929383602,0,0,False,1,20220531,2,0.0
899,400,5355.6027617212585,8951.595054592164,0,133,False,1,20220531,2,0.0
900,401,5355.69094247246,9487.686046511628,0,0,False,1,20220531,2,0.0
901,402,5355.882352941177,10023.5,0,0,False,1,20220531,2,0.0
902,403,5355.788685015291,10559.781345565749,5,125,True,1,20220531,2,0.0
903,404,5355.87298266587,11099.5,0,0,True,1,20220531,2,0.0
904,405,5355.803536977492,11639.21961414791,2,129,False,1,20220531,2,0.0
905,406,5355.788685015291,12175.218654434251,0,0,False,1,20220531,2,0.0
906,407,5355.796110414053,12707.218946047678,1,109,False,1,20220531,2,0.0
907,408,5355.896238244514,13235.685579937304,3,87,True,1,20220531,2,0.0
908,409,5355.700375704446,13771.5,0,0,False,1,20220531,2,0.0
909,410,5355.796110414053,14307.781053952322,0,0,False,1,20220531,2,0.0
910,411,5355.600125156446,14851.404881101376,1,139,True,1,20220531,2,0.0
911,412,5355.700375704446,15379.5,1,163,True,1,20220531,2,0.0
912,413,5355.88630806846,15919.685819070904,0,0,False,1,20220531,2,0.0
913,414,5355.5,16462.936964504283,0,0,True,1,20220531,2,0.0
914,415,5355.896238244514,16995.314420062696,1,113,False,1,20220531,2,0.0
915,416,5355.917713152677,17531.31493721084,1,114,False,1,20220531,2,0.0
916,417,5355.795739348371,18067.21929824561,0,0,False,1,20220531,2,0.0
917,418,5355.6027617212585,18599.59505459217,1,129,False,1,20220531,2,0.0
918,419,5355.700375704446,19139.5,1,117,False,1,20220531,2,0.0
919,420,5355.968339307049,19675.40442054958,2,113,False,1,20220531,2,0.0
920,421,5355.600125156446,20211.40488110137,0,115,False,1,20220531,2,0.0
921,422,5355.795739348371,20755.21929824561,0,0,False,1,20220531,2,0.0
922,423,5355.700375704446,21283.5,1,72,False,1,20220531,2,0.0
923,424,5806.541916167665,1199.3179640718563,2,98,False,1,20220531,2,0.0
924,425,5806.328331332533,1727.2454981992796,1,1,False,1,20220531,2,0.0
925,426,5806.901257861635,2262.9616352201256,1,121,False,1,20220531,2,0.0
926,427,5807.019426180514,2799.4067543335327,1,109,False,1,20220531,2,0.0
927,428,5807.204504504504,3335.262162162162,0,0,False,1,20220531,2,0.0
928,429,5807.705771643664,3871.5,0,0,False,1,20220531,2,0.0
929,430,5807.308383233533,4407.317964071856,1,122,False,1,20220531,2,0.0
930,431,5807.397049591965,4943.407093534212,0,0,False,1,20220531,2,0.0
931,432,5807.5,5479.136363636364,1,111,False,1,20220531,2,0.0
932,433,5807.5,6011.5,0,0,False,1,20220531,2,0.0
933,434,5807.317964071856,6544.223353293413,0,0,False,1,20220531,2,0.0
934,435,5807.303921568628,7083.318627450981,0,0,False,1,20220531,2,0.0
935,436,5807.5,7623.136363636364,0,0,True,1,20220531,2,0.0
936,437,5807.5,8151.5,0,0,True,1,20220531,2,0.0
937,438,5807.5,8694.951572327043,0,0,False,1,20220531,2,0.0
938,439,5807.399448191293,9219.956161863887,1,73,False,1,20220531,2,0.0
939,440,5807.303921568628,9755.68137254902,2,190,False,1,20220531,2,0.0
940,441,5807.5,10291.863190184047,0,0,True,1,20220531,2,0.0
941,442,5807.5,10827.863190184047,0,0,True,1,20220531,2,0.0
942,443,5807.5,11374.602040816326,2,123,False,1,20220531,2,0.0
943,444,5807.691616766467,11903.317964071855,0,102,False,1,20220531,2,0.0
944,445,5807.600551808707,12443.043838136113,0,0,True,1,20220531,2,0.0
945,446,5807.696078431372,12971.68137254902,1,58,False,1,20220531,2,0.0
946,447,5807.5,13503.863636363636,0,0,False,1,20220531,2,0.0
947,448,5807.780407429598,14040.130317555422,1,95,False,1,20220531,2,0.0
948,449,5807.5,14579.5,0,0,False,1,20220531,2,0.0
949,450,5807.5,15115.5,0,0,True,1,20220531,2,0.0
950,451,5807.308383233533,15647.682035928145,2,115,False,1,20220531,2,0.0
951,452,5807.219592570402,16190.869682444578,0,0,False,1,20220531,2,0.0
952,453,5807.203975535168,16731.225993883792,1,112,False,1,20220531,2,0.0
953,454,5808.315897136177,17266.518118059616,0,0,False,1,20220531,2,0.0
954,455,5807.5,17795.5,1,112,False,1,20220531,2,0.0
955,456,5807.598027495517,18335.04333532576,0,0,False,1,20220531,2,0.0
956,457,5807.686915887851,18867.317757009347,0,0,False,1,20220531,2,0.0
957,458,5807.399694189602,19403.59296636085,2,115,False,1,20220531,2,0.0
958,459,5807.600551808707,19947.04383813612,0,0,False,1,20220531,2,0.0
959,460,5807.322429906542,20482.59813084112,0,0,False,1,20220531,2,0.0
960,461,5807.600551808707,21019.04383813612,0,0,False,1,20220531,2,0.0
961,462,6248.491920447483,929.41671845867,0,0,True,1,20220531,2,0.0
962,463,6250.684516129032,1463.5,0,0,True,1,20220531,2,0.0
963,464,6250.062461538461,1999.2710769230769,1,0,False,1,20220531,2,0.0
964,465,6246.90797940798,2531.5,0,0,False,1,20220531,2,0.0
965,466,6251.103761755486,3067.6855799373043,4,116,False,1,20220531,2,0.0
966,467,6251.402379499695,3607.4048200122015,0,0,False,1,20220531,2,0.0
967,468,6251.30905752754,4135.686046511628,1,0,False,1,20220531,2,0.0
968,469,6251.788685015291,4679.21865443425,0,1,False,1,20220531,2,0.0
969,470,6251.882352941177,5207.5,1,110,False,1,20220531,2,0.0
970,471,6251.600250626567,5747.4047619047615,1,159,False,1,20220531,2,0.0
971,472,6251.600250626567,6275.595238095239,0,116,False,1,20220531,2,0.0
972,473,6251.5,6815.1274509803925,1,106,False,1,20220531,2,0.0
973,474,6251.5,7351.5,0,6,True,1,20220531,2,0.0
974,475,6251.6027617212585,7887.404945407836,2,119,True,1,20220531,2,0.0
975,476,6251.773053892216,8426.853293413174,0,108,False,1,20220531,2,0.0
976,477,6251.5,8951.690231362469,1,124,False,1,20220531,2,0.0
977,478,6251.5,9487.872549019608,1,119,False,1,20220531,2,0.0
978,479,6251.5,10023.872549019608,0,0,False,1,20220531,2,0.0
979,480,6251.69094247246,10559.686046511628,1,127,False,1,20220531,2,0.0
980,481,6251.87298266587,11099.5,1,103,False,1,20220531,2,0.0
981,482,6251.6027617212585,11639.404945407836,1,120,False,1,20220531,2,0.0
982,483,6251.597979179424,12175.032149418248,0,0,False,1,20220531,2,0.0
983,484,6251.796110414053,12707.218946047678,0,0,False,1,20220531,2,0.0
984,485,6251.896238244514,13235.685579937304,1,108,False,1,20220531,2,0.0
985,486,6251.600125156446,13771.595118898624,0,0,False,1,20220531,2,0.0
986,487,6251.795739348371,14307.780701754386,1,109,False,1,20220531,2,0.0
987,488,6251.5,14851.309643080776,1,0,False,1,20220531,2,0.0
988,489,6251.600250626567,15379.40476190476,1,105,False,1,20220531,2,0.0
989,490,6251.5,15919.5,0,0,False,1,20220531,2,0.0
990,491,6251.5,16462.389434889436,1,103,False,1,20220531,2,0.0
991,492,6251.5,16995.30964308078,1,112,False,1,20220531,2,0.0
992,493,6251.605540897098,17531.405013192612,0,0,False,1,20220531,2,0.0
993,494,6251.5,18066.93753923415,0,94,False,1,20220531,2,0.0
994,495,6251.5,18599.5,1,81,False,1,20220531,2,0.0
995,496,6251.5,19139.30964308078,0,0,False,1,20220531,2,0.0
996,497,6251.5,19675.12701733413,4,107,False,1,20220531,2,0.0
997,498,6251.5,20211.30964308078,4,142,True,1,20220531,2,0.0
998,499,6251.399874843554,20755.40488110137,1,134,True,1,20220531,2,0.0
999,500,6251.600250626567,21283.404761904763,2,51,True,1,20220531,2,0.0
1000,1,899.004835589942,1464.1473243068988,2,82,True,2,20230131,1,0.0
1001,2,898.7570725707257,2000.5971709717096,2,106,False,2,20230131,1,0.0
1002,3,899.2132075471698,2532.3352201257862,3,93,False,2,20230131,1,0.0
1003,4,899.2132075471698,3068.3352201257862,0,105,False,2,20230131,1,0.0
1004,5,899.4020208205757,3607.967850581752,1,105,False,2,20230131,1,0.0
1005,6,899.2204169221336,4136.33629675046,1,109,False,2,20230131,1,0.0
1006,7,899.4020208205757,4679.967850581751,0,0,False,2,20230131,1,0.0
1007,8,899.7795830778664,5208.33629675046,1,101,False,2,20230131,1,0.0
1008,9,899.6956112852664,5747.876175548589,9,26,True,2,20230131,1,0.0
1009,10,899.204260651629,6275.7807017543855,1,109,False,2,20230131,1,0.0
1010,11,899.8779141104294,6816.241104294479,0,0,True,2,20230131,1,0.0
1011,12,900.0686274509804,7352.053921568628,0,0,True,2,20230131,1,0.0
1012,13,900.3051612903225,7887.866451612903,0,0,False,2,20230131,1,0.0
1013,14,900.6003003003003,8428.206306306307,3,105,False,2,20230131,1,0.0
1014,15,900.0979381443299,8952.051546391753,1,0,False,2,20230131,1,0.0
1015,16,900.2429274292743,9488.59717097171,0,0,False,2,20230131,1,0.0
1016,17,901.4233621755252,10024.187268232386,0,0,False,2,20230131,1,0.0
1017,18,901.0743368291178,10560.657310302282,0,0,True,2,20230131,1,0.0
1018,19,900.5989802039592,11100.224655068989,1,99,False,2,20230131,1,0.0
1019,20,899.7005141388174,11639.690231362469,3,102,False,2,20230131,1,0.0
1020,21,901.428306551298,12176.889369592089,1,101,False,2,20230131,1,0.0
1021,22,900.3805031446541,12707.771698113207,0,0,False,2,20230131,1,0.0
1022,23,900.3564231738035,13236.502518891688,0,0,True,2,20230131,1,0.0
1023,24,899.9824120603015,13772.14824120603,1,0,False,2,20230131,1,0.0
1024,25,900.1607818411097,14308.690416141237,4,85,False,2,20230131,1,0.0
1025,26,899.896238244514,14851.685579937304,0,0,False,2,20230131,1,0.0
1026,27,899.9824120603015,15380.14824120603,1,0,True,2,20230131,1,0.0
1027,28,899.7795830778664,15920.33629675046,0,0,False,2,20230131,1,0.0
1028,29,899.6909424724602,16463.68604651163,0,105,False,2,20230131,1,0.0
1029,30,899.6956112852664,16995.87617554859,2,107,False,2,20230131,1,0.0
1030,31,899.6055408970976,17531.594986807388,0,0,False,2,20230131,1,0.0
1031,32,899.5,18067.5,1,107,False,2,20230131,1,0.0
1032,33,899.5,18599.690231362467,0,0,False,2,20230131,1,0.0
1033,34,899.6002506265664,19139.404761904763,2,106,False,2,20230131,1,0.0
1034,35,900.1467065868263,19675.226946107785,0,0,False,2,20230131,1,0.0
1035,36,900.0925925925926,20211.5,2,110,False,2,20230131,1,0.0
1036,37,900.1842767295598,20754.86603773585,0,72,False,2,20230131,1,0.0
1037,38,903.89588688946,21283.309768637533,0,116,True,2,20230131,1,0.0
1038,39,1342.8345888261142,1199.9695543000628,2,94,False,2,20230131,1,0.0
1039,40,1343.293710691824,1728.4610062893082,1,103,False,2,20230131,1,0.0
1040,41,1343.1967699406723,2263.78740936058,4,110,False,2,20230131,1,0.0
1041,42,1343.2115987460816,2799.7884012539184,4,119,False,2,20230131,1,0.0
1042,43,1343.211959924859,3335.788040075141,0,0,False,2,20230131,1,0.0
1043,44,1343.5,3871.694993412385,0,0,False,2,20230131,1,0.0
1044,45,1343.5,4407.6952440550685,2,182,True,2,20230131,1,0.0
1045,46,1343.5,4943.5,1,194,True,2,20230131,1,0.0
1046,47,1343.5975609756097,5479.59756097561,1,118,False,2,20230131,1,0.0
1047,48,1343.5951768488746,6011.788102893891,0,0,False,2,20230131,1,0.0
1048,49,1343.7790697674418,6544.357322438717,1,0,False,2,20230131,1,0.0
1049,50,1343.7002567394095,7083.5,0,0,False,2,20230131,1,0.0
1050,51,1344.0771643663738,7623.5,1,1,False,2,20230131,1,0.0
1051,52,1343.7884012539184,8151.788401253919,0,0,False,2,20230131,1,0.0
1052,53,1343.705533596838,8695.5,1,2,False,2,20230131,1,0.0
1053,54,1343.6953727506427,9219.885604113111,4,127,False,2,20230131,1,0.0
1054,55,1343.89588688946,9755.690231362469,1,119,False,2,20230131,1,0.0
1055,56,1343.399935856318,10291.597498396408,1,121,False,2,20230131,1,0.0
1056,57,1344.0824742268042,10828.067010309278,0,0,False,2,20230131,1,0.0
1057,58,1344.4319899244333,11374.568010075567,0,0,False,2,20230131,1,0.0
1058,59,1343.8859649122808,11903.690476190475,0,132,False,2,20230131,1,0.0
1059,60,1343.89588688946,12443.309768637531,1,115,False,2,20230131,1,0.0
1060,61,1343.89588688946,12971.690231362469,2,124,False,2,20230131,1,0.0
1061,62,1343.690476190476,13503.88596491228,1,1,False,2,20230131,1,0.0
1062,63,1343.8859649122808,14039.690476190475,0,0,False,2,20230131,1,0.0
1063,64,1343.4044703000611,14579.402020820577,0,0,False,2,20230131,1,0.0
1064,65,1343.6953727506427,15115.885604113111,0,0,False,2,20230131,1,0.0
1065,66,1343.690476190476,15647.88596491228,0,122,False,2,20230131,1,0.0
1066,67,1343.7884012539184,16191.788401253918,0,0,False,2,20230131,1,0.0
1067,68,1343.399935856318,16731.402501603592,5,126,False,2,20230131,1,0.0
1068,69,1343.6865030674846,17267.308588957054,0,0,False,2,20230131,1,0.0
1069,70,1343.5955296999389,17795.98009797918,2,118,False,2,20230131,1,0.0
1070,71,1343.5975609756097,18335.40243902439,0,0,False,2,20230131,1,0.0
1071,72,1343.5,18867.88235294117,3,123,False,2,20230131,1,0.0
1072,73,1343.5,19403.5,3,122,False,2,20230131,1,0.0
1073,74,1343.89588688946,19947.309768637533,0,0,False,2,20230131,1,0.0
1074,75,1344.0539215686274,20482.93137254902,1,125,False,2,20230131,1,0.0
1075,76,1344.1825499034128,21019.03122987765,1,117,True,2,20230131,1,0.0
1076,77,1786.8558696988323,928.6923786109404,0,0,False,2,20230131,1,0.0
1077,78,1786.6937984496124,1464.37338501292,1,199,True,2,20230131,1,0.0
1078,79,1786.9313725490197,2000.053921568628,1,206,True,2,20230131,1,0.0
1079,80,1787.2038895859473,2531.781053952321,0,0,False,2,20230131,1,0.0
1080,81,1786.442065491184,3068.3110831234258,0,0,True,2,20230131,1,0.0
1081,82,1787.970300061237,3608.149112063688,1,57,True,2,20230131,1,0.0
1082,83,1787.5979791794243,4135.967850581751,1,1,True,2,20230131,1,0.0
1083,84,1787.2204169221336,4679.772225628449,0,0,False,2,20230131,1,0.0
1084,85,1787.029699938763,5208.149112063687,3,4,False,2,20230131,1,0.0
1085,86,1787.882149591452,5748.053111250786,3,114,False,2,20230131,1,0.0
1086,87,1787.9753476611884,6276.870417193426,2,94,False,2,20230131,1,0.0
1087,88,1788.0700245700243,6816.055282555282,1,127,False,2,20230131,1,0.0
1088,89,1788.0686274509803,7352.053921568628,3,125,False,2,20230131,1,0.0
1089,90,1787.9066924066924,7887.685328185328,2,132,False,2,20230131,1,0.0
1090,91,1788.4214157168567,8427.5,4,133,False,2,20230131,1,0.0
1091,92,1788.8411003236247,8951.057281553398,0,0,False,2,20230131,1,0.0
1092,93,1788.9590264941469,9488.74460874923,0,0,False,2,20230131,1,0.0
1093,94,1788.5325752919484,10024.31868469576,2,126,False,2,20230131,1,0.0
1094,95,1789.3282890673256,10560.925571340333,1,0,False,2,20230131,1,0.0
1095,96,1788.2420706163973,11099.868641532015,1,224,True,2,20230131,1,0.0
1096,97,1788.1082474226805,11639.5,1,193,True,2,20230131,1,0.0
1097,98,1788.8382533825338,12175.657441574416,1,117,False,2,20230131,1,0.0
1098,99,1788.3636363636365,13236.671717171715,1,93,False,2,20230131,1,0.0
1099,100,1788.083280955374,13772.053111250783,0,0,False,2,20230131,1,0.0
1100,101,1788.26214511041,14308.5952681388,1,130,False,2,20230131,1,0.0
1101,102,1788.0925925925926,14851.5,1,125,False,2,20230131,1,0.0
1102,103,1787.887665198238,15380.240088105727,2,132,False,2,20230131,1,0.0
1103,104,1787.8779141104294,15920.24110429448,1,1,False,2,20230131,1,0.0
1104,105,1787.7886850152904,16463.409480122325,1,130,False,2,20230131,1,0.0
1105,106,1787.795739348371,16995.780701754386,1,1,False,2,20230131,1,0.0
1106,107,1787.9177131526767,17531.68506278916,0,128,False,2,20230131,1,0.0
1107,108,1787.7003757044458,18067.5,0,0,True,2,20230131,1,0.0
1108,109,1787.6027617212587,18599.59505459217,2,108,False,2,20230131,1,0.0
1109,110,1787.896238244514,19139.314420062696,1,150,False,2,20230131,1,0.0
1110,111,1788.4214157168567,19675.5,3,119,False,2,20230131,1,0.0
1111,112,1788.0925925925926,20211.5,5,119,False,2,20230131,1,0.0
1112,113,1788.083280955374,20754.94688874921,2,113,False,2,20230131,1,0.0
1113,114,1788.294468887492,21283.5,6,86,False,2,20230131,1,0.0
1114,115,1791.89588688946,12707.309768637531,1,126,False,2,20230131,1,0.0
1115,116,2231.304755944931,1199.5,3,149,True,2,20230131,1,0.0
1116,117,2231.6907151819323,1727.8764115432873,1,209,True,2,20230131,1,0.0
1117,118,2231.5,2263.5,0,0,False,2,20230131,1,0.0
1118,119,2231.5,2799.5,0,138,False,2,20230131,1,0.0
1119,120,2231.5,3335.5,0,0,True,2,20230131,1,0.0
1120,121,2231.5,3871.5,0,0,False,2,20230131,1,0.0
1121,122,2231.695244055069,4407.5,1,0,False,2,20230131,1,0.0
1122,123,2231.5,4943.5,0,133,False,2,20230131,1,0.0
1123,124,2231.5,5479.5,0,0,True,2,20230131,1,0.0
1124,125,2231.6000641436817,6011.402501603592,3,125,False,2,20230131,1,0.0
1125,126,2231.690476190476,6543.8859649122805,2,116,False,2,20230131,1,0.0
1126,127,2231.89588688946,7083.690231362468,0,0,False,2,20230131,1,0.0
1127,128,2232.077164366374,7623.5,0,0,False,2,20230131,1,0.0
1128,129,2231.8859649122805,8151.690476190476,1,109,False,2,20230131,1,0.0
1129,130,2232.1076618229854,8695.5,0,0,False,2,20230131,1,0.0
1130,131,2231.79543994862,9219.787732819525,2,123,False,2,20230131,1,0.0
1131,132,2232.182549903413,9755.968770122345,1,120,False,2,20230131,1,0.0
1132,133,2232.182549903413,10291.968770122345,1,119,False,2,20230131,1,0.0
1133,134,2232.082474226804,10828.067010309278,1,1,False,2,20230131,1,0.0
1134,135,2231.6902377972465,11375.304755944931,2,124,False,2,20230131,1,0.0
1135,136,2232.165411173886,11903.969554300063,0,0,False,2,20230131,1,0.0
1136,137,2231.7002567394097,12443.5,0,0,False,2,20230131,1,0.0
1137,138,2232.0817245817248,12972.06628056628,1,131,False,2,20230131,1,0.0
1138,139,2232.3332284455632,13504.529578351165,0,119,False,2,20230131,1,0.0
1139,140,2232.3332284455632,14040.529578351165,1,0,False,2,20230131,1,0.0
1140,141,2232.241104294478,14579.87791411043,1,117,False,2,20230131,1,0.0
1141,142,2232.0817245817248,15116.06628056628,7,131,False,2,20230131,1,0.0
1142,143,2231.9695543000626,15648.165411173886,1,0,False,2,20230131,1,0.0
1143,144,2231.8859649122805,16191.690476190475,0,0,False,2,20230131,1,0.0
1144,145,2231.7002567394097,16731.5,0,0,False,2,20230131,1,0.0
1145,146,2232.241104294478,17267.681595092025,6,117,False,2,20230131,1,0.0
1146,147,2232.053921568628,17796.06862745098,3,125,False,2,20230131,1,0.0
1147,148,2231.8859649122805,18335.69047619048,1,138,False,2,20230131,1,0.0
1148,149,2232.33629675046,18867.220416922133,1,1,False,2,20230131,1,0.0
1149,150,2231.79543994862,19403.787732819525,0,0,False,2,20230131,1,0.0
1150,151,2231.89588688946,19947.309768637533,1,0,False,2,20230131,1,0.0
1151,152,2232.33629675046,20483.220416922133,2,1,False,2,20230131,1,0.0
1152,153,2231.89588688946,21019.309768637533,0,1,True,2,20230131,1,0.0
1153,154,2674.93137254902,928.0539215686274,3,110,False,2,20230131,1,0.0
1154,155,2677.859493670886,1462.4012658227848,0,0,False,2,20230131,1,0.0
1155,156,2675.406919779547,1999.776791181874,0,0,False,2,20230131,1,0.0
1156,157,2674.90666247643,2531.489943431804,0,0,False,2,20230131,1,0.0
1157,158,2675.1173694147265,3068.04877281309,2,117,False,2,20230131,1,0.0
1158,159,2674.6416309012875,3607.7722256284487,1,116,False,2,20230131,1,0.0
1159,160,2678.221252257676,4135.150812763395,2,122,False,2,20230131,1,0.0
1160,161,2679.5,4679.5,0,0,False,2,20230131,1,0.0
1161,162,2678.2738452309536,5208.111877624475,0,0,False,2,20230131,1,0.0
1162,163,2679.5,5747.5,2,121,False,2,20230131,1,0.0
1163,164,2680.4987699877,6275.849323493235,0,0,False,2,20230131,1,0.0
1164,165,2679.882775119617,6815.5,3,218,True,2,20230131,1,0.0
1165,166,2680.2616766467067,7351.859281437126,3,280,True,2,20230131,1,0.0
1166,167,2680.236225087925,8427.317116060962,1,122,False,2,20230131,1,0.0
1167,168,2679.907035175879,8951.680904522613,2,119,False,2,20230131,1,0.0
1168,169,2679.211389385808,9487.774299344066,3,125,False,2,20230131,1,0.0
1169,170,2680.0693779904304,10024.04066985646,4,120,False,2,20230131,1,0.0
1170,171,2681.5253470126736,10560.709414604707,0,0,False,2,20230131,1,0.0
1171,172,2680.147574517826,11099.766510812393,1,118,False,2,20230131,1,0.0
1172,173,2680.1638705811865,12175.766027561414,0,124,False,2,20230131,1,0.0
1173,174,2680.093137254902,12707.5,0,0,False,2,20230131,1,0.0
1174,175,2680.0840490797545,13236.039877300613,1,125,False,2,20230131,1,0.0
1175,176,2679.796024464832,13771.774006116208,2,135,False,2,20230131,1,0.0
1176,177,2680.459409594096,14308.385608856088,2,126,False,2,20230131,1,0.0
1177,178,2679.896572827417,14851.681150550796,2,143,False,2,20230131,1,0.0
1178,179,2680.0840490797545,15380.039877300613,0,0,False,2,20230131,1,0.0
1179,180,2680.0693779904304,15920.04066985646,3,154,False,2,20230131,1,0.0
1180,181,2679.980573819486,16463.406754333533,2,128,False,2,20230131,1,0.0
1181,182,2679.896572827417,16995.681150550794,1,0,False,2,20230131,1,0.0
1182,183,2679.605602060528,17531.592723760463,4,125,False,2,20230131,1,0.0
1183,184,2679.9935543278084,18067.58348680172,1,126,False,2,20230131,1,0.0
1184,185,2679.80923947203,18599.42206159648,7,129,False,2,20230131,1,0.0
1185,186,2680.1876155268023,19139.214109673445,4,124,False,2,20230131,1,0.0
1186,187,2680.4227166276346,19675.5,0,0,False,2,20230131,1,0.0
1187,188,2679.700488997555,20211.5,0,0,False,2,20230131,1,0.0
1188,189,2679.7963870177587,20755.22565829761,4,117,False,2,20230131,1,0.0
1189,190,2680.093137254902,21283.5,1,1,False,2,20230131,1,0.0
1190,191,2683.602761721259,7887.595054592164,3,201,True,2,20230131,1,0.0
1191,192,2683.9025806451614,11639.5,2,129,False,2,20230131,1,0.0
1192,193,3130.359950859951,1199.5,1,113,False,2,20230131,1,0.0
1193,194,3125.668888888889,1728.9653968253967,1,113,False,2,20230131,1,0.0
1194,195,3131.397238278741,2263.5950545921646,1,0,False,2,20230131,1,0.0
1195,196,3127.2105097545627,2799.7794210195093,3,196,False,2,20230131,1,0.0
1196,197,3129.775092936803,3336.6995043370507,3,150,False,2,20230131,1,0.0
1197,198,3131.397238278741,3871.5950545921646,3,124,False,2,20230131,1,0.0
1198,199,3130.726600985221,4406.869458128079,2,128,False,2,20230131,1,0.0
1199,200,3130.9945196647323,4943.595422308188,2,138,False,2,20230131,1,0.0
1200,201,3131.402260232132,5479.404703726329,0,0,False,2,20230131,1,0.0
1201,202,3131.203889585948,6011.781053952322,0,0,False,2,20230131,1,0.0
1202,203,3131.1220858895704,6544.241104294479,0,0,False,2,20230131,1,0.0
1203,204,3131.6001251564458,7083.595118898624,2,227,True,2,20230131,1,0.0
1204,205,3131.5,7623.127450980392,1,231,True,2,20230131,1,0.0
1205,206,3131.5,8151.872549019607,0,0,False,2,20230131,1,0.0
1206,207,3131.5,8695.309768637531,1,120,False,2,20230131,1,0.0
1207,208,3131.6956112852663,9219.876175548588,0,1,False,2,20230131,1,0.0
1208,209,3131.7961104140527,9755.781053952322,5,130,False,2,20230131,1,0.0
1209,210,3131.7961104140527,10291.781053952322,0,0,False,2,20230131,1,0.0
1210,211,3131.5,10828.06246076585,0,0,False,2,20230131,1,0.0
1211,212,3131.779926335175,11374.854205033764,2,125,False,2,20230131,1,0.0
1212,213,3131.6909424724604,11903.686046511628,4,127,False,2,20230131,1,0.0
1213,214,3131.6002506265663,12443.40476190476,0,0,False,2,20230131,1,0.0
1214,215,3131.7961104140527,12971.781053952322,1,113,False,2,20230131,1,0.0
1215,216,3131.7795830778664,13504.33629675046,0,1,False,2,20230131,1,0.0
1216,217,3131.7795830778664,14040.33629675046,1,117,False,2,20230131,1,0.0
1217,218,3131.960431654676,14579.960431654676,0,0,False,2,20230131,1,0.0
1218,219,3131.6956112852663,15115.876175548588,9,127,False,2,20230131,1,0.0
1219,220,3131.5,15648.063035495716,3,127,False,2,20230131,1,0.0
1220,221,3131.8823529411766,16191.5,0,0,False,2,20230131,1,0.0
1221,222,3131.5,16731.30964308078,1,125,False,2,20230131,1,0.0
1222,223,3131.6862686567165,17267.313731343285,7,125,False,2,20230131,1,0.0
1223,224,3131.313953488372,17795.68604651163,1,128,False,2,20230131,1,0.0
1224,225,3131.6909424724604,18335.31395348837,2,143,False,2,20230131,1,0.0
1225,226,3131.68671454219,18867.68671454219,2,118,False,2,20230131,1,0.0
1226,227,3131.700375704446,19403.5,1,148,False,2,20230131,1,0.0
1227,228,3131.5,19947.5,3,129,False,2,20230131,1,0.0
1228,229,3131.782634730539,20482.661676646705,2,126,False,2,20230131,1,0.0
1229,230,3131.7961104140527,21019.21894604768,3,112,False,2,20230131,1,0.0
1230,231,3570.6416309012875,927.7722256284488,0,97,False,2,20230131,1,0.0
1231,232,3571.5,1463.5,0,0,False,2,20230131,1,0.0
1232,233,3569.9433497536947,2000.5147783251232,0,0,False,2,20230131,1,0.0
1233,234,3571.3043887147337,2531.1238244514107,0,128,False,2,20230131,1,0.0
1234,235,3571.8962382445143,3067.6855799373043,0,0,False,2,20230131,1,0.0
1235,236,3571.5,3607.309523809524,3,295,False,2,20230131,1,0.0
1236,237,3571.597620500305,4135.595179987798,0,1,False,2,20230131,1,0.0
1237,238,3571.5,4679.5,0,0,False,2,20230131,1,0.0
1238,239,3571.88630806846,5207.6858190709045,0,1,False,2,20230131,1,0.0
1239,240,3571.7961104140527,5747.590338770389,0,146,False,2,20230131,1,0.0
1240,241,3571.8962382445143,6275.314420062696,1,144,False,2,20230131,1,0.0
1241,242,3571.69536019536,6815.5,2,127,False,2,20230131,1,0.0
1242,243,3572.166258420086,7351.041947336191,3,132,False,2,20230131,1,0.0
1243,244,3571.7056555269924,7887.5,0,131,False,2,20230131,1,0.0
1244,245,3572.5167865707435,8427.404076738609,1,0,True,2,20230131,1,0.0
1245,246,3571.9066924066924,8951.685328185327,1,133,False,2,20230131,1,0.0
1246,247,3572.260736196319,9487.86809815951,2,127,False,2,20230131,1,0.0
1247,248,3572.260736196319,10023.86809815951,2,130,False,2,20230131,1,0.0
1248,249,3572.0686274509803,10560.053921568628,1,126,False,2,20230131,1,0.0
1249,250,3574.511180124224,11097.66645962733,0,0,False,2,20230131,1,0.0
1250,251,3572.00998068255,11639.404700579524,2,124,False,2,20230131,1,0.0
1251,252,3572.3583690987125,12175.227774371551,4,212,True,2,20230131,1,0.0
1252,253,3572.0925925925926,12707.5,3,186,True,2,20230131,1,0.0
1253,254,3572.0825486503454,13236.052416823602,0,130,False,2,20230131,1,0.0
1254,255,3571.8962382445143,13771.685579937304,1,118,False,2,20230131,1,0.0
1255,256,3572.183417085427,14307.957286432162,1,0,False,2,20230131,1,0.0
1256,257,3571.700375704446,14851.5,2,122,False,2,20230131,1,0.0
1257,258,3572.183417085427,15379.957286432162,1,118,False,2,20230131,1,0.0
1258,259,3572.3583690987125,15919.772225628449,0,0,False,2,20230131,1,0.0
1259,260,3571.88630806846,16463.314180929094,2,132,False,2,20230131,1,0.0
1260,261,3572.0925925925926,16995.5,0,0,False,2,20230131,1,0.0
1261,262,3571.6055408970974,17531.594986807388,0,1,False,2,20230131,1,0.0
1262,263,3571.6001251564458,18067.40488110137,2,122,False,2,20230131,1,0.0
1263,264,3571.602761721259,18599.59505459217,0,0,False,2,20230131,1,0.0
1264,265,3572.0925925925926,19139.5,3,260,False,2,20230131,1,0.0
1265,266,3572.5167865707435,19675.59592326139,3,122,False,2,20230131,1,0.0
1266,267,3572.0925925925926,20211.5,0,0,False,2,20230131,1,0.0
1267,268,3572.183417085427,20755.04271356784,6,115,False,2,20230131,1,0.0
1268,269,3572.0925925925926,21283.5,0,86,False,2,20230131,1,0.0
1269,270,4023.1235884567127,1199.1135508155585,4,92,False,2,20230131,1,0.0
1270,271,4023.4024390243903,1727.5975609756097,1,132,False,2,20230131,1,0.0
1271,272,4023.5,2263.5,1,1,False,2,20230131,1,0.0
1272,273,4023.5,2799.304755944931,0,119,False,2,20230131,1,0.0
1273,274,4023.22057898049,3335.7794210195093,2,155,False,2,20230131,1,0.0
1274,275,4023.6026991441736,3871.597432521396,0,120,False,2,20230131,1,0.0
1275,276,4023.6911949685536,4407.308805031446,0,118,False,2,20230131,1,0.0
1276,277,4023.3973008558255,4943.597432521396,3,124,False,2,20230131,1,0.0
1277,278,4023.690476190476,5479.11403508772,0,147,False,2,20230131,1,0.0
1278,279,4023.6000641436817,6011.597498396408,0,0,False,2,20230131,1,0.0
1279,280,4023.690476190476,6543.8859649122805,2,121,False,2,20230131,1,0.0
1280,281,4023.7002567394097,7083.5,5,166,False,2,20230131,1,0.0
1281,282,4023.7884012539184,7623.211598746081,1,132,False,2,20230131,1,0.0
1282,283,4023.885964912281,8151.690476190476,2,120,False,2,20230131,1,0.0
1283,284,4023.6026991441736,8695.402567478604,2,119,False,2,20230131,1,0.0
1284,285,4023.7954399486193,9219.787732819525,1,120,False,2,20230131,1,0.0
1285,286,4023.89588688946,9755.690231362469,0,0,False,2,20230131,1,0.0
1286,287,4023.89588688946,10291.690231362469,1,124,False,2,20230131,1,0.0
1287,288,4023.6953727506425,10827.885604113111,3,132,False,2,20230131,1,0.0
1288,289,4023.7884012539184,11375.211598746082,0,0,False,2,20230131,1,0.0
1289,290,4023.885964912281,11903.690476190475,5,305,True,2,20230131,1,0.0
1290,291,4023.7002567394097,12443.5,0,0,False,2,20230131,1,0.0
1291,292,4023.7954399486193,12971.787732819525,1,122,False,2,20230131,1,0.0
1292,293,4023.969554300063,13504.165411173886,0,153,False,2,20230131,1,0.0
1293,294,4023.885964912281,14039.690476190475,0,0,False,2,20230131,1,0.0
1294,295,4023.87652811736,14579.690709046456,1,125,False,2,20230131,1,0.0
1295,296,4023.7954399486193,15115.787732819525,2,130,False,2,20230131,1,0.0
1296,297,4023.5975609756097,15647.40243902439,3,126,False,2,20230131,1,0.0
1297,298,4023.5,16191.5,1,122,False,2,20230131,1,0.0
1298,299,4023.6000641436817,16731.402501603592,4,129,False,2,20230131,1,0.0
1299,300,4023.4048200122015,17267.402379499694,2,129,False,2,20230131,1,0.0
1300,301,4024.053921568628,17796.06862745098,4,134,False,2,20230131,1,0.0
1301,302,4023.695244055069,18335.5,4,114,False,2,20230131,1,0.0
1302,303,4023.5,18867.5,7,128,False,2,20230131,1,0.0
1303,304,4023.6000641436817,19403.597498396408,1,1,False,2,20230131,1,0.0
1304,305,4023.89588688946,19947.309768637533,6,118,False,2,20230131,1,0.0
1305,306,4023.314180929096,20483.11369193154,1,136,False,2,20230131,1,0.0
1306,307,4023.6000641436817,21019.402501603592,0,0,False,2,20230131,1,0.0
1307,308,4467.308588957055,927.6865030674846,1,0,True,2,20230131,1,0.0
1308,309,4467.6027617212585,1463.5950545921644,0,0,False,2,20230131,1,0.0
1309,310,4467.69094247246,1999.686046511628,2,124,False,2,20230131,1,0.0
1310,311,4467.5,2531.5,1,102,False,2,20230131,1,0.0
1311,312,4467.103264281231,3067.133396107972,2,129,False,2,20230131,1,0.0
1312,313,4467.597620500305,3607.5951799877976,3,99,False,2,20230131,1,0.0
1313,314,4468.0700245700245,4135.490171990172,1,112,False,2,20230131,1,0.0
1314,315,4467.790461538461,4678.6704615384615,1,119,False,2,20230131,1,0.0
1315,316,4467.220416922134,5207.772225628449,1,117,False,2,20230131,1,0.0
1316,317,4467.600250626567,5747.4047619047615,0,0,False,2,20230131,1,0.0
1317,318,4467.695611285267,6275.876175548589,1,347,True,2,20230131,1,0.0
1318,319,4468.067931456549,6814.9467564259485,1,0,False,2,20230131,1,0.0
1319,320,4467.69094247246,7351.686046511628,0,0,False,2,20230131,1,0.0
1320,321,4467.705655526992,7887.5,0,0,False,2,20230131,1,0.0
1321,322,4467.9604316546765,8427.039568345324,0,0,False,2,20230131,1,0.0
1322,323,4467.803536977492,8951.78038585209,1,1,False,2,20230131,1,0.0
1323,324,4467.779926335175,9488.145794966236,0,0,False,2,20230131,1,0.0
1324,325,4467.970876762723,10023.958614347026,2,132,False,2,20230131,1,0.0
1325,326,4467.779926335175,10560.145794966236,2,2,False,2,20230131,1,0.0
1326,327,4467.773709483794,11099.773709483794,1,117,False,2,20230131,1,0.0
1327,328,4467.705655526992,11639.5,0,0,True,2,20230131,1,0.0
1328,329,4467.691411042945,12175.313496932517,1,130,False,2,20230131,1,0.0
1329,330,4467.992462311558,12707.404522613066,0,126,False,2,20230131,1,0.0
1330,331,4467.982412060302,13236.14824120603,4,123,False,2,20230131,1,0.0
1331,332,4467.695611285267,13771.876175548588,0,0,False,2,20230131,1,0.0
1332,333,4467.78679245283,14308.335220125786,2,116,False,2,20230131,1,0.0
1333,334,4467.700375704446,14851.5,0,0,False,2,20230131,1,0.0
1334,335,4467.695611285267,15379.876175548588,5,129,False,2,20230131,1,0.0
1335,336,4467.69094247246,15919.686046511628,1,151,False,2,20230131,1,0.0
1336,337,4467.597979179424,16463.03214941825,3,128,False,2,20230131,1,0.0
1337,338,4467.796110414053,16995.590338770387,3,121,False,2,20230131,1,0.0
1338,339,4467.812169312169,17531.589947089946,2,130,False,2,20230131,1,0.0
1339,340,4467.304143126177,18067.314187068423,6,131,False,2,20230131,1,0.0
1340,341,4467.6027617212585,18599.59505459217,5,135,False,2,20230131,1,0.0
1341,342,4467.992462311558,19139.59547738693,4,121,False,2,20230131,1,0.0
1342,343,4467.9604316546765,19675.586330935253,3,122,False,2,20230131,1,0.0
1343,344,4467.992462311558,20211.404522613066,1,121,False,2,20230131,1,0.0
1344,345,4467.695611285267,20755.87617554859,6,122,False,2,20230131,1,0.0
1345,346,4467.600250626567,21283.404761904763,3,98,False,2,20230131,1,0.0
1346,347,4910.279048765804,1198.8762793497892,1,217,True,2,20230131,1,0.0
1347,348,4909.975961538462,1726.3557692307693,1,113,False,2,20230131,1,0.0
1348,349,4911.294228356336,2263.5,0,0,False,2,20230131,1,0.0
1349,350,4910.738323353294,2799.859281437126,1,1,False,2,20230131,1,0.0
1350,351,4910.551497005988,3335.32754491018,0,114,False,2,20230131,1,0.0
1351,352,4911.092964824121,3871.680904522613,0,124,False,2,20230131,1,0.0
1352,353,4911.308383233533,4407.317964071856,1,0,False,2,20230131,1,0.0
1353,354,4911.298994974874,4943.133165829146,1,120,False,2,20230131,1,0.0
1354,355,4911.308841099164,5479.318399044206,1,125,False,2,20230131,1,0.0
1355,356,4911.696078431372,6011.318627450981,0,0,False,2,20230131,1,0.0
1356,357,4911.308383233533,6543.682035928144,7,130,False,2,20230131,1,0.0
1357,358,4911.796387017759,7083.225658297612,4,128,False,2,20230131,1,0.0
1358,359,4912.070743405276,7622.958033573142,0,0,False,2,20230131,1,0.0
1359,360,4911.5,8151.5,2,120,False,2,20230131,1,0.0
1360,361,4911.5,8694.951572327043,3,121,False,2,20230131,1,0.0
1361,362,4911.696078431372,9219.68137254902,2,129,False,2,20230131,1,0.0
1362,363,4911.69656019656,9755.681818181818,2,120,False,2,20230131,1,0.0
1363,364,4911.5,10291.863190184047,3,303,False,2,20230131,1,0.0
1364,365,4911.5,10827.863190184047,0,127,False,2,20230131,1,0.0
1365,366,4911.5,11374.602040816326,1,1,True,2,20230131,1,0.0
1366,367,4911.780407429598,11902.869682444578,1,114,False,2,20230131,1,0.0
1367,368,4911.600551808707,12443.043838136113,3,143,False,2,20230131,1,0.0
1368,369,4911.696078431372,12971.68137254902,1,122,False,2,20230131,1,0.0
1369,370,4911.780407429598,13504.130317555422,1,1,False,2,20230131,1,0.0
1370,371,4911.780407429598,14040.130317555422,4,119,False,2,20230131,1,0.0
1371,372,4911.774165202109,14579.232864674868,0,0,False,2,20230131,1,0.0
1372,373,4911.696078431372,15115.68137254902,2,121,False,2,20230131,1,0.0
1373,374,4911.780407429598,15648.130317555422,1,119,False,2,20230131,1,0.0
1374,375,4911.5,16191.136363636364,0,1,False,2,20230131,1,0.0
1375,376,4911.5,16731.5,3,131,False,2,20230131,1,0.0
1376,377,4911.869158878505,17266.77570093458,3,147,False,2,20230131,1,0.0
1377,378,4911.877182770663,17795.681606519207,1,119,False,2,20230131,1,0.0
1378,379,4912.261676646706,18335.32754491018,2,127,False,2,20230131,1,0.0
1379,380,4912.056725146199,18867.49064327485,1,0,False,2,20230131,1,0.0
1380,381,4911.696078431372,19403.68137254902,6,135,False,2,20230131,1,0.0
1381,382,4911.796387017759,19947.22565829761,1,114,False,2,20230131,1,0.0
1382,383,4911.961088355763,20483.050614394386,0,0,False,2,20230131,1,0.0
1383,384,4911.888206388207,21018.77764127764,4,107,False,2,20230131,1,0.0
1384,385,5354.359950859951,927.5,0,213,True,2,20230131,1,0.0
1385,386,5355.3972382787415,1463.4049454078356,1,118,False,2,20230131,1,0.0
1386,387,5354.355036855037,1999.8341523341523,1,118,False,2,20230131,1,0.0
1387,388,5355.103761755486,2531.314420062696,3,105,False,2,20230131,1,0.0
1388,389,5355.299624295554,3067.5,1,121,False,2,20230131,1,0.0
1389,390,5355.5,3607.309523809524,0,133,True,2,20230131,1,0.0
1390,391,5355.5,4135.5,4,131,False,2,20230131,1,0.0
1391,392,5355.87791411043,4678.758895705521,1,129,False,2,20230131,1,0.0
1392,393,5355.69094247246,5207.313953488372,3,123,False,2,20230131,1,0.0
1393,394,5355.695611285267,5747.123824451411,0,0,False,2,20230131,1,0.0
1394,395,5355.600250626567,6275.4047619047615,1,146,False,2,20230131,1,0.0
1395,396,5355.5,6815.1274509803925,1,1,False,2,20230131,1,0.0
1396,397,5355.597739767868,7351.404703726329,1,141,False,2,20230131,1,0.0
1397,398,5355.6027617212585,7887.404945407836,4,118,False,2,20230131,1,0.0
1398,399,5355.868641532017,8426.757929383602,1,118,False,2,20230131,1,0.0
1399,400,5355.6027617212585,8951.595054592164,1,125,False,2,20230131,1,0.0
1400,401,5355.69094247246,9487.686046511628,1,0,False,2,20230131,1,0.0
1401,402,5355.882352941177,10023.5,2,226,True,2,20230131,1,0.0
1402,403,5355.788685015291,10559.781345565749,1,228,True,2,20230131,1,0.0
1403,404,5355.87298266587,11099.5,0,35,True,2,20230131,1,0.0
1404,405,5355.803536977492,11639.21961414791,2,136,False,2,20230131,1,0.0
1405,406,5355.788685015291,12175.218654434251,5,244,True,2,20230131,1,0.0
1406,407,5355.796110414053,12707.218946047678,5,224,True,2,20230131,1,0.0
1407,408,5355.896238244514,13235.685579937304,0,0,False,2,20230131,1,0.0
1408,409,5355.700375704446,13771.5,4,118,False,2,20230131,1,0.0
1409,410,5355.796110414053,14307.781053952322,0,0,False,2,20230131,1,0.0
1410,411,5355.600125156446,14851.404881101376,2,107,False,2,20230131,1,0.0
1411,412,5355.700375704446,15379.5,2,125,False,2,20230131,1,0.0
1412,413,5355.88630806846,15919.685819070904,1,98,False,2,20230131,1,0.0
1413,414,5355.5,16462.936964504283,2,128,False,2,20230131,1,0.0
1414,415,5355.896238244514,16995.314420062696,4,119,False,2,20230131,1,0.0
1415,416,5355.917713152677,17531.31493721084,1,128,False,2,20230131,1,0.0
1416,417,5355.795739348371,18067.21929824561,5,73,True,2,20230131,1,0.0
1417,418,5355.6027617212585,18599.59505459217,3,133,False,2,20230131,1,0.0
1418,419,5355.700375704446,19139.5,3,116,False,2,20230131,1,0.0
1419,420,5355.968339307049,19675.40442054958,2,122,False,2,20230131,1,0.0
1420,421,5355.600125156446,20211.40488110137,5,133,True,2,20230131,1,0.0
1421,422,5355.795739348371,20755.21929824561,3,133,True,2,20230131,1,0.0
1422,423,5355.700375704446,21283.5,9,82,False,2,20230131,1,0.0
1423,424,5806.541916167665,1199.3179640718563,0,1,False,2,20230131,1,0.0
1424,425,5806.328331332533,1727.2454981992796,0,0,False,2,20230131,1,0.0
1425,426,5806.901257861635,2262.9616352201256,0,0,False,2,20230131,1,0.0
1426,427,5807.019426180514,2799.4067543335327,1,123,False,2,20230131,1,0.0
1427,428,5807.204504504504,3335.262162162162,1,0,False,2,20230131,1,0.0
1428,429,5807.705771643664,3871.5,1,158,True,2,20230131,1,0.0
1429,430,5807.308383233533,4407.317964071856,2,250,True,2,20230131,1,0.0
1430,431,5807.397049591965,4943.407093534212,0,201,True,2,20230131,1,0.0
1431,432,5807.5,5479.136363636364,8,120,False,2,20230131,1,0.0
1432,433,5807.5,6011.5,0,0,False,2,20230131,1,0.0
1433,434,5807.317964071856,6544.223353293413,4,108,False,2,20230131,1,0.0
1434,435,5807.303921568628,7083.318627450981,1,124,False,2,20230131,1,0.0
1435,436,5807.5,7623.136363636364,1,119,False,2,20230131,1,0.0
1436,437,5807.5,8151.5,2,131,False,2,20230131,1,0.0
1437,438,5807.5,8694.951572327043,1,123,False,2,20230131,1,0.0
1438,439,5807.399448191293,9219.956161863887,0,0,False,2,20230131,1,0.0
1439,440,5807.303921568628,9755.68137254902,0,0,False,2,20230131,1,0.0
1440,441,5807.5,10291.863190184047,4,122,False,2,20230131,1,0.0
1441,442,5807.5,10827.863190184047,1,99,False,2,20230131,1,0.0
1442,443,5807.5,11374.602040816326,1,117,False,2,20230131,1,0.0
1443,444,5807.691616766467,11903.317964071855,2,107,False,2,20230131,1,0.0
1444,445,5807.600551808707,12443.043838136113,6,117,False,2,20230131,1,0.0
1445,446,5807.696078431372,12971.68137254902,0,0,False,2,20230131,1,0.0
1446,447,5807.5,13503.863636363636,1,123,False,2,20230131,1,0.0
1447,448,5807.780407429598,14040.130317555422,3,112,False,2,20230131,1,0.0
1448,449,5807.5,14579.5,0,0,False,2,20230131,1,0.0
1449,450,5807.5,15115.5,3,123,False,2,20230131,1,0.0
1450,451,5807.308383233533,15647.682035928145,1,122,False,2,20230131,1,0.0
1451,452,5807.219592570402,16190.869682444578,3,119,False,2,20230131,1,0.0
1452,453,5807.203975535168,16731.225993883792,0,0,False,2,20230131,1,0.0
1453,454,5808.315897136177,17266.518118059616,3,118,False,2,20230131,1,0.0
1454,455,5807.5,17795.5,4,112,False,2,20230131,1,0.0
1455,456,5807.598027495517,18335.04333532576,4,124,False,2,20230131,1,0.0
1456,457,5807.686915887851,18867.317757009347,3,118,False,2,20230131,1,0.0
1457,458,5807.399694189602,19403.59296636085,5,120,False,2,20230131,1,0.0
1458,459,5807.600551808707,19947.04383813612,8,105,False,2,20230131,1,0.0
1459,460,5807.322429906542,20482.59813084112,3,113,False,2,20230131,1,0.0
1460,461,5807.600551808707,21019.04383813612,2,98,False,2,20230131,1,0.0
1461,462,6248.491920447483,929.41671845867,2,64,True,2,20230131,1,0.0
1462,463,6250.684516129032,1463.5,1,79,False,2,20230131,1,0.0
1463,464,6250.062461538461,1999.2710769230769,0,85,False,2,20230131,1,0.0
1464,465,6246.90797940798,2531.5,1,89,False,2,20230131,1,0.0
1465,466,6251.103761755486,3067.6855799373043,0,0,False,2,20230131,1,0.0
1466,467,6251.402379499695,3607.4048200122015,3,109,False,2,20230131,1,0.0
1467,468,6251.30905752754,4135.686046511628,1,212,True,2,20230131,1,0.0
1468,469,6251.788685015291,4679.21865443425,2,224,True,2,20230131,1,0.0
1469,470,6251.882352941177,5207.5,2,114,False,2,20230131,1,0.0
1470,471,6251.600250626567,5747.4047619047615,3,99,False,2,20230131,1,0.0
1471,472,6251.600250626567,6275.595238095239,3,94,True,2,20230131,1,0.0
1472,473,6251.5,6815.1274509803925,1,106,False,2,20230131,1,0.0
1473,474,6251.5,7351.5,2,108,False,2,20230131,1,0.0
1474,475,6251.6027617212585,7887.404945407836,0,95,False,2,20230131,1,0.0
1475,476,6251.773053892216,8426.853293413174,1,109,False,2,20230131,1,0.0
1476,477,6251.5,8951.690231362469,0,0,False,2,20230131,1,0.0
1477,478,6251.5,9487.872549019608,4,97,False,2,20230131,1,0.0
1478,479,6251.5,10023.872549019608,1,1,False,2,20230131,1,0.0
1479,480,6251.69094247246,10559.686046511628,1,0,False,2,20230131,1,0.0
1480,481,6251.87298266587,11099.5,0,0,False,2,20230131,1,0.0
1481,482,6251.6027617212585,11639.404945407836,0,0,False,2,20230131,1,0.0
1482,483,6251.597979179424,12175.032149418248,4,122,False,2,20230131,1,0.0
1483,484,6251.796110414053,12707.218946047678,2,100,False,2,20230131,1,0.0
1484,485,6251.896238244514,13235.685579937304,0,0,False,2,20230131,1,0.0
1485,486,6251.600125156446,13771.595118898624,3,103,False,2,20230131,1,0.0
1486,487,6251.795739348371,14307.780701754386,3,0,False,2,20230131,1,0.0
1487,488,6251.5,14851.309643080776,2,118,False,2,20230131,1,0.0
1488,489,6251.600250626567,15379.40476190476,1,97,False,2,20230131,1,0.0
1489,490,6251.5,15919.5,1,108,False,2,20230131,1,0.0
1490,491,6251.5,16462.389434889436,1,97,False,2,20230131,1,0.0
1491,492,6251.5,16995.30964308078,1,100,False,2,20230131,1,0.0
1492,493,6251.605540897098,17531.405013192612,1,106,False,2,20230131,1,0.0
1493,494,6251.5,18066.93753923415,3,101,False,2,20230131,1,0.0
1494,495,6251.5,18599.5,0,0,False,2,20230131,1,0.0
1495,496,6251.5,19139.30964308078,1,95,False,2,20230131,1,0.0
1496,497,6251.5,19675.12701733413,3,95,False,2,20230131,1,0.0
1497,498,6251.5,20211.30964308078,1,89,False,2,20230131,1,0.0
1498,499,6251.399874843554,20755.40488110137,2,72,False,2,20230131,1,0.0
1499,500,6251.600250626567,21283.404761904763,0,0,True,2,20230131,1,0.0
1500,1,899.004835589942,1464.1473243068988,1,13,True,0,20220531,1,2.0
1501,2,898.7570725707257,2000.5971709717096,0,0,True,0,20220531,1,2.0
1502,3,899.2132075471698,2532.3352201257862,1,39,False,0,20220531,1,2.0
1503,4,899.2132075471698,3068.3352201257862,1,13,False,0,20220531,1,2.0
1504,5,899.4020208205757,3607.967850581752,1,46,False,0,20220531,1,2.0
1505,6,899.2204169221336,4136.33629675046,2,10,False,0,20220531,1,2.0
1506,7,899.4020208205757,4679.967850581751,0,0,False,0,20220531,1,2.0
1507,8,899.7795830778664,5208.33629675046,0,0,False,0,20220531,1,2.0
1508,9,899.6956112852664,5747.876175548589,0,0,False,0,20220531,1,2.0
1509,10,899.204260651629,6275.7807017543855,3,54,False,0,20220531,1,2.0
1510,11,899.8779141104294,6816.241104294479,5,61,False,0,20220531,1,2.0
1511,12,900.0686274509804,7352.053921568628,1,0,False,0,20220531,1,2.0
1512,13,900.3051612903225,7887.866451612903,1,29,False,0,20220531,1,2.0
1513,14,900.6003003003003,8428.206306306307,0,0,False,0,20220531,1,2.0
1514,15,900.0979381443299,8952.051546391753,0,0,False,0,20220531,1,2.0
1515,16,900.2429274292743,9488.59717097171,2,29,False,0,20220531,1,2.0
1516,17,901.4233621755252,10024.187268232386,2,42,False,0,20220531,1,2.0
1517,18,901.0743368291178,10560.657310302282,1,54,False,0,20220531,1,2.0
1518,19,900.5989802039592,11100.224655068989,1,0,False,0,20220531,1,2.0
1519,20,899.7005141388174,11639.690231362469,2,1,False,0,20220531,1,2.0
1520,21,901.428306551298,12176.889369592089,0,44,False,0,20220531,1,2.0
1521,22,900.3805031446541,12707.771698113207,1,53,False,0,20220531,1,2.0
1522,23,900.3564231738035,13236.502518891688,1,51,False,0,20220531,1,2.0
1523,24,899.9824120603015,13772.14824120603,1,54,False,0,20220531,1,2.0
1524,25,900.1607818411097,14308.690416141237,1,64,False,0,20220531,1,2.0
1525,26,899.896238244514,14851.685579937304,3,51,True,0,20220531,1,2.0
1526,27,899.9824120603015,15380.14824120603,0,0,False,0,20220531,1,2.0
1527,28,899.7795830778664,15920.33629675046,2,40,True,0,20220531,1,2.0
1528,29,899.6909424724602,16463.68604651163,0,0,True,0,20220531,1,2.0
1529,30,899.6956112852664,16995.87617554859,0,0,False,0,20220531,1,2.0
1530,31,899.6055408970976,17531.594986807388,6,49,False,0,20220531,1,2.0
1531,32,899.5,18067.5,5,45,False,0,20220531,1,2.0
1532,33,899.5,18599.690231362467,3,58,False,0,20220531,1,2.0
1533,34,899.6002506265664,19139.404761904763,3,56,True,0,20220531,1,2.0
1534,35,900.1467065868263,19675.226946107785,2,33,True,0,20220531,1,2.0
1535,36,900.0925925925926,20211.5,3,33,True,0,20220531,1,2.0
1536,37,900.1842767295598,20754.86603773585,3,37,False,0,20220531,1,2.0
1537,38,903.89588688946,21283.309768637533,9,7,True,0,20220531,1,2.0
1538,39,1342.8345888261142,1199.9695543000628,3,40,False,0,20220531,1,2.0
1539,40,1343.293710691824,1728.4610062893082,4,89,True,0,20220531,1,2.0
1540,41,1343.1967699406723,2263.78740936058,4,52,False,0,20220531,1,2.0
1541,42,1343.2115987460816,2799.7884012539184,3,62,False,0,20220531,1,2.0
1542,43,1343.211959924859,3335.788040075141,3,70,False,0,20220531,1,2.0
1543,44,1343.5,3871.694993412385,0,0,False,0,20220531,1,2.0
1544,45,1343.5,4407.6952440550685,0,50,False,0,20220531,1,2.0
1545,46,1343.5,4943.5,1,86,False,0,20220531,1,2.0
1546,47,1343.5975609756097,5479.59756097561,0,87,False,0,20220531,1,2.0
1547,48,1343.5951768488746,6011.788102893891,0,0,False,0,20220531,1,2.0
1548,49,1343.7790697674418,6544.357322438717,0,0,False,0,20220531,1,2.0
1549,50,1343.7002567394095,7083.5,3,88,False,0,20220531,1,2.0
1550,51,1344.0771643663738,7623.5,1,0,False,0,20220531,1,2.0
1551,52,1343.7884012539184,8151.788401253919,0,80,False,0,20220531,1,2.0
1552,53,1343.705533596838,8695.5,1,75,False,0,20220531,1,2.0
1553,54,1343.6953727506427,9219.885604113111,0,0,False,0,20220531,1,2.0
1554,55,1343.89588688946,9755.690231362469,4,69,False,0,20220531,1,2.0
1555,56,1343.399935856318,10291.597498396408,3,73,False,0,20220531,1,2.0
1556,57,1344.0824742268042,10828.067010309278,1,73,False,0,20220531,1,2.0
1557,58,1344.4319899244333,11374.568010075567,0,0,False,0,20220531,1,2.0
1558,59,1343.8859649122808,11903.690476190475,1,35,True,0,20220531,1,2.0
1559,60,1343.89588688946,12443.309768637531,0,0,False,0,20220531,1,2.0
1560,61,1343.89588688946,12971.690231362469,0,88,False,0,20220531,1,2.0
1561,62,1343.690476190476,13503.88596491228,7,90,False,0,20220531,1,2.0
1562,63,1343.8859649122808,14039.690476190475,0,0,False,0,20220531,1,2.0
1563,64,1343.4044703000611,14579.402020820577,2,81,False,0,20220531,1,2.0
1564,65,1343.6953727506427,15115.885604113111,1,71,False,0,20220531,1,2.0
1565,66,1343.690476190476,15647.88596491228,3,63,False,0,20220531,1,2.0
1566,67,1343.7884012539184,16191.788401253918,3,72,False,0,20220531,1,2.0
1567,68,1343.399935856318,16731.402501603592,5,69,False,0,20220531,1,2.0
1568,69,1343.6865030674846,17267.308588957054,2,77,False,0,20220531,1,2.0
1569,70,1343.5955296999389,17795.98009797918,1,79,False,0,20220531,1,2.0
1570,71,1343.5975609756097,18335.40243902439,3,75,False,0,20220531,1,2.0
1571,72,1343.5,18867.88235294117,7,78,False,0,20220531,1,2.0
1572,73,1343.5,19403.5,1,61,False,0,20220531,1,2.0
1573,74,1343.89588688946,19947.309768637533,1,54,False,0,20220531,1,2.0
1574,75,1344.0539215686274,20482.93137254902,3,37,False,0,20220531,1,2.0
1575,76,1344.1825499034128,21019.03122987765,0,0,False,0,20220531,1,2.0
1576,77,1786.8558696988323,928.6923786109404,0,62,True,0,20220531,1,2.0
1577,78,1786.6937984496124,1464.37338501292,4,75,True,0,20220531,1,2.0
1578,79,1786.9313725490197,2000.053921568628,7,84,True,0,20220531,1,2.0
1579,80,1787.2038895859473,2531.781053952321,5,83,False,0,20220531,1,2.0
1580,81,1786.442065491184,3068.3110831234258,4,72,False,0,20220531,1,2.0
1581,82,1787.970300061237,3608.149112063688,4,120,False,0,20220531,1,2.0
1582,83,1787.5979791794243,4135.967850581751,3,90,False,0,20220531,1,2.0
1583,84,1787.2204169221336,4679.772225628449,2,70,False,0,20220531,1,2.0
1584,85,1787.029699938763,5208.149112063687,1,62,False,0,20220531,1,2.0
1585,86,1787.882149591452,5748.053111250786,0,0,False,0,20220531,1,2.0
1586,87,1787.9753476611884,6276.870417193426,0,0,False,0,20220531,1,2.0
1587,88,1788.0700245700243,6816.055282555282,1,97,False,0,20220531,1,2.0
1588,89,1788.0686274509803,7352.053921568628,0,4,False,0,20220531,1,2.0
1589,90,1787.9066924066924,7887.685328185328,3,87,False,0,20220531,1,2.0
1590,91,1788.4214157168567,8427.5,0,0,False,0,20220531,1,2.0
1591,92,1788.8411003236247,8951.057281553398,2,78,False,0,20220531,1,2.0
1592,93,1788.9590264941469,9488.74460874923,6,78,False,0,20220531,1,2.0
1593,94,1788.5325752919484,10024.31868469576,2,68,False,0,20220531,1,2.0
1594,95,1789.3282890673256,10560.925571340333,1,55,False,0,20220531,1,2.0
1595,96,1788.2420706163973,11099.868641532015,0,0,False,0,20220531,1,2.0
1596,97,1788.1082474226805,11639.5,0,65,False,0,20220531,1,2.0
1597,98,1788.8382533825338,12175.657441574416,4,82,False,0,20220531,1,2.0
1598,99,1788.3636363636365,13236.671717171715,1,74,False,0,20220531,1,2.0
1599,100,1788.083280955374,13772.053111250783,0,0,False,0,20220531,1,2.0
1600,101,1788.26214511041,14308.5952681388,1,80,False,0,20220531,1,2.0
1601,102,1788.0925925925926,14851.5,6,87,False,0,20220531,1,2.0
1602,103,1787.887665198238,15380.240088105727,1,0,False,0,20220531,1,2.0
1603,104,1787.8779141104294,15920.24110429448,2,82,False,0,20220531,1,2.0
1604,105,1787.7886850152904,16463.409480122325,2,68,False,0,20220531,1,2.0
1605,106,1787.795739348371,16995.780701754386,2,83,False,0,20220531,1,2.0
1606,107,1787.9177131526767,17531.68506278916,1,70,False,0,20220531,1,2.0
1607,108,1787.7003757044458,18067.5,0,0,False,0,20220531,1,2.0
1608,109,1787.6027617212587,18599.59505459217,0,76,False,0,20220531,1,2.0
1609,110,1787.896238244514,19139.314420062696,0,0,False,0,20220531,1,2.0
1610,111,1788.4214157168567,19675.5,1,73,False,0,20220531,1,2.0
1611,112,1788.0925925925926,20211.5,1,70,False,0,20220531,1,2.0
1612,113,1788.083280955374,20754.94688874921,1,54,False,0,20220531,1,2.0
1613,114,1788.294468887492,21283.5,2,26,True,0,20220531,1,2.0
1614,115,1791.89588688946,12707.309768637531,0,0,True,0,20220531,1,2.0
1615,116,2231.304755944931,1199.5,2,59,False,0,20220531,1,2.0
1616,117,2231.6907151819323,1727.8764115432873,3,65,False,0,20220531,1,2.0
1617,118,2231.5,2263.5,1,22,True,0,20220531,1,2.0
1618,119,2231.5,2799.5,1,72,False,0,20220531,1,2.0
1619,120,2231.5,3335.5,4,67,False,0,20220531,1,2.0
1620,121,2231.5,3871.5,9,98,False,0,20220531,1,2.0
1621,122,2231.695244055069,4407.5,2,104,False,0,20220531,1,2.0
1622,123,2231.5,4943.5,2,92,False,0,20220531,1,2.0
1623,124,2231.5,5479.5,0,0,False,0,20220531,1,2.0
1624,125,2231.6000641436817,6011.402501603592,3,84,False,0,20220531,1,2.0
1625,126,2231.690476190476,6543.8859649122805,0,0,False,0,20220531,1,2.0
1626,127,2231.89588688946,7083.690231362468,0,0,False,0,20220531,1,2.0
1627,128,2232.077164366374,7623.5,10,109,False,0,20220531,1,2.0
1628,129,2231.8859649122805,8151.690476190476,0,0,False,0,20220531,1,2.0
1629,130,2232.1076618229854,8695.5,1,71,False,0,20220531,1,2.0
1630,131,2231.79543994862,9219.787732819525,0,0,False,0,20220531,1,2.0
1631,132,2232.182549903413,9755.968770122345,0,0,False,0,20220531,1,2.0
1632,133,2232.182549903413,10291.968770122345,0,0,False,0,20220531,1,2.0
1633,134,2232.082474226804,10828.067010309278,2,105,False,0,20220531,1,2.0
1634,135,2231.6902377972465,11375.304755944931,1,54,False,0,20220531,1,2.0
1635,136,2232.165411173886,11903.969554300063,2,72,False,0,20220531,1,2.0
1636,137,2231.7002567394097,12443.5,0,0,True,0,20220531,1,2.0
1637,138,2232.0817245817248,12972.06628056628,7,97,False,0,20220531,1,2.0
1638,139,2232.3332284455632,13504.529578351165,0,0,False,0,20220531,1,2.0
1639,140,2232.3332284455632,14040.529578351165,1,84,False,0,20220531,1,2.0
1640,141,2232.241104294478,14579.87791411043,1,72,False,0,20220531,1,2.0
1641,142,2232.0817245817248,15116.06628056628,2,74,False,0,20220531,1,2.0
1642,143,2231.9695543000626,15648.165411173886,3,79,False,0,20220531,1,2.0
1643,144,2231.8859649122805,16191.690476190475,1,85,False,0,20220531,1,2.0
1644,145,2231.7002567394097,16731.5,2,80,False,0,20220531,1,2.0
1645,146,2232.241104294478,17267.681595092025,3,73,False,0,20220531,1,2.0
1646,147,2232.053921568628,17796.06862745098,0,0,False,0,20220531,1,2.0
1647,148,2231.8859649122805,18335.69047619048,1,74,False,0,20220531,1,2.0
1648,149,2232.33629675046,18867.220416922133,2,102,False,0,20220531,1,2.0
1649,150,2231.79543994862,19403.787732819525,1,87,False,0,20220531,1,2.0
1650,151,2231.89588688946,19947.309768637533,2,80,False,0,20220531,1,2.0
1651,152,2232.33629675046,20483.220416922133,1,39,False,0,20220531,1,2.0
1652,153,2231.89588688946,21019.309768637533,1,44,True,0,20220531,1,2.0
1653,154,2674.93137254902,928.0539215686274,2,11,True,0,20220531,1,2.0
1654,155,2677.859493670886,1462.4012658227848,0,0,False,0,20220531,1,2.0
1655,156,2675.406919779547,1999.776791181874,2,81,False,0,20220531,1,2.0
1656,157,2674.90666247643,2531.489943431804,1,74,False,0,20220531,1,2.0
1657,158,2675.1173694147265,3068.04877281309,2,85,False,0,20220531,1,2.0
1658,159,2674.6416309012875,3607.7722256284487,0,74,False,0,20220531,1,2.0
1659,160,2678.221252257676,4135.150812763395,0,0,False,0,20220531,1,2.0
1660,161,2679.5,4679.5,0,74,False,0,20220531,1,2.0
1661,162,2678.2738452309536,5208.111877624475,1,77,False,0,20220531,1,2.0
1662,163,2679.5,5747.5,2,74,False,0,20220531,1,2.0
1663,164,2680.4987699877,6275.849323493235,2,77,False,0,20220531,1,2.0
1664,165,2679.882775119617,6815.5,1,71,False,0,20220531,1,2.0
1665,166,2680.2616766467067,7351.859281437126,1,69,False,0,20220531,1,2.0
1666,167,2680.236225087925,8427.317116060962,1,86,False,0,20220531,1,2.0
1667,168,2679.907035175879,8951.680904522613,1,86,False,0,20220531,1,2.0
1668,169,2679.211389385808,9487.774299344066,3,73,False,0,20220531,1,2.0
1669,170,2680.0693779904304,10024.04066985646,4,88,False,0,20220531,1,2.0
1670,171,2681.5253470126736,10560.709414604707,2,88,False,0,20220531,1,2.0
1671,172,2680.147574517826,11099.766510812393,4,76,False,0,20220531,1,2.0
1672,173,2680.1638705811865,12175.766027561414,0,0,True,0,20220531,1,2.0
1673,174,2680.093137254902,12707.5,1,0,False,0,20220531,1,2.0
1674,175,2680.0840490797545,13236.039877300613,0,0,False,0,20220531,1,2.0
1675,176,2679.796024464832,13771.774006116208,3,87,False,0,20220531,1,2.0
1676,177,2680.459409594096,14308.385608856088,2,89,False,0,20220531,1,2.0
1677,178,2679.896572827417,14851.681150550796,2,45,False,0,20220531,1,2.0
1678,179,2680.0840490797545,15380.039877300613,2,55,True,0,20220531,1,2.0
1679,180,2680.0693779904304,15920.04066985646,3,86,False,0,20220531,1,2.0
1680,181,2679.980573819486,16463.406754333533,1,39,True,0,20220531,1,2.0
1681,182,2679.896572827417,16995.681150550794,4,82,False,0,20220531,1,2.0
1682,183,2679.605602060528,17531.592723760463,6,92,False,0,20220531,1,2.0
1683,184,2679.9935543278084,18067.58348680172,3,87,False,0,20220531,1,2.0
1684,185,2679.80923947203,18599.42206159648,2,69,False,0,20220531,1,2.0
1685,186,2680.1876155268023,19139.214109673445,2,82,False,0,20220531,1,2.0
1686,187,2680.4227166276346,19675.5,0,0,False,0,20220531,1,2.0
1687,188,2679.700488997555,20211.5,3,89,False,0,20220531,1,2.0
1688,189,2679.7963870177587,20755.22565829761,2,58,False,0,20220531,1,2.0
1689,190,2680.093137254902,21283.5,2,18,True,0,20220531,1,2.0
1690,191,2683.602761721259,7887.595054592164,1,76,False,0,20220531,1,2.0
1691,192,2683.9025806451614,11639.5,0,81,False,0,20220531,1,2.0
1692,193,3130.359950859951,1199.5,2,55,False,0,20220531,1,2.0
1693,194,3125.668888888889,1728.9653968253967,3,72,False,0,20220531,1,2.0
1694,195,3131.397238278741,2263.5950545921646,0,70,False,0,20220531,1,2.0
1695,196,3127.2105097545627,2799.7794210195093,0,81,False,0,20220531,1,2.0
1696,197,3129.775092936803,3336.6995043370507,3,79,False,0,20220531,1,2.0
1697,198,3131.397238278741,3871.5950545921646,5,82,False,0,20220531,1,2.0
1698,199,3130.726600985221,4406.869458128079,4,88,False,0,20220531,1,2.0
1699,200,3130.9945196647323,4943.595422308188,0,0,False,0,20220531,1,2.0
1700,201,3131.402260232132,5479.404703726329,0,0,False,0,20220531,1,2.0
1701,202,3131.203889585948,6011.781053952322,1,91,False,0,20220531,1,2.0
1702,203,3131.1220858895704,6544.241104294479,0,0,False,0,20220531,1,2.0
1703,204,3131.6001251564458,7083.595118898624,0,0,False,0,20220531,1,2.0
1704,205,3131.5,7623.127450980392,0,79,False,0,20220531,1,2.0
1705,206,3131.5,8151.872549019607,1,51,False,0,20220531,1,2.0
1706,207,3131.5,8695.309768637531,0,0,False,0,20220531,1,2.0
1707,208,3131.6956112852663,9219.876175548588,1,77,False,0,20220531,1,2.0
1708,209,3131.7961104140527,9755.781053952322,3,92,False,0,20220531,1,2.0
1709,210,3131.7961104140527,10291.781053952322,5,98,False,0,20220531,1,2.0
1710,211,3131.5,10828.06246076585,0,0,False,0,20220531,1,2.0
1711,212,3131.779926335175,11374.854205033764,3,79,False,0,20220531,1,2.0
1712,213,3131.6909424724604,11903.686046511628,6,93,False,0,20220531,1,2.0
1713,214,3131.6002506265663,12443.40476190476,0,0,False,0,20220531,1,2.0
1714,215,3131.7961104140527,12971.781053952322,2,96,False,0,20220531,1,2.0
1715,216,3131.7795830778664,13504.33629675046,0,88,False,0,20220531,1,2.0
1716,217,3131.7795830778664,14040.33629675046,4,91,False,0,20220531,1,2.0
1717,218,3131.960431654676,14579.960431654676,7,99,False,0,20220531,1,2.0
1718,219,3131.6956112852663,15115.876175548588,1,44,True,0,20220531,1,2.0
1719,220,3131.5,15648.063035495716,0,0,False,0,20220531,1,2.0
1720,221,3131.8823529411766,16191.5,3,82,False,0,20220531,1,2.0
1721,222,3131.5,16731.30964308078,2,76,False,0,20220531,1,2.0
1722,223,3131.6862686567165,17267.313731343285,8,157,False,0,20220531,1,2.0
1723,224,3131.313953488372,17795.68604651163,1,80,False,0,20220531,1,2.0
1724,225,3131.6909424724604,18335.31395348837,0,0,False,0,20220531,1,2.0
1725,226,3131.68671454219,18867.68671454219,1,89,False,0,20220531,1,2.0
1726,227,3131.700375704446,19403.5,1,78,False,0,20220531,1,2.0
1727,228,3131.5,19947.5,0,0,False,0,20220531,1,2.0
1728,229,3131.782634730539,20482.661676646705,2,64,False,0,20220531,1,2.0
1729,230,3131.7961104140527,21019.21894604768,2,1,False,0,20220531,1,2.0
1730,231,3570.6416309012875,927.7722256284488,5,188,False,0,20220531,1,2.0
1731,232,3571.5,1463.5,0,0,False,0,20220531,1,2.0
1732,233,3569.9433497536947,2000.5147783251232,3,84,False,0,20220531,1,2.0
1733,234,3571.3043887147337,2531.1238244514107,4,129,True,0,20220531,1,2.0
1734,235,3571.8962382445143,3067.6855799373043,9,146,True,0,20220531,1,2.0
1735,236,3571.5,3607.309523809524,1,81,False,0,20220531,1,2.0
1736,237,3571.597620500305,4135.595179987798,1,96,False,0,20220531,1,2.0
1737,238,3571.5,4679.5,2,84,False,0,20220531,1,2.0
1738,239,3571.88630806846,5207.6858190709045,3,108,False,0,20220531,1,2.0
1739,240,3571.7961104140527,5747.590338770389,1,86,False,0,20220531,1,2.0
1740,241,3571.8962382445143,6275.314420062696,2,94,False,0,20220531,1,2.0
1741,242,3571.69536019536,6815.5,5,87,False,0,20220531,1,2.0
1742,243,3572.166258420086,7351.041947336191,0,86,False,0,20220531,1,2.0
1743,244,3571.7056555269924,7887.5,2,104,False,0,20220531,1,2.0
1744,245,3572.5167865707435,8427.404076738609,3,125,True,0,20220531,1,2.0
1745,246,3571.9066924066924,8951.685328185327,2,112,True,0,20220531,1,2.0
1746,247,3572.260736196319,9487.86809815951,1,100,False,0,20220531,1,2.0
1747,248,3572.260736196319,10023.86809815951,2,96,False,0,20220531,1,2.0
1748,249,3572.0686274509803,10560.053921568628,1,64,False,0,20220531,1,2.0
1749,250,3574.511180124224,11097.66645962733,1,85,False,0,20220531,1,2.0
1750,251,3572.00998068255,11639.404700579524,2,91,False,0,20220531,1,2.0
1751,252,3572.3583690987125,12175.227774371551,2,87,False,0,20220531,1,2.0
1752,253,3572.0925925925926,12707.5,1,89,False,0,20220531,1,2.0
1753,254,3572.0825486503454,13236.052416823602,3,122,False,0,20220531,1,2.0
1754,255,3571.8962382445143,13771.685579937304,2,82,False,0,20220531,1,2.0
1755,256,3572.183417085427,14307.957286432162,1,64,False,0,20220531,1,2.0
1756,257,3571.700375704446,14851.5,1,83,False,0,20220531,1,2.0
1757,258,3572.183417085427,15379.957286432162,3,51,True,0,20220531,1,2.0
1758,259,3572.3583690987125,15919.772225628449,9,112,False,0,20220531,1,2.0
1759,260,3571.88630806846,16463.314180929094,2,61,False,0,20220531,1,2.0
1760,261,3572.0925925925926,16995.5,2,82,False,0,20220531,1,2.0
1761,262,3571.6055408970974,17531.594986807388,0,0,False,0,20220531,1,2.0
1762,263,3571.6001251564458,18067.40488110137,5,86,False,0,20220531,1,2.0
1763,264,3571.602761721259,18599.59505459217,7,149,False,0,20220531,1,2.0
1764,265,3572.0925925925926,19139.5,4,86,False,0,20220531,1,2.0
1765,266,3572.5167865707435,19675.59592326139,3,88,False,0,20220531,1,2.0
1766,267,3572.0925925925926,20211.5,2,81,False,0,20220531,1,2.0
1767,268,3572.183417085427,20755.04271356784,1,64,False,0,20220531,1,2.0
1768,269,3572.0925925925926,21283.5,1,32,True,0,20220531,1,2.0
1769,270,4023.1235884567127,1199.1135508155585,2,57,False,0,20220531,1,2.0
1770,271,4023.4024390243903,1727.5975609756097,4,77,False,0,20220531,1,2.0
1771,272,4023.5,2263.5,2,71,False,0,20220531,1,2.0
1772,273,4023.5,2799.304755944931,2,85,False,0,20220531,1,2.0
1773,274,4023.22057898049,3335.7794210195093,0,0,False,0,20220531,1,2.0
1774,275,4023.6026991441736,3871.597432521396,0,0,False,0,20220531,1,2.0
1775,276,4023.6911949685536,4407.308805031446,3,86,False,0,20220531,1,2.0
1776,277,4023.3973008558255,4943.597432521396,3,82,False,0,20220531,1,2.0
1777,278,4023.690476190476,5479.11403508772,2,80,False,0,20220531,1,2.0
1778,279,4023.6000641436817,6011.597498396408,0,0,False,0,20220531,1,2.0
1779,280,4023.690476190476,6543.8859649122805,2,0,False,0,20220531,1,2.0
1780,281,4023.7002567394097,7083.5,0,0,False,0,20220531,1,2.0
1781,282,4023.7884012539184,7623.211598746081,2,85,False,0,20220531,1,2.0
1782,283,4023.885964912281,8151.690476190476,1,78,False,0,20220531,1,2.0
1783,284,4023.6026991441736,8695.402567478604,0,0,False,0,20220531,1,2.0
1784,285,4023.7954399486193,9219.787732819525,2,85,False,0,20220531,1,2.0
1785,286,4023.89588688946,9755.690231362469,0,0,False,0,20220531,1,2.0
1786,287,4023.89588688946,10291.690231362469,5,87,False,0,20220531,1,2.0
1787,288,4023.6953727506425,10827.885604113111,4,99,False,0,20220531,1,2.0
1788,289,4023.7884012539184,11375.211598746082,0,103,False,0,20220531,1,2.0
1789,290,4023.885964912281,11903.690476190475,1,109,False,0,20220531,1,2.0
1790,291,4023.7002567394097,12443.5,3,86,False,0,20220531,1,2.0
1791,292,4023.7954399486193,12971.787732819525,1,82,False,0,20220531,1,2.0
1792,293,4023.969554300063,13504.165411173886,3,93,False,0,20220531,1,2.0
1793,294,4023.885964912281,14039.690476190475,2,100,False,0,20220531,1,2.0
1794,295,4023.87652811736,14579.690709046456,1,97,False,0,20220531,1,2.0
1795,296,4023.7954399486193,15115.787732819525,2,78,False,0,20220531,1,2.0
1796,297,4023.5975609756097,15647.40243902439,4,100,False,0,20220531,1,2.0
1797,298,4023.5,16191.5,5,92,False,0,20220531,1,2.0
1798,299,4023.6000641436817,16731.402501603592,1,74,False,0,20220531,1,2.0
1799,300,4023.4048200122015,17267.402379499694,3,98,False,0,20220531,1,2.0
1800,301,4024.053921568628,17796.06862745098,1,90,False,0,20220531,1,2.0
1801,302,4023.695244055069,18335.5,2,93,False,0,20220531,1,2.0
1802,303,4023.5,18867.5,1,87,False,0,20220531,1,2.0
1803,304,4023.6000641436817,19403.597498396408,1,77,False,0,20220531,1,2.0
1804,305,4023.89588688946,19947.309768637533,0,0,False,0,20220531,1,2.0
1805,306,4023.314180929096,20483.11369193154,2,60,False,0,20220531,1,2.0
1806,307,4023.6000641436817,21019.402501603592,1,55,True,0,20220531,1,2.0
1807,308,4467.308588957055,927.6865030674846,3,50,True,0,20220531,1,2.0
1808,309,4467.6027617212585,1463.5950545921644,0,68,False,0,20220531,1,2.0
1809,310,4467.69094247246,1999.686046511628,1,91,False,0,20220531,1,2.0
1810,311,4467.5,2531.5,3,100,False,0,20220531,1,2.0
1811,312,4467.103264281231,3067.133396107972,3,81,False,0,20220531,1,2.0
1812,313,4467.597620500305,3607.5951799877976,1,83,False,0,20220531,1,2.0
1813,314,4468.0700245700245,4135.490171990172,1,74,False,0,20220531,1,2.0
1814,315,4467.790461538461,4678.6704615384615,0,85,True,0,20220531,1,2.0
1815,316,4467.220416922134,5207.772225628449,2,104,True,0,20220531,1,2.0
1816,317,4467.600250626567,5747.4047619047615,7,96,False,0,20220531,1,2.0
1817,318,4467.695611285267,6275.876175548589,3,78,False,0,20220531,1,2.0
1818,319,4468.067931456549,6814.9467564259485,4,77,False,0,20220531,1,2.0
1819,320,4467.69094247246,7351.686046511628,0,0,False,0,20220531,1,2.0
1820,321,4467.705655526992,7887.5,1,71,False,0,20220531,1,2.0
1821,322,4467.9604316546765,8427.039568345324,0,69,False,0,20220531,1,2.0
1822,323,4467.803536977492,8951.78038585209,1,75,False,0,20220531,1,2.0
1823,324,4467.779926335175,9488.145794966236,3,81,False,0,20220531,1,2.0
1824,325,4467.970876762723,10023.958614347026,0,0,False,0,20220531,1,2.0
1825,326,4467.779926335175,10560.145794966236,0,0,False,0,20220531,1,2.0
1826,327,4467.773709483794,11099.773709483794,0,0,False,0,20220531,1,2.0
1827,328,4467.705655526992,11639.5,0,0,False,0,20220531,1,2.0
1828,329,4467.691411042945,12175.313496932517,3,69,False,0,20220531,1,2.0
1829,330,4467.992462311558,12707.404522613066,1,102,False,0,20220531,1,2.0
1830,331,4467.982412060302,13236.14824120603,9,103,False,0,20220531,1,2.0
1831,332,4467.695611285267,13771.876175548588,5,101,False,0,20220531,1,2.0
1832,333,4467.78679245283,14308.335220125786,0,0,False,0,20220531,1,2.0
1833,334,4467.700375704446,14851.5,0,88,False,0,20220531,1,2.0
1834,335,4467.695611285267,15379.876175548588,6,97,False,0,20220531,1,2.0
1835,336,4467.69094247246,15919.686046511628,3,107,True,0,20220531,1,2.0
1836,337,4467.597979179424,16463.03214941825,8,113,True,0,20220531,1,2.0
1837,338,4467.796110414053,16995.590338770387,0,0,False,0,20220531,1,2.0
1838,339,4467.812169312169,17531.589947089946,1,81,False,0,20220531,1,2.0
1839,340,4467.304143126177,18067.314187068423,1,71,False,0,20220531,1,2.0
1840,341,4467.6027617212585,18599.59505459217,2,83,False,0,20220531,1,2.0
1841,342,4467.992462311558,19139.59547738693,0,72,False,0,20220531,1,2.0
1842,343,4467.9604316546765,19675.586330935253,2,68,False,0,20220531,1,2.0
1843,344,4467.992462311558,20211.404522613066,2,98,False,0,20220531,1,2.0
1844,345,4467.695611285267,20755.87617554859,2,68,False,0,20220531,1,2.0
1845,346,4467.600250626567,21283.404761904763,1,17,True,0,20220531,1,2.0
1846,347,4910.279048765804,1198.8762793497892,0,79,True,0,20220531,1,2.0
1847,348,4909.975961538462,1726.3557692307693,2,86,True,0,20220531,1,2.0
1848,349,4911.294228356336,2263.5,3,78,False,0,20220531,1,2.0
1849,350,4910.738323353294,2799.859281437126,1,68,False,0,20220531,1,2.0
1850,351,4910.551497005988,3335.32754491018,2,71,False,0,20220531,1,2.0
1851,352,4911.092964824121,3871.680904522613,0,71,False,0,20220531,1,2.0
1852,353,4911.308383233533,4407.317964071856,2,80,False,0,20220531,1,2.0
1853,354,4911.298994974874,4943.133165829146,0,0,False,0,20220531,1,2.0
1854,355,4911.308841099164,5479.318399044206,0,0,False,0,20220531,1,2.0
1855,356,4911.696078431372,6011.318627450981,1,0,False,0,20220531,1,2.0
1856,357,4911.308383233533,6543.682035928144,2,92,False,0,20220531,1,2.0
1857,358,4911.796387017759,7083.225658297612,3,79,False,0,20220531,1,2.0
1858,359,4912.070743405276,7622.958033573142,3,68,False,0,20220531,1,2.0
1859,360,4911.5,8151.5,4,79,False,0,20220531,1,2.0
1860,361,4911.5,8694.951572327043,1,71,False,0,20220531,1,2.0
1861,362,4911.696078431372,9219.68137254902,0,92,False,0,20220531,1,2.0
1862,363,4911.69656019656,9755.681818181818,0,0,False,0,20220531,1,2.0
1863,364,4911.5,10291.863190184047,5,85,False,0,20220531,1,2.0
1864,365,4911.5,10827.863190184047,1,80,False,0,20220531,1,2.0
1865,366,4911.5,11374.602040816326,3,88,False,0,20220531,1,2.0
1866,367,4911.780407429598,11902.869682444578,3,98,False,0,20220531,1,2.0
1867,368,4911.600551808707,12443.043838136113,0,0,False,0,20220531,1,2.0
1868,369,4911.696078431372,12971.68137254902,1,73,False,0,20220531,1,2.0
1869,370,4911.780407429598,13504.130317555422,2,82,False,0,20220531,1,2.0
1870,371,4911.780407429598,14040.130317555422,0,0,False,0,20220531,1,2.0
1871,372,4911.774165202109,14579.232864674868,1,82,False,0,20220531,1,2.0
1872,373,4911.696078431372,15115.68137254902,3,82,False,0,20220531,1,2.0
1873,374,4911.780407429598,15648.130317555422,1,90,False,0,20220531,1,2.0
1874,375,4911.5,16191.136363636364,3,86,False,0,20220531,1,2.0
1875,376,4911.5,16731.5,2,71,False,0,20220531,1,2.0
1876,377,4911.869158878505,17266.77570093458,3,96,False,0,20220531,1,2.0
1877,378,4911.877182770663,17795.681606519207,2,69,False,0,20220531,1,2.0
1878,379,4912.261676646706,18335.32754491018,3,89,False,0,20220531,1,2.0
1879,380,4912.056725146199,18867.49064327485,3,73,False,0,20220531,1,2.0
1880,381,4911.696078431372,19403.68137254902,6,70,False,0,20220531,1,2.0
1881,382,4911.796387017759,19947.22565829761,0,0,False,0,20220531,1,2.0
1882,383,4911.961088355763,20483.050614394386,1,69,False,0,20220531,1,2.0
1883,384,4911.888206388207,21018.77764127764,1,2,False,0,20220531,1,2.0
1884,385,5354.359950859951,927.5,2,112,False,0,20220531,1,2.0
1885,386,5355.3972382787415,1463.4049454078356,5,73,False,0,20220531,1,2.0
1886,387,5354.355036855037,1999.8341523341523,1,77,False,0,20220531,1,2.0
1887,388,5355.103761755486,2531.314420062696,6,78,False,0,20220531,1,2.0
1888,389,5355.299624295554,3067.5,1,78,False,0,20220531,1,2.0
1889,390,5355.5,3607.309523809524,7,122,True,0,20220531,1,2.0
1890,391,5355.5,4135.5,5,129,True,0,20220531,1,2.0
1891,392,5355.87791411043,4678.758895705521,0,83,False,0,20220531,1,2.0
1892,393,5355.69094247246,5207.313953488372,0,0,True,0,20220531,1,2.0
1893,394,5355.695611285267,5747.123824451411,3,87,False,0,20220531,1,2.0
1894,395,5355.600250626567,6275.4047619047615,0,0,False,0,20220531,1,2.0
1895,396,5355.5,6815.1274509803925,2,88,False,0,20220531,1,2.0
1896,397,5355.597739767868,7351.404703726329,0,0,False,0,20220531,1,2.0
1897,398,5355.6027617212585,7887.404945407836,4,87,False,0,20220531,1,2.0
1898,399,5355.868641532017,8426.757929383602,0,0,False,0,20220531,1,2.0
1899,400,5355.6027617212585,8951.595054592164,0,0,False,0,20220531,1,2.0
1900,401,5355.69094247246,9487.686046511628,3,83,False,0,20220531,1,2.0
1901,402,5355.882352941177,10023.5,4,86,False,0,20220531,1,2.0
1902,403,5355.788685015291,10559.781345565749,0,0,False,0,20220531,1,2.0
1903,404,5355.87298266587,11099.5,1,91,False,0,20220531,1,2.0
1904,405,5355.803536977492,11639.21961414791,2,83,False,0,20220531,1,2.0
1905,406,5355.788685015291,12175.218654434251,0,0,True,0,20220531,1,2.0
1906,407,5355.796110414053,12707.218946047678,1,68,False,0,20220531,1,2.0
1907,408,5355.896238244514,13235.685579937304,3,102,False,0,20220531,1,2.0
1908,409,5355.700375704446,13771.5,0,0,False,0,20220531,1,2.0
1909,410,5355.796110414053,14307.781053952322,0,0,False,0,20220531,1,2.0
1910,411,5355.600125156446,14851.404881101376,0,0,False,0,20220531,1,2.0
1911,412,5355.700375704446,15379.5,2,85,False,0,20220531,1,2.0
1912,413,5355.88630806846,15919.685819070904,1,80,False,0,20220531,1,2.0
1913,414,5355.5,16462.936964504283,2,72,False,0,20220531,1,2.0
1914,415,5355.896238244514,16995.314420062696,3,92,False,0,20220531,1,2.0
1915,416,5355.917713152677,17531.31493721084,0,0,False,0,20220531,1,2.0
1916,417,5355.795739348371,18067.21929824561,1,79,False,0,20220531,1,2.0
1917,418,5355.6027617212585,18599.59505459217,0,0,False,0,20220531,1,2.0
1918,419,5355.700375704446,19139.5,1,74,False,0,20220531,1,2.0
1919,420,5355.968339307049,19675.40442054958,3,84,False,0,20220531,1,2.0
1920,421,5355.600125156446,20211.40488110137,0,0,False,0,20220531,1,2.0
1921,422,5355.795739348371,20755.21929824561,1,69,False,0,20220531,1,2.0
1922,423,5355.700375704446,21283.5,2,32,True,0,20220531,1,2.0
1923,424,5806.541916167665,1199.3179640718563,1,47,False,0,20220531,1,2.0
1924,425,5806.328331332533,1727.2454981992796,2,58,False,0,20220531,1,2.0
1925,426,5806.901257861635,2262.9616352201256,0,67,False,0,20220531,1,2.0
1926,427,5807.019426180514,2799.4067543335327,4,53,False,0,20220531,1,2.0
1927,428,5807.204504504504,3335.262162162162,1,85,False,0,20220531,1,2.0
1928,429,5807.705771643664,3871.5,1,90,False,0,20220531,1,2.0
1929,430,5807.308383233533,4407.317964071856,0,69,False,0,20220531,1,2.0
1930,431,5807.397049591965,4943.407093534212,1,69,False,0,20220531,1,2.0
1931,432,5807.5,5479.136363636364,3,81,False,0,20220531,1,2.0
1932,433,5807.5,6011.5,1,95,False,0,20220531,1,2.0
1933,434,5807.317964071856,6544.223353293413,0,83,False,0,20220531,1,2.0
1934,435,5807.303921568628,7083.318627450981,1,91,False,0,20220531,1,2.0
1935,436,5807.5,7623.136363636364,2,36,False,0,20220531,1,2.0
1936,437,5807.5,8151.5,1,73,False,0,20220531,1,2.0
1937,438,5807.5,8694.951572327043,0,79,False,0,20220531,1,2.0
1938,439,5807.399448191293,9219.956161863887,3,78,False,0,20220531,1,2.0
1939,440,5807.303921568628,9755.68137254902,2,95,False,0,20220531,1,2.0
1940,441,5807.5,10291.863190184047,3,87,False,0,20220531,1,2.0
1941,442,5807.5,10827.863190184047,0,0,False,0,20220531,1,2.0
1942,443,5807.5,11374.602040816326,0,0,False,0,20220531,1,2.0
1943,444,5807.691616766467,11903.317964071855,1,74,False,0,20220531,1,2.0
1944,445,5807.600551808707,12443.043838136113,3,66,False,0,20220531,1,2.0
1945,446,5807.696078431372,12971.68137254902,4,85,False,0,20220531,1,2.0
1946,447,5807.5,13503.863636363636,1,39,False,0,20220531,1,2.0
1947,448,5807.780407429598,14040.130317555422,6,76,False,0,20220531,1,2.0
1948,449,5807.5,14579.5,4,76,True,0,20220531,1,2.0
1949,450,5807.5,15115.5,1,72,False,0,20220531,1,2.0
1950,451,5807.308383233533,15647.682035928145,1,88,False,0,20220531,1,2.0
1951,452,5807.219592570402,16190.869682444578,1,77,False,0,20220531,1,2.0
1952,453,5807.203975535168,16731.225993883792,2,24,False,0,20220531,1,2.0
1953,454,5808.315897136177,17266.518118059616,0,0,False,0,20220531,1,2.0
1954,455,5807.5,17795.5,0,0,True,0,20220531,1,2.0
1955,456,5807.598027495517,18335.04333532576,2,71,False,0,20220531,1,2.0
1956,457,5807.686915887851,18867.317757009347,1,0,False,0,20220531,1,2.0
1957,458,5807.399694189602,19403.59296636085,2,67,False,0,20220531,1,2.0
1958,459,5807.600551808707,19947.04383813612,0,0,False,0,20220531,1,2.0
1959,460,5807.322429906542,20482.59813084112,1,47,False,0,20220531,1,2.0
1960,461,5807.600551808707,21019.04383813612,2,29,True,0,20220531,1,2.0
1961,462,6248.491920447483,929.41671845867,0,0,True,0,20220531,1,2.0
1962,463,6250.684516129032,1463.5,1,17,True,0,20220531,1,2.0
1963,464,6250.062461538461,1999.2710769230769,2,52,False,0,20220531,1,2.0
1964,465,6246.90797940798,2531.5,1,53,False,0,20220531,1,2.0
1965,466,6251.103761755486,3067.6855799373043,2,66,False,0,20220531,1,2.0
1966,467,6251.402379499695,3607.4048200122015,0,0,False,0,20220531,1,2.0
1967,468,6251.30905752754,4135.686046511628,1,57,False,0,20220531,1,2.0
1968,469,6251.788685015291,4679.21865443425,0,2,False,0,20220531,1,2.0
1969,470,6251.882352941177,5207.5,0,58,False,0,20220531,1,2.0
1970,471,6251.600250626567,5747.4047619047615,0,0,False,0,20220531,1,2.0
1971,472,6251.600250626567,6275.595238095239,0,85,True,0,20220531,1,2.0
1972,473,6251.5,6815.1274509803925,2,79,True,0,20220531,1,2.0
1973,474,6251.5,7351.5,0,0,False,0,20220531,1,2.0
1974,475,6251.6027617212585,7887.404945407836,0,0,False,0,20220531,1,2.0
1975,476,6251.773053892216,8426.853293413174,2,47,False,0,20220531,1,2.0
1976,477,6251.5,8951.690231362469,1,42,False,0,20220531,1,2.0
1977,478,6251.5,9487.872549019608,0,0,False,0,20220531,1,2.0
1978,479,6251.5,10023.872549019608,0,0,False,0,20220531,1,2.0
1979,480,6251.69094247246,10559.686046511628,3,4,False,0,20220531,1,2.0
1980,481,6251.87298266587,11099.5,1,9,True,0,20220531,1,2.0
1981,482,6251.6027617212585,11639.404945407836,2,14,True,0,20220531,1,2.0
1982,483,6251.597979179424,12175.032149418248,1,31,True,0,20220531,1,2.0
1983,484,6251.796110414053,12707.218946047678,2,66,False,0,20220531,1,2.0
1984,485,6251.896238244514,13235.685579937304,1,49,False,0,20220531,1,2.0
1985,486,6251.600125156446,13771.595118898624,1,43,False,0,20220531,1,2.0
1986,487,6251.795739348371,14307.780701754386,1,49,False,0,20220531,1,2.0
1987,488,6251.5,14851.309643080776,0,44,False,0,20220531,1,2.0
1988,489,6251.600250626567,15379.40476190476,0,0,False,0,20220531,1,2.0
1989,490,6251.5,15919.5,2,2,False,0,20220531,1,2.0
1990,491,6251.5,16462.389434889436,0,0,False,0,20220531,1,2.0
1991,492,6251.5,16995.30964308078,4,90,True,0,20220531,1,2.0
1992,493,6251.605540897098,17531.405013192612,2,85,True,0,20220531,1,2.0
1993,494,6251.5,18066.93753923415,2,52,False,0,20220531,1,2.0
1994,495,6251.5,18599.5,2,43,False,0,20220531,1,2.0
1995,496,6251.5,19139.30964308078,0,0,False,0,20220531,1,2.0
1996,497,6251.5,19675.12701733413,2,1,False,0,20220531,1,2.0
1997,498,6251.5,20211.30964308078,1,30,False,0,20220531,1,2.0
1998,499,6251.399874843554,20755.40488110137,0,0,True,0,20220531,1,2.0
1999,500,6251.600250626567,21283.404761904763,0,0,False,0,20220531,1,2.0
2000,1,899.004835589942,1464.1473243068988,0,0,True,1,20220531,2,2.0
2001,2,898.7570725707257,2000.5971709717096,0,0,True,1,20220531,2,2.0
2002,3,899.2132075471698,2532.3352201257862,1,0,False,1,20220531,2,2.0
2003,4,899.2132075471698,3068.3352201257862,0,0,False,1,20220531,2,2.0
2004,5,899.4020208205757,3607.967850581752,0,0,False,1,20220531,2,2.0
2005,6,899.2204169221336,4136.33629675046,0,0,False,1,20220531,2,2.0
2006,7,899.4020208205757,4679.967850581751,1,0,False,1,20220531,2,2.0
2007,8,899.7795830778664,5208.33629675046,3,33,True,1,20220531,2,2.0
2008,9,899.6956112852664,5747.876175548589,0,0,False,1,20220531,2,2.0
2009,10,899.204260651629,6275.7807017543855,0,0,False,1,20220531,2,2.0
2010,11,899.8779141104294,6816.241104294479,0,0,False,1,20220531,2,2.0
2011,12,900.0686274509804,7352.053921568628,3,3,False,1,20220531,2,2.0
2012,13,900.3051612903225,7887.866451612903,1,1,False,1,20220531,2,2.0
2013,14,900.6003003003003,8428.206306306307,0,0,False,1,20220531,2,2.0
2014,15,900.0979381443299,8952.051546391753,0,0,False,1,20220531,2,2.0
2015,16,900.2429274292743,9488.59717097171,0,0,False,1,20220531,2,2.0
2016,17,901.4233621755252,10024.187268232386,0,0,False,1,20220531,2,2.0
2017,18,901.0743368291178,10560.657310302282,1,0,False,1,20220531,2,2.0
2018,19,900.5989802039592,11100.224655068989,1,0,False,1,20220531,2,2.0
2019,20,899.7005141388174,11639.690231362469,0,0,False,1,20220531,2,2.0
2020,21,901.428306551298,12176.889369592089,0,0,False,1,20220531,2,2.0
2021,22,900.3805031446541,12707.771698113207,2,82,False,1,20220531,2,2.0
2022,23,900.3564231738035,13236.502518891688,2,19,False,1,20220531,2,2.0
2023,24,899.9824120603015,13772.14824120603,0,0,False,1,20220531,2,2.0
2024,25,900.1607818411097,14308.690416141237,4,91,False,1,20220531,2,2.0
2025,26,899.896238244514,14851.685579937304,2,0,False,1,20220531,2,2.0
2026,27,899.9824120603015,15380.14824120603,1,0,False,1,20220531,2,2.0
2027,28,899.7795830778664,15920.33629675046,2,77,False,1,20220531,2,2.0
2028,29,899.6909424724602,16463.68604651163,3,5,False,1,20220531,2,2.0
2029,30,899.6956112852664,16995.87617554859,1,0,False,1,20220531,2,2.0
2030,31,899.6055408970976,17531.594986807388,1,58,False,1,20220531,2,2.0
2031,32,899.5,18067.5,0,0,False,1,20220531,2,2.0
2032,33,899.5,18599.690231362467,0,0,False,1,20220531,2,2.0
2033,34,899.6002506265664,19139.404761904763,2,0,False,1,20220531,2,2.0
2034,35,900.1467065868263,19675.226946107785,1,0,False,1,20220531,2,2.0
2035,36,900.0925925925926,20211.5,0,0,True,1,20220531,2,2.0
2036,37,900.1842767295598,20754.86603773585,3,44,False,1,20220531,2,2.0
2037,38,903.89588688946,21283.309768637533,0,0,True,1,20220531,2,2.0
2038,39,1342.8345888261142,1199.9695543000628,1,0,True,1,20220531,2,2.0
2039,40,1343.293710691824,1728.4610062893082,0,0,False,1,20220531,2,2.0
2040,41,1343.1967699406723,2263.78740936058,0,0,False,1,20220531,2,2.0
2041,42,1343.2115987460816,2799.7884012539184,0,0,False,1,20220531,2,2.0
2042,43,1343.211959924859,3335.788040075141,1,0,False,1,20220531,2,2.0
2043,44,1343.5,3871.694993412385,0,106,False,1,20220531,2,2.0
2044,45,1343.5,4407.6952440550685,1,0,False,1,20220531,2,2.0
2045,46,1343.5,4943.5,1,183,False,1,20220531,2,2.0
2046,47,1343.5975609756097,5479.59756097561,0,104,False,1,20220531,2,2.0
2047,48,1343.5951768488746,6011.788102893891,0,0,False,1,20220531,2,2.0
2048,49,1343.7790697674418,6544.357322438717,0,0,False,1,20220531,2,2.0
2049,50,1343.7002567394095,7083.5,2,9,False,1,20220531,2,2.0
2050,51,1344.0771643663738,7623.5,0,0,False,1,20220531,2,2.0
2051,52,1343.7884012539184,8151.788401253919,0,0,False,1,20220531,2,2.0
2052,53,1343.705533596838,8695.5,1,80,False,1,20220531,2,2.0
2053,54,1343.6953727506427,9219.885604113111,3,91,False,1,20220531,2,2.0
2054,55,1343.89588688946,9755.690231362469,2,103,False,1,20220531,2,2.0
2055,56,1343.399935856318,10291.597498396408,1,91,False,1,20220531,2,2.0
2056,57,1344.0824742268042,10828.067010309278,0,0,False,1,20220531,2,2.0
2057,58,1344.4319899244333,11374.568010075567,0,0,False,1,20220531,2,2.0
2058,59,1343.8859649122808,11903.690476190475,2,106,False,1,20220531,2,2.0
2059,60,1343.89588688946,12443.309768637531,2,95,False,1,20220531,2,2.0
2060,61,1343.89588688946,12971.690231362469,1,13,False,1,20220531,2,2.0
2061,62,1343.690476190476,13503.88596491228,0,0,False,1,20220531,2,2.0
2062,63,1343.8859649122808,14039.690476190475,0,0,False,1,20220531,2,2.0
2063,64,1343.4044703000611,14579.402020820577,3,2,False,1,20220531,2,2.0
2064,65,1343.6953727506427,15115.885604113111,0,0,False,1,20220531,2,2.0
2065,66,1343.690476190476,15647.88596491228,0,0,False,1,20220531,2,2.0
2066,67,1343.7884012539184,16191.788401253918,2,93,False,1,20220531,2,2.0
2067,68,1343.399935856318,16731.402501603592,0,0,False,1,20220531,2,2.0
2068,69,1343.6865030674846,17267.308588957054,1,2,False,1,20220531,2,2.0
2069,70,1343.5955296999389,17795.98009797918,0,0,False,1,20220531,2,2.0
2070,71,1343.5975609756097,18335.40243902439,0,0,False,1,20220531,2,2.0
2071,72,1343.5,18867.88235294117,0,53,False,1,20220531,2,2.0
2072,73,1343.5,19403.5,1,1,False,1,20220531,2,2.0
2073,74,1343.89588688946,19947.309768637533,2,98,False,1,20220531,2,2.0
2074,75,1344.0539215686274,20482.93137254902,1,0,False,1,20220531,2,2.0
2075,76,1344.1825499034128,21019.03122987765,0,4,True,1,20220531,2,2.0
2076,77,1786.8558696988323,928.6923786109404,0,0,True,1,20220531,2,2.0
2077,78,1786.6937984496124,1464.37338501292,0,0,False,1,20220531,2,2.0
2078,79,1786.9313725490197,2000.053921568628,0,0,False,1,20220531,2,2.0
2079,80,1787.2038895859473,2531.781053952321,1,89,False,1,20220531,2,2.0
2080,81,1786.442065491184,3068.3110831234258,1,2,False,1,20220531,2,2.0
2081,82,1787.970300061237,3608.149112063688,1,83,False,1,20220531,2,2.0
2082,83,1787.5979791794243,4135.967850581751,0,0,False,1,20220531,2,2.0
2083,84,1787.2204169221336,4679.772225628449,2,0,False,1,20220531,2,2.0
2084,85,1787.029699938763,5208.149112063687,0,0,False,1,20220531,2,2.0
2085,86,1787.882149591452,5748.053111250786,0,0,False,1,20220531,2,2.0
2086,87,1787.9753476611884,6276.870417193426,2,97,False,1,20220531,2,2.0
2087,88,1788.0700245700243,6816.055282555282,0,0,False,1,20220531,2,2.0
2088,89,1788.0686274509803,7352.053921568628,0,0,False,1,20220531,2,2.0
2089,90,1787.9066924066924,7887.685328185328,0,0,False,1,20220531,2,2.0
2090,91,1788.4214157168567,8427.5,0,0,False,1,20220531,2,2.0
2091,92,1788.8411003236247,8951.057281553398,0,0,False,1,20220531,2,2.0
2092,93,1788.9590264941469,9488.74460874923,0,0,False,1,20220531,2,2.0
2093,94,1788.5325752919484,10024.31868469576,2,97,False,1,20220531,2,2.0
2094,95,1789.3282890673256,10560.925571340333,0,0,False,1,20220531,2,2.0
2095,96,1788.2420706163973,11099.868641532015,0,107,False,1,20220531,2,2.0
2096,97,1788.1082474226805,11639.5,0,0,False,1,20220531,2,2.0
2097,98,1788.8382533825338,12175.657441574416,1,107,False,1,20220531,2,2.0
2098,99,1788.3636363636365,13236.671717171715,1,97,False,1,20220531,2,2.0
2099,100,1788.083280955374,13772.053111250783,2,97,False,1,20220531,2,2.0
2100,101,1788.26214511041,14308.5952681388,2,123,False,1,20220531,2,2.0
2101,102,1788.0925925925926,14851.5,1,93,False,1,20220531,2,2.0
2102,103,1787.887665198238,15380.240088105727,1,0,False,1,20220531,2,2.0
2103,104,1787.8779141104294,15920.24110429448,0,0,False,1,20220531,2,2.0
2104,105,1787.7886850152904,16463.409480122325,0,0,False,1,20220531,2,2.0
2105,106,1787.795739348371,16995.780701754386,5,105,False,1,20220531,2,2.0
2106,107,1787.9177131526767,17531.68506278916,1,1,False,1,20220531,2,2.0
2107,108,1787.7003757044458,18067.5,1,94,False,1,20220531,2,2.0
2108,109,1787.6027617212587,18599.59505459217,1,2,False,1,20220531,2,2.0
2109,110,1787.896238244514,19139.314420062696,1,74,False,1,20220531,2,2.0
2110,111,1788.4214157168567,19675.5,0,0,False,1,20220531,2,2.0
2111,112,1788.0925925925926,20211.5,0,0,False,1,20220531,2,2.0
2112,113,1788.083280955374,20754.94688874921,0,0,False,1,20220531,2,2.0
2113,114,1788.294468887492,21283.5,0,0,True,1,20220531,2,2.0
2114,115,1791.89588688946,12707.309768637531,0,1,False,1,20220531,2,2.0
2115,116,2231.304755944931,1199.5,0,0,False,1,20220531,2,2.0
2116,117,2231.6907151819323,1727.8764115432873,0,0,True,1,20220531,2,2.0
2117,118,2231.5,2263.5,1,0,True,1,20220531,2,2.0
2118,119,2231.5,2799.5,2,78,False,1,20220531,2,2.0
2119,120,2231.5,3335.5,0,0,False,1,20220531,2,2.0
2120,121,2231.5,3871.5,2,3,False,1,20220531,2,2.0
2121,122,2231.695244055069,4407.5,0,102,False,1,20220531,2,2.0
2122,123,2231.5,4943.5,3,97,False,1,20220531,2,2.0
2123,124,2231.5,5479.5,1,107,False,1,20220531,2,2.0
2124,125,2231.6000641436817,6011.402501603592,0,0,False,1,20220531,2,2.0
2125,126,2231.690476190476,6543.8859649122805,3,0,False,1,20220531,2,2.0
2126,127,2231.89588688946,7083.690231362468,0,1,False,1,20220531,2,2.0
2127,128,2232.077164366374,7623.5,0,0,False,1,20220531,2,2.0
2128,129,2231.8859649122805,8151.690476190476,1,94,False,1,20220531,2,2.0
2129,130,2232.1076618229854,8695.5,0,0,False,1,20220531,2,2.0
2130,131,2231.79543994862,9219.787732819525,0,0,False,1,20220531,2,2.0
2131,132,2232.182549903413,9755.968770122345,2,108,False,1,20220531,2,2.0
2132,133,2232.182549903413,10291.968770122345,1,0,False,1,20220531,2,2.0
2133,134,2232.082474226804,10828.067010309278,0,0,False,1,20220531,2,2.0
2134,135,2231.6902377972465,11375.304755944931,3,110,False,1,20220531,2,2.0
2135,136,2232.165411173886,11903.969554300063,4,115,False,1,20220531,2,2.0
2136,137,2231.7002567394097,12443.5,4,103,False,1,20220531,2,2.0
2137,138,2232.0817245817248,12972.06628056628,2,94,False,1,20220531,2,2.0
2138,139,2232.3332284455632,13504.529578351165,1,94,False,1,20220531,2,2.0
2139,140,2232.3332284455632,14040.529578351165,1,98,False,1,20220531,2,2.0
2140,141,2232.241104294478,14579.87791411043,1,1,False,1,20220531,2,2.0
2141,142,2232.0817245817248,15116.06628056628,1,94,False,1,20220531,2,2.0
2142,143,2231.9695543000626,15648.165411173886,0,0,False,1,20220531,2,2.0
2143,144,2231.8859649122805,16191.690476190475,0,0,False,1,20220531,2,2.0
2144,145,2231.7002567394097,16731.5,0,81,False,1,20220531,2,2.0
2145,146,2232.241104294478,17267.681595092025,0,0,False,1,20220531,2,2.0
2146,147,2232.053921568628,17796.06862745098,1,76,False,1,20220531,2,2.0
2147,148,2231.8859649122805,18335.69047619048,1,88,False,1,20220531,2,2.0
2148,149,2232.33629675046,18867.220416922133,1,102,False,1,20220531,2,2.0
2149,150,2231.79543994862,19403.787732819525,0,0,False,1,20220531,2,2.0
2150,151,2231.89588688946,19947.309768637533,1,97,False,1,20220531,2,2.0
2151,152,2232.33629675046,20483.220416922133,3,127,False,1,20220531,2,2.0
2152,153,2231.89588688946,21019.309768637533,3,87,False,1,20220531,2,2.0
2153,154,2674.93137254902,928.0539215686274,0,0,True,1,20220531,2,2.0
2154,155,2677.859493670886,1462.4012658227848,1,82,False,1,20220531,2,2.0
2155,156,2675.406919779547,1999.776791181874,1,0,False,1,20220531,2,2.0
2156,157,2674.90666247643,2531.489943431804,0,131,False,1,20220531,2,2.0
2157,158,2675.1173694147265,3068.04877281309,1,0,False,1,20220531,2,2.0
2158,159,2674.6416309012875,3607.7722256284487,0,0,False,1,20220531,2,2.0
2159,160,2678.221252257676,4135.150812763395,0,0,False,1,20220531,2,2.0
2160,161,2679.5,4679.5,3,1,False,1,20220531,2,2.0
2161,162,2678.2738452309536,5208.111877624475,1,1,False,1,20220531,2,2.0
2162,163,2679.5,5747.5,2,102,False,1,20220531,2,2.0
2163,164,2680.4987699877,6275.849323493235,1,0,False,1,20220531,2,2.0
2164,165,2679.882775119617,6815.5,0,0,False,1,20220531,2,2.0
2165,166,2680.2616766467067,7351.859281437126,1,112,False,1,20220531,2,2.0
2166,167,2680.236225087925,8427.317116060962,0,0,False,1,20220531,2,2.0
2167,168,2679.907035175879,8951.680904522613,7,115,False,1,20220531,2,2.0
2168,169,2679.211389385808,9487.774299344066,1,109,False,1,20220531,2,2.0
2169,170,2680.0693779904304,10024.04066985646,0,96,False,1,20220531,2,2.0
2170,171,2681.5253470126736,10560.709414604707,0,0,False,1,20220531,2,2.0
2171,172,2680.147574517826,11099.766510812393,0,0,False,1,20220531,2,2.0
2172,173,2680.1638705811865,12175.766027561414,0,0,False,1,20220531,2,2.0
2173,174,2680.093137254902,12707.5,2,2,False,1,20220531,2,2.0
2174,175,2680.0840490797545,13236.039877300613,2,95,False,1,20220531,2,2.0
2175,176,2679.796024464832,13771.774006116208,1,0,False,1,20220531,2,2.0
2176,177,2680.459409594096,14308.385608856088,1,94,False,1,20220531,2,2.0
2177,178,2679.896572827417,14851.681150550796,4,109,False,1,20220531,2,2.0
2178,179,2680.0840490797545,15380.039877300613,0,0,False,1,20220531,2,2.0
2179,180,2680.0693779904304,15920.04066985646,2,105,False,1,20220531,2,2.0
2180,181,2679.980573819486,16463.406754333533,3,147,False,1,20220531,2,2.0
2181,182,2679.896572827417,16995.681150550794,2,2,False,1,20220531,2,2.0
2182,183,2679.605602060528,17531.592723760463,0,0,False,1,20220531,2,2.0
2183,184,2679.9935543278084,18067.58348680172,0,0,False,1,20220531,2,2.0
2184,185,2679.80923947203,18599.42206159648,0,102,False,1,20220531,2,2.0
2185,186,2680.1876155268023,19139.214109673445,1,114,False,1,20220531,2,2.0
2186,187,2680.4227166276346,19675.5,0,0,False,1,20220531,2,2.0
2187,188,2679.700488997555,20211.5,0,0,False,1,20220531,2,2.0
2188,189,2679.7963870177587,20755.22565829761,2,89,False,1,20220531,2,2.0
2189,190,2680.093137254902,21283.5,0,0,False,1,20220531,2,2.0
2190,191,2683.602761721259,7887.595054592164,0,0,False,1,20220531,2,2.0
2191,192,2683.9025806451614,11639.5,0,0,False,1,20220531,2,2.0
2192,193,3130.359950859951,1199.5,1,0,True,1,20220531,2,2.0
2193,194,3125.668888888889,1728.9653968253967,0,78,False,1,20220531,2,2.0
2194,195,3131.397238278741,2263.5950545921646,2,74,False,1,20220531,2,2.0
2195,196,3127.2105097545627,2799.7794210195093,1,1,False,1,20220531,2,2.0
2196,197,3129.775092936803,3336.6995043370507,1,87,False,1,20220531,2,2.0
2197,198,3131.397238278741,3871.5950545921646,1,207,True,1,20220531,2,2.0
2198,199,3130.726600985221,4406.869458128079,1,0,False,1,20220531,2,2.0
2199,200,3130.9945196647323,4943.595422308188,0,0,False,1,20220531,2,2.0
2200,201,3131.402260232132,5479.404703726329,1,0,True,1,20220531,2,2.0
2201,202,3131.203889585948,6011.781053952322,0,0,True,1,20220531,2,2.0
2202,203,3131.1220858895704,6544.241104294479,0,120,False,1,20220531,2,2.0
2203,204,3131.6001251564458,7083.595118898624,0,103,False,1,20220531,2,2.0
2204,205,3131.5,7623.127450980392,0,0,False,1,20220531,2,2.0
2205,206,3131.5,8151.872549019607,0,0,False,1,20220531,2,2.0
2206,207,3131.5,8695.309768637531,2,0,False,1,20220531,2,2.0
2207,208,3131.6956112852663,9219.876175548588,2,208,True,1,20220531,2,2.0
2208,209,3131.7961104140527,9755.781053952322,1,115,True,1,20220531,2,2.0
2209,210,3131.7961104140527,10291.781053952322,0,0,False,1,20220531,2,2.0
2210,211,3131.5,10828.06246076585,0,0,False,1,20220531,2,2.0
2211,212,3131.779926335175,11374.854205033764,0,0,False,1,20220531,2,2.0
2212,213,3131.6909424724604,11903.686046511628,1,87,False,1,20220531,2,2.0
2213,214,3131.6002506265663,12443.40476190476,2,0,True,1,20220531,2,2.0
2214,215,3131.7961104140527,12971.781053952322,1,107,False,1,20220531,2,2.0
2215,216,3131.7795830778664,13504.33629675046,0,0,False,1,20220531,2,2.0
2216,217,3131.7795830778664,14040.33629675046,3,106,False,1,20220531,2,2.0
2217,218,3131.960431654676,14579.960431654676,2,94,True,1,20220531,2,2.0
2218,219,3131.6956112852663,15115.876175548588,1,53,True,1,20220531,2,2.0
2219,220,3131.5,15648.063035495716,1,115,False,1,20220531,2,2.0
2220,221,3131.8823529411766,16191.5,0,0,False,1,20220531,2,2.0
2221,222,3131.5,16731.30964308078,0,0,False,1,20220531,2,2.0
2222,223,3131.6862686567165,17267.313731343285,0,87,False,1,20220531,2,2.0
2223,224,3131.313953488372,17795.68604651163,1,77,False,1,20220531,2,2.0
2224,225,3131.6909424724604,18335.31395348837,0,0,False,1,20220531,2,2.0
2225,226,3131.68671454219,18867.68671454219,0,0,False,1,20220531,2,2.0
2226,227,3131.700375704446,19403.5,1,66,False,1,20220531,2,2.0
2227,228,3131.5,19947.5,1,2,False,1,20220531,2,2.0
2228,229,3131.782634730539,20482.661676646705,0,15,False,1,20220531,2,2.0
2229,230,3131.7961104140527,21019.21894604768,0,0,False,1,20220531,2,2.0
2230,231,3570.6416309012875,927.7722256284488,0,0,False,1,20220531,2,2.0
2231,232,3571.5,1463.5,0,0,False,1,20220531,2,2.0
2232,233,3569.9433497536947,2000.5147783251232,1,96,False,1,20220531,2,2.0
2233,234,3571.3043887147337,2531.1238244514107,0,0,False,1,20220531,2,2.0
2234,235,3571.8962382445143,3067.6855799373043,2,69,False,1,20220531,2,2.0
2235,236,3571.5,3607.309523809524,0,0,False,1,20220531,2,2.0
2236,237,3571.597620500305,4135.595179987798,0,0,False,1,20220531,2,2.0
2237,238,3571.5,4679.5,0,0,False,1,20220531,2,2.0
2238,239,3571.88630806846,5207.6858190709045,1,132,False,1,20220531,2,2.0
2239,240,3571.7961104140527,5747.590338770389,3,1,False,1,20220531,2,2.0
2240,241,3571.8962382445143,6275.314420062696,1,202,False,1,20220531,2,2.0
2241,242,3571.69536019536,6815.5,0,0,False,1,20220531,2,2.0
2242,243,3572.166258420086,7351.041947336191,0,0,True,1,20220531,2,2.0
2243,244,3571.7056555269924,7887.5,0,0,True,1,20220531,2,2.0
2244,245,3572.5167865707435,8427.404076738609,0,0,False,1,20220531,2,2.0
2245,246,3571.9066924066924,8951.685328185327,0,0,False,1,20220531,2,2.0
2246,247,3572.260736196319,9487.86809815951,2,119,False,1,20220531,2,2.0
2247,248,3572.260736196319,10023.86809815951,0,0,False,1,20220531,2,2.0
2248,249,3572.0686274509803,10560.053921568628,1,0,False,1,20220531,2,2.0
2249,250,3574.511180124224,11097.66645962733,0,0,True,1,20220531,2,2.0
2250,251,3572.00998068255,11639.404700579524,0,0,False,1,20220531,2,2.0
2251,252,3572.3583690987125,12175.227774371551,2,111,False,1,20220531,2,2.0
2252,253,3572.0925925925926,12707.5,0,0,True,1,20220531,2,2.0
2253,254,3572.0825486503454,13236.052416823602,1,1,True,1,20220531,2,2.0
2254,255,3571.8962382445143,13771.685579937304,3,0,False,1,20220531,2,2.0
2255,256,3572.183417085427,14307.957286432162,0,0,True,1,20220531,2,2.0
2256,257,3571.700375704446,14851.5,3,97,False,1,20220531,2,2.0
2257,258,3572.183417085427,15379.957286432162,0,0,False,1,20220531,2,2.0
2258,259,3572.3583690987125,15919.772225628449,1,116,False,1,20220531,2,2.0
2259,260,3571.88630806846,16463.314180929094,4,113,False,1,20220531,2,2.0
2260,261,3572.0925925925926,16995.5,0,0,False,1,20220531,2,2.0
2261,262,3571.6055408970974,17531.594986807388,0,0,False,1,20220531,2,2.0
2262,263,3571.6001251564458,18067.40488110137,1,102,False,1,20220531,2,2.0
2263,264,3571.602761721259,18599.59505459217,1,10,False,1,20220531,2,2.0
2264,265,3572.0925925925926,19139.5,1,0,False,1,20220531,2,2.0
2265,266,3572.5167865707435,19675.59592326139,1,101,False,1,20220531,2,2.0
2266,267,3572.0925925925926,20211.5,3,99,False,1,20220531,2,2.0
2267,268,3572.183417085427,20755.04271356784,1,2,False,1,20220531,2,2.0
2268,269,3572.0925925925926,21283.5,0,0,False,1,20220531,2,2.0
2269,270,4023.1235884567127,1199.1135508155585,0,0,True,1,20220531,2,2.0
2270,271,4023.4024390243903,1727.5975609756097,0,0,False,1,20220531,2,2.0
2271,272,4023.5,2263.5,1,81,False,1,20220531,2,2.0
2272,273,4023.5,2799.304755944931,0,0,False,1,20220531,2,2.0
2273,274,4023.22057898049,3335.7794210195093,0,0,False,1,20220531,2,2.0
2274,275,4023.6026991441736,3871.597432521396,1,101,False,1,20220531,2,2.0
2275,276,4023.6911949685536,4407.308805031446,1,74,False,1,20220531,2,2.0
2276,277,4023.3973008558255,4943.597432521396,5,101,False,1,20220531,2,2.0
2277,278,4023.690476190476,5479.11403508772,1,84,False,1,20220531,2,2.0
2278,279,4023.6000641436817,6011.597498396408,1,1,False,1,20220531,2,2.0
2279,280,4023.690476190476,6543.8859649122805,0,0,False,1,20220531,2,2.0
2280,281,4023.7002567394097,7083.5,0,0,False,1,20220531,2,2.0
2281,282,4023.7884012539184,7623.211598746081,0,0,False,1,20220531,2,2.0
2282,283,4023.885964912281,8151.690476190476,3,112,False,1,20220531,2,2.0
2283,284,4023.6026991441736,8695.402567478604,1,163,False,1,20220531,2,2.0
2284,285,4023.7954399486193,9219.787732819525,2,102,False,1,20220531,2,2.0
2285,286,4023.89588688946,9755.690231362469,2,71,False,1,20220531,2,2.0
2286,287,4023.89588688946,10291.690231362469,0,0,False,1,20220531,2,2.0
2287,288,4023.6953727506425,10827.885604113111,1,177,False,1,20220531,2,2.0
2288,289,4023.7884012539184,11375.211598746082,0,0,False,1,20220531,2,2.0
2289,290,4023.885964912281,11903.690476190475,0,0,False,1,20220531,2,2.0
2290,291,4023.7002567394097,12443.5,0,0,False,1,20220531,2,2.0
2291,292,4023.7954399486193,12971.787732819525,2,99,False,1,20220531,2,2.0
2292,293,4023.969554300063,13504.165411173886,1,0,False,1,20220531,2,2.0
2293,294,4023.885964912281,14039.690476190475,0,0,False,1,20220531,2,2.0
2294,295,4023.87652811736,14579.690709046456,0,0,False,1,20220531,2,2.0
2295,296,4023.7954399486193,15115.787732819525,2,104,False,1,20220531,2,2.0
2296,297,4023.5975609756097,15647.40243902439,1,0,False,1,20220531,2,2.0
2297,298,4023.5,16191.5,0,0,False,1,20220531,2,2.0
2298,299,4023.6000641436817,16731.402501603592,3,102,False,1,20220531,2,2.0
2299,300,4023.4048200122015,17267.402379499694,0,0,True,1,20220531,2,2.0
2300,301,4024.053921568628,17796.06862745098,0,0,False,1,20220531,2,2.0
2301,302,4023.695244055069,18335.5,1,181,False,1,20220531,2,2.0
2302,303,4023.5,18867.5,0,0,False,1,20220531,2,2.0
2303,304,4023.6000641436817,19403.597498396408,1,84,False,1,20220531,2,2.0
2304,305,4023.89588688946,19947.309768637533,0,0,False,1,20220531,2,2.0
2305,306,4023.314180929096,20483.11369193154,0,0,False,1,20220531,2,2.0
2306,307,4023.6000641436817,21019.402501603592,1,88,False,1,20220531,2,2.0
2307,308,4467.308588957055,927.6865030674846,2,1,True,1,20220531,2,2.0
2308,309,4467.6027617212585,1463.5950545921644,0,64,False,1,20220531,2,2.0
2309,310,4467.69094247246,1999.686046511628,1,18,True,1,20220531,2,2.0
2310,311,4467.5,2531.5,0,0,False,1,20220531,2,2.0
2311,312,4467.103264281231,3067.133396107972,0,0,True,1,20220531,2,2.0
2312,313,4467.597620500305,3607.5951799877976,5,105,False,1,20220531,2,2.0
2313,314,4468.0700245700245,4135.490171990172,1,0,False,1,20220531,2,2.0
2314,315,4467.790461538461,4678.6704615384615,3,50,True,1,20220531,2,2.0
2315,316,4467.220416922134,5207.772225628449,0,0,False,1,20220531,2,2.0
2316,317,4467.600250626567,5747.4047619047615,0,0,False,1,20220531,2,2.0
2317,318,4467.695611285267,6275.876175548589,0,0,False,1,20220531,2,2.0
2318,319,4468.067931456549,6814.9467564259485,1,3,False,1,20220531,2,2.0
2319,320,4467.69094247246,7351.686046511628,0,0,False,1,20220531,2,2.0
2320,321,4467.705655526992,7887.5,3,110,False,1,20220531,2,2.0
2321,322,4467.9604316546765,8427.039568345324,1,113,False,1,20220531,2,2.0
2322,323,4467.803536977492,8951.78038585209,0,0,False,1,20220531,2,2.0
2323,324,4467.779926335175,9488.145794966236,2,92,False,1,20220531,2,2.0
2324,325,4467.970876762723,10023.958614347026,3,130,False,1,20220531,2,2.0
2325,326,4467.779926335175,10560.145794966236,0,0,False,1,20220531,2,2.0
2326,327,4467.773709483794,11099.773709483794,0,0,False,1,20220531,2,2.0
2327,328,4467.705655526992,11639.5,8,22,False,1,20220531,2,2.0
2328,329,4467.691411042945,12175.313496932517,1,115,False,1,20220531,2,2.0
2329,330,4467.992462311558,12707.404522613066,1,99,False,1,20220531,2,2.0
2330,331,4467.982412060302,13236.14824120603,1,0,False,1,20220531,2,2.0
2331,332,4467.695611285267,13771.876175548588,0,0,False,1,20220531,2,2.0
2332,333,4467.78679245283,14308.335220125786,0,2,True,1,20220531,2,2.0
2333,334,4467.700375704446,14851.5,1,106,False,1,20220531,2,2.0
2334,335,4467.695611285267,15379.876175548588,0,0,False,1,20220531,2,2.0
2335,336,4467.69094247246,15919.686046511628,0,0,False,1,20220531,2,2.0
2336,337,4467.597979179424,16463.03214941825,4,94,False,1,20220531,2,2.0
2337,338,4467.796110414053,16995.590338770387,0,89,False,1,20220531,2,2.0
2338,339,4467.812169312169,17531.589947089946,1,102,False,1,20220531,2,2.0
2339,340,4467.304143126177,18067.314187068423,1,1,False,1,20220531,2,2.0
2340,341,4467.6027617212585,18599.59505459217,1,80,False,1,20220531,2,2.0
2341,342,4467.992462311558,19139.59547738693,0,0,False,1,20220531,2,2.0
2342,343,4467.9604316546765,19675.586330935253,0,0,False,1,20220531,2,2.0
2343,344,4467.992462311558,20211.404522613066,0,0,False,1,20220531,2,2.0
2344,345,4467.695611285267,20755.87617554859,1,0,False,1,20220531,2,2.0
2345,346,4467.600250626567,21283.404761904763,1,25,False,1,20220531,2,2.0
2346,347,4910.279048765804,1198.8762793497892,0,0,False,1,20220531,2,2.0
2347,348,4909.975961538462,1726.3557692307693,2,5,False,1,20220531,2,2.0
2348,349,4911.294228356336,2263.5,1,1,False,1,20220531,2,2.0
2349,350,4910.738323353294,2799.859281437126,0,0,False,1,20220531,2,2.0
2350,351,4910.551497005988,3335.32754491018,0,0,False,1,20220531,2,2.0
2351,352,4911.092964824121,3871.680904522613,0,0,False,1,20220531,2,2.0
2352,353,4911.308383233533,4407.317964071856,1,1,False,1,20220531,2,2.0
2353,354,4911.298994974874,4943.133165829146,0,0,False,1,20220531,2,2.0
2354,355,4911.308841099164,5479.318399044206,0,0,False,1,20220531,2,2.0
2355,356,4911.696078431372,6011.318627450981,16,18,True,1,20220531,2,2.0
2356,357,4911.308383233533,6543.682035928144,1,31,True,1,20220531,2,2.0
2357,358,4911.796387017759,7083.225658297612,0,0,False,1,20220531,2,2.0
2358,359,4912.070743405276,7622.958033573142,0,0,False,1,20220531,2,2.0
2359,360,4911.5,8151.5,2,1,False,1,20220531,2,2.0
2360,361,4911.5,8694.951572327043,3,98,False,1,20220531,2,2.0
2361,362,4911.696078431372,9219.68137254902,1,3,False,1,20220531,2,2.0
2362,363,4911.69656019656,9755.681818181818,3,88,False,1,20220531,2,2.0
2363,364,4911.5,10291.863190184047,0,0,False,1,20220531,2,2.0
2364,365,4911.5,10827.863190184047,0,0,False,1,20220531,2,2.0
2365,366,4911.5,11374.602040816326,0,0,False,1,20220531,2,2.0
2366,367,4911.780407429598,11902.869682444578,1,1,False,1,20220531,2,2.0
2367,368,4911.600551808707,12443.043838136113,0,0,False,1,20220531,2,2.0
2368,369,4911.696078431372,12971.68137254902,5,103,False,1,20220531,2,2.0
2369,370,4911.780407429598,13504.130317555422,0,106,False,1,20220531,2,2.0
2370,371,4911.780407429598,14040.130317555422,0,0,False,1,20220531,2,2.0
2371,372,4911.774165202109,14579.232864674868,1,0,True,1,20220531,2,2.0
2372,373,4911.696078431372,15115.68137254902,2,1,True,1,20220531,2,2.0
2373,374,4911.780407429598,15648.130317555422,0,0,False,1,20220531,2,2.0
2374,375,4911.5,16191.136363636364,3,110,False,1,20220531,2,2.0
2375,376,4911.5,16731.5,0,0,True,1,20220531,2,2.0
2376,377,4911.869158878505,17266.77570093458,0,114,False,1,20220531,2,2.0
2377,378,4911.877182770663,17795.681606519207,1,115,False,1,20220531,2,2.0
2378,379,4912.261676646706,18335.32754491018,1,216,False,1,20220531,2,2.0
2379,380,4912.056725146199,18867.49064327485,0,0,False,1,20220531,2,2.0
2380,381,4911.696078431372,19403.68137254902,0,0,False,1,20220531,2,2.0
2381,382,4911.796387017759,19947.22565829761,0,0,False,1,20220531,2,2.0
2382,383,4911.961088355763,20483.050614394386,0,0,False,1,20220531,2,2.0
2383,384,4911.888206388207,21018.77764127764,2,75,False,1,20220531,2,2.0
2384,385,5354.359950859951,927.5,0,0,True,1,20220531,2,2.0
2385,386,5355.3972382787415,1463.4049454078356,0,0,True,1,20220531,2,2.0
2386,387,5354.355036855037,1999.8341523341523,1,88,False,1,20220531,2,2.0
2387,388,5355.103761755486,2531.314420062696,4,128,False,1,20220531,2,2.0
2388,389,5355.299624295554,3067.5,0,0,False,1,20220531,2,2.0
2389,390,5355.5,3607.309523809524,1,0,False,1,20220531,2,2.0
2390,391,5355.5,4135.5,2,83,False,1,20220531,2,2.0
2391,392,5355.87791411043,4678.758895705521,1,3,False,1,20220531,2,2.0
2392,393,5355.69094247246,5207.313953488372,3,83,False,1,20220531,2,2.0
2393,394,5355.695611285267,5747.123824451411,0,197,False,1,20220531,2,2.0
2394,395,5355.600250626567,6275.4047619047615,0,0,False,1,20220531,2,2.0
2395,396,5355.5,6815.1274509803925,2,112,False,1,20220531,2,2.0
2396,397,5355.597739767868,7351.404703726329,2,100,False,1,20220531,2,2.0
2397,398,5355.6027617212585,7887.404945407836,3,189,False,1,20220531,2,2.0
2398,399,5355.868641532017,8426.757929383602,0,0,False,1,20220531,2,2.0
2399,400,5355.6027617212585,8951.595054592164,0,0,False,1,20220531,2,2.0
2400,401,5355.69094247246,9487.686046511628,1,1,False,1,20220531,2,2.0
2401,402,5355.882352941177,10023.5,3,0,False,1,20220531,2,2.0
2402,403,5355.788685015291,10559.781345565749,2,97,False,1,20220531,2,2.0
2403,404,5355.87298266587,11099.5,1,0,False,1,20220531,2,2.0
2404,405,5355.803536977492,11639.21961414791,0,103,False,1,20220531,2,2.0
2405,406,5355.788685015291,12175.218654434251,0,0,True,1,20220531,2,2.0
2406,407,5355.796110414053,12707.218946047678,0,0,False,1,20220531,2,2.0
2407,408,5355.896238244514,13235.685579937304,2,1,True,1,20220531,2,2.0
2408,409,5355.700375704446,13771.5,0,0,False,1,20220531,2,2.0
2409,410,5355.796110414053,14307.781053952322,3,90,False,1,20220531,2,2.0
2410,411,5355.600125156446,14851.404881101376,0,0,True,1,20220531,2,2.0
2411,412,5355.700375704446,15379.5,1,114,False,1,20220531,2,2.0
2412,413,5355.88630806846,15919.685819070904,1,1,False,1,20220531,2,2.0
2413,414,5355.5,16462.936964504283,3,115,False,1,20220531,2,2.0
2414,415,5355.896238244514,16995.314420062696,1,108,False,1,20220531,2,2.0
2415,416,5355.917713152677,17531.31493721084,1,98,False,1,20220531,2,2.0
2416,417,5355.795739348371,18067.21929824561,1,102,False,1,20220531,2,2.0
2417,418,5355.6027617212585,18599.59505459217,0,0,False,1,20220531,2,2.0
2418,419,5355.700375704446,19139.5,1,4,False,1,20220531,2,2.0
2419,420,5355.968339307049,19675.40442054958,0,0,False,1,20220531,2,2.0
2420,421,5355.600125156446,20211.40488110137,0,0,False,1,20220531,2,2.0
2421,422,5355.795739348371,20755.21929824561,2,54,True,1,20220531,2,2.0
2422,423,5355.700375704446,21283.5,0,0,False,1,20220531,2,2.0
2423,424,5806.541916167665,1199.3179640718563,3,55,True,1,20220531,2,2.0
2424,425,5806.328331332533,1727.2454981992796,1,1,False,1,20220531,2,2.0
2425,426,5806.901257861635,2262.9616352201256,0,159,True,1,20220531,2,2.0
2426,427,5807.019426180514,2799.4067543335327,3,166,True,1,20220531,2,2.0
2427,428,5807.204504504504,3335.262162162162,0,0,False,1,20220531,2,2.0
2428,429,5807.705771643664,3871.5,0,0,False,1,20220531,2,2.0
2429,430,5807.308383233533,4407.317964071856,0,77,False,1,20220531,2,2.0
2430,431,5807.397049591965,4943.407093534212,2,81,False,1,20220531,2,2.0
2431,432,5807.5,5479.136363636364,0,0,False,1,20220531,2,2.0
2432,433,5807.5,6011.5,1,0,False,1,20220531,2,2.0
2433,434,5807.317964071856,6544.223353293413,0,1,False,1,20220531,2,2.0
2434,435,5807.303921568628,7083.318627450981,0,0,False,1,20220531,2,2.0
2435,436,5807.5,7623.136363636364,0,0,False,1,20220531,2,2.0
2436,437,5807.5,8151.5,0,75,False,1,20220531,2,2.0
2437,438,5807.5,8694.951572327043,0,0,False,1,20220531,2,2.0
2438,439,5807.399448191293,9219.956161863887,0,0,False,1,20220531,2,2.0
2439,440,5807.303921568628,9755.68137254902,0,0,False,1,20220531,2,2.0
2440,441,5807.5,10291.863190184047,2,81,False,1,20220531,2,2.0
2441,442,5807.5,10827.863190184047,0,85,False,1,20220531,2,2.0
2442,443,5807.5,11374.602040816326,0,0,False,1,20220531,2,2.0
2443,444,5807.691616766467,11903.317964071855,0,0,False,1,20220531,2,2.0
2444,445,5807.600551808707,12443.043838136113,0,0,False,1,20220531,2,2.0
2445,446,5807.696078431372,12971.68137254902,1,0,False,1,20220531,2,2.0
2446,447,5807.5,13503.863636363636,1,0,False,1,20220531,2,2.0
2447,448,5807.780407429598,14040.130317555422,0,0,False,1,20220531,2,2.0
2448,449,5807.5,14579.5,0,0,False,1,20220531,2,2.0
2449,450,5807.5,15115.5,0,0,True,1,20220531,2,2.0
2450,451,5807.308383233533,15647.682035928145,0,105,False,1,20220531,2,2.0
2451,452,5807.219592570402,16190.869682444578,0,94,False,1,20220531,2,2.0
2452,453,5807.203975535168,16731.225993883792,1,1,False,1,20220531,2,2.0
2453,454,5808.315897136177,17266.518118059616,1,86,False,1,20220531,2,2.0
2454,455,5807.5,17795.5,0,0,False,1,20220531,2,2.0
2455,456,5807.598027495517,18335.04333532576,0,0,False,1,20220531,2,2.0
2456,457,5807.686915887851,18867.317757009347,2,1,False,1,20220531,2,2.0
2457,458,5807.399694189602,19403.59296636085,0,0,False,1,20220531,2,2.0
2458,459,5807.600551808707,19947.04383813612,0,0,False,1,20220531,2,2.0
2459,460,5807.322429906542,20482.59813084112,1,2,False,1,20220531,2,2.0
2460,461,5807.600551808707,21019.04383813612,0,0,False,1,20220531,2,2.0
2461,462,6248.491920447483,929.41671845867,51,0,True,1,20220531,2,2.0
2462,463,6250.684516129032,1463.5,47,0,True,1,20220531,2,2.0
2463,464,6250.062461538461,1999.2710769230769,8,0,True,1,20220531,2,2.0
2464,465,6246.90797940798,2531.5,2,84,False,1,20220531,2,2.0
2465,466,6251.103761755486,3067.6855799373043,2,1,False,1,20220531,2,2.0
2466,467,6251.402379499695,3607.4048200122015,0,0,False,1,20220531,2,2.0
2467,468,6251.30905752754,4135.686046511628,1,63,False,1,20220531,2,2.0
2468,469,6251.788685015291,4679.21865443425,0,0,False,1,20220531,2,2.0
2469,470,6251.882352941177,5207.5,4,1,False,1,20220531,2,2.0
2470,471,6251.600250626567,5747.4047619047615,2,0,False,1,20220531,2,2.0
2471,472,6251.600250626567,6275.595238095239,1,72,False,1,20220531,2,2.0
2472,473,6251.5,6815.1274509803925,0,0,False,1,20220531,2,2.0
2473,474,6251.5,7351.5,0,0,False,1,20220531,2,2.0
2474,475,6251.6027617212585,7887.404945407836,1,4,False,1,20220531,2,2.0
2475,476,6251.773053892216,8426.853293413174,0,0,False,1,20220531,2,2.0
2476,477,6251.5,8951.690231362469,1,37,True,1,20220531,2,2.0
2477,478,6251.5,9487.872549019608,2,75,False,1,20220531,2,2.0
2478,479,6251.5,10023.872549019608,0,0,False,1,20220531,2,2.0
2479,480,6251.69094247246,10559.686046511628,0,0,False,1,20220531,2,2.0
2480,481,6251.87298266587,11099.5,0,0,False,1,20220531,2,2.0
2481,482,6251.6027617212585,11639.404945407836,0,0,False,1,20220531,2,2.0
2482,483,6251.597979179424,12175.032149418248,0,0,False,1,20220531,2,2.0
2483,484,6251.796110414053,12707.218946047678,0,0,False,1,20220531,2,2.0
2484,485,6251.896238244514,13235.685579937304,0,0,True,1,20220531,2,2.0
2485,486,6251.600125156446,13771.595118898624,2,86,False,1,20220531,2,2.0
2486,487,6251.795739348371,14307.780701754386,0,0,False,1,20220531,2,2.0
2487,488,6251.5,14851.309643080776,1,67,False,1,20220531,2,2.0
2488,489,6251.600250626567,15379.40476190476,1,80,False,1,20220531,2,2.0
2489,490,6251.5,15919.5,0,0,False,1,20220531,2,2.0
2490,491,6251.5,16462.389434889436,3,10,False,1,20220531,2,2.0
2491,492,6251.5,16995.30964308078,0,0,False,1,20220531,2,2.0
2492,493,6251.605540897098,17531.405013192612,0,0,False,1,20220531,2,2.0
2493,494,6251.5,18066.93753923415,0,0,False,1,20220531,2,2.0
2494,495,6251.5,18599.5,1,1,False,1,20220531,2,2.0
2495,496,6251.5,19139.30964308078,0,0,False,1,20220531,2,2.0
2496,497,6251.5,19675.12701733413,0,0,False,1,20220531,2,2.0
2497,498,6251.5,20211.30964308078,0,0,False,1,20220531,2,2.0
2498,499,6251.399874843554,20755.40488110137,2,1,False,1,20220531,2,2.0
2499,500,6251.600250626567,21283.404761904763,0,0,True,1,20220531,2,2.0
2500,1,899.004835589942,1464.1473243068988,0,0,True,2,20230131,1,2.0
2501,2,898.7570725707257,2000.5971709717096,2,92,False,2,20230131,1,2.0
2502,3,899.2132075471698,2532.3352201257862,2,87,False,2,20230131,1,2.0
2503,4,899.2132075471698,3068.3352201257862,0,0,False,2,20230131,1,2.0
2504,5,899.4020208205757,3607.967850581752,1,99,False,2,20230131,1,2.0
2505,6,899.2204169221336,4136.33629675046,1,92,False,2,20230131,1,2.0
2506,7,899.4020208205757,4679.967850581751,2,102,False,2,20230131,1,2.0
2507,8,899.7795830778664,5208.33629675046,0,97,False,2,20230131,1,2.0
2508,9,899.6956112852664,5747.876175548589,2,103,False,2,20230131,1,2.0
2509,10,899.204260651629,6275.7807017543855,1,109,False,2,20230131,1,2.0
2510,11,899.8779141104294,6816.241104294479,0,1,False,2,20230131,1,2.0
2511,12,900.0686274509804,7352.053921568628,1,95,False,2,20230131,1,2.0
2512,13,900.3051612903225,7887.866451612903,2,100,False,2,20230131,1,2.0
2513,14,900.6003003003003,8428.206306306307,0,0,False,2,20230131,1,2.0
2514,15,900.0979381443299,8952.051546391753,0,0,False,2,20230131,1,2.0
2515,16,900.2429274292743,9488.59717097171,1,1,False,2,20230131,1,2.0
2516,17,901.4233621755252,10024.187268232386,0,111,False,2,20230131,1,2.0
2517,18,901.0743368291178,10560.657310302282,0,0,False,2,20230131,1,2.0
2518,19,900.5989802039592,11100.224655068989,0,107,False,2,20230131,1,2.0
2519,20,899.7005141388174,11639.690231362469,0,140,True,2,20230131,1,2.0
2520,21,901.428306551298,12176.889369592089,1,216,True,2,20230131,1,2.0
2521,22,900.3805031446541,12707.771698113207,0,230,False,2,20230131,1,2.0
2522,23,900.3564231738035,13236.502518891688,0,91,False,2,20230131,1,2.0
2523,24,899.9824120603015,13772.14824120603,1,102,False,2,20230131,1,2.0
2524,25,900.1607818411097,14308.690416141237,0,0,False,2,20230131,1,2.0
2525,26,899.896238244514,14851.685579937304,0,0,False,2,20230131,1,2.0
2526,27,899.9824120603015,15380.14824120603,0,0,False,2,20230131,1,2.0
2527,28,899.7795830778664,15920.33629675046,1,96,False,2,20230131,1,2.0
2528,29,899.6909424724602,16463.68604651163,0,0,False,2,20230131,1,2.0
2529,30,899.6956112852664,16995.87617554859,0,0,False,2,20230131,1,2.0
2530,31,899.6055408970976,17531.594986807388,1,1,False,2,20230131,1,2.0
2531,32,899.5,18067.5,2,86,False,2,20230131,1,2.0
2532,33,899.5,18599.690231362467,0,0,False,2,20230131,1,2.0
2533,34,899.6002506265664,19139.404761904763,1,102,False,2,20230131,1,2.0
2534,35,900.1467065868263,19675.226946107785,0,86,False,2,20230131,1,2.0
2535,36,900.0925925925926,20211.5,0,0,False,2,20230131,1,2.0
2536,37,900.1842767295598,20754.86603773585,0,0,True,2,20230131,1,2.0
2537,38,903.89588688946,21283.309768637533,1,32,True,2,20230131,1,2.0
2538,39,1342.8345888261142,1199.9695543000628,1,92,False,2,20230131,1,2.0
2539,40,1343.293710691824,1728.4610062893082,1,113,False,2,20230131,1,2.0
2540,41,1343.1967699406723,2263.78740936058,0,0,False,2,20230131,1,2.0
2541,42,1343.2115987460816,2799.7884012539184,0,0,False,2,20230131,1,2.0
2542,43,1343.211959924859,3335.788040075141,0,126,False,2,20230131,1,2.0
2543,44,1343.5,3871.694993412385,0,0,False,2,20230131,1,2.0
2544,45,1343.5,4407.6952440550685,1,125,False,2,20230131,1,2.0
2545,46,1343.5,4943.5,0,0,False,2,20230131,1,2.0
2546,47,1343.5975609756097,5479.59756097561,0,0,False,2,20230131,1,2.0
2547,48,1343.5951768488746,6011.788102893891,1,114,False,2,20230131,1,2.0
2548,49,1343.7790697674418,6544.357322438717,0,0,False,2,20230131,1,2.0
2549,50,1343.7002567394095,7083.5,1,113,False,2,20230131,1,2.0
2550,51,1344.0771643663738,7623.5,0,0,False,2,20230131,1,2.0
2551,52,1343.7884012539184,8151.788401253919,0,123,False,2,20230131,1,2.0
2552,53,1343.705533596838,8695.5,1,125,False,2,20230131,1,2.0
2553,54,1343.6953727506427,9219.885604113111,0,0,False,2,20230131,1,2.0
2554,55,1343.89588688946,9755.690231362469,0,0,False,2,20230131,1,2.0
2555,56,1343.399935856318,10291.597498396408,0,0,False,2,20230131,1,2.0
2556,57,1344.0824742268042,10828.067010309278,0,0,False,2,20230131,1,2.0
2557,58,1344.4319899244333,11374.568010075567,0,0,False,2,20230131,1,2.0
2558,59,1343.8859649122808,11903.690476190475,0,173,True,2,20230131,1,2.0
2559,60,1343.89588688946,12443.309768637531,0,225,True,2,20230131,1,2.0
2560,61,1343.89588688946,12971.690231362469,0,0,False,2,20230131,1,2.0
2561,62,1343.690476190476,13503.88596491228,1,120,False,2,20230131,1,2.0
2562,63,1343.8859649122808,14039.690476190475,0,0,False,2,20230131,1,2.0
2563,64,1343.4044703000611,14579.402020820577,2,119,False,2,20230131,1,2.0
2564,65,1343.6953727506427,15115.885604113111,1,106,False,2,20230131,1,2.0
2565,66,1343.690476190476,15647.88596491228,0,0,False,2,20230131,1,2.0
2566,67,1343.7884012539184,16191.788401253918,1,138,False,2,20230131,1,2.0
2567,68,1343.399935856318,16731.402501603592,1,110,False,2,20230131,1,2.0
2568,69,1343.6865030674846,17267.308588957054,3,130,False,2,20230131,1,2.0
2569,70,1343.5955296999389,17795.98009797918,0,0,False,2,20230131,1,2.0
2570,71,1343.5975609756097,18335.40243902439,3,121,False,2,20230131,1,2.0
2571,72,1343.5,18867.88235294117,2,113,False,2,20230131,1,2.0
2572,73,1343.5,19403.5,1,118,False,2,20230131,1,2.0
2573,74,1343.89588688946,19947.309768637533,0,0,False,2,20230131,1,2.0
2574,75,1344.0539215686274,20482.93137254902,0,0,False,2,20230131,1,2.0
2575,76,1344.1825499034128,21019.03122987765,2,75,False,2,20230131,1,2.0
2576,77,1786.8558696988323,928.6923786109404,1,99,False,2,20230131,1,2.0
2577,78,1786.6937984496124,1464.37338501292,0,117,False,2,20230131,1,2.0
2578,79,1786.9313725490197,2000.053921568628,0,120,False,2,20230131,1,2.0
2579,80,1787.2038895859473,2531.781053952321,0,122,False,2,20230131,1,2.0
2580,81,1786.442065491184,3068.3110831234258,0,0,False,2,20230131,1,2.0
2581,82,1787.970300061237,3608.149112063688,0,114,False,2,20230131,1,2.0
2582,83,1787.5979791794243,4135.967850581751,0,0,False,2,20230131,1,2.0
2583,84,1787.2204169221336,4679.772225628449,0,3,False,2,20230131,1,2.0
2584,85,1787.029699938763,5208.149112063687,0,1,False,2,20230131,1,2.0
2585,86,1787.882149591452,5748.053111250786,0,0,False,2,20230131,1,2.0
2586,87,1787.9753476611884,6276.870417193426,3,135,False,2,20230131,1,2.0
2587,88,1788.0700245700243,6816.055282555282,2,124,False,2,20230131,1,2.0
2588,89,1788.0686274509803,7352.053921568628,0,0,False,2,20230131,1,2.0
2589,90,1787.9066924066924,7887.685328185328,0,132,False,2,20230131,1,2.0
2590,91,1788.4214157168567,8427.5,0,1,False,2,20230131,1,2.0
2591,92,1788.8411003236247,8951.057281553398,0,0,True,2,20230131,1,2.0
2592,93,1788.9590264941469,9488.74460874923,0,0,False,2,20230131,1,2.0
2593,94,1788.5325752919484,10024.31868469576,3,126,False,2,20230131,1,2.0
2594,95,1789.3282890673256,10560.925571340333,0,0,False,2,20230131,1,2.0
2595,96,1788.2420706163973,11099.868641532015,1,143,False,2,20230131,1,2.0
2596,97,1788.1082474226805,11639.5,2,144,False,2,20230131,1,2.0
2597,98,1788.8382533825338,12175.657441574416,1,1,False,2,20230131,1,2.0
2598,99,1788.3636363636365,13236.671717171715,0,0,False,2,20230131,1,2.0
2599,100,1788.083280955374,13772.053111250783,0,0,False,2,20230131,1,2.0
2600,101,1788.26214511041,14308.5952681388,1,113,False,2,20230131,1,2.0
2601,102,1788.0925925925926,14851.5,1,125,False,2,20230131,1,2.0
2602,103,1787.887665198238,15380.240088105727,1,4,False,2,20230131,1,2.0
2603,104,1787.8779141104294,15920.24110429448,2,130,False,2,20230131,1,2.0
2604,105,1787.7886850152904,16463.409480122325,3,123,False,2,20230131,1,2.0
2605,106,1787.795739348371,16995.780701754386,0,0,False,2,20230131,1,2.0
2606,107,1787.9177131526767,17531.68506278916,2,116,False,2,20230131,1,2.0
2607,108,1787.7003757044458,18067.5,1,121,False,2,20230131,1,2.0
2608,109,1787.6027617212587,18599.59505459217,0,0,False,2,20230131,1,2.0
2609,110,1787.896238244514,19139.314420062696,26,143,True,2,20230131,1,2.0
2610,111,1788.4214157168567,19675.5,1,0,False,2,20230131,1,2.0
2611,112,1788.0925925925926,20211.5,0,0,False,2,20230131,1,2.0
2612,113,1788.083280955374,20754.94688874921,1,104,False,2,20230131,1,2.0
2613,114,1788.294468887492,21283.5,0,1,False,2,20230131,1,2.0
2614,115,1791.89588688946,12707.309768637531,1,136,False,2,20230131,1,2.0
2615,116,2231.304755944931,1199.5,2,2,False,2,20230131,1,2.0
2616,117,2231.6907151819323,1727.8764115432873,1,0,False,2,20230131,1,2.0
2617,118,2231.5,2263.5,0,0,False,2,20230131,1,2.0
2618,119,2231.5,2799.5,0,123,False,2,20230131,1,2.0
2619,120,2231.5,3335.5,0,0,False,2,20230131,1,2.0
2620,121,2231.5,3871.5,0,0,False,2,20230131,1,2.0
2621,122,2231.695244055069,4407.5,0,213,True,2,20230131,1,2.0
2622,123,2231.5,4943.5,0,1,False,2,20230131,1,2.0
2623,124,2231.5,5479.5,1,139,False,2,20230131,1,2.0
2624,125,2231.6000641436817,6011.402501603592,0,0,False,2,20230131,1,2.0
2625,126,2231.690476190476,6543.8859649122805,0,0,False,2,20230131,1,2.0
2626,127,2231.89588688946,7083.690231362468,1,118,False,2,20230131,1,2.0
2627,128,2232.077164366374,7623.5,1,152,False,2,20230131,1,2.0
2628,129,2231.8859649122805,8151.690476190476,3,132,False,2,20230131,1,2.0
2629,130,2232.1076618229854,8695.5,0,0,False,2,20230131,1,2.0
2630,131,2231.79543994862,9219.787732819525,1,0,False,2,20230131,1,2.0
2631,132,2232.182549903413,9755.968770122345,0,0,False,2,20230131,1,2.0
2632,133,2232.182549903413,10291.968770122345,1,106,False,2,20230131,1,2.0
2633,134,2232.082474226804,10828.067010309278,1,130,False,2,20230131,1,2.0
2634,135,2231.6902377972465,11375.304755944931,1,128,False,2,20230131,1,2.0
2635,136,2232.165411173886,11903.969554300063,1,1,False,2,20230131,1,2.0
2636,137,2231.7002567394097,12443.5,0,0,False,2,20230131,1,2.0
2637,138,2232.0817245817248,12972.06628056628,3,113,False,2,20230131,1,2.0
2638,139,2232.3332284455632,13504.529578351165,1,153,True,2,20230131,1,2.0
2639,140,2232.3332284455632,14040.529578351165,0,1,False,2,20230131,1,2.0
2640,141,2232.241104294478,14579.87791411043,0,0,False,2,20230131,1,2.0
2641,142,2232.0817245817248,15116.06628056628,0,0,False,2,20230131,1,2.0
2642,143,2231.9695543000626,15648.165411173886,0,0,False,2,20230131,1,2.0
2643,144,2231.8859649122805,16191.690476190475,1,136,False,2,20230131,1,2.0
2644,145,2231.7002567394097,16731.5,3,141,False,2,20230131,1,2.0
2645,146,2232.241104294478,17267.681595092025,2,2,False,2,20230131,1,2.0
2646,147,2232.053921568628,17796.06862745098,2,125,False,2,20230131,1,2.0
2647,148,2231.8859649122805,18335.69047619048,2,125,False,2,20230131,1,2.0
2648,149,2232.33629675046,18867.220416922133,3,117,False,2,20230131,1,2.0
2649,150,2231.79543994862,19403.787732819525,1,134,False,2,20230131,1,2.0
2650,151,2231.89588688946,19947.309768637533,0,0,False,2,20230131,1,2.0
2651,152,2232.33629675046,20483.220416922133,0,0,False,2,20230131,1,2.0
2652,153,2231.89588688946,21019.309768637533,1,101,False,2,20230131,1,2.0
2653,154,2674.93137254902,928.0539215686274,0,111,False,2,20230131,1,2.0
2654,155,2677.859493670886,1462.4012658227848,0,1,False,2,20230131,1,2.0
2655,156,2675.406919779547,1999.776791181874,0,137,False,2,20230131,1,2.0
2656,157,2674.90666247643,2531.489943431804,0,124,False,2,20230131,1,2.0
2657,158,2675.1173694147265,3068.04877281309,0,0,False,2,20230131,1,2.0
2658,159,2674.6416309012875,3607.7722256284487,0,0,False,2,20230131,1,2.0
2659,160,2678.221252257676,4135.150812763395,1,207,True,2,20230131,1,2.0
2660,161,2679.5,4679.5,0,202,True,2,20230131,1,2.0
2661,162,2678.2738452309536,5208.111877624475,1,179,True,2,20230131,1,2.0
2662,163,2679.5,5747.5,1,155,True,2,20230131,1,2.0
2663,164,2680.4987699877,6275.849323493235,1,133,False,2,20230131,1,2.0
2664,165,2679.882775119617,6815.5,0,0,False,2,20230131,1,2.0
2665,166,2680.2616766467067,7351.859281437126,1,129,False,2,20230131,1,2.0
2666,167,2680.236225087925,8427.317116060962,1,130,False,2,20230131,1,2.0
2667,168,2679.907035175879,8951.680904522613,1,0,False,2,20230131,1,2.0
2668,169,2679.211389385808,9487.774299344066,0,0,True,2,20230131,1,2.0
2669,170,2680.0693779904304,10024.04066985646,0,0,False,2,20230131,1,2.0
2670,171,2681.5253470126736,10560.709414604707,4,129,False,2,20230131,1,2.0
2671,172,2680.147574517826,11099.766510812393,0,0,False,2,20230131,1,2.0
2672,173,2680.1638705811865,12175.766027561414,0,129,False,2,20230131,1,2.0
2673,174,2680.093137254902,12707.5,0,0,False,2,20230131,1,2.0
2674,175,2680.0840490797545,13236.039877300613,2,159,True,2,20230131,1,2.0
2675,176,2679.796024464832,13771.774006116208,0,156,True,2,20230131,1,2.0
2676,177,2680.459409594096,14308.385608856088,0,210,True,2,20230131,1,2.0
2677,178,2679.896572827417,14851.681150550796,1,122,False,2,20230131,1,2.0
2678,179,2680.0840490797545,15380.039877300613,1,134,False,2,20230131,1,2.0
2679,180,2680.0693779904304,15920.04066985646,0,0,False,2,20230131,1,2.0
2680,181,2679.980573819486,16463.406754333533,0,0,False,2,20230131,1,2.0
2681,182,2679.896572827417,16995.681150550794,1,202,True,2,20230131,1,2.0
2682,183,2679.605602060528,17531.592723760463,1,123,False,2,20230131,1,2.0
2683,184,2679.9935543278084,18067.58348680172,6,124,False,2,20230131,1,2.0
2684,185,2679.80923947203,18599.42206159648,0,0,False,2,20230131,1,2.0
2685,186,2680.1876155268023,19139.214109673445,1,128,False,2,20230131,1,2.0
2686,187,2680.4227166276346,19675.5,1,126,False,2,20230131,1,2.0
2687,188,2679.700488997555,20211.5,0,0,False,2,20230131,1,2.0
2688,189,2679.7963870177587,20755.22565829761,2,0,False,2,20230131,1,2.0
2689,190,2680.093137254902,21283.5,2,102,False,2,20230131,1,2.0
2690,191,2683.602761721259,7887.595054592164,2,134,False,2,20230131,1,2.0
2691,192,2683.9025806451614,11639.5,0,0,False,2,20230131,1,2.0
2692,193,3130.359950859951,1199.5,2,153,True,2,20230131,1,2.0
2693,194,3125.668888888889,1728.9653968253967,0,0,False,2,20230131,1,2.0
2694,195,3131.397238278741,2263.5950545921646,0,111,False,2,20230131,1,2.0
2695,196,3127.2105097545627,2799.7794210195093,2,125,False,2,20230131,1,2.0
2696,197,3129.775092936803,3336.6995043370507,1,1,False,2,20230131,1,2.0
2697,198,3131.397238278741,3871.5950545921646,0,1,False,2,20230131,1,2.0
2698,199,3130.726600985221,4406.869458128079,1,110,False,2,20230131,1,2.0
2699,200,3130.9945196647323,4943.595422308188,1,135,False,2,20230131,1,2.0
2700,201,3131.402260232132,5479.404703726329,1,111,False,2,20230131,1,2.0
2701,202,3131.203889585948,6011.781053952322,0,1,False,2,20230131,1,2.0
2702,203,3131.1220858895704,6544.241104294479,1,124,False,2,20230131,1,2.0
2703,204,3131.6001251564458,7083.595118898624,0,0,False,2,20230131,1,2.0
2704,205,3131.5,7623.127450980392,3,132,False,2,20230131,1,2.0
2705,206,3131.5,8151.872549019607,3,112,False,2,20230131,1,2.0
2706,207,3131.5,8695.309768637531,0,122,False,2,20230131,1,2.0
2707,208,3131.6956112852663,9219.876175548588,1,127,False,2,20230131,1,2.0
2708,209,3131.7961104140527,9755.781053952322,1,1,False,2,20230131,1,2.0
2709,210,3131.7961104140527,10291.781053952322,0,0,False,2,20230131,1,2.0
2710,211,3131.5,10828.06246076585,1,136,False,2,20230131,1,2.0
2711,212,3131.779926335175,11374.854205033764,0,128,False,2,20230131,1,2.0
2712,213,3131.6909424724604,11903.686046511628,1,125,False,2,20230131,1,2.0
2713,214,3131.6002506265663,12443.40476190476,3,132,False,2,20230131,1,2.0
2714,215,3131.7961104140527,12971.781053952322,0,0,False,2,20230131,1,2.0
2715,216,3131.7795830778664,13504.33629675046,6,139,False,2,20230131,1,2.0
2716,217,3131.7795830778664,14040.33629675046,1,204,True,2,20230131,1,2.0
2717,218,3131.960431654676,14579.960431654676,4,124,False,2,20230131,1,2.0
2718,219,3131.6956112852663,15115.876175548588,0,0,False,2,20230131,1,2.0
2719,220,3131.5,15648.063035495716,2,121,False,2,20230131,1,2.0
2720,221,3131.8823529411766,16191.5,1,136,False,2,20230131,1,2.0
2721,222,3131.5,16731.30964308078,1,191,True,2,20230131,1,2.0
2722,223,3131.6862686567165,17267.313731343285,1,185,True,2,20230131,1,2.0
2723,224,3131.313953488372,17795.68604651163,1,3,False,2,20230131,1,2.0
2724,225,3131.6909424724604,18335.31395348837,2,118,False,2,20230131,1,2.0
2725,226,3131.68671454219,18867.68671454219,2,131,False,2,20230131,1,2.0
2726,227,3131.700375704446,19403.5,2,136,False,2,20230131,1,2.0
2727,228,3131.5,19947.5,1,3,False,2,20230131,1,2.0
2728,229,3131.782634730539,20482.661676646705,0,0,False,2,20230131,1,2.0
2729,230,3131.7961104140527,21019.21894604768,1,112,False,2,20230131,1,2.0
2730,231,3570.6416309012875,927.7722256284488,1,153,True,2,20230131,1,2.0
2731,232,3571.5,1463.5,0,0,False,2,20230131,1,2.0
2732,233,3569.9433497536947,2000.5147783251232,0,0,False,2,20230131,1,2.0
2733,234,3571.3043887147337,2531.1238244514107,0,119,False,2,20230131,1,2.0
2734,235,3571.8962382445143,3067.6855799373043,0,132,False,2,20230131,1,2.0
2735,236,3571.5,3607.309523809524,0,0,False,2,20230131,1,2.0
2736,237,3571.597620500305,4135.595179987798,1,131,False,2,20230131,1,2.0
2737,238,3571.5,4679.5,0,0,False,2,20230131,1,2.0
2738,239,3571.88630806846,5207.6858190709045,1,129,False,2,20230131,1,2.0
2739,240,3571.7961104140527,5747.590338770389,2,118,False,2,20230131,1,2.0
2740,241,3571.8962382445143,6275.314420062696,0,0,False,2,20230131,1,2.0
2741,242,3571.69536019536,6815.5,1,126,False,2,20230131,1,2.0
2742,243,3572.166258420086,7351.041947336191,0,0,False,2,20230131,1,2.0
2743,244,3571.7056555269924,7887.5,0,0,False,2,20230131,1,2.0
2744,245,3572.5167865707435,8427.404076738609,2,125,False,2,20230131,1,2.0
2745,246,3571.9066924066924,8951.685328185327,0,0,False,2,20230131,1,2.0
2746,247,3572.260736196319,9487.86809815951,0,120,False,2,20230131,1,2.0
2747,248,3572.260736196319,10023.86809815951,0,0,False,2,20230131,1,2.0
2748,249,3572.0686274509803,10560.053921568628,0,0,False,2,20230131,1,2.0
2749,250,3574.511180124224,11097.66645962733,1,0,False,2,20230131,1,2.0
2750,251,3572.00998068255,11639.404700579524,0,0,False,2,20230131,1,2.0
2751,252,3572.3583690987125,12175.227774371551,0,0,True,2,20230131,1,2.0
2752,253,3572.0925925925926,12707.5,0,0,False,2,20230131,1,2.0
2753,254,3572.0825486503454,13236.052416823602,0,1,False,2,20230131,1,2.0
2754,255,3571.8962382445143,13771.685579937304,0,0,False,2,20230131,1,2.0
2755,256,3572.183417085427,14307.957286432162,0,0,False,2,20230131,1,2.0
2756,257,3571.700375704446,14851.5,0,0,False,2,20230131,1,2.0
2757,258,3572.183417085427,15379.957286432162,2,217,True,2,20230131,1,2.0
2758,259,3572.3583690987125,15919.772225628449,0,129,False,2,20230131,1,2.0
2759,260,3571.88630806846,16463.314180929094,0,0,False,2,20230131,1,2.0
2760,261,3572.0925925925926,16995.5,0,0,False,2,20230131,1,2.0
2761,262,3571.6055408970974,17531.594986807388,1,2,False,2,20230131,1,2.0
2762,263,3571.6001251564458,18067.40488110137,5,136,False,2,20230131,1,2.0
2763,264,3571.602761721259,18599.59505459217,3,117,False,2,20230131,1,2.0
2764,265,3572.0925925925926,19139.5,3,114,False,2,20230131,1,2.0
2765,266,3572.5167865707435,19675.59592326139,4,127,False,2,20230131,1,2.0
2766,267,3572.0925925925926,20211.5,3,121,False,2,20230131,1,2.0
2767,268,3572.183417085427,20755.04271356784,1,127,False,2,20230131,1,2.0
2768,269,3572.0925925925926,21283.5,4,80,False,2,20230131,1,2.0
2769,270,4023.1235884567127,1199.1135508155585,0,0,False,2,20230131,1,2.0
2770,271,4023.4024390243903,1727.5975609756097,1,116,False,2,20230131,1,2.0
2771,272,4023.5,2263.5,1,119,False,2,20230131,1,2.0
2772,273,4023.5,2799.304755944931,1,1,False,2,20230131,1,2.0
2773,274,4023.22057898049,3335.7794210195093,0,0,False,2,20230131,1,2.0
2774,275,4023.6026991441736,3871.597432521396,0,130,False,2,20230131,1,2.0
2775,276,4023.6911949685536,4407.308805031446,1,134,False,2,20230131,1,2.0
2776,277,4023.3973008558255,4943.597432521396,0,0,False,2,20230131,1,2.0
2777,278,4023.690476190476,5479.11403508772,0,0,False,2,20230131,1,2.0
2778,279,4023.6000641436817,6011.597498396408,1,131,False,2,20230131,1,2.0
2779,280,4023.690476190476,6543.8859649122805,0,141,False,2,20230131,1,2.0
2780,281,4023.7002567394097,7083.5,2,1,False,2,20230131,1,2.0
2781,282,4023.7884012539184,7623.211598746081,0,0,False,2,20230131,1,2.0
2782,283,4023.885964912281,8151.690476190476,1,1,False,2,20230131,1,2.0
2783,284,4023.6026991441736,8695.402567478604,0,0,False,2,20230131,1,2.0
2784,285,4023.7954399486193,9219.787732819525,1,0,False,2,20230131,1,2.0
2785,286,4023.89588688946,9755.690231362469,1,121,False,2,20230131,1,2.0
2786,287,4023.89588688946,10291.690231362469,1,130,False,2,20230131,1,2.0
2787,288,4023.6953727506425,10827.885604113111,2,138,False,2,20230131,1,2.0
2788,289,4023.7884012539184,11375.211598746082,3,117,False,2,20230131,1,2.0
2789,290,4023.885964912281,11903.690476190475,2,135,False,2,20230131,1,2.0
2790,291,4023.7002567394097,12443.5,1,130,False,2,20230131,1,2.0
2791,292,4023.7954399486193,12971.787732819525,0,0,True,2,20230131,1,2.0
2792,293,4023.969554300063,13504.165411173886,1,58,True,2,20230131,1,2.0
2793,294,4023.885964912281,14039.690476190475,2,143,False,2,20230131,1,2.0
2794,295,4023.87652811736,14579.690709046456,0,0,False,2,20230131,1,2.0
2795,296,4023.7954399486193,15115.787732819525,1,165,False,2,20230131,1,2.0
2796,297,4023.5975609756097,15647.40243902439,1,236,True,2,20230131,1,2.0
2797,298,4023.5,16191.5,1,201,True,2,20230131,1,2.0
2798,299,4023.6000641436817,16731.402501603592,0,0,False,2,20230131,1,2.0
2799,300,4023.4048200122015,17267.402379499694,0,0,False,2,20230131,1,2.0
2800,301,4024.053921568628,17796.06862745098,7,130,False,2,20230131,1,2.0
2801,302,4023.695244055069,18335.5,3,141,False,2,20230131,1,2.0
2802,303,4023.5,18867.5,2,121,False,2,20230131,1,2.0
2803,304,4023.6000641436817,19403.597498396408,0,0,False,2,20230131,1,2.0
2804,305,4023.89588688946,19947.309768637533,4,125,False,2,20230131,1,2.0
2805,306,4023.314180929096,20483.11369193154,4,116,False,2,20230131,1,2.0
2806,307,4023.6000641436817,21019.402501603592,2,112,False,2,20230131,1,2.0
2807,308,4467.308588957055,927.6865030674846,0,0,False,2,20230131,1,2.0
2808,309,4467.6027617212585,1463.5950545921644,2,131,False,2,20230131,1,2.0
2809,310,4467.69094247246,1999.686046511628,2,121,False,2,20230131,1,2.0
2810,311,4467.5,2531.5,1,137,False,2,20230131,1,2.0
2811,312,4467.103264281231,3067.133396107972,2,128,False,2,20230131,1,2.0
2812,313,4467.597620500305,3607.5951799877976,0,0,False,2,20230131,1,2.0
2813,314,4468.0700245700245,4135.490171990172,0,0,False,2,20230131,1,2.0
2814,315,4467.790461538461,4678.6704615384615,0,0,False,2,20230131,1,2.0
2815,316,4467.220416922134,5207.772225628449,0,0,False,2,20230131,1,2.0
2816,317,4467.600250626567,5747.4047619047615,0,115,False,2,20230131,1,2.0
2817,318,4467.695611285267,6275.876175548589,1,125,False,2,20230131,1,2.0
2818,319,4468.067931456549,6814.9467564259485,0,132,False,2,20230131,1,2.0
2819,320,4467.69094247246,7351.686046511628,0,146,False,2,20230131,1,2.0
2820,321,4467.705655526992,7887.5,1,116,False,2,20230131,1,2.0
2821,322,4467.9604316546765,8427.039568345324,1,111,False,2,20230131,1,2.0
2822,323,4467.803536977492,8951.78038585209,2,134,False,2,20230131,1,2.0
2823,324,4467.779926335175,9488.145794966236,0,0,False,2,20230131,1,2.0
2824,325,4467.970876762723,10023.958614347026,0,0,False,2,20230131,1,2.0
2825,326,4467.779926335175,10560.145794966236,1,1,False,2,20230131,1,2.0
2826,327,4467.773709483794,11099.773709483794,0,0,False,2,20230131,1,2.0
2827,328,4467.705655526992,11639.5,2,135,False,2,20230131,1,2.0
2828,329,4467.691411042945,12175.313496932517,2,126,False,2,20230131,1,2.0
2829,330,4467.992462311558,12707.404522613066,2,214,True,2,20230131,1,2.0
2830,331,4467.982412060302,13236.14824120603,0,217,True,2,20230131,1,2.0
2831,332,4467.695611285267,13771.876175548588,1,123,False,2,20230131,1,2.0
2832,333,4467.78679245283,14308.335220125786,0,0,False,2,20230131,1,2.0
2833,334,4467.700375704446,14851.5,3,134,False,2,20230131,1,2.0
2834,335,4467.695611285267,15379.876175548588,3,130,False,2,20230131,1,2.0
2835,336,4467.69094247246,15919.686046511628,1,142,False,2,20230131,1,2.0
2836,337,4467.597979179424,16463.03214941825,1,128,False,2,20230131,1,2.0
2837,338,4467.796110414053,16995.590338770387,1,109,False,2,20230131,1,2.0
2838,339,4467.812169312169,17531.589947089946,0,0,False,2,20230131,1,2.0
2839,340,4467.304143126177,18067.314187068423,2,125,False,2,20230131,1,2.0
2840,341,4467.6027617212585,18599.59505459217,2,129,False,2,20230131,1,2.0
2841,342,4467.992462311558,19139.59547738693,3,121,False,2,20230131,1,2.0
2842,343,4467.9604316546765,19675.586330935253,2,115,False,2,20230131,1,2.0
2843,344,4467.992462311558,20211.404522613066,4,115,False,2,20230131,1,2.0
2844,345,4467.695611285267,20755.87617554859,0,0,False,2,20230131,1,2.0
2845,346,4467.600250626567,21283.404761904763,0,0,False,2,20230131,1,2.0
2846,347,4910.279048765804,1198.8762793497892,0,0,False,2,20230131,1,2.0
2847,348,4909.975961538462,1726.3557692307693,0,0,False,2,20230131,1,2.0
2848,349,4911.294228356336,2263.5,0,0,False,2,20230131,1,2.0
2849,350,4910.738323353294,2799.859281437126,1,123,False,2,20230131,1,2.0
2850,351,4910.551497005988,3335.32754491018,0,124,False,2,20230131,1,2.0
2851,352,4911.092964824121,3871.680904522613,0,0,False,2,20230131,1,2.0
2852,353,4911.308383233533,4407.317964071856,0,121,False,2,20230131,1,2.0
2853,354,4911.298994974874,4943.133165829146,0,0,False,2,20230131,1,2.0
2854,355,4911.308841099164,5479.318399044206,2,114,False,2,20230131,1,2.0
2855,356,4911.696078431372,6011.318627450981,1,121,False,2,20230131,1,2.0
2856,357,4911.308383233533,6543.682035928144,2,1,False,2,20230131,1,2.0
2857,358,4911.796387017759,7083.225658297612,2,139,False,2,20230131,1,2.0
2858,359,4912.070743405276,7622.958033573142,1,136,False,2,20230131,1,2.0
2859,360,4911.5,8151.5,0,1,False,2,20230131,1,2.0
2860,361,4911.5,8694.951572327043,0,0,False,2,20230131,1,2.0
2861,362,4911.696078431372,9219.68137254902,0,131,False,2,20230131,1,2.0
2862,363,4911.69656019656,9755.681818181818,0,0,False,2,20230131,1,2.0
2863,364,4911.5,10291.863190184047,1,1,False,2,20230131,1,2.0
2864,365,4911.5,10827.863190184047,0,0,False,2,20230131,1,2.0
2865,366,4911.5,11374.602040816326,0,0,False,2,20230131,1,2.0
2866,367,4911.780407429598,11902.869682444578,1,119,False,2,20230131,1,2.0
2867,368,4911.600551808707,12443.043838136113,0,0,False,2,20230131,1,2.0
2868,369,4911.696078431372,12971.68137254902,0,204,True,2,20230131,1,2.0
2869,370,4911.780407429598,13504.130317555422,0,0,False,2,20230131,1,2.0
2870,371,4911.780407429598,14040.130317555422,2,138,False,2,20230131,1,2.0
2871,372,4911.774165202109,14579.232864674868,1,128,False,2,20230131,1,2.0
2872,373,4911.696078431372,15115.68137254902,2,135,False,2,20230131,1,2.0
2873,374,4911.780407429598,15648.130317555422,0,0,False,2,20230131,1,2.0
2874,375,4911.5,16191.136363636364,1,118,False,2,20230131,1,2.0
2875,376,4911.5,16731.5,3,123,False,2,20230131,1,2.0
2876,377,4911.869158878505,17266.77570093458,1,118,False,2,20230131,1,2.0
2877,378,4911.877182770663,17795.681606519207,2,120,False,2,20230131,1,2.0
2878,379,4912.261676646706,18335.32754491018,2,126,False,2,20230131,1,2.0
2879,380,4912.056725146199,18867.49064327485,0,0,False,2,20230131,1,2.0
2880,381,4911.696078431372,19403.68137254902,1,127,False,2,20230131,1,2.0
2881,382,4911.796387017759,19947.22565829761,1,117,False,2,20230131,1,2.0
2882,383,4911.961088355763,20483.050614394386,3,111,False,2,20230131,1,2.0
2883,384,4911.888206388207,21018.77764127764,2,106,False,2,20230131,1,2.0
2884,385,5354.359950859951,927.5,1,94,False,2,20230131,1,2.0
2885,386,5355.3972382787415,1463.4049454078356,0,7,False,2,20230131,1,2.0
2886,387,5354.355036855037,1999.8341523341523,1,120,False,2,20230131,1,2.0
2887,388,5355.103761755486,2531.314420062696,0,0,False,2,20230131,1,2.0
2888,389,5355.299624295554,3067.5,1,1,False,2,20230131,1,2.0
2889,390,5355.5,3607.309523809524,0,0,False,2,20230131,1,2.0
2890,391,5355.5,4135.5,0,119,False,2,20230131,1,2.0
2891,392,5355.87791411043,4678.758895705521,0,0,False,2,20230131,1,2.0
2892,393,5355.69094247246,5207.313953488372,0,0,False,2,20230131,1,2.0
2893,394,5355.695611285267,5747.123824451411,0,126,False,2,20230131,1,2.0
2894,395,5355.600250626567,6275.4047619047615,0,0,False,2,20230131,1,2.0
2895,396,5355.5,6815.1274509803925,0,120,False,2,20230131,1,2.0
2896,397,5355.597739767868,7351.404703726329,1,132,False,2,20230131,1,2.0
2897,398,5355.6027617212585,7887.404945407836,0,134,False,2,20230131,1,2.0
2898,399,5355.868641532017,8426.757929383602,1,1,False,2,20230131,1,2.0
2899,400,5355.6027617212585,8951.595054592164,0,0,True,2,20230131,1,2.0
2900,401,5355.69094247246,9487.686046511628,1,139,False,2,20230131,1,2.0
2901,402,5355.882352941177,10023.5,0,0,False,2,20230131,1,2.0
2902,403,5355.788685015291,10559.781345565749,0,0,False,2,20230131,1,2.0
2903,404,5355.87298266587,11099.5,1,124,False,2,20230131,1,2.0
2904,405,5355.803536977492,11639.21961414791,1,114,False,2,20230131,1,2.0
2905,406,5355.788685015291,12175.218654434251,1,126,False,2,20230131,1,2.0
2906,407,5355.796110414053,12707.218946047678,1,128,False,2,20230131,1,2.0
2907,408,5355.896238244514,13235.685579937304,3,138,False,2,20230131,1,2.0
2908,409,5355.700375704446,13771.5,3,143,False,2,20230131,1,2.0
2909,410,5355.796110414053,14307.781053952322,0,0,False,2,20230131,1,2.0
2910,411,5355.600125156446,14851.404881101376,0,0,False,2,20230131,1,2.0
2911,412,5355.700375704446,15379.5,1,109,False,2,20230131,1,2.0
2912,413,5355.88630806846,15919.685819070904,2,130,False,2,20230131,1,2.0
2913,414,5355.5,16462.936964504283,0,0,False,2,20230131,1,2.0
2914,415,5355.896238244514,16995.314420062696,0,0,False,2,20230131,1,2.0
2915,416,5355.917713152677,17531.31493721084,0,0,False,2,20230131,1,2.0
2916,417,5355.795739348371,18067.21929824561,3,123,False,2,20230131,1,2.0
2917,418,5355.6027617212585,18599.59505459217,4,127,False,2,20230131,1,2.0
2918,419,5355.700375704446,19139.5,3,137,False,2,20230131,1,2.0
2919,420,5355.968339307049,19675.40442054958,2,125,False,2,20230131,1,2.0
2920,421,5355.600125156446,20211.40488110137,3,119,False,2,20230131,1,2.0
2921,422,5355.795739348371,20755.21929824561,1,1,False,2,20230131,1,2.0
2922,423,5355.700375704446,21283.5,0,0,False,2,20230131,1,2.0
2923,424,5806.541916167665,1199.3179640718563,0,0,False,2,20230131,1,2.0
2924,425,5806.328331332533,1727.2454981992796,0,109,False,2,20230131,1,2.0
2925,426,5806.901257861635,2262.9616352201256,1,116,False,2,20230131,1,2.0
2926,427,5807.019426180514,2799.4067543335327,0,102,False,2,20230131,1,2.0
2927,428,5807.204504504504,3335.262162162162,2,2,False,2,20230131,1,2.0
2928,429,5807.705771643664,3871.5,3,114,False,2,20230131,1,2.0
2929,430,5807.308383233533,4407.317964071856,1,1,False,2,20230131,1,2.0
2930,431,5807.397049591965,4943.407093534212,0,0,False,2,20230131,1,2.0
2931,432,5807.5,5479.136363636364,0,0,False,2,20230131,1,2.0
2932,433,5807.5,6011.5,1,138,False,2,20230131,1,2.0
2933,434,5807.317964071856,6544.223353293413,0,0,False,2,20230131,1,2.0
2934,435,5807.303921568628,7083.318627450981,2,104,False,2,20230131,1,2.0
2935,436,5807.5,7623.136363636364,1,0,False,2,20230131,1,2.0
2936,437,5807.5,8151.5,1,123,False,2,20230131,1,2.0
2937,438,5807.5,8694.951572327043,0,127,False,2,20230131,1,2.0
2938,439,5807.399448191293,9219.956161863887,3,120,False,2,20230131,1,2.0
2939,440,5807.303921568628,9755.68137254902,0,0,False,2,20230131,1,2.0
2940,441,5807.5,10291.863190184047,3,139,False,2,20230131,1,2.0
2941,442,5807.5,10827.863190184047,0,0,False,2,20230131,1,2.0
2942,443,5807.5,11374.602040816326,3,116,False,2,20230131,1,2.0
2943,444,5807.691616766467,11903.317964071855,0,1,False,2,20230131,1,2.0
2944,445,5807.600551808707,12443.043838136113,0,130,False,2,20230131,1,2.0
2945,446,5807.696078431372,12971.68137254902,1,126,False,2,20230131,1,2.0
2946,447,5807.5,13503.863636363636,0,0,False,2,20230131,1,2.0
2947,448,5807.780407429598,14040.130317555422,2,118,False,2,20230131,1,2.0
2948,449,5807.5,14579.5,0,0,False,2,20230131,1,2.0
2949,450,5807.5,15115.5,2,111,False,2,20230131,1,2.0
2950,451,5807.308383233533,15647.682035928145,1,112,False,2,20230131,1,2.0
2951,452,5807.219592570402,16190.869682444578,2,112,False,2,20230131,1,2.0
2952,453,5807.203975535168,16731.225993883792,1,109,False,2,20230131,1,2.0
2953,454,5808.315897136177,17266.518118059616,0,0,False,2,20230131,1,2.0
2954,455,5807.5,17795.5,0,0,False,2,20230131,1,2.0
2955,456,5807.598027495517,18335.04333532576,1,2,False,2,20230131,1,2.0
2956,457,5807.686915887851,18867.317757009347,2,3,False,2,20230131,1,2.0
2957,458,5807.399694189602,19403.59296636085,0,1,False,2,20230131,1,2.0
2958,459,5807.600551808707,19947.04383813612,0,0,False,2,20230131,1,2.0
2959,460,5807.322429906542,20482.59813084112,1,102,False,2,20230131,1,2.0
2960,461,5807.600551808707,21019.04383813612,0,0,False,2,20230131,1,2.0
2961,462,6248.491920447483,929.41671845867,0,0,False,2,20230131,1,2.0
2962,463,6250.684516129032,1463.5,0,92,False,2,20230131,1,2.0
2963,464,6250.062461538461,1999.2710769230769,0,0,False,2,20230131,1,2.0
2964,465,6246.90797940798,2531.5,1,2,False,2,20230131,1,2.0
2965,466,6251.103761755486,3067.6855799373043,0,0,False,2,20230131,1,2.0
2966,467,6251.402379499695,3607.4048200122015,0,0,False,2,20230131,1,2.0
2967,468,6251.30905752754,4135.686046511628,0,0,False,2,20230131,1,2.0
2968,469,6251.788685015291,4679.21865443425,0,0,False,2,20230131,1,2.0
2969,470,6251.882352941177,5207.5,2,115,False,2,20230131,1,2.0
2970,471,6251.600250626567,5747.4047619047615,0,114,False,2,20230131,1,2.0
2971,472,6251.600250626567,6275.595238095239,0,101,False,2,20230131,1,2.0
2972,473,6251.5,6815.1274509803925,1,107,False,2,20230131,1,2.0
2973,474,6251.5,7351.5,1,117,False,2,20230131,1,2.0
2974,475,6251.6027617212585,7887.404945407836,1,111,False,2,20230131,1,2.0
2975,476,6251.773053892216,8426.853293413174,2,107,False,2,20230131,1,2.0
2976,477,6251.5,8951.690231362469,0,0,False,2,20230131,1,2.0
2977,478,6251.5,9487.872549019608,0,0,False,2,20230131,1,2.0
2978,479,6251.5,10023.872549019608,0,0,False,2,20230131,1,2.0
2979,480,6251.69094247246,10559.686046511628,1,1,False,2,20230131,1,2.0
2980,481,6251.87298266587,11099.5,1,104,False,2,20230131,1,2.0
2981,482,6251.6027617212585,11639.404945407836,1,1,False,2,20230131,1,2.0
2982,483,6251.597979179424,12175.032149418248,0,0,False,2,20230131,1,2.0
2983,484,6251.796110414053,12707.218946047678,2,103,False,2,20230131,1,2.0
2984,485,6251.896238244514,13235.685579937304,1,109,False,2,20230131,1,2.0
2985,486,6251.600125156446,13771.595118898624,1,105,False,2,20230131,1,2.0
2986,487,6251.795739348371,14307.780701754386,1,107,False,2,20230131,1,2.0
2987,488,6251.5,14851.309643080776,1,1,False,2,20230131,1,2.0
2988,489,6251.600250626567,15379.40476190476,0,0,False,2,20230131,1,2.0
2989,490,6251.5,15919.5,0,0,False,2,20230131,1,2.0
2990,491,6251.5,16462.389434889436,0,0,False,2,20230131,1,2.0
2991,492,6251.5,16995.30964308078,0,0,False,2,20230131,1,2.0
2992,493,6251.605540897098,17531.405013192612,2,104,False,2,20230131,1,2.0
2993,494,6251.5,18066.93753923415,1,0,False,2,20230131,1,2.0
2994,495,6251.5,18599.5,2,1,False,2,20230131,1,2.0
2995,496,6251.5,19139.30964308078,2,3,False,2,20230131,1,2.0
2996,497,6251.5,19675.12701733413,2,92,False,2,20230131,1,2.0
2997,498,6251.5,20211.30964308078,1,86,True,2,20230131,1,2.0
2998,499,6251.399874843554,20755.40488110137,0,0,False,2,20230131,1,2.0
2999,500,6251.600250626567,21283.404761904763,0,0,False,2,20230131,1,2.0
3000,1,899.004835589942,1464.1473243068988,0,1,False,2,20230131,1,2.5
3001,2,898.7570725707257,2000.5971709717096,2,92,False,2,20230131,1,2.5
3002,3,899.2132075471698,2532.3352201257862,3,109,False,2,20230131,1,2.5
3003,4,899.2132075471698,3068.3352201257862,4,101,False,2,20230131,1,2.5
3004,5,899.4020208205757,3607.967850581752,3,108,False,2,20230131,1,2.5
3005,6,899.2204169221336,4136.33629675046,0,0,False,2,20230131,1,2.5
3006,7,899.4020208205757,4679.967850581751,1,100,False,2,20230131,1,2.5
3007,8,899.7795830778664,5208.33629675046,0,95,False,2,20230131,1,2.5
3008,9,899.6956112852664,5747.876175548589,1,99,False,2,20230131,1,2.5
3009,10,899.204260651629,6275.7807017543855,2,113,False,2,20230131,1,2.5
3010,11,899.8779141104294,6816.241104294479,3,110,False,2,20230131,1,2.5
3011,12,900.0686274509804,7352.053921568628,0,0,False,2,20230131,1,2.5
3012,13,900.3051612903225,7887.866451612903,0,0,False,2,20230131,1,2.5
3013,14,900.6003003003003,8428.206306306307,0,0,False,2,20230131,1,2.5
3014,15,900.0979381443299,8952.051546391753,1,0,False,2,20230131,1,2.5
3015,16,900.2429274292743,9488.59717097171,0,0,False,2,20230131,1,2.5
3016,17,901.4233621755252,10024.187268232386,0,119,False,2,20230131,1,2.5
3017,18,901.0743368291178,10560.657310302282,2,118,False,2,20230131,1,2.5
3018,19,900.5989802039592,11100.224655068989,2,122,False,2,20230131,1,2.5
3019,20,899.7005141388174,11639.690231362469,0,0,False,2,20230131,1,2.5
3020,21,901.428306551298,12176.889369592089,1,128,False,2,20230131,1,2.5
3021,22,900.3805031446541,12707.771698113207,1,115,False,2,20230131,1,2.5
3022,23,900.3564231738035,13236.502518891688,1,114,False,2,20230131,1,2.5
3023,24,899.9824120603015,13772.14824120603,1,117,False,2,20230131,1,2.5
3024,25,900.1607818411097,14308.690416141237,0,120,False,2,20230131,1,2.5
3025,26,899.896238244514,14851.685579937304,2,109,False,2,20230131,1,2.5
3026,27,899.9824120603015,15380.14824120603,3,123,False,2,20230131,1,2.5
3027,28,899.7795830778664,15920.33629675046,1,121,False,2,20230131,1,2.5
3028,29,899.6909424724602,16463.68604651163,1,112,False,2,20230131,1,2.5
3029,30,899.6956112852664,16995.87617554859,1,113,False,2,20230131,1,2.5
3030,31,899.6055408970976,17531.594986807388,1,103,False,2,20230131,1,2.5
3031,32,899.5,18067.5,2,115,False,2,20230131,1,2.5
3032,33,899.5,18599.690231362467,0,0,False,2,20230131,1,2.5
3033,34,899.6002506265664,19139.404761904763,0,113,False,2,20230131,1,2.5
3034,35,900.1467065868263,19675.226946107785,0,109,False,2,20230131,1,2.5
3035,36,900.0925925925926,20211.5,0,4,False,2,20230131,1,2.5
3036,37,900.1842767295598,20754.86603773585,2,105,False,2,20230131,1,2.5
3037,38,903.89588688946,21283.309768637533,0,0,False,2,20230131,1,2.5
3038,39,1342.8345888261142,1199.9695543000628,0,0,False,2,20230131,1,2.5
3039,40,1343.293710691824,1728.4610062893082,1,102,False,2,20230131,1,2.5
3040,41,1343.1967699406723,2263.78740936058,1,120,False,2,20230131,1,2.5
3041,42,1343.2115987460816,2799.7884012539184,1,109,False,2,20230131,1,2.5
3042,43,1343.211959924859,3335.788040075141,1,111,False,2,20230131,1,2.5
3043,44,1343.5,3871.694993412385,0,0,False,2,20230131,1,2.5
3044,45,1343.5,4407.6952440550685,1,0,False,2,20230131,1,2.5
3045,46,1343.5,4943.5,1,120,False,2,20230131,1,2.5
3046,47,1343.5975609756097,5479.59756097561,0,114,False,2,20230131,1,2.5
3047,48,1343.5951768488746,6011.788102893891,0,0,False,2,20230131,1,2.5
3048,49,1343.7790697674418,6544.357322438717,1,0,False,2,20230131,1,2.5
3049,50,1343.7002567394095,7083.5,0,0,False,2,20230131,1,2.5
3050,51,1344.0771643663738,7623.5,2,133,False,2,20230131,1,2.5
3051,52,1343.7884012539184,8151.788401253919,3,120,False,2,20230131,1,2.5
3052,53,1343.705533596838,8695.5,3,130,False,2,20230131,1,2.5
3053,54,1343.6953727506427,9219.885604113111,0,0,False,2,20230131,1,2.5
3054,55,1343.89588688946,9755.690231362469,2,125,False,2,20230131,1,2.5
3055,56,1343.399935856318,10291.597498396408,0,0,False,2,20230131,1,2.5
3056,57,1344.0824742268042,10828.067010309278,0,0,False,2,20230131,1,2.5
3057,58,1344.4319899244333,11374.568010075567,0,0,False,2,20230131,1,2.5
3058,59,1343.8859649122808,11903.690476190475,0,0,False,2,20230131,1,2.5
3059,60,1343.89588688946,12443.309768637531,2,127,False,2,20230131,1,2.5
3060,61,1343.89588688946,12971.690231362469,2,124,False,2,20230131,1,2.5
3061,62,1343.690476190476,13503.88596491228,0,0,False,2,20230131,1,2.5
3062,63,1343.8859649122808,14039.690476190475,0,0,False,2,20230131,1,2.5
3063,64,1343.4044703000611,14579.402020820577,0,0,False,2,20230131,1,2.5
3064,65,1343.6953727506427,15115.885604113111,0,0,False,2,20230131,1,2.5
3065,66,1343.690476190476,15647.88596491228,0,0,False,2,20230131,1,2.5
3066,67,1343.7884012539184,16191.788401253918,1,123,False,2,20230131,1,2.5
3067,68,1343.399935856318,16731.402501603592,0,0,False,2,20230131,1,2.5
3068,69,1343.6865030674846,17267.308588957054,0,0,False,2,20230131,1,2.5
3069,70,1343.5955296999389,17795.98009797918,2,2,False,2,20230131,1,2.5
3070,71,1343.5975609756097,18335.40243902439,1,120,False,2,20230131,1,2.5
3071,72,1343.5,18867.88235294117,1,133,False,2,20230131,1,2.5
3072,73,1343.5,19403.5,0,0,False,2,20230131,1,2.5
3073,74,1343.89588688946,19947.309768637533,4,119,False,2,20230131,1,2.5
3074,75,1344.0539215686274,20482.93137254902,0,0,False,2,20230131,1,2.5
3075,76,1344.1825499034128,21019.03122987765,0,1,True,2,20230131,1,2.5
3076,77,1786.8558696988323,928.6923786109404,0,0,False,2,20230131,1,2.5
3077,78,1786.6937984496124,1464.37338501292,3,124,False,2,20230131,1,2.5
3078,79,1786.9313725490197,2000.053921568628,3,119,False,2,20230131,1,2.5
3079,80,1787.2038895859473,2531.781053952321,1,123,False,2,20230131,1,2.5
3080,81,1786.442065491184,3068.3110831234258,0,123,False,2,20230131,1,2.5
3081,82,1787.970300061237,3608.149112063688,1,140,False,2,20230131,1,2.5
3082,83,1787.5979791794243,4135.967850581751,0,0,False,2,20230131,1,2.5
3083,84,1787.2204169221336,4679.772225628449,2,122,False,2,20230131,1,2.5
3084,85,1787.029699938763,5208.149112063687,0,1,False,2,20230131,1,2.5
3085,86,1787.882149591452,5748.053111250786,1,115,False,2,20230131,1,2.5
3086,87,1787.9753476611884,6276.870417193426,0,132,False,2,20230131,1,2.5
3087,88,1788.0700245700243,6816.055282555282,2,119,False,2,20230131,1,2.5
3088,89,1788.0686274509803,7352.053921568628,0,0,False,2,20230131,1,2.5
3089,90,1787.9066924066924,7887.685328185328,1,2,False,2,20230131,1,2.5
3090,91,1788.4214157168567,8427.5,0,130,False,2,20230131,1,2.5
3091,92,1788.8411003236247,8951.057281553398,0,0,False,2,20230131,1,2.5
3092,93,1788.9590264941469,9488.74460874923,0,0,False,2,20230131,1,2.5
3093,94,1788.5325752919484,10024.31868469576,0,0,False,2,20230131,1,2.5
3094,95,1789.3282890673256,10560.925571340333,1,129,False,2,20230131,1,2.5
3095,96,1788.2420706163973,11099.868641532015,0,0,False,2,20230131,1,2.5
3096,97,1788.1082474226805,11639.5,0,0,False,2,20230131,1,2.5
3097,98,1788.8382533825338,12175.657441574416,3,129,False,2,20230131,1,2.5
3098,99,1788.3636363636365,13236.671717171715,1,1,False,2,20230131,1,2.5
3099,100,1788.083280955374,13772.053111250783,1,126,False,2,20230131,1,2.5
3100,101,1788.26214511041,14308.5952681388,4,128,False,2,20230131,1,2.5
3101,102,1788.0925925925926,14851.5,1,137,False,2,20230131,1,2.5
3102,103,1787.887665198238,15380.240088105727,1,134,False,2,20230131,1,2.5
3103,104,1787.8779141104294,15920.24110429448,2,134,False,2,20230131,1,2.5
3104,105,1787.7886850152904,16463.409480122325,3,128,False,2,20230131,1,2.5
3105,106,1787.795739348371,16995.780701754386,2,131,False,2,20230131,1,2.5
3106,107,1787.9177131526767,17531.68506278916,6,132,False,2,20230131,1,2.5
3107,108,1787.7003757044458,18067.5,1,1,False,2,20230131,1,2.5
3108,109,1787.6027617212587,18599.59505459217,1,127,False,2,20230131,1,2.5
3109,110,1787.896238244514,19139.314420062696,6,146,False,2,20230131,1,2.5
3110,111,1788.4214157168567,19675.5,0,0,False,2,20230131,1,2.5
3111,112,1788.0925925925926,20211.5,0,1,True,2,20230131,1,2.5
3112,113,1788.083280955374,20754.94688874921,1,126,False,2,20230131,1,2.5
3113,114,1788.294468887492,21283.5,1,124,True,2,20230131,1,2.5
3114,115,1791.89588688946,12707.309768637531,0,0,False,2,20230131,1,2.5
3115,116,2231.304755944931,1199.5,3,107,False,2,20230131,1,2.5
3116,117,2231.6907151819323,1727.8764115432873,0,0,False,2,20230131,1,2.5
3117,118,2231.5,2263.5,0,0,False,2,20230131,1,2.5
3118,119,2231.5,2799.5,0,0,False,2,20230131,1,2.5
3119,120,2231.5,3335.5,0,0,False,2,20230131,1,2.5
3120,121,2231.5,3871.5,0,0,False,2,20230131,1,2.5
3121,122,2231.695244055069,4407.5,1,129,False,2,20230131,1,2.5
3122,123,2231.5,4943.5,0,132,True,2,20230131,1,2.5
3123,124,2231.5,5479.5,1,135,False,2,20230131,1,2.5
3124,125,2231.6000641436817,6011.402501603592,0,0,False,2,20230131,1,2.5
3125,126,2231.690476190476,6543.8859649122805,1,124,False,2,20230131,1,2.5
3126,127,2231.89588688946,7083.690231362468,2,3,False,2,20230131,1,2.5
3127,128,2232.077164366374,7623.5,0,131,False,2,20230131,1,2.5
3128,129,2231.8859649122805,8151.690476190476,1,123,False,2,20230131,1,2.5
3129,130,2232.1076618229854,8695.5,0,125,False,2,20230131,1,2.5
3130,131,2231.79543994862,9219.787732819525,0,0,False,2,20230131,1,2.5
3131,132,2232.182549903413,9755.968770122345,1,132,False,2,20230131,1,2.5
3132,133,2232.182549903413,10291.968770122345,3,139,False,2,20230131,1,2.5
3133,134,2232.082474226804,10828.067010309278,1,131,False,2,20230131,1,2.5
3134,135,2231.6902377972465,11375.304755944931,0,0,False,2,20230131,1,2.5
3135,136,2232.165411173886,11903.969554300063,0,0,False,2,20230131,1,2.5
3136,137,2231.7002567394097,12443.5,2,129,False,2,20230131,1,2.5
3137,138,2232.0817245817248,12972.06628056628,0,1,False,2,20230131,1,2.5
3138,139,2232.3332284455632,13504.529578351165,0,0,False,2,20230131,1,2.5
3139,140,2232.3332284455632,14040.529578351165,0,0,False,2,20230131,1,2.5
3140,141,2232.241104294478,14579.87791411043,4,118,False,2,20230131,1,2.5
3141,142,2232.0817245817248,15116.06628056628,0,0,False,2,20230131,1,2.5
3142,143,2231.9695543000626,15648.165411173886,0,124,False,2,20230131,1,2.5
3143,144,2231.8859649122805,16191.690476190475,0,0,False,2,20230131,1,2.5
3144,145,2231.7002567394097,16731.5,1,114,False,2,20230131,1,2.5
3145,146,2232.241104294478,17267.681595092025,3,143,False,2,20230131,1,2.5
3146,147,2232.053921568628,17796.06862745098,1,140,False,2,20230131,1,2.5
3147,148,2231.8859649122805,18335.69047619048,0,0,False,2,20230131,1,2.5
3148,149,2232.33629675046,18867.220416922133,0,0,False,2,20230131,1,2.5
3149,150,2231.79543994862,19403.787732819525,0,0,False,2,20230131,1,2.5
3150,151,2231.89588688946,19947.309768637533,2,130,False,2,20230131,1,2.5
3151,152,2232.33629675046,20483.220416922133,1,139,True,2,20230131,1,2.5
3152,153,2231.89588688946,21019.309768637533,1,115,False,2,20230131,1,2.5
3153,154,2674.93137254902,928.0539215686274,4,107,False,2,20230131,1,2.5
3154,155,2677.859493670886,1462.4012658227848,0,119,False,2,20230131,1,2.5
3155,156,2675.406919779547,1999.776791181874,0,120,False,2,20230131,1,2.5
3156,157,2674.90666247643,2531.489943431804,1,136,False,2,20230131,1,2.5
3157,158,2675.1173694147265,3068.04877281309,0,0,False,2,20230131,1,2.5
3158,159,2674.6416309012875,3607.7722256284487,1,118,False,2,20230131,1,2.5
3159,160,2678.221252257676,4135.150812763395,1,1,False,2,20230131,1,2.5
3160,161,2679.5,4679.5,0,136,True,2,20230131,1,2.5
3161,162,2678.2738452309536,5208.111877624475,2,152,True,2,20230131,1,2.5
3162,163,2679.5,5747.5,0,118,False,2,20230131,1,2.5
3163,164,2680.4987699877,6275.849323493235,0,0,False,2,20230131,1,2.5
3164,165,2679.882775119617,6815.5,1,1,False,2,20230131,1,2.5
3165,166,2680.2616766467067,7351.859281437126,0,125,False,2,20230131,1,2.5
3166,167,2680.236225087925,8427.317116060962,0,131,False,2,20230131,1,2.5
3167,168,2679.907035175879,8951.680904522613,1,137,False,2,20230131,1,2.5
3168,169,2679.211389385808,9487.774299344066,0,1,False,2,20230131,1,2.5
3169,170,2680.0693779904304,10024.04066985646,0,0,False,2,20230131,1,2.5
3170,171,2681.5253470126736,10560.709414604707,1,118,False,2,20230131,1,2.5
3171,172,2680.147574517826,11099.766510812393,2,133,False,2,20230131,1,2.5
3172,173,2680.1638705811865,12175.766027561414,0,0,False,2,20230131,1,2.5
3173,174,2680.093137254902,12707.5,0,0,False,2,20230131,1,2.5
3174,175,2680.0840490797545,13236.039877300613,2,129,False,2,20230131,1,2.5
3175,176,2679.796024464832,13771.774006116208,3,132,False,2,20230131,1,2.5
3176,177,2680.459409594096,14308.385608856088,2,127,False,2,20230131,1,2.5
3177,178,2679.896572827417,14851.681150550796,0,0,False,2,20230131,1,2.5
3178,179,2680.0840490797545,15380.039877300613,1,155,True,2,20230131,1,2.5
3179,180,2680.0693779904304,15920.04066985646,0,0,False,2,20230131,1,2.5
3180,181,2679.980573819486,16463.406754333533,1,153,False,2,20230131,1,2.5
3181,182,2679.896572827417,16995.681150550794,3,131,False,2,20230131,1,2.5
3182,183,2679.605602060528,17531.592723760463,0,0,False,2,20230131,1,2.5
3183,184,2679.9935543278084,18067.58348680172,2,132,False,2,20230131,1,2.5
3184,185,2679.80923947203,18599.42206159648,2,129,False,2,20230131,1,2.5
3185,186,2680.1876155268023,19139.214109673445,2,127,False,2,20230131,1,2.5
3186,187,2680.4227166276346,19675.5,0,0,False,2,20230131,1,2.5
3187,188,2679.700488997555,20211.5,3,130,False,2,20230131,1,2.5
3188,189,2679.7963870177587,20755.22565829761,0,1,False,2,20230131,1,2.5
3189,190,2680.093137254902,21283.5,0,102,False,2,20230131,1,2.5
3190,191,2683.602761721259,7887.595054592164,0,0,False,2,20230131,1,2.5
3191,192,2683.9025806451614,11639.5,1,128,False,2,20230131,1,2.5
3192,193,3130.359950859951,1199.5,2,137,False,2,20230131,1,2.5
3193,194,3125.668888888889,1728.9653968253967,3,122,False,2,20230131,1,2.5
3194,195,3131.397238278741,2263.5950545921646,1,129,False,2,20230131,1,2.5
3195,196,3127.2105097545627,2799.7794210195093,0,0,False,2,20230131,1,2.5
3196,197,3129.775092936803,3336.6995043370507,1,139,False,2,20230131,1,2.5
3197,198,3131.397238278741,3871.5950545921646,0,129,False,2,20230131,1,2.5
3198,199,3130.726600985221,4406.869458128079,0,133,False,2,20230131,1,2.5
3199,200,3130.9945196647323,4943.595422308188,1,123,False,2,20230131,1,2.5
3200,201,3131.402260232132,5479.404703726329,0,0,False,2,20230131,1,2.5
3201,202,3131.203889585948,6011.781053952322,0,0,False,2,20230131,1,2.5
3202,203,3131.1220858895704,6544.241104294479,1,134,False,2,20230131,1,2.5
3203,204,3131.6001251564458,7083.595118898624,1,1,False,2,20230131,1,2.5
3204,205,3131.5,7623.127450980392,0,0,False,2,20230131,1,2.5
3205,206,3131.5,8151.872549019607,1,7,False,2,20230131,1,2.5
3206,207,3131.5,8695.309768637531,0,0,False,2,20230131,1,2.5
3207,208,3131.6956112852663,9219.876175548588,0,0,False,2,20230131,1,2.5
3208,209,3131.7961104140527,9755.781053952322,1,129,False,2,20230131,1,2.5
3209,210,3131.7961104140527,10291.781053952322,0,0,False,2,20230131,1,2.5
3210,211,3131.5,10828.06246076585,2,2,False,2,20230131,1,2.5
3211,212,3131.779926335175,11374.854205033764,1,143,False,2,20230131,1,2.5
3212,213,3131.6909424724604,11903.686046511628,1,1,False,2,20230131,1,2.5
3213,214,3131.6002506265663,12443.40476190476,0,0,False,2,20230131,1,2.5
3214,215,3131.7961104140527,12971.781053952322,3,9,False,2,20230131,1,2.5
3215,216,3131.7795830778664,13504.33629675046,1,1,False,2,20230131,1,2.5
3216,217,3131.7795830778664,14040.33629675046,0,129,False,2,20230131,1,2.5
3217,218,3131.960431654676,14579.960431654676,0,0,False,2,20230131,1,2.5
3218,219,3131.6956112852663,15115.876175548588,0,1,False,2,20230131,1,2.5
3219,220,3131.5,15648.063035495716,1,168,True,2,20230131,1,2.5
3220,221,3131.8823529411766,16191.5,5,117,False,2,20230131,1,2.5
3221,222,3131.5,16731.30964308078,1,131,False,2,20230131,1,2.5
3222,223,3131.6862686567165,17267.313731343285,0,138,False,2,20230131,1,2.5
3223,224,3131.313953488372,17795.68604651163,0,0,False,2,20230131,1,2.5
3224,225,3131.6909424724604,18335.31395348837,2,127,False,2,20230131,1,2.5
3225,226,3131.68671454219,18867.68671454219,2,138,False,2,20230131,1,2.5
3226,227,3131.700375704446,19403.5,2,3,False,2,20230131,1,2.5
3227,228,3131.5,19947.5,3,126,False,2,20230131,1,2.5
3228,229,3131.782634730539,20482.661676646705,0,0,False,2,20230131,1,2.5
3229,230,3131.7961104140527,21019.21894604768,0,0,False,2,20230131,1,2.5
3230,231,3570.6416309012875,927.7722256284488,0,0,True,2,20230131,1,2.5
3231,232,3571.5,1463.5,1,115,False,2,20230131,1,2.5
3232,233,3569.9433497536947,2000.5147783251232,3,123,False,2,20230131,1,2.5
3233,234,3571.3043887147337,2531.1238244514107,0,0,False,2,20230131,1,2.5
3234,235,3571.8962382445143,3067.6855799373043,1,132,False,2,20230131,1,2.5
3235,236,3571.5,3607.309523809524,0,137,False,2,20230131,1,2.5
3236,237,3571.597620500305,4135.595179987798,4,138,False,2,20230131,1,2.5
3237,238,3571.5,4679.5,1,142,False,2,20230131,1,2.5
3238,239,3571.88630806846,5207.6858190709045,0,0,False,2,20230131,1,2.5
3239,240,3571.7961104140527,5747.590338770389,1,143,False,2,20230131,1,2.5
3240,241,3571.8962382445143,6275.314420062696,1,137,False,2,20230131,1,2.5
3241,242,3571.69536019536,6815.5,0,0,False,2,20230131,1,2.5
3242,243,3572.166258420086,7351.041947336191,0,139,False,2,20230131,1,2.5
3243,244,3571.7056555269924,7887.5,0,133,False,2,20230131,1,2.5
3244,245,3572.5167865707435,8427.404076738609,0,0,False,2,20230131,1,2.5
3245,246,3571.9066924066924,8951.685328185327,0,0,False,2,20230131,1,2.5
3246,247,3572.260736196319,9487.86809815951,5,132,False,2,20230131,1,2.5
3247,248,3572.260736196319,10023.86809815951,0,1,False,2,20230131,1,2.5
3248,249,3572.0686274509803,10560.053921568628,3,146,False,2,20230131,1,2.5
3249,250,3574.511180124224,11097.66645962733,1,115,False,2,20230131,1,2.5
3250,251,3572.00998068255,11639.404700579524,4,126,False,2,20230131,1,2.5
3251,252,3572.3583690987125,12175.227774371551,2,130,False,2,20230131,1,2.5
3252,253,3572.0925925925926,12707.5,0,1,False,2,20230131,1,2.5
3253,254,3572.0825486503454,13236.052416823602,0,0,False,2,20230131,1,2.5
3254,255,3571.8962382445143,13771.685579937304,0,0,False,2,20230131,1,2.5
3255,256,3572.183417085427,14307.957286432162,1,143,False,2,20230131,1,2.5
3256,257,3571.700375704446,14851.5,2,138,False,2,20230131,1,2.5
3257,258,3572.183417085427,15379.957286432162,2,124,False,2,20230131,1,2.5
3258,259,3572.3583690987125,15919.772225628449,0,0,False,2,20230131,1,2.5
3259,260,3571.88630806846,16463.314180929094,0,0,False,2,20230131,1,2.5
3260,261,3572.0925925925926,16995.5,1,123,False,2,20230131,1,2.5
3261,262,3571.6055408970974,17531.594986807388,1,204,True,2,20230131,1,2.5
3262,263,3571.6001251564458,18067.40488110137,0,213,True,2,20230131,1,2.5
3263,264,3571.602761721259,18599.59505459217,2,140,False,2,20230131,1,2.5
3264,265,3572.0925925925926,19139.5,1,188,True,2,20230131,1,2.5
3265,266,3572.5167865707435,19675.59592326139,0,194,True,2,20230131,1,2.5
3266,267,3572.0925925925926,20211.5,0,127,False,2,20230131,1,2.5
3267,268,3572.183417085427,20755.04271356784,0,0,False,2,20230131,1,2.5
3268,269,3572.0925925925926,21283.5,0,0,False,2,20230131,1,2.5
3269,270,4023.1235884567127,1199.1135508155585,0,0,True,2,20230131,1,2.5
3270,271,4023.4024390243903,1727.5975609756097,0,0,False,2,20230131,1,2.5
3271,272,4023.5,2263.5,2,138,False,2,20230131,1,2.5
3272,273,4023.5,2799.304755944931,1,123,False,2,20230131,1,2.5
3273,274,4023.22057898049,3335.7794210195093,1,133,False,2,20230131,1,2.5
3274,275,4023.6026991441736,3871.597432521396,0,0,False,2,20230131,1,2.5
3275,276,4023.6911949685536,4407.308805031446,1,0,False,2,20230131,1,2.5
3276,277,4023.3973008558255,4943.597432521396,0,0,False,2,20230131,1,2.5
3277,278,4023.690476190476,5479.11403508772,1,128,False,2,20230131,1,2.5
3278,279,4023.6000641436817,6011.597498396408,0,146,False,2,20230131,1,2.5
3279,280,4023.690476190476,6543.8859649122805,4,191,True,2,20230131,1,2.5
3280,281,4023.7002567394097,7083.5,0,208,True,2,20230131,1,2.5
3281,282,4023.7884012539184,7623.211598746081,0,0,False,2,20230131,1,2.5
3282,283,4023.885964912281,8151.690476190476,2,137,False,2,20230131,1,2.5
3283,284,4023.6026991441736,8695.402567478604,0,1,False,2,20230131,1,2.5
3284,285,4023.7954399486193,9219.787732819525,2,142,False,2,20230131,1,2.5
3285,286,4023.89588688946,9755.690231362469,0,1,False,2,20230131,1,2.5
3286,287,4023.89588688946,10291.690231362469,1,124,False,2,20230131,1,2.5
3287,288,4023.6953727506425,10827.885604113111,1,126,False,2,20230131,1,2.5
3288,289,4023.7884012539184,11375.211598746082,2,137,False,2,20230131,1,2.5
3289,290,4023.885964912281,11903.690476190475,1,133,False,2,20230131,1,2.5
3290,291,4023.7002567394097,12443.5,0,0,False,2,20230131,1,2.5
3291,292,4023.7954399486193,12971.787732819525,1,123,False,2,20230131,1,2.5
3292,293,4023.969554300063,13504.165411173886,4,125,False,2,20230131,1,2.5
3293,294,4023.885964912281,14039.690476190475,2,130,False,2,20230131,1,2.5
3294,295,4023.87652811736,14579.690709046456,1,141,False,2,20230131,1,2.5
3295,296,4023.7954399486193,15115.787732819525,1,121,False,2,20230131,1,2.5
3296,297,4023.5975609756097,15647.40243902439,1,128,False,2,20230131,1,2.5
3297,298,4023.5,16191.5,0,0,False,2,20230131,1,2.5
3298,299,4023.6000641436817,16731.402501603592,0,138,False,2,20230131,1,2.5
3299,300,4023.4048200122015,17267.402379499694,0,125,False,2,20230131,1,2.5
3300,301,4024.053921568628,17796.06862745098,0,213,True,2,20230131,1,2.5
3301,302,4023.695244055069,18335.5,2,116,False,2,20230131,1,2.5
3302,303,4023.5,18867.5,0,1,False,2,20230131,1,2.5
3303,304,4023.6000641436817,19403.597498396408,1,217,True,2,20230131,1,2.5
3304,305,4023.89588688946,19947.309768637533,2,129,False,2,20230131,1,2.5
3305,306,4023.314180929096,20483.11369193154,1,119,False,2,20230131,1,2.5
3306,307,4023.6000641436817,21019.402501603592,0,0,False,2,20230131,1,2.5
3307,308,4467.308588957055,927.6865030674846,0,138,True,2,20230131,1,2.5
3308,309,4467.6027617212585,1463.5950545921644,0,139,True,2,20230131,1,2.5
3309,310,4467.69094247246,1999.686046511628,1,1,False,2,20230131,1,2.5
3310,311,4467.5,2531.5,0,0,False,2,20230131,1,2.5
3311,312,4467.103264281231,3067.133396107972,0,126,False,2,20230131,1,2.5
3312,313,4467.597620500305,3607.5951799877976,1,114,False,2,20230131,1,2.5
3313,314,4468.0700245700245,4135.490171990172,0,0,False,2,20230131,1,2.5
3314,315,4467.790461538461,4678.6704615384615,2,125,False,2,20230131,1,2.5
3315,316,4467.220416922134,5207.772225628449,0,0,False,2,20230131,1,2.5
3316,317,4467.600250626567,5747.4047619047615,0,150,False,2,20230131,1,2.5
3317,318,4467.695611285267,6275.876175548589,1,141,False,2,20230131,1,2.5
3318,319,4468.067931456549,6814.9467564259485,1,131,False,2,20230131,1,2.5
3319,320,4467.69094247246,7351.686046511628,1,137,False,2,20230131,1,2.5
3320,321,4467.705655526992,7887.5,2,127,False,2,20230131,1,2.5
3321,322,4467.9604316546765,8427.039568345324,0,0,False,2,20230131,1,2.5
3322,323,4467.803536977492,8951.78038585209,0,0,False,2,20230131,1,2.5
3323,324,4467.779926335175,9488.145794966236,1,129,False,2,20230131,1,2.5
3324,325,4467.970876762723,10023.958614347026,2,123,False,2,20230131,1,2.5
3325,326,4467.779926335175,10560.145794966236,1,121,False,2,20230131,1,2.5
3326,327,4467.773709483794,11099.773709483794,0,0,False,2,20230131,1,2.5
3327,328,4467.705655526992,11639.5,0,0,False,2,20230131,1,2.5
3328,329,4467.691411042945,12175.313496932517,0,136,False,2,20230131,1,2.5
3329,330,4467.992462311558,12707.404522613066,0,205,True,2,20230131,1,2.5
3330,331,4467.982412060302,13236.14824120603,0,0,False,2,20230131,1,2.5
3331,332,4467.695611285267,13771.876175548588,0,124,False,2,20230131,1,2.5
3332,333,4467.78679245283,14308.335220125786,0,1,False,2,20230131,1,2.5
3333,334,4467.700375704446,14851.5,2,134,False,2,20230131,1,2.5
3334,335,4467.695611285267,15379.876175548588,0,1,False,2,20230131,1,2.5
3335,336,4467.69094247246,15919.686046511628,1,140,False,2,20230131,1,2.5
3336,337,4467.597979179424,16463.03214941825,0,0,False,2,20230131,1,2.5
3337,338,4467.796110414053,16995.590338770387,1,2,False,2,20230131,1,2.5
3338,339,4467.812169312169,17531.589947089946,2,129,False,2,20230131,1,2.5
3339,340,4467.304143126177,18067.314187068423,1,152,True,2,20230131,1,2.5
3340,341,4467.6027617212585,18599.59505459217,1,123,False,2,20230131,1,2.5
3341,342,4467.992462311558,19139.59547738693,2,130,False,2,20230131,1,2.5
3342,343,4467.9604316546765,19675.586330935253,0,0,False,2,20230131,1,2.5
3343,344,4467.992462311558,20211.404522613066,5,127,False,2,20230131,1,2.5
3344,345,4467.695611285267,20755.87617554859,1,118,False,2,20230131,1,2.5
3345,346,4467.600250626567,21283.404761904763,0,0,False,2,20230131,1,2.5
3346,347,4910.279048765804,1198.8762793497892,0,131,True,2,20230131,1,2.5
3347,348,4909.975961538462,1726.3557692307693,0,127,True,2,20230131,1,2.5
3348,349,4911.294228356336,2263.5,1,1,False,2,20230131,1,2.5
3349,350,4910.738323353294,2799.859281437126,0,122,False,2,20230131,1,2.5
3350,351,4910.551497005988,3335.32754491018,0,0,False,2,20230131,1,2.5
3351,352,4911.092964824121,3871.680904522613,1,135,False,2,20230131,1,2.5
3352,353,4911.308383233533,4407.317964071856,0,121,False,2,20230131,1,2.5
3353,354,4911.298994974874,4943.133165829146,0,0,False,2,20230131,1,2.5
3354,355,4911.308841099164,5479.318399044206,1,1,False,2,20230131,1,2.5
3355,356,4911.696078431372,6011.318627450981,1,133,False,2,20230131,1,2.5
3356,357,4911.308383233533,6543.682035928144,2,145,False,2,20230131,1,2.5
3357,358,4911.796387017759,7083.225658297612,3,127,False,2,20230131,1,2.5
3358,359,4912.070743405276,7622.958033573142,1,0,False,2,20230131,1,2.5
3359,360,4911.5,8151.5,1,0,False,2,20230131,1,2.5
3360,361,4911.5,8694.951572327043,1,0,False,2,20230131,1,2.5
3361,362,4911.696078431372,9219.68137254902,3,147,False,2,20230131,1,2.5
3362,363,4911.69656019656,9755.681818181818,0,0,False,2,20230131,1,2.5
3363,364,4911.5,10291.863190184047,0,0,False,2,20230131,1,2.5
3364,365,4911.5,10827.863190184047,0,0,False,2,20230131,1,2.5
3365,366,4911.5,11374.602040816326,0,143,False,2,20230131,1,2.5
3366,367,4911.780407429598,11902.869682444578,0,0,False,2,20230131,1,2.5
3367,368,4911.600551808707,12443.043838136113,0,0,False,2,20230131,1,2.5
3368,369,4911.696078431372,12971.68137254902,3,247,True,2,20230131,1,2.5
3369,370,4911.780407429598,13504.130317555422,0,140,False,2,20230131,1,2.5
3370,371,4911.780407429598,14040.130317555422,2,130,False,2,20230131,1,2.5
3371,372,4911.774165202109,14579.232864674868,1,119,False,2,20230131,1,2.5
3372,373,4911.696078431372,15115.68137254902,0,0,False,2,20230131,1,2.5
3373,374,4911.780407429598,15648.130317555422,0,0,False,2,20230131,1,2.5
3374,375,4911.5,16191.136363636364,0,0,False,2,20230131,1,2.5
3375,376,4911.5,16731.5,2,129,False,2,20230131,1,2.5
3376,377,4911.869158878505,17266.77570093458,0,0,False,2,20230131,1,2.5
3377,378,4911.877182770663,17795.681606519207,0,0,False,2,20230131,1,2.5
3378,379,4912.261676646706,18335.32754491018,2,133,False,2,20230131,1,2.5
3379,380,4912.056725146199,18867.49064327485,0,0,False,2,20230131,1,2.5
3380,381,4911.696078431372,19403.68137254902,0,199,True,2,20230131,1,2.5
3381,382,4911.796387017759,19947.22565829761,2,123,False,2,20230131,1,2.5
3382,383,4911.961088355763,20483.050614394386,0,135,False,2,20230131,1,2.5
3383,384,4911.888206388207,21018.77764127764,1,109,False,2,20230131,1,2.5
3384,385,5354.359950859951,927.5,0,0,False,2,20230131,1,2.5
3385,386,5355.3972382787415,1463.4049454078356,2,108,False,2,20230131,1,2.5
3386,387,5354.355036855037,1999.8341523341523,1,117,False,2,20230131,1,2.5
3387,388,5355.103761755486,2531.314420062696,1,115,False,2,20230131,1,2.5
3388,389,5355.299624295554,3067.5,1,119,False,2,20230131,1,2.5
3389,390,5355.5,3607.309523809524,2,2,False,2,20230131,1,2.5
3390,391,5355.5,4135.5,1,135,True,2,20230131,1,2.5
3391,392,5355.87791411043,4678.758895705521,2,122,False,2,20230131,1,2.5
3392,393,5355.69094247246,5207.313953488372,1,132,False,2,20230131,1,2.5
3393,394,5355.695611285267,5747.123824451411,1,125,False,2,20230131,1,2.5
3394,395,5355.600250626567,6275.4047619047615,0,1,False,2,20230131,1,2.5
3395,396,5355.5,6815.1274509803925,0,0,False,2,20230131,1,2.5
3396,397,5355.597739767868,7351.404703726329,1,123,False,2,20230131,1,2.5
3397,398,5355.6027617212585,7887.404945407836,0,0,False,2,20230131,1,2.5
3398,399,5355.868641532017,8426.757929383602,0,0,False,2,20230131,1,2.5
3399,400,5355.6027617212585,8951.595054592164,0,0,True,2,20230131,1,2.5
3400,401,5355.69094247246,9487.686046511628,0,0,False,2,20230131,1,2.5
3401,402,5355.882352941177,10023.5,0,0,False,2,20230131,1,2.5
3402,403,5355.788685015291,10559.781345565749,1,138,False,2,20230131,1,2.5
3403,404,5355.87298266587,11099.5,1,135,False,2,20230131,1,2.5
3404,405,5355.803536977492,11639.21961414791,1,123,False,2,20230131,1,2.5
3405,406,5355.788685015291,12175.218654434251,0,0,False,2,20230131,1,2.5
3406,407,5355.796110414053,12707.218946047678,0,0,False,2,20230131,1,2.5
3407,408,5355.896238244514,13235.685579937304,1,125,False,2,20230131,1,2.5
3408,409,5355.700375704446,13771.5,2,122,False,2,20230131,1,2.5
3409,410,5355.796110414053,14307.781053952322,2,136,False,2,20230131,1,2.5
3410,411,5355.600125156446,14851.404881101376,3,146,False,2,20230131,1,2.5
3411,412,5355.700375704446,15379.5,0,1,False,2,20230131,1,2.5
3412,413,5355.88630806846,15919.685819070904,0,137,False,2,20230131,1,2.5
3413,414,5355.5,16462.936964504283,2,120,False,2,20230131,1,2.5
3414,415,5355.896238244514,16995.314420062696,0,126,False,2,20230131,1,2.5
3415,416,5355.917713152677,17531.31493721084,0,140,False,2,20230131,1,2.5
3416,417,5355.795739348371,18067.21929824561,0,137,False,2,20230131,1,2.5
3417,418,5355.6027617212585,18599.59505459217,2,117,False,2,20230131,1,2.5
3418,419,5355.700375704446,19139.5,2,205,True,2,20230131,1,2.5
3419,420,5355.968339307049,19675.40442054958,0,225,True,2,20230131,1,2.5
3420,421,5355.600125156446,20211.40488110137,3,11,False,2,20230131,1,2.5
3421,422,5355.795739348371,20755.21929824561,2,132,True,2,20230131,1,2.5
3422,423,5355.700375704446,21283.5,2,104,False,2,20230131,1,2.5
3423,424,5806.541916167665,1199.3179640718563,0,2,True,2,20230131,1,2.5
3424,425,5806.328331332533,1727.2454981992796,0,0,False,2,20230131,1,2.5
3425,426,5806.901257861635,2262.9616352201256,2,120,False,2,20230131,1,2.5
3426,427,5807.019426180514,2799.4067543335327,1,129,False,2,20230131,1,2.5
3427,428,5807.204504504504,3335.262162162162,2,118,False,2,20230131,1,2.5
3428,429,5807.705771643664,3871.5,0,138,True,2,20230131,1,2.5
3429,430,5807.308383233533,4407.317964071856,0,124,False,2,20230131,1,2.5
3430,431,5807.397049591965,4943.407093534212,0,120,False,2,20230131,1,2.5
3431,432,5807.5,5479.136363636364,0,0,False,2,20230131,1,2.5
3432,433,5807.5,6011.5,0,0,False,2,20230131,1,2.5
3433,434,5807.317964071856,6544.223353293413,1,120,False,2,20230131,1,2.5
3434,435,5807.303921568628,7083.318627450981,0,0,False,2,20230131,1,2.5
3435,436,5807.5,7623.136363636364,0,0,False,2,20230131,1,2.5
3436,437,5807.5,8151.5,1,1,False,2,20230131,1,2.5
3437,438,5807.5,8694.951572327043,0,0,False,2,20230131,1,2.5
3438,439,5807.399448191293,9219.956161863887,0,0,False,2,20230131,1,2.5
3439,440,5807.303921568628,9755.68137254902,0,0,False,2,20230131,1,2.5
3440,441,5807.5,10291.863190184047,1,123,False,2,20230131,1,2.5
3441,442,5807.5,10827.863190184047,0,128,False,2,20230131,1,2.5
3442,443,5807.5,11374.602040816326,1,132,False,2,20230131,1,2.5
3443,444,5807.691616766467,11903.317964071855,3,134,False,2,20230131,1,2.5
3444,445,5807.600551808707,12443.043838136113,1,137,False,2,20230131,1,2.5
3445,446,5807.696078431372,12971.68137254902,2,128,False,2,20230131,1,2.5
3446,447,5807.5,13503.863636363636,2,119,False,2,20230131,1,2.5
3447,448,5807.780407429598,14040.130317555422,0,0,False,2,20230131,1,2.5
3448,449,5807.5,14579.5,3,129,False,2,20230131,1,2.5
3449,450,5807.5,15115.5,1,124,False,2,20230131,1,2.5
3450,451,5807.308383233533,15647.682035928145,0,1,False,2,20230131,1,2.5
3451,452,5807.219592570402,16190.869682444578,1,128,False,2,20230131,1,2.5
3452,453,5807.203975535168,16731.225993883792,3,125,False,2,20230131,1,2.5
3453,454,5808.315897136177,17266.518118059616,0,0,False,2,20230131,1,2.5
3454,455,5807.5,17795.5,1,135,False,2,20230131,1,2.5
3455,456,5807.598027495517,18335.04333532576,0,118,False,2,20230131,1,2.5
3456,457,5807.686915887851,18867.317757009347,0,0,False,2,20230131,1,2.5
3457,458,5807.399694189602,19403.59296636085,1,11,False,2,20230131,1,2.5
3458,459,5807.600551808707,19947.04383813612,0,0,False,2,20230131,1,2.5
3459,460,5807.322429906542,20482.59813084112,0,3,False,2,20230131,1,2.5
3460,461,5807.600551808707,21019.04383813612,2,118,False,2,20230131,1,2.5
3461,462,6248.491920447483,929.41671845867,0,102,True,2,20230131,1,2.5
3462,463,6250.684516129032,1463.5,0,92,False,2,20230131,1,2.5
3463,464,6250.062461538461,1999.2710769230769,0,0,False,2,20230131,1,2.5
3464,465,6246.90797940798,2531.5,0,0,False,2,20230131,1,2.5
3465,466,6251.103761755486,3067.6855799373043,0,0,False,2,20230131,1,2.5
3466,467,6251.402379499695,3607.4048200122015,0,0,False,2,20230131,1,2.5
3467,468,6251.30905752754,4135.686046511628,0,0,False,2,20230131,1,2.5
3468,469,6251.788685015291,4679.21865443425,0,0,False,2,20230131,1,2.5
3469,470,6251.882352941177,5207.5,0,113,False,2,20230131,1,2.5
3470,471,6251.600250626567,5747.4047619047615,0,0,False,2,20230131,1,2.5
3471,472,6251.600250626567,6275.595238095239,1,109,False,2,20230131,1,2.5
3472,473,6251.5,6815.1274509803925,1,103,False,2,20230131,1,2.5
3473,474,6251.5,7351.5,1,1,False,2,20230131,1,2.5
3474,475,6251.6027617212585,7887.404945407836,1,114,False,2,20230131,1,2.5
3475,476,6251.773053892216,8426.853293413174,0,0,False,2,20230131,1,2.5
3476,477,6251.5,8951.690231362469,2,117,False,2,20230131,1,2.5
3477,478,6251.5,9487.872549019608,0,0,False,2,20230131,1,2.5
3478,479,6251.5,10023.872549019608,0,112,False,2,20230131,1,2.5
3479,480,6251.69094247246,10559.686046511628,2,116,False,2,20230131,1,2.5
3480,481,6251.87298266587,11099.5,1,0,False,2,20230131,1,2.5
3481,482,6251.6027617212585,11639.404945407836,1,112,False,2,20230131,1,2.5
3482,483,6251.597979179424,12175.032149418248,1,4,False,2,20230131,1,2.5
3483,484,6251.796110414053,12707.218946047678,0,0,False,2,20230131,1,2.5
3484,485,6251.896238244514,13235.685579937304,1,116,False,2,20230131,1,2.5
3485,486,6251.600125156446,13771.595118898624,0,107,False,2,20230131,1,2.5
3486,487,6251.795739348371,14307.780701754386,3,109,False,2,20230131,1,2.5
3487,488,6251.5,14851.309643080776,1,7,False,2,20230131,1,2.5
3488,489,6251.600250626567,15379.40476190476,0,127,False,2,20230131,1,2.5
3489,490,6251.5,15919.5,0,0,False,2,20230131,1,2.5
3490,491,6251.5,16462.389434889436,2,111,False,2,20230131,1,2.5
3491,492,6251.5,16995.30964308078,1,112,False,2,20230131,1,2.5
3492,493,6251.605540897098,17531.405013192612,2,116,False,2,20230131,1,2.5
3493,494,6251.5,18066.93753923415,0,0,False,2,20230131,1,2.5
3494,495,6251.5,18599.5,1,110,False,2,20230131,1,2.5
3495,496,6251.5,19139.30964308078,1,122,False,2,20230131,1,2.5
3496,497,6251.5,19675.12701733413,2,111,False,2,20230131,1,2.5
3497,498,6251.5,20211.30964308078,0,2,False,2,20230131,1,2.5
3498,499,6251.399874843554,20755.40488110137,1,105,False,2,20230131,1,2.5
3499,500,6251.600250626567,21283.404761904763,1,1,False,2,20230131,1,2.5
3500,1,899.004835589942,1464.1473243068988,0,0,True,2,20230131,1,3.0
3501,2,898.7570725707257,2000.5971709717096,1,91,False,2,20230131,1,3.0
3502,3,899.2132075471698,2532.3352201257862,0,0,False,2,20230131,1,3.0
3503,4,899.2132075471698,3068.3352201257862,0,93,False,2,20230131,1,3.0
3504,5,899.4020208205757,3607.967850581752,0,0,False,2,20230131,1,3.0
3505,6,899.2204169221336,4136.33629675046,0,0,False,2,20230131,1,3.0
3506,7,899.4020208205757,4679.967850581751,0,0,False,2,20230131,1,3.0
3507,8,899.7795830778664,5208.33629675046,0,0,False,2,20230131,1,3.0
3508,9,899.6956112852664,5747.876175548589,0,101,False,2,20230131,1,3.0
3509,10,899.204260651629,6275.7807017543855,0,109,False,2,20230131,1,3.0
3510,11,899.8779141104294,6816.241104294479,2,98,False,2,20230131,1,3.0
3511,12,900.0686274509804,7352.053921568628,1,49,True,2,20230131,1,3.0
3512,13,900.3051612903225,7887.866451612903,2,109,False,2,20230131,1,3.0
3513,14,900.6003003003003,8428.206306306307,2,118,False,2,20230131,1,3.0
3514,15,900.0979381443299,8952.051546391753,0,0,False,2,20230131,1,3.0
3515,16,900.2429274292743,9488.59717097171,1,9,False,2,20230131,1,3.0
3516,17,901.4233621755252,10024.187268232386,1,101,False,2,20230131,1,3.0
3517,18,901.0743368291178,10560.657310302282,1,100,False,2,20230131,1,3.0
3518,19,900.5989802039592,11100.224655068989,0,0,False,2,20230131,1,3.0
3519,20,899.7005141388174,11639.690231362469,0,0,False,2,20230131,1,3.0
3520,21,901.428306551298,12176.889369592089,0,0,False,2,20230131,1,3.0
3521,22,900.3805031446541,12707.771698113207,3,116,False,2,20230131,1,3.0
3522,23,900.3564231738035,13236.502518891688,0,0,False,2,20230131,1,3.0
3523,24,899.9824120603015,13772.14824120603,0,0,False,2,20230131,1,3.0
3524,25,900.1607818411097,14308.690416141237,1,7,False,2,20230131,1,3.0
3525,26,899.896238244514,14851.685579937304,1,3,False,2,20230131,1,3.0
3526,27,899.9824120603015,15380.14824120603,0,5,False,2,20230131,1,3.0
3527,28,899.7795830778664,15920.33629675046,0,0,False,2,20230131,1,3.0
3528,29,899.6909424724602,16463.68604651163,1,11,False,2,20230131,1,3.0
3529,30,899.6956112852664,16995.87617554859,0,0,False,2,20230131,1,3.0
3530,31,899.6055408970976,17531.594986807388,0,109,False,2,20230131,1,3.0
3531,32,899.5,18067.5,0,0,False,2,20230131,1,3.0
3532,33,899.5,18599.690231362467,3,108,False,2,20230131,1,3.0
3533,34,899.6002506265664,19139.404761904763,1,105,False,2,20230131,1,3.0
3534,35,900.1467065868263,19675.226946107785,3,95,False,2,20230131,1,3.0
3535,36,900.0925925925926,20211.5,0,0,False,2,20230131,1,3.0
3536,37,900.1842767295598,20754.86603773585,1,95,False,2,20230131,1,3.0
3537,38,903.89588688946,21283.309768637533,2,69,True,2,20230131,1,3.0
3538,39,1342.8345888261142,1199.9695543000628,3,84,False,2,20230131,1,3.0
3539,40,1343.293710691824,1728.4610062893082,0,1,False,2,20230131,1,3.0
3540,41,1343.1967699406723,2263.78740936058,0,111,False,2,20230131,1,3.0
3541,42,1343.2115987460816,2799.7884012539184,0,1,False,2,20230131,1,3.0
3542,43,1343.211959924859,3335.788040075141,1,120,False,2,20230131,1,3.0
3543,44,1343.5,3871.694993412385,1,118,False,2,20230131,1,3.0
3544,45,1343.5,4407.6952440550685,0,1,False,2,20230131,1,3.0
3545,46,1343.5,4943.5,3,125,False,2,20230131,1,3.0
3546,47,1343.5975609756097,5479.59756097561,0,6,False,2,20230131,1,3.0
3547,48,1343.5951768488746,6011.788102893891,0,0,False,2,20230131,1,3.0
3548,49,1343.7790697674418,6544.357322438717,0,0,False,2,20230131,1,3.0
3549,50,1343.7002567394095,7083.5,0,0,False,2,20230131,1,3.0
3550,51,1344.0771643663738,7623.5,2,124,False,2,20230131,1,3.0
3551,52,1343.7884012539184,8151.788401253919,0,0,False,2,20230131,1,3.0
3552,53,1343.705533596838,8695.5,0,3,False,2,20230131,1,3.0
3553,54,1343.6953727506427,9219.885604113111,4,116,False,2,20230131,1,3.0
3554,55,1343.89588688946,9755.690231362469,0,142,True,2,20230131,1,3.0
3555,56,1343.399935856318,10291.597498396408,0,168,True,2,20230131,1,3.0
3556,57,1344.0824742268042,10828.067010309278,0,189,True,2,20230131,1,3.0
3557,58,1344.4319899244333,11374.568010075567,0,221,True,2,20230131,1,3.0
3558,59,1343.8859649122808,11903.690476190475,1,84,False,2,20230131,1,3.0
3559,60,1343.89588688946,12443.309768637531,0,0,False,2,20230131,1,3.0
3560,61,1343.89588688946,12971.690231362469,3,124,False,2,20230131,1,3.0
3561,62,1343.690476190476,13503.88596491228,0,1,False,2,20230131,1,3.0
3562,63,1343.8859649122808,14039.690476190475,5,138,False,2,20230131,1,3.0
3563,64,1343.4044703000611,14579.402020820577,0,0,False,2,20230131,1,3.0
3564,65,1343.6953727506427,15115.885604113111,0,0,False,2,20230131,1,3.0
3565,66,1343.690476190476,15647.88596491228,2,120,False,2,20230131,1,3.0
3566,67,1343.7884012539184,16191.788401253918,1,0,False,2,20230131,1,3.0
3567,68,1343.399935856318,16731.402501603592,2,113,False,2,20230131,1,3.0
3568,69,1343.6865030674846,17267.308588957054,4,120,False,2,20230131,1,3.0
3569,70,1343.5955296999389,17795.98009797918,0,0,False,2,20230131,1,3.0
3570,71,1343.5975609756097,18335.40243902439,1,12,False,2,20230131,1,3.0
3571,72,1343.5,18867.88235294117,0,0,False,2,20230131,1,3.0
3572,73,1343.5,19403.5,3,118,False,2,20230131,1,3.0
3573,74,1343.89588688946,19947.309768637533,1,122,False,2,20230131,1,3.0
3574,75,1344.0539215686274,20482.93137254902,2,106,False,2,20230131,1,3.0
3575,76,1344.1825499034128,21019.03122987765,2,107,False,2,20230131,1,3.0
3576,77,1786.8558696988323,928.6923786109404,0,0,True,2,20230131,1,3.0
3577,78,1786.6937984496124,1464.37338501292,4,113,False,2,20230131,1,3.0
3578,79,1786.9313725490197,2000.053921568628,0,0,False,2,20230131,1,3.0
3579,80,1787.2038895859473,2531.781053952321,2,122,False,2,20230131,1,3.0
3580,81,1786.442065491184,3068.3110831234258,1,1,False,2,20230131,1,3.0
3581,82,1787.970300061237,3608.149112063688,1,123,False,2,20230131,1,3.0
3582,83,1787.5979791794243,4135.967850581751,0,0,False,2,20230131,1,3.0
3583,84,1787.2204169221336,4679.772225628449,0,0,False,2,20230131,1,3.0
3584,85,1787.029699938763,5208.149112063687,0,0,False,2,20230131,1,3.0
3585,86,1787.882149591452,5748.053111250786,0,0,True,2,20230131,1,3.0
3586,87,1787.9753476611884,6276.870417193426,0,1,True,2,20230131,1,3.0
3587,88,1788.0700245700243,6816.055282555282,1,125,False,2,20230131,1,3.0
3588,89,1788.0686274509803,7352.053921568628,1,0,False,2,20230131,1,3.0
3589,90,1787.9066924066924,7887.685328185328,1,124,False,2,20230131,1,3.0
3590,91,1788.4214157168567,8427.5,1,128,False,2,20230131,1,3.0
3591,92,1788.8411003236247,8951.057281553398,2,123,False,2,20230131,1,3.0
3592,93,1788.9590264941469,9488.74460874923,2,115,False,2,20230131,1,3.0
3593,94,1788.5325752919484,10024.31868469576,3,184,True,2,20230131,1,3.0
3594,95,1789.3282890673256,10560.925571340333,1,129,False,2,20230131,1,3.0
3595,96,1788.2420706163973,11099.868641532015,2,210,True,2,20230131,1,3.0
3596,97,1788.1082474226805,11639.5,1,170,True,2,20230131,1,3.0
3597,98,1788.8382533825338,12175.657441574416,1,127,False,2,20230131,1,3.0
3598,99,1788.3636363636365,13236.671717171715,4,131,False,2,20230131,1,3.0
3599,100,1788.083280955374,13772.053111250783,1,131,False,2,20230131,1,3.0
3600,101,1788.26214511041,14308.5952681388,1,1,False,2,20230131,1,3.0
3601,102,1788.0925925925926,14851.5,0,0,False,2,20230131,1,3.0
3602,103,1787.887665198238,15380.240088105727,0,128,False,2,20230131,1,3.0
3603,104,1787.8779141104294,15920.24110429448,1,117,False,2,20230131,1,3.0
3604,105,1787.7886850152904,16463.409480122325,0,116,False,2,20230131,1,3.0
3605,106,1787.795739348371,16995.780701754386,1,118,False,2,20230131,1,3.0
3606,107,1787.9177131526767,17531.68506278916,0,0,False,2,20230131,1,3.0
3607,108,1787.7003757044458,18067.5,0,125,False,2,20230131,1,3.0
3608,109,1787.6027617212587,18599.59505459217,1,115,False,2,20230131,1,3.0
3609,110,1787.896238244514,19139.314420062696,7,122,False,2,20230131,1,3.0
3610,111,1788.4214157168567,19675.5,0,0,False,2,20230131,1,3.0
3611,112,1788.0925925925926,20211.5,0,114,False,2,20230131,1,3.0
3612,113,1788.083280955374,20754.94688874921,2,8,False,2,20230131,1,3.0
3613,114,1788.294468887492,21283.5,0,0,False,2,20230131,1,3.0
3614,115,1791.89588688946,12707.309768637531,0,0,False,2,20230131,1,3.0
3615,116,2231.304755944931,1199.5,0,2,False,2,20230131,1,3.0
3616,117,2231.6907151819323,1727.8764115432873,2,123,False,2,20230131,1,3.0
3617,118,2231.5,2263.5,0,0,False,2,20230131,1,3.0
3618,119,2231.5,2799.5,0,0,False,2,20230131,1,3.0
3619,120,2231.5,3335.5,0,0,False,2,20230131,1,3.0
3620,121,2231.5,3871.5,0,130,False,2,20230131,1,3.0
3621,122,2231.695244055069,4407.5,0,122,False,2,20230131,1,3.0
3622,123,2231.5,4943.5,1,126,False,2,20230131,1,3.0
3623,124,2231.5,5479.5,0,0,False,2,20230131,1,3.0
3624,125,2231.6000641436817,6011.402501603592,0,0,False,2,20230131,1,3.0
3625,126,2231.690476190476,6543.8859649122805,1,127,False,2,20230131,1,3.0
3626,127,2231.89588688946,7083.690231362468,0,129,False,2,20230131,1,3.0
3627,128,2232.077164366374,7623.5,0,115,False,2,20230131,1,3.0
3628,129,2231.8859649122805,8151.690476190476,1,123,False,2,20230131,1,3.0
3629,130,2232.1076618229854,8695.5,1,1,False,2,20230131,1,3.0
3630,131,2231.79543994862,9219.787732819525,2,122,False,2,20230131,1,3.0
3631,132,2232.182549903413,9755.968770122345,0,0,False,2,20230131,1,3.0
3632,133,2232.182549903413,10291.968770122345,2,115,False,2,20230131,1,3.0
3633,134,2232.082474226804,10828.067010309278,0,102,False,2,20230131,1,3.0
3634,135,2231.6902377972465,11375.304755944931,0,0,False,2,20230131,1,3.0
3635,136,2232.165411173886,11903.969554300063,0,107,False,2,20230131,1,3.0
3636,137,2231.7002567394097,12443.5,0,0,False,2,20230131,1,3.0
3637,138,2232.0817245817248,12972.06628056628,3,148,True,2,20230131,1,3.0
3638,139,2232.3332284455632,13504.529578351165,3,132,False,2,20230131,1,3.0
3639,140,2232.3332284455632,14040.529578351165,0,130,False,2,20230131,1,3.0
3640,141,2232.241104294478,14579.87791411043,2,120,False,2,20230131,1,3.0
3641,142,2232.0817245817248,15116.06628056628,0,120,False,2,20230131,1,3.0
3642,143,2231.9695543000626,15648.165411173886,0,0,False,2,20230131,1,3.0
3643,144,2231.8859649122805,16191.690476190475,1,1,False,2,20230131,1,3.0
3644,145,2231.7002567394097,16731.5,0,0,False,2,20230131,1,3.0
3645,146,2232.241104294478,17267.681595092025,1,0,False,2,20230131,1,3.0
3646,147,2232.053921568628,17796.06862745098,0,0,False,2,20230131,1,3.0
3647,148,2231.8859649122805,18335.69047619048,1,125,False,2,20230131,1,3.0
3648,149,2232.33629675046,18867.220416922133,2,0,False,2,20230131,1,3.0
3649,150,2231.79543994862,19403.787732819525,1,130,False,2,20230131,1,3.0
3650,151,2231.89588688946,19947.309768637533,0,114,False,2,20230131,1,3.0
3651,152,2232.33629675046,20483.220416922133,1,5,False,2,20230131,1,3.0
3652,153,2231.89588688946,21019.309768637533,0,0,False,2,20230131,1,3.0
3653,154,2674.93137254902,928.0539215686274,0,1,False,2,20230131,1,3.0
3654,155,2677.859493670886,1462.4012658227848,0,2,True,2,20230131,1,3.0
3655,156,2675.406919779547,1999.776791181874,1,4,True,2,20230131,1,3.0
3656,157,2674.90666247643,2531.489943431804,1,208,True,2,20230131,1,3.0
3657,158,2675.1173694147265,3068.04877281309,2,154,True,2,20230131,1,3.0
3658,159,2674.6416309012875,3607.7722256284487,0,0,False,2,20230131,1,3.0
3659,160,2678.221252257676,4135.150812763395,2,129,False,2,20230131,1,3.0
3660,161,2679.5,4679.5,0,5,False,2,20230131,1,3.0
3661,162,2678.2738452309536,5208.111877624475,1,1,False,2,20230131,1,3.0
3662,163,2679.5,5747.5,3,129,False,2,20230131,1,3.0
3663,164,2680.4987699877,6275.849323493235,2,1,True,2,20230131,1,3.0
3664,165,2679.882775119617,6815.5,1,127,False,2,20230131,1,3.0
3665,166,2680.2616766467067,7351.859281437126,0,136,False,2,20230131,1,3.0
3666,167,2680.236225087925,8427.317116060962,0,0,False,2,20230131,1,3.0
3667,168,2679.907035175879,8951.680904522613,2,134,False,2,20230131,1,3.0
3668,169,2679.211389385808,9487.774299344066,0,0,False,2,20230131,1,3.0
3669,170,2680.0693779904304,10024.04066985646,0,0,False,2,20230131,1,3.0
3670,171,2681.5253470126736,10560.709414604707,1,1,False,2,20230131,1,3.0
3671,172,2680.147574517826,11099.766510812393,0,0,False,2,20230131,1,3.0
3672,173,2680.1638705811865,12175.766027561414,0,135,False,2,20230131,1,3.0
3673,174,2680.093137254902,12707.5,0,0,False,2,20230131,1,3.0
3674,175,2680.0840490797545,13236.039877300613,0,145,True,2,20230131,1,3.0
3675,176,2679.796024464832,13771.774006116208,2,151,True,2,20230131,1,3.0
3676,177,2680.459409594096,14308.385608856088,2,0,False,2,20230131,1,3.0
3677,178,2679.896572827417,14851.681150550796,0,0,False,2,20230131,1,3.0
3678,179,2680.0840490797545,15380.039877300613,0,131,False,2,20230131,1,3.0
3679,180,2680.0693779904304,15920.04066985646,1,1,False,2,20230131,1,3.0
3680,181,2679.980573819486,16463.406754333533,0,0,False,2,20230131,1,3.0
3681,182,2679.896572827417,16995.681150550794,0,125,False,2,20230131,1,3.0
3682,183,2679.605602060528,17531.592723760463,0,121,False,2,20230131,1,3.0
3683,184,2679.9935543278084,18067.58348680172,0,0,False,2,20230131,1,3.0
3684,185,2679.80923947203,18599.42206159648,1,0,False,2,20230131,1,3.0
3685,186,2680.1876155268023,19139.214109673445,1,1,False,2,20230131,1,3.0
3686,187,2680.4227166276346,19675.5,2,2,False,2,20230131,1,3.0
3687,188,2679.700488997555,20211.5,2,122,False,2,20230131,1,3.0
3688,189,2679.7963870177587,20755.22565829761,1,115,False,2,20230131,1,3.0
3689,190,2680.093137254902,21283.5,0,0,False,2,20230131,1,3.0
3690,191,2683.602761721259,7887.595054592164,0,0,False,2,20230131,1,3.0
3691,192,2683.9025806451614,11639.5,0,3,False,2,20230131,1,3.0
3692,193,3130.359950859951,1199.5,5,117,False,2,20230131,1,3.0
3693,194,3125.668888888889,1728.9653968253967,2,123,False,2,20230131,1,3.0
3694,195,3131.397238278741,2263.5950545921646,0,0,False,2,20230131,1,3.0
3695,196,3127.2105097545627,2799.7794210195093,0,187,True,2,20230131,1,3.0
3696,197,3129.775092936803,3336.6995043370507,2,125,False,2,20230131,1,3.0
3697,198,3131.397238278741,3871.5950545921646,0,0,False,2,20230131,1,3.0
3698,199,3130.726600985221,4406.869458128079,1,182,False,2,20230131,1,3.0
3699,200,3130.9945196647323,4943.595422308188,1,122,False,2,20230131,1,3.0
3700,201,3131.402260232132,5479.404703726329,3,119,False,2,20230131,1,3.0
3701,202,3131.203889585948,6011.781053952322,1,0,False,2,20230131,1,3.0
3702,203,3131.1220858895704,6544.241104294479,2,120,False,2,20230131,1,3.0
3703,204,3131.6001251564458,7083.595118898624,0,0,False,2,20230131,1,3.0
3704,205,3131.5,7623.127450980392,0,119,False,2,20230131,1,3.0
3705,206,3131.5,8151.872549019607,0,0,False,2,20230131,1,3.0
3706,207,3131.5,8695.309768637531,0,0,False,2,20230131,1,3.0
3707,208,3131.6956112852663,9219.876175548588,0,0,False,2,20230131,1,3.0
3708,209,3131.7961104140527,9755.781053952322,4,124,False,2,20230131,1,3.0
3709,210,3131.7961104140527,10291.781053952322,1,6,False,2,20230131,1,3.0
3710,211,3131.5,10828.06246076585,0,113,False,2,20230131,1,3.0
3711,212,3131.779926335175,11374.854205033764,0,0,False,2,20230131,1,3.0
3712,213,3131.6909424724604,11903.686046511628,4,123,False,2,20230131,1,3.0
3713,214,3131.6002506265663,12443.40476190476,2,130,False,2,20230131,1,3.0
3714,215,3131.7961104140527,12971.781053952322,0,0,False,2,20230131,1,3.0
3715,216,3131.7795830778664,13504.33629675046,1,129,False,2,20230131,1,3.0
3716,217,3131.7795830778664,14040.33629675046,0,0,False,2,20230131,1,3.0
3717,218,3131.960431654676,14579.960431654676,3,2,False,2,20230131,1,3.0
3718,219,3131.6956112852663,15115.876175548588,2,127,False,2,20230131,1,3.0
3719,220,3131.5,15648.063035495716,0,0,False,2,20230131,1,3.0
3720,221,3131.8823529411766,16191.5,2,127,False,2,20230131,1,3.0
3721,222,3131.5,16731.30964308078,2,139,False,2,20230131,1,3.0
3722,223,3131.6862686567165,17267.313731343285,0,0,False,2,20230131,1,3.0
3723,224,3131.313953488372,17795.68604651163,0,124,False,2,20230131,1,3.0
3724,225,3131.6909424724604,18335.31395348837,1,121,False,2,20230131,1,3.0
3725,226,3131.68671454219,18867.68671454219,0,0,False,2,20230131,1,3.0
3726,227,3131.700375704446,19403.5,0,0,False,2,20230131,1,3.0
3727,228,3131.5,19947.5,0,1,False,2,20230131,1,3.0
3728,229,3131.782634730539,20482.661676646705,2,120,False,2,20230131,1,3.0
3729,230,3131.7961104140527,21019.21894604768,0,107,False,2,20230131,1,3.0
3730,231,3570.6416309012875,927.7722256284488,0,100,False,2,20230131,1,3.0
3731,232,3571.5,1463.5,1,1,False,2,20230131,1,3.0
3732,233,3569.9433497536947,2000.5147783251232,1,1,False,2,20230131,1,3.0
3733,234,3571.3043887147337,2531.1238244514107,0,0,False,2,20230131,1,3.0
3734,235,3571.8962382445143,3067.6855799373043,2,118,False,2,20230131,1,3.0
3735,236,3571.5,3607.309523809524,0,124,False,2,20230131,1,3.0
3736,237,3571.597620500305,4135.595179987798,2,11,False,2,20230131,1,3.0
3737,238,3571.5,4679.5,1,137,False,2,20230131,1,3.0
3738,239,3571.88630806846,5207.6858190709045,1,139,False,2,20230131,1,3.0
3739,240,3571.7961104140527,5747.590338770389,1,0,False,2,20230131,1,3.0
3740,241,3571.8962382445143,6275.314420062696,2,123,False,2,20230131,1,3.0
3741,242,3571.69536019536,6815.5,0,0,False,2,20230131,1,3.0
3742,243,3572.166258420086,7351.041947336191,0,121,False,2,20230131,1,3.0
3743,244,3571.7056555269924,7887.5,2,133,False,2,20230131,1,3.0
3744,245,3572.5167865707435,8427.404076738609,1,0,False,2,20230131,1,3.0
3745,246,3571.9066924066924,8951.685328185327,3,120,False,2,20230131,1,3.0
3746,247,3572.260736196319,9487.86809815951,0,2,False,2,20230131,1,3.0
3747,248,3572.260736196319,10023.86809815951,1,1,False,2,20230131,1,3.0
3748,249,3572.0686274509803,10560.053921568628,3,120,False,2,20230131,1,3.0
3749,250,3574.511180124224,11097.66645962733,0,0,False,2,20230131,1,3.0
3750,251,3572.00998068255,11639.404700579524,0,0,False,2,20230131,1,3.0
3751,252,3572.3583690987125,12175.227774371551,0,135,False,2,20230131,1,3.0
3752,253,3572.0925925925926,12707.5,2,130,False,2,20230131,1,3.0
3753,254,3572.0825486503454,13236.052416823602,0,120,False,2,20230131,1,3.0
3754,255,3571.8962382445143,13771.685579937304,1,122,False,2,20230131,1,3.0
3755,256,3572.183417085427,14307.957286432162,1,130,False,2,20230131,1,3.0
3756,257,3571.700375704446,14851.5,1,0,False,2,20230131,1,3.0
3757,258,3572.183417085427,15379.957286432162,1,140,False,2,20230131,1,3.0
3758,259,3572.3583690987125,15919.772225628449,1,4,False,2,20230131,1,3.0
3759,260,3571.88630806846,16463.314180929094,1,128,False,2,20230131,1,3.0
3760,261,3572.0925925925926,16995.5,0,0,False,2,20230131,1,3.0
3761,262,3571.6055408970974,17531.594986807388,0,230,True,2,20230131,1,3.0
3762,263,3571.6001251564458,18067.40488110137,1,184,True,2,20230131,1,3.0
3763,264,3571.602761721259,18599.59505459217,3,143,False,2,20230131,1,3.0
3764,265,3572.0925925925926,19139.5,0,0,False,2,20230131,1,3.0
3765,266,3572.5167865707435,19675.59592326139,1,124,False,2,20230131,1,3.0
3766,267,3572.0925925925926,20211.5,1,1,False,2,20230131,1,3.0
3767,268,3572.183417085427,20755.04271356784,2,116,False,2,20230131,1,3.0
3768,269,3572.0925925925926,21283.5,0,0,False,2,20230131,1,3.0
3769,270,4023.1235884567127,1199.1135508155585,0,110,False,2,20230131,1,3.0
3770,271,4023.4024390243903,1727.5975609756097,2,127,False,2,20230131,1,3.0
3771,272,4023.5,2263.5,1,127,False,2,20230131,1,3.0
3772,273,4023.5,2799.304755944931,0,0,False,2,20230131,1,3.0
3773,274,4023.22057898049,3335.7794210195093,1,113,False,2,20230131,1,3.0
3774,275,4023.6026991441736,3871.597432521396,0,125,False,2,20230131,1,3.0
3775,276,4023.6911949685536,4407.308805031446,1,141,False,2,20230131,1,3.0
3776,277,4023.3973008558255,4943.597432521396,2,135,False,2,20230131,1,3.0
3777,278,4023.690476190476,5479.11403508772,0,0,False,2,20230131,1,3.0
3778,279,4023.6000641436817,6011.597498396408,0,123,False,2,20230131,1,3.0
3779,280,4023.690476190476,6543.8859649122805,0,0,False,2,20230131,1,3.0
3780,281,4023.7002567394097,7083.5,0,0,False,2,20230131,1,3.0
3781,282,4023.7884012539184,7623.211598746081,2,123,False,2,20230131,1,3.0
3782,283,4023.885964912281,8151.690476190476,1,1,False,2,20230131,1,3.0
3783,284,4023.6026991441736,8695.402567478604,1,6,False,2,20230131,1,3.0
3784,285,4023.7954399486193,9219.787732819525,4,121,False,2,20230131,1,3.0
3785,286,4023.89588688946,9755.690231362469,0,0,False,2,20230131,1,3.0
3786,287,4023.89588688946,10291.690231362469,1,5,False,2,20230131,1,3.0
3787,288,4023.6953727506425,10827.885604113111,1,118,False,2,20230131,1,3.0
3788,289,4023.7884012539184,11375.211598746082,0,0,False,2,20230131,1,3.0
3789,290,4023.885964912281,11903.690476190475,0,0,False,2,20230131,1,3.0
3790,291,4023.7002567394097,12443.5,1,5,False,2,20230131,1,3.0
3791,292,4023.7954399486193,12971.787732819525,0,0,False,2,20230131,1,3.0
3792,293,4023.969554300063,13504.165411173886,2,0,False,2,20230131,1,3.0
3793,294,4023.885964912281,14039.690476190475,0,198,True,2,20230131,1,3.0
3794,295,4023.87652811736,14579.690709046456,0,0,False,2,20230131,1,3.0
3795,296,4023.7954399486193,15115.787732819525,0,138,False,2,20230131,1,3.0
3796,297,4023.5975609756097,15647.40243902439,0,0,False,2,20230131,1,3.0
3797,298,4023.5,16191.5,0,118,False,2,20230131,1,3.0
3798,299,4023.6000641436817,16731.402501603592,3,118,False,2,20230131,1,3.0
3799,300,4023.4048200122015,17267.402379499694,1,200,True,2,20230131,1,3.0
3800,301,4024.053921568628,17796.06862745098,3,232,True,2,20230131,1,3.0
3801,302,4023.695244055069,18335.5,0,0,False,2,20230131,1,3.0
3802,303,4023.5,18867.5,1,0,False,2,20230131,1,3.0
3803,304,4023.6000641436817,19403.597498396408,1,131,False,2,20230131,1,3.0
3804,305,4023.89588688946,19947.309768637533,2,125,False,2,20230131,1,3.0
3805,306,4023.314180929096,20483.11369193154,1,2,False,2,20230131,1,3.0
3806,307,4023.6000641436817,21019.402501603592,1,0,False,2,20230131,1,3.0
3807,308,4467.308588957055,927.6865030674846,0,1,False,2,20230131,1,3.0
3808,309,4467.6027617212585,1463.5950545921644,0,4,False,2,20230131,1,3.0
3809,310,4467.69094247246,1999.686046511628,0,0,False,2,20230131,1,3.0
3810,311,4467.5,2531.5,2,131,False,2,20230131,1,3.0
3811,312,4467.103264281231,3067.133396107972,1,2,False,2,20230131,1,3.0
3812,313,4467.597620500305,3607.5951799877976,0,130,False,2,20230131,1,3.0
3813,314,4468.0700245700245,4135.490171990172,3,112,False,2,20230131,1,3.0
3814,315,4467.790461538461,4678.6704615384615,2,124,False,2,20230131,1,3.0
3815,316,4467.220416922134,5207.772225628449,1,117,False,2,20230131,1,3.0
3816,317,4467.600250626567,5747.4047619047615,0,0,False,2,20230131,1,3.0
3817,318,4467.695611285267,6275.876175548589,4,140,False,2,20230131,1,3.0
3818,319,4468.067931456549,6814.9467564259485,1,133,False,2,20230131,1,3.0
3819,320,4467.69094247246,7351.686046511628,1,0,False,2,20230131,1,3.0
3820,321,4467.705655526992,7887.5,2,129,False,2,20230131,1,3.0
3821,322,4467.9604316546765,8427.039568345324,0,0,False,2,20230131,1,3.0
3822,323,4467.803536977492,8951.78038585209,1,126,False,2,20230131,1,3.0
3823,324,4467.779926335175,9488.145794966236,0,0,False,2,20230131,1,3.0
3824,325,4467.970876762723,10023.958614347026,1,119,False,2,20230131,1,3.0
3825,326,4467.779926335175,10560.145794966236,2,127,False,2,20230131,1,3.0
3826,327,4467.773709483794,11099.773709483794,2,135,False,2,20230131,1,3.0
3827,328,4467.705655526992,11639.5,1,1,False,2,20230131,1,3.0
3828,329,4467.691411042945,12175.313496932517,0,0,False,2,20230131,1,3.0
3829,330,4467.992462311558,12707.404522613066,0,143,False,2,20230131,1,3.0
3830,331,4467.982412060302,13236.14824120603,2,135,False,2,20230131,1,3.0
3831,332,4467.695611285267,13771.876175548588,0,0,False,2,20230131,1,3.0
3832,333,4467.78679245283,14308.335220125786,1,187,True,2,20230131,1,3.0
3833,334,4467.700375704446,14851.5,0,0,False,2,20230131,1,3.0
3834,335,4467.695611285267,15379.876175548588,0,0,False,2,20230131,1,3.0
3835,336,4467.69094247246,15919.686046511628,0,0,False,2,20230131,1,3.0
3836,337,4467.597979179424,16463.03214941825,0,124,False,2,20230131,1,3.0
3837,338,4467.796110414053,16995.590338770387,0,0,False,2,20230131,1,3.0
3838,339,4467.812169312169,17531.589947089946,0,0,False,2,20230131,1,3.0
3839,340,4467.304143126177,18067.314187068423,0,0,False,2,20230131,1,3.0
3840,341,4467.6027617212585,18599.59505459217,0,0,False,2,20230131,1,3.0
3841,342,4467.992462311558,19139.59547738693,0,0,False,2,20230131,1,3.0
3842,343,4467.9604316546765,19675.586330935253,0,136,False,2,20230131,1,3.0
3843,344,4467.992462311558,20211.404522613066,2,131,False,2,20230131,1,3.0
3844,345,4467.695611285267,20755.87617554859,1,0,False,2,20230131,1,3.0
3845,346,4467.600250626567,21283.404761904763,1,0,False,2,20230131,1,3.0
3846,347,4910.279048765804,1198.8762793497892,1,0,True,2,20230131,1,3.0
3847,348,4909.975961538462,1726.3557692307693,0,106,False,2,20230131,1,3.0
3848,349,4911.294228356336,2263.5,3,120,False,2,20230131,1,3.0
3849,350,4910.738323353294,2799.859281437126,1,1,False,2,20230131,1,3.0
3850,351,4910.551497005988,3335.32754491018,0,0,False,2,20230131,1,3.0
3851,352,4911.092964824121,3871.680904522613,0,107,False,2,20230131,1,3.0
3852,353,4911.308383233533,4407.317964071856,1,0,False,2,20230131,1,3.0
3853,354,4911.298994974874,4943.133165829146,1,120,False,2,20230131,1,3.0
3854,355,4911.308841099164,5479.318399044206,1,3,False,2,20230131,1,3.0
3855,356,4911.696078431372,6011.318627450981,1,119,False,2,20230131,1,3.0
3856,357,4911.308383233533,6543.682035928144,0,0,False,2,20230131,1,3.0
3857,358,4911.796387017759,7083.225658297612,1,1,False,2,20230131,1,3.0
3858,359,4912.070743405276,7622.958033573142,0,120,False,2,20230131,1,3.0
3859,360,4911.5,8151.5,1,133,False,2,20230131,1,3.0
3860,361,4911.5,8694.951572327043,0,0,False,2,20230131,1,3.0
3861,362,4911.696078431372,9219.68137254902,3,132,False,2,20230131,1,3.0
3862,363,4911.69656019656,9755.681818181818,4,118,False,2,20230131,1,3.0
3863,364,4911.5,10291.863190184047,0,0,False,2,20230131,1,3.0
3864,365,4911.5,10827.863190184047,1,135,False,2,20230131,1,3.0
3865,366,4911.5,11374.602040816326,1,1,False,2,20230131,1,3.0
3866,367,4911.780407429598,11902.869682444578,1,3,False,2,20230131,1,3.0
3867,368,4911.600551808707,12443.043838136113,0,0,False,2,20230131,1,3.0
3868,369,4911.696078431372,12971.68137254902,0,0,False,2,20230131,1,3.0
3869,370,4911.780407429598,13504.130317555422,0,0,False,2,20230131,1,3.0
3870,371,4911.780407429598,14040.130317555422,0,0,False,2,20230131,1,3.0
3871,372,4911.774165202109,14579.232864674868,0,0,False,2,20230131,1,3.0
3872,373,4911.696078431372,15115.68137254902,0,0,False,2,20230131,1,3.0
3873,374,4911.780407429598,15648.130317555422,1,131,False,2,20230131,1,3.0
3874,375,4911.5,16191.136363636364,1,115,False,2,20230131,1,3.0
3875,376,4911.5,16731.5,3,126,False,2,20230131,1,3.0
3876,377,4911.869158878505,17266.77570093458,2,6,False,2,20230131,1,3.0
3877,378,4911.877182770663,17795.681606519207,0,0,False,2,20230131,1,3.0
3878,379,4912.261676646706,18335.32754491018,2,2,False,2,20230131,1,3.0
3879,380,4912.056725146199,18867.49064327485,1,1,False,2,20230131,1,3.0
3880,381,4911.696078431372,19403.68137254902,0,128,False,2,20230131,1,3.0
3881,382,4911.796387017759,19947.22565829761,0,0,False,2,20230131,1,3.0
3882,383,4911.961088355763,20483.050614394386,2,117,False,2,20230131,1,3.0
3883,384,4911.888206388207,21018.77764127764,0,0,False,2,20230131,1,3.0
3884,385,5354.359950859951,927.5,0,4,True,2,20230131,1,3.0
3885,386,5355.3972382787415,1463.4049454078356,0,1,False,2,20230131,1,3.0
3886,387,5354.355036855037,1999.8341523341523,0,9,True,2,20230131,1,3.0
3887,388,5355.103761755486,2531.314420062696,1,113,False,2,20230131,1,3.0
3888,389,5355.299624295554,3067.5,1,6,False,2,20230131,1,3.0
3889,390,5355.5,3607.309523809524,0,0,False,2,20230131,1,3.0
3890,391,5355.5,4135.5,0,1,False,2,20230131,1,3.0
3891,392,5355.87791411043,4678.758895705521,0,0,False,2,20230131,1,3.0
3892,393,5355.69094247246,5207.313953488372,0,0,False,2,20230131,1,3.0
3893,394,5355.695611285267,5747.123824451411,0,0,False,2,20230131,1,3.0
3894,395,5355.600250626567,6275.4047619047615,3,122,False,2,20230131,1,3.0
3895,396,5355.5,6815.1274509803925,0,1,False,2,20230131,1,3.0
3896,397,5355.597739767868,7351.404703726329,2,135,False,2,20230131,1,3.0
3897,398,5355.6027617212585,7887.404945407836,0,0,False,2,20230131,1,3.0
3898,399,5355.868641532017,8426.757929383602,2,136,False,2,20230131,1,3.0
3899,400,5355.6027617212585,8951.595054592164,0,0,False,2,20230131,1,3.0
3900,401,5355.69094247246,9487.686046511628,2,133,False,2,20230131,1,3.0
3901,402,5355.882352941177,10023.5,0,128,False,2,20230131,1,3.0
3902,403,5355.788685015291,10559.781345565749,0,0,False,2,20230131,1,3.0
3903,404,5355.87298266587,11099.5,0,0,False,2,20230131,1,3.0
3904,405,5355.803536977492,11639.21961414791,0,190,True,2,20230131,1,3.0
3905,406,5355.788685015291,12175.218654434251,0,158,True,2,20230131,1,3.0
3906,407,5355.796110414053,12707.218946047678,1,118,False,2,20230131,1,3.0
3907,408,5355.896238244514,13235.685579937304,1,0,True,2,20230131,1,3.0
3908,409,5355.700375704446,13771.5,0,0,False,2,20230131,1,3.0
3909,410,5355.796110414053,14307.781053952322,0,0,False,2,20230131,1,3.0
3910,411,5355.600125156446,14851.404881101376,2,123,False,2,20230131,1,3.0
3911,412,5355.700375704446,15379.5,0,1,False,2,20230131,1,3.0
3912,413,5355.88630806846,15919.685819070904,1,138,False,2,20230131,1,3.0
3913,414,5355.5,16462.936964504283,0,114,False,2,20230131,1,3.0
3914,415,5355.896238244514,16995.314420062696,1,115,False,2,20230131,1,3.0
3915,416,5355.917713152677,17531.31493721084,0,0,False,2,20230131,1,3.0
3916,417,5355.795739348371,18067.21929824561,3,128,False,2,20230131,1,3.0
3917,418,5355.6027617212585,18599.59505459217,1,6,False,2,20230131,1,3.0
3918,419,5355.700375704446,19139.5,0,0,False,2,20230131,1,3.0
3919,420,5355.968339307049,19675.40442054958,0,0,False,2,20230131,1,3.0
3920,421,5355.600125156446,20211.40488110137,0,0,False,2,20230131,1,3.0
3921,422,5355.795739348371,20755.21929824561,0,1,False,2,20230131,1,3.0
3922,423,5355.700375704446,21283.5,0,0,False,2,20230131,1,3.0
3923,424,5806.541916167665,1199.3179640718563,1,108,False,2,20230131,1,3.0
3924,425,5806.328331332533,1727.2454981992796,2,6,True,2,20230131,1,3.0
3925,426,5806.901257861635,2262.9616352201256,0,0,False,2,20230131,1,3.0
3926,427,5807.019426180514,2799.4067543335327,3,108,False,2,20230131,1,3.0
3927,428,5807.204504504504,3335.262162162162,0,1,False,2,20230131,1,3.0
3928,429,5807.705771643664,3871.5,0,120,False,2,20230131,1,3.0
3929,430,5807.308383233533,4407.317964071856,0,0,False,2,20230131,1,3.0
3930,431,5807.397049591965,4943.407093534212,1,0,False,2,20230131,1,3.0
3931,432,5807.5,5479.136363636364,0,0,False,2,20230131,1,3.0
3932,433,5807.5,6011.5,1,122,False,2,20230131,1,3.0
3933,434,5807.317964071856,6544.223353293413,0,0,False,2,20230131,1,3.0
3934,435,5807.303921568628,7083.318627450981,0,0,False,2,20230131,1,3.0
3935,436,5807.5,7623.136363636364,0,1,False,2,20230131,1,3.0
3936,437,5807.5,8151.5,0,0,False,2,20230131,1,3.0
3937,438,5807.5,8694.951572327043,1,1,False,2,20230131,1,3.0
3938,439,5807.399448191293,9219.956161863887,2,126,False,2,20230131,1,3.0
3939,440,5807.303921568628,9755.68137254902,1,0,False,2,20230131,1,3.0
3940,441,5807.5,10291.863190184047,0,0,False,2,20230131,1,3.0
3941,442,5807.5,10827.863190184047,2,129,False,2,20230131,1,3.0
3942,443,5807.5,11374.602040816326,0,5,False,2,20230131,1,3.0
3943,444,5807.691616766467,11903.317964071855,1,190,True,2,20230131,1,3.0
3944,445,5807.600551808707,12443.043838136113,0,0,False,2,20230131,1,3.0
3945,446,5807.696078431372,12971.68137254902,2,115,False,2,20230131,1,3.0
3946,447,5807.5,13503.863636363636,2,120,False,2,20230131,1,3.0
3947,448,5807.780407429598,14040.130317555422,0,0,False,2,20230131,1,3.0
3948,449,5807.5,14579.5,0,118,False,2,20230131,1,3.0
3949,450,5807.5,15115.5,1,1,False,2,20230131,1,3.0
3950,451,5807.308383233533,15647.682035928145,0,0,False,2,20230131,1,3.0
3951,452,5807.219592570402,16190.869682444578,1,117,False,2,20230131,1,3.0
3952,453,5807.203975535168,16731.225993883792,0,0,False,2,20230131,1,3.0
3953,454,5808.315897136177,17266.518118059616,0,1,False,2,20230131,1,3.0
3954,455,5807.5,17795.5,0,0,False,2,20230131,1,3.0
3955,456,5807.598027495517,18335.04333532576,1,0,False,2,20230131,1,3.0
3956,457,5807.686915887851,18867.317757009347,0,1,False,2,20230131,1,3.0
3957,458,5807.399694189602,19403.59296636085,1,0,False,2,20230131,1,3.0
3958,459,5807.600551808707,19947.04383813612,2,126,False,2,20230131,1,3.0
3959,460,5807.322429906542,20482.59813084112,2,109,False,2,20230131,1,3.0
3960,461,5807.600551808707,21019.04383813612,1,118,True,2,20230131,1,3.0
3961,462,6248.491920447483,929.41671845867,0,0,False,2,20230131,1,3.0
3962,463,6250.684516129032,1463.5,0,9,False,2,20230131,1,3.0
3963,464,6250.062461538461,1999.2710769230769,0,98,False,2,20230131,1,3.0
3964,465,6246.90797940798,2531.5,1,1,False,2,20230131,1,3.0
3965,466,6251.103761755486,3067.6855799373043,0,100,False,2,20230131,1,3.0
3966,467,6251.402379499695,3607.4048200122015,0,0,False,2,20230131,1,3.0
3967,468,6251.30905752754,4135.686046511628,0,0,False,2,20230131,1,3.0
3968,469,6251.788685015291,4679.21865443425,0,110,False,2,20230131,1,3.0
3969,470,6251.882352941177,5207.5,0,0,False,2,20230131,1,3.0
3970,471,6251.600250626567,5747.4047619047615,1,110,False,2,20230131,1,3.0
3971,472,6251.600250626567,6275.595238095239,0,0,False,2,20230131,1,3.0
3972,473,6251.5,6815.1274509803925,0,0,False,2,20230131,1,3.0
3973,474,6251.5,7351.5,1,1,False,2,20230131,1,3.0
3974,475,6251.6027617212585,7887.404945407836,1,1,False,2,20230131,1,3.0
3975,476,6251.773053892216,8426.853293413174,0,0,False,2,20230131,1,3.0
3976,477,6251.5,8951.690231362469,1,5,False,2,20230131,1,3.0
3977,478,6251.5,9487.872549019608,0,1,False,2,20230131,1,3.0
3978,479,6251.5,10023.872549019608,2,101,False,2,20230131,1,3.0
3979,480,6251.69094247246,10559.686046511628,0,0,False,2,20230131,1,3.0
3980,481,6251.87298266587,11099.5,0,0,False,2,20230131,1,3.0
3981,482,6251.6027617212585,11639.404945407836,0,0,False,2,20230131,1,3.0
3982,483,6251.597979179424,12175.032149418248,0,0,False,2,20230131,1,3.0
3983,484,6251.796110414053,12707.218946047678,0,0,False,2,20230131,1,3.0
3984,485,6251.896238244514,13235.685579937304,0,1,False,2,20230131,1,3.0
3985,486,6251.600125156446,13771.595118898624,1,100,False,2,20230131,1,3.0
3986,487,6251.795739348371,14307.780701754386,0,1,False,2,20230131,1,3.0
3987,488,6251.5,14851.309643080776,1,0,False,2,20230131,1,3.0
3988,489,6251.600250626567,15379.40476190476,0,0,False,2,20230131,1,3.0
3989,490,6251.5,15919.5,1,110,False,2,20230131,1,3.0
3990,491,6251.5,16462.389434889436,0,107,False,2,20230131,1,3.0
3991,492,6251.5,16995.30964308078,1,112,False,2,20230131,1,3.0
3992,493,6251.605540897098,17531.405013192612,0,0,False,2,20230131,1,3.0
3993,494,6251.5,18066.93753923415,3,1,False,2,20230131,1,3.0
3994,495,6251.5,18599.5,1,105,False,2,20230131,1,3.0
3995,496,6251.5,19139.30964308078,2,115,False,2,20230131,1,3.0
3996,497,6251.5,19675.12701733413,2,107,False,2,20230131,1,3.0
3997,498,6251.5,20211.30964308078,2,99,False,2,20230131,1,3.0
3998,499,6251.399874843554,20755.40488110137,1,120,True,2,20230131,1,3.0
3999,500,6251.600250626567,21283.404761904763,0,0,True,2,20230131,1,3.0
4000,1,899.004835589942,1464.1473243068988,0,84,False,2,20230131,1,3.5
4001,2,898.7570725707257,2000.5971709717096,3,104,False,2,20230131,1,3.5
4002,3,899.2132075471698,2532.3352201257862,3,107,False,2,20230131,1,3.5
4003,4,899.2132075471698,3068.3352201257862,2,105,False,2,20230131,1,3.5
4004,5,899.4020208205757,3607.967850581752,6,115,False,2,20230131,1,3.5
4005,6,899.2204169221336,4136.33629675046,1,118,False,2,20230131,1,3.5
4006,7,899.4020208205757,4679.967850581751,8,111,False,2,20230131,1,3.5
4007,8,899.7795830778664,5208.33629675046,1,116,False,2,20230131,1,3.5
4008,9,899.6956112852664,5747.876175548589,11,78,False,2,20230131,1,3.5
4009,10,899.204260651629,6275.7807017543855,7,109,False,2,20230131,1,3.5
4010,11,899.8779141104294,6816.241104294479,9,110,False,2,20230131,1,3.5
4011,12,900.0686274509804,7352.053921568628,5,124,False,2,20230131,1,3.5
4012,13,900.3051612903225,7887.866451612903,2,101,False,2,20230131,1,3.5
4013,14,900.6003003003003,8428.206306306307,5,104,False,2,20230131,1,3.5
4014,15,900.0979381443299,8952.051546391753,3,104,False,2,20230131,1,3.5
4015,16,900.2429274292743,9488.59717097171,3,19,False,2,20230131,1,3.5
4016,17,901.4233621755252,10024.187268232386,8,112,False,2,20230131,1,3.5
4017,18,901.0743368291178,10560.657310302282,0,39,True,2,20230131,1,3.5
4018,19,900.5989802039592,11100.224655068989,3,120,True,2,20230131,1,3.5
4019,20,899.7005141388174,11639.690231362469,4,121,True,2,20230131,1,3.5
4020,21,901.428306551298,12176.889369592089,11,120,True,2,20230131,1,3.5
4021,22,900.3805031446541,12707.771698113207,8,114,True,2,20230131,1,3.5
4022,23,900.3564231738035,13236.502518891688,8,109,True,2,20230131,1,3.5
4023,24,899.9824120603015,13772.14824120603,8,113,False,2,20230131,1,3.5
4024,25,900.1607818411097,14308.690416141237,5,104,False,2,20230131,1,3.5
4025,26,899.896238244514,14851.685579937304,9,113,False,2,20230131,1,3.5
4026,27,899.9824120603015,15380.14824120603,2,108,True,2,20230131,1,3.5
4027,28,899.7795830778664,15920.33629675046,9,107,True,2,20230131,1,3.5
4028,29,899.6909424724602,16463.68604651163,9,117,False,2,20230131,1,3.5
4029,30,899.6956112852664,16995.87617554859,3,4,False,2,20230131,1,3.5
4030,31,899.6055408970976,17531.594986807388,2,112,False,2,20230131,1,3.5
4031,32,899.5,18067.5,6,118,False,2,20230131,1,3.5
4032,33,899.5,18599.690231362467,24,114,False,2,20230131,1,3.5
4033,34,899.6002506265664,19139.404761904763,5,124,False,2,20230131,1,3.5
4034,35,900.1467065868263,19675.226946107785,11,113,False,2,20230131,1,3.5
4035,36,900.0925925925926,20211.5,12,97,True,2,20230131,1,3.5
4036,37,900.1842767295598,20754.86603773585,21,96,True,2,20230131,1,3.5
4037,38,903.89588688946,21283.309768637533,16,84,True,2,20230131,1,3.5
4038,39,1342.8345888261142,1199.9695543000628,4,183,True,2,20230131,1,3.5
4039,40,1343.293710691824,1728.4610062893082,1,104,False,2,20230131,1,3.5
4040,41,1343.1967699406723,2263.78740936058,3,117,False,2,20230131,1,3.5
4041,42,1343.2115987460816,2799.7884012539184,0,0,False,2,20230131,1,3.5
4042,43,1343.211959924859,3335.788040075141,4,119,False,2,20230131,1,3.5
4043,44,1343.5,3871.694993412385,3,112,False,2,20230131,1,3.5
4044,45,1343.5,4407.6952440550685,4,127,False,2,20230131,1,3.5
4045,46,1343.5,4943.5,3,109,False,2,20230131,1,3.5
4046,47,1343.5975609756097,5479.59756097561,4,133,False,2,20230131,1,3.5
4047,48,1343.5951768488746,6011.788102893891,6,123,False,2,20230131,1,3.5
4048,49,1343.7790697674418,6544.357322438717,4,129,False,2,20230131,1,3.5
4049,50,1343.7002567394095,7083.5,6,121,False,2,20230131,1,3.5
4050,51,1344.0771643663738,7623.5,5,127,False,2,20230131,1,3.5
4051,52,1343.7884012539184,8151.788401253919,4,114,False,2,20230131,1,3.5
4052,53,1343.705533596838,8695.5,5,124,False,2,20230131,1,3.5
4053,54,1343.6953727506427,9219.885604113111,0,0,False,2,20230131,1,3.5
4054,55,1343.89588688946,9755.690231362469,1,120,False,2,20230131,1,3.5
4055,56,1343.399935856318,10291.597498396408,4,129,False,2,20230131,1,3.5
4056,57,1344.0824742268042,10828.067010309278,5,101,False,2,20230131,1,3.5
4057,58,1344.4319899244333,11374.568010075567,2,115,False,2,20230131,1,3.5
4058,59,1343.8859649122808,11903.690476190475,1,108,False,2,20230131,1,3.5
4059,60,1343.89588688946,12443.309768637531,11,124,False,2,20230131,1,3.5
4060,61,1343.89588688946,12971.690231362469,1,35,False,2,20230131,1,3.5
4061,62,1343.690476190476,13503.88596491228,6,134,False,2,20230131,1,3.5
4062,63,1343.8859649122808,14039.690476190475,4,128,False,2,20230131,1,3.5
4063,64,1343.4044703000611,14579.402020820577,1,106,False,2,20230131,1,3.5
4064,65,1343.6953727506427,15115.885604113111,3,114,False,2,20230131,1,3.5
4065,66,1343.690476190476,15647.88596491228,0,103,False,2,20230131,1,3.5
4066,67,1343.7884012539184,16191.788401253918,2,124,False,2,20230131,1,3.5
4067,68,1343.399935856318,16731.402501603592,0,0,False,2,20230131,1,3.5
4068,69,1343.6865030674846,17267.308588957054,13,116,False,2,20230131,1,3.5
4069,70,1343.5955296999389,17795.98009797918,16,136,True,2,20230131,1,3.5
4070,71,1343.5975609756097,18335.40243902439,5,183,True,2,20230131,1,3.5
4071,72,1343.5,18867.88235294117,3,77,True,2,20230131,1,3.5
4072,73,1343.5,19403.5,5,128,False,2,20230131,1,3.5
4073,74,1343.89588688946,19947.309768637533,5,116,False,2,20230131,1,3.5
4074,75,1344.0539215686274,20482.93137254902,9,101,True,2,20230131,1,3.5
4075,76,1344.1825499034128,21019.03122987765,3,7,False,2,20230131,1,3.5
4076,77,1786.8558696988323,928.6923786109404,5,206,True,2,20230131,1,3.5
4077,78,1786.6937984496124,1464.37338501292,6,209,True,2,20230131,1,3.5
4078,79,1786.9313725490197,2000.053921568628,3,127,True,2,20230131,1,3.5
4079,80,1787.2038895859473,2531.781053952321,0,105,False,2,20230131,1,3.5
4080,81,1786.442065491184,3068.3110831234258,6,112,False,2,20230131,1,3.5
4081,82,1787.970300061237,3608.149112063688,2,111,False,2,20230131,1,3.5
4082,83,1787.5979791794243,4135.967850581751,2,130,False,2,20230131,1,3.5
4083,84,1787.2204169221336,4679.772225628449,0,0,False,2,20230131,1,3.5
4084,85,1787.029699938763,5208.149112063687,1,10,False,2,20230131,1,3.5
4085,86,1787.882149591452,5748.053111250786,7,113,False,2,20230131,1,3.5
4086,87,1787.9753476611884,6276.870417193426,1,138,False,2,20230131,1,3.5
4087,88,1788.0700245700243,6816.055282555282,2,108,False,2,20230131,1,3.5
4088,89,1788.0686274509803,7352.053921568628,5,218,True,2,20230131,1,3.5
4089,90,1787.9066924066924,7887.685328185328,4,207,True,2,20230131,1,3.5
4090,91,1788.4214157168567,8427.5,4,109,False,2,20230131,1,3.5
4091,92,1788.8411003236247,8951.057281553398,5,16,False,2,20230131,1,3.5
4092,93,1788.9590264941469,9488.74460874923,3,133,False,2,20230131,1,3.5
4093,94,1788.5325752919484,10024.31868469576,1,2,False,2,20230131,1,3.5
4094,95,1789.3282890673256,10560.925571340333,5,127,False,2,20230131,1,3.5
4095,96,1788.2420706163973,11099.868641532015,4,130,False,2,20230131,1,3.5
4096,97,1788.1082474226805,11639.5,5,137,False,2,20230131,1,3.5
4097,98,1788.8382533825338,12175.657441574416,4,105,False,2,20230131,1,3.5
4098,99,1788.3636363636365,13236.671717171715,5,95,False,2,20230131,1,3.5
4099,100,1788.083280955374,13772.053111250783,9,136,False,2,20230131,1,3.5
4100,101,1788.26214511041,14308.5952681388,3,129,False,2,20230131,1,3.5
4101,102,1788.0925925925926,14851.5,10,113,False,2,20230131,1,3.5
4102,103,1787.887665198238,15380.240088105727,2,0,False,2,20230131,1,3.5
4103,104,1787.8779141104294,15920.24110429448,0,0,False,2,20230131,1,3.5
4104,105,1787.7886850152904,16463.409480122325,2,124,False,2,20230131,1,3.5
4105,106,1787.795739348371,16995.780701754386,5,137,False,2,20230131,1,3.5
4106,107,1787.9177131526767,17531.68506278916,4,123,False,2,20230131,1,3.5
4107,108,1787.7003757044458,18067.5,8,186,True,2,20230131,1,3.5
4108,109,1787.6027617212587,18599.59505459217,7,8,False,2,20230131,1,3.5
4109,110,1787.896238244514,19139.314420062696,5,113,False,2,20230131,1,3.5
4110,111,1788.4214157168567,19675.5,1,2,False,2,20230131,1,3.5
4111,112,1788.0925925925926,20211.5,6,89,False,2,20230131,1,3.5
4112,113,1788.083280955374,20754.94688874921,5,112,False,2,20230131,1,3.5
4113,114,1788.294468887492,21283.5,3,77,False,2,20230131,1,3.5
4114,115,1791.89588688946,12707.309768637531,8,125,False,2,20230131,1,3.5
4115,116,2231.304755944931,1199.5,3,193,True,2,20230131,1,3.5
4116,117,2231.6907151819323,1727.8764115432873,4,140,True,2,20230131,1,3.5
4117,118,2231.5,2263.5,1,0,False,2,20230131,1,3.5
4118,119,2231.5,2799.5,0,116,False,2,20230131,1,3.5
4119,120,2231.5,3335.5,4,130,False,2,20230131,1,3.5
4120,121,2231.5,3871.5,1,125,False,2,20230131,1,3.5
4121,122,2231.695244055069,4407.5,1,128,False,2,20230131,1,3.5
4122,123,2231.5,4943.5,1,14,False,2,20230131,1,3.5
4123,124,2231.5,5479.5,6,121,False,2,20230131,1,3.5
4124,125,2231.6000641436817,6011.402501603592,2,6,False,2,20230131,1,3.5
4125,126,2231.690476190476,6543.8859649122805,2,4,False,2,20230131,1,3.5
4126,127,2231.89588688946,7083.690231362468,1,129,False,2,20230131,1,3.5
4127,128,2232.077164366374,7623.5,0,0,False,2,20230131,1,3.5
4128,129,2231.8859649122805,8151.690476190476,3,127,False,2,20230131,1,3.5
4129,130,2232.1076618229854,8695.5,5,125,False,2,20230131,1,3.5
4130,131,2231.79543994862,9219.787732819525,4,10,False,2,20230131,1,3.5
4131,132,2232.182549903413,9755.968770122345,3,136,False,2,20230131,1,3.5
4132,133,2232.182549903413,10291.968770122345,8,124,False,2,20230131,1,3.5
4133,134,2232.082474226804,10828.067010309278,3,9,True,2,20230131,1,3.5
4134,135,2231.6902377972465,11375.304755944931,0,2,True,2,20230131,1,3.5
4135,136,2232.165411173886,11903.969554300063,1,131,False,2,20230131,1,3.5
4136,137,2231.7002567394097,12443.5,1,130,False,2,20230131,1,3.5
4137,138,2232.0817245817248,12972.06628056628,4,138,False,2,20230131,1,3.5
4138,139,2232.3332284455632,13504.529578351165,0,128,False,2,20230131,1,3.5
4139,140,2232.3332284455632,14040.529578351165,6,138,False,2,20230131,1,3.5
4140,141,2232.241104294478,14579.87791411043,8,13,False,2,20230131,1,3.5
4141,142,2232.0817245817248,15116.06628056628,3,122,False,2,20230131,1,3.5
4142,143,2231.9695543000626,15648.165411173886,9,9,False,2,20230131,1,3.5
4143,144,2231.8859649122805,16191.690476190475,8,135,False,2,20230131,1,3.5
4144,145,2231.7002567394097,16731.5,1,110,False,2,20230131,1,3.5
4145,146,2232.241104294478,17267.681595092025,3,128,False,2,20230131,1,3.5
4146,147,2232.053921568628,17796.06862745098,3,4,False,2,20230131,1,3.5
4147,148,2231.8859649122805,18335.69047619048,8,120,False,2,20230131,1,3.5
4148,149,2232.33629675046,18867.220416922133,6,130,False,2,20230131,1,3.5
4149,150,2231.79543994862,19403.787732819525,3,126,False,2,20230131,1,3.5
4150,151,2231.89588688946,19947.309768637533,0,122,False,2,20230131,1,3.5
4151,152,2232.33629675046,20483.220416922133,3,114,False,2,20230131,1,3.5
4152,153,2231.89588688946,21019.309768637533,6,101,False,2,20230131,1,3.5
4153,154,2674.93137254902,928.0539215686274,1,0,False,2,20230131,1,3.5
4154,155,2677.859493670886,1462.4012658227848,4,119,False,2,20230131,1,3.5
4155,156,2675.406919779547,1999.776791181874,3,116,False,2,20230131,1,3.5
4156,157,2674.90666247643,2531.489943431804,2,128,False,2,20230131,1,3.5
4157,158,2675.1173694147265,3068.04877281309,0,3,False,2,20230131,1,3.5
4158,159,2674.6416309012875,3607.7722256284487,2,126,False,2,20230131,1,3.5
4159,160,2678.221252257676,4135.150812763395,0,134,False,2,20230131,1,3.5
4160,161,2679.5,4679.5,3,8,False,2,20230131,1,3.5
4161,162,2678.2738452309536,5208.111877624475,1,0,False,2,20230131,1,3.5
4162,163,2679.5,5747.5,3,145,False,2,20230131,1,3.5
4163,164,2680.4987699877,6275.849323493235,3,132,False,2,20230131,1,3.5
4164,165,2679.882775119617,6815.5,2,3,False,2,20230131,1,3.5
4165,166,2680.2616766467067,7351.859281437126,3,129,False,2,20230131,1,3.5
4166,167,2680.236225087925,8427.317116060962,3,112,False,2,20230131,1,3.5
4167,168,2679.907035175879,8951.680904522613,3,126,False,2,20230131,1,3.5
4168,169,2679.211389385808,9487.774299344066,2,104,False,2,20230131,1,3.5
4169,170,2680.0693779904304,10024.04066985646,0,1,False,2,20230131,1,3.5
4170,171,2681.5253470126736,10560.709414604707,0,0,True,2,20230131,1,3.5
4171,172,2680.147574517826,11099.766510812393,3,113,False,2,20230131,1,3.5
4172,173,2680.1638705811865,12175.766027561414,0,0,False,2,20230131,1,3.5
4173,174,2680.093137254902,12707.5,3,3,False,2,20230131,1,3.5
4174,175,2680.0840490797545,13236.039877300613,1,0,False,2,20230131,1,3.5
4175,176,2679.796024464832,13771.774006116208,2,8,False,2,20230131,1,3.5
4176,177,2680.459409594096,14308.385608856088,3,53,True,2,20230131,1,3.5
4177,178,2679.896572827417,14851.681150550796,5,127,False,2,20230131,1,3.5
4178,179,2680.0840490797545,15380.039877300613,3,83,True,2,20230131,1,3.5
4179,180,2680.0693779904304,15920.04066985646,2,124,False,2,20230131,1,3.5
4180,181,2679.980573819486,16463.406754333533,7,125,False,2,20230131,1,3.5
4181,182,2679.896572827417,16995.681150550794,6,133,False,2,20230131,1,3.5
4182,183,2679.605602060528,17531.592723760463,4,136,False,2,20230131,1,3.5
4183,184,2679.9935543278084,18067.58348680172,3,129,False,2,20230131,1,3.5
4184,185,2679.80923947203,18599.42206159648,5,116,False,2,20230131,1,3.5
4185,186,2680.1876155268023,19139.214109673445,5,117,False,2,20230131,1,3.5
4186,187,2680.4227166276346,19675.5,2,115,False,2,20230131,1,3.5
4187,188,2679.700488997555,20211.5,2,7,False,2,20230131,1,3.5
4188,189,2679.7963870177587,20755.22565829761,4,125,False,2,20230131,1,3.5
4189,190,2680.093137254902,21283.5,1,89,False,2,20230131,1,3.5
4190,191,2683.602761721259,7887.595054592164,5,126,False,2,20230131,1,3.5
4191,192,2683.9025806451614,11639.5,3,120,False,2,20230131,1,3.5
4192,193,3130.359950859951,1199.5,0,125,False,2,20230131,1,3.5
4193,194,3125.668888888889,1728.9653968253967,0,1,False,2,20230131,1,3.5
4194,195,3131.397238278741,2263.5950545921646,1,1,False,2,20230131,1,3.5
4195,196,3127.2105097545627,2799.7794210195093,1,124,False,2,20230131,1,3.5
4196,197,3129.775092936803,3336.6995043370507,0,0,False,2,20230131,1,3.5
4197,198,3131.397238278741,3871.5950545921646,2,122,False,2,20230131,1,3.5
4198,199,3130.726600985221,4406.869458128079,0,197,True,2,20230131,1,3.5
4199,200,3130.9945196647323,4943.595422308188,0,127,False,2,20230131,1,3.5
4200,201,3131.402260232132,5479.404703726329,6,136,False,2,20230131,1,3.5
4201,202,3131.203889585948,6011.781053952322,2,134,False,2,20230131,1,3.5
4202,203,3131.1220858895704,6544.241104294479,3,142,False,2,20230131,1,3.5
4203,204,3131.6001251564458,7083.595118898624,7,135,False,2,20230131,1,3.5
4204,205,3131.5,7623.127450980392,0,10,False,2,20230131,1,3.5
4205,206,3131.5,8151.872549019607,4,6,False,2,20230131,1,3.5
4206,207,3131.5,8695.309768637531,0,139,False,2,20230131,1,3.5
4207,208,3131.6956112852663,9219.876175548588,1,1,False,2,20230131,1,3.5
4208,209,3131.7961104140527,9755.781053952322,5,140,False,2,20230131,1,3.5
4209,210,3131.7961104140527,10291.781053952322,3,137,False,2,20230131,1,3.5
4210,211,3131.5,10828.06246076585,2,3,False,2,20230131,1,3.5
4211,212,3131.779926335175,11374.854205033764,2,133,False,2,20230131,1,3.5
4212,213,3131.6909424724604,11903.686046511628,5,120,False,2,20230131,1,3.5
4213,214,3131.6002506265663,12443.40476190476,2,124,False,2,20230131,1,3.5
4214,215,3131.7961104140527,12971.781053952322,7,132,False,2,20230131,1,3.5
4215,216,3131.7795830778664,13504.33629675046,0,0,True,2,20230131,1,3.5
4216,217,3131.7795830778664,14040.33629675046,1,0,False,2,20230131,1,3.5
4217,218,3131.960431654676,14579.960431654676,0,0,False,2,20230131,1,3.5
4218,219,3131.6956112852663,15115.876175548588,2,133,False,2,20230131,1,3.5
4219,220,3131.5,15648.063035495716,3,11,False,2,20230131,1,3.5
4220,221,3131.8823529411766,16191.5,1,1,False,2,20230131,1,3.5
4221,222,3131.5,16731.30964308078,7,22,True,2,20230131,1,3.5
4222,223,3131.6862686567165,17267.313731343285,4,120,False,2,20230131,1,3.5
4223,224,3131.313953488372,17795.68604651163,4,3,False,2,20230131,1,3.5
4224,225,3131.6909424724604,18335.31395348837,4,110,False,2,20230131,1,3.5
4225,226,3131.68671454219,18867.68671454219,1,1,False,2,20230131,1,3.5
4226,227,3131.700375704446,19403.5,4,124,False,2,20230131,1,3.5
4227,228,3131.5,19947.5,3,101,True,2,20230131,1,3.5
4228,229,3131.782634730539,20482.661676646705,3,138,True,2,20230131,1,3.5
4229,230,3131.7961104140527,21019.21894604768,2,122,True,2,20230131,1,3.5
4230,231,3570.6416309012875,927.7722256284488,1,94,True,2,20230131,1,3.5
4231,232,3571.5,1463.5,4,115,False,2,20230131,1,3.5
4232,233,3569.9433497536947,2000.5147783251232,1,132,False,2,20230131,1,3.5
4233,234,3571.3043887147337,2531.1238244514107,2,123,False,2,20230131,1,3.5
4234,235,3571.8962382445143,3067.6855799373043,0,124,False,2,20230131,1,3.5
4235,236,3571.5,3607.309523809524,3,133,False,2,20230131,1,3.5
4236,237,3571.597620500305,4135.595179987798,2,214,True,2,20230131,1,3.5
4237,238,3571.5,4679.5,1,224,True,2,20230131,1,3.5
4238,239,3571.88630806846,5207.6858190709045,1,1,False,2,20230131,1,3.5
4239,240,3571.7961104140527,5747.590338770389,3,10,False,2,20230131,1,3.5
4240,241,3571.8962382445143,6275.314420062696,3,134,False,2,20230131,1,3.5
4241,242,3571.69536019536,6815.5,1,0,False,2,20230131,1,3.5
4242,243,3572.166258420086,7351.041947336191,3,138,False,2,20230131,1,3.5
4243,244,3571.7056555269924,7887.5,3,133,False,2,20230131,1,3.5
4244,245,3572.5167865707435,8427.404076738609,3,131,False,2,20230131,1,3.5
4245,246,3571.9066924066924,8951.685328185327,0,2,False,2,20230131,1,3.5
4246,247,3572.260736196319,9487.86809815951,3,7,False,2,20230131,1,3.5
4247,248,3572.260736196319,10023.86809815951,0,6,False,2,20230131,1,3.5
4248,249,3572.0686274509803,10560.053921568628,2,120,False,2,20230131,1,3.5
4249,250,3574.511180124224,11097.66645962733,3,16,False,2,20230131,1,3.5
4250,251,3572.00998068255,11639.404700579524,3,120,False,2,20230131,1,3.5
4251,252,3572.3583690987125,12175.227774371551,2,128,False,2,20230131,1,3.5
4252,253,3572.0925925925926,12707.5,2,124,False,2,20230131,1,3.5
4253,254,3572.0825486503454,13236.052416823602,1,138,False,2,20230131,1,3.5
4254,255,3571.8962382445143,13771.685579937304,5,121,False,2,20230131,1,3.5
4255,256,3572.183417085427,14307.957286432162,0,0,False,2,20230131,1,3.5
4256,257,3571.700375704446,14851.5,3,1,False,2,20230131,1,3.5
4257,258,3572.183417085427,15379.957286432162,0,0,False,2,20230131,1,3.5
4258,259,3572.3583690987125,15919.772225628449,0,159,False,2,20230131,1,3.5
4259,260,3571.88630806846,16463.314180929094,4,6,False,2,20230131,1,3.5
4260,261,3572.0925925925926,16995.5,4,1,False,2,20230131,1,3.5
4261,262,3571.6055408970974,17531.594986807388,2,141,False,2,20230131,1,3.5
4262,263,3571.6001251564458,18067.40488110137,4,137,False,2,20230131,1,3.5
4263,264,3571.602761721259,18599.59505459217,1,166,True,2,20230131,1,3.5
4264,265,3572.0925925925926,19139.5,1,174,True,2,20230131,1,3.5
4265,266,3572.5167865707435,19675.59592326139,2,15,False,2,20230131,1,3.5
4266,267,3572.0925925925926,20211.5,11,111,False,2,20230131,1,3.5
4267,268,3572.183417085427,20755.04271356784,4,115,False,2,20230131,1,3.5
4268,269,3572.0925925925926,21283.5,1,108,False,2,20230131,1,3.5
4269,270,4023.1235884567127,1199.1135508155585,1,126,True,2,20230131,1,3.5
4270,271,4023.4024390243903,1727.5975609756097,0,117,False,2,20230131,1,3.5
4271,272,4023.5,2263.5,1,131,False,2,20230131,1,3.5
4272,273,4023.5,2799.304755944931,1,2,False,2,20230131,1,3.5
4273,274,4023.22057898049,3335.7794210195093,2,7,False,2,20230131,1,3.5
4274,275,4023.6026991441736,3871.597432521396,1,11,False,2,20230131,1,3.5
4275,276,4023.6911949685536,4407.308805031446,1,1,False,2,20230131,1,3.5
4276,277,4023.3973008558255,4943.597432521396,1,0,False,2,20230131,1,3.5
4277,278,4023.690476190476,5479.11403508772,6,125,False,2,20230131,1,3.5
4278,279,4023.6000641436817,6011.597498396408,0,127,False,2,20230131,1,3.5
4279,280,4023.690476190476,6543.8859649122805,3,122,False,2,20230131,1,3.5
4280,281,4023.7002567394097,7083.5,1,137,False,2,20230131,1,3.5
4281,282,4023.7884012539184,7623.211598746081,5,131,False,2,20230131,1,3.5
4282,283,4023.885964912281,8151.690476190476,3,132,False,2,20230131,1,3.5
4283,284,4023.6026991441736,8695.402567478604,0,0,False,2,20230131,1,3.5
4284,285,4023.7954399486193,9219.787732819525,1,6,False,2,20230131,1,3.5
4285,286,4023.89588688946,9755.690231362469,0,0,False,2,20230131,1,3.5
4286,287,4023.89588688946,10291.690231362469,2,96,False,2,20230131,1,3.5
4287,288,4023.6953727506425,10827.885604113111,7,120,False,2,20230131,1,3.5
4288,289,4023.7884012539184,11375.211598746082,4,81,False,2,20230131,1,3.5
4289,290,4023.885964912281,11903.690476190475,2,3,False,2,20230131,1,3.5
4290,291,4023.7002567394097,12443.5,1,0,False,2,20230131,1,3.5
4291,292,4023.7954399486193,12971.787732819525,1,141,False,2,20230131,1,3.5
4292,293,4023.969554300063,13504.165411173886,2,1,False,2,20230131,1,3.5
4293,294,4023.885964912281,14039.690476190475,0,0,False,2,20230131,1,3.5
4294,295,4023.87652811736,14579.690709046456,3,6,False,2,20230131,1,3.5
4295,296,4023.7954399486193,15115.787732819525,6,120,False,2,20230131,1,3.5
4296,297,4023.5975609756097,15647.40243902439,1,119,False,2,20230131,1,3.5
4297,298,4023.5,16191.5,2,9,False,2,20230131,1,3.5
4298,299,4023.6000641436817,16731.402501603592,3,8,False,2,20230131,1,3.5
4299,300,4023.4048200122015,17267.402379499694,1,1,False,2,20230131,1,3.5
4300,301,4024.053921568628,17796.06862745098,6,127,False,2,20230131,1,3.5
4301,302,4023.695244055069,18335.5,0,0,False,2,20230131,1,3.5
4302,303,4023.5,18867.5,1,114,False,2,20230131,1,3.5
4303,304,4023.6000641436817,19403.597498396408,4,127,False,2,20230131,1,3.5
4304,305,4023.89588688946,19947.309768637533,4,134,True,2,20230131,1,3.5
4305,306,4023.314180929096,20483.11369193154,3,118,False,2,20230131,1,3.5
4306,307,4023.6000641436817,21019.402501603592,0,0,False,2,20230131,1,3.5
4307,308,4467.308588957055,927.6865030674846,5,126,True,2,20230131,1,3.5
4308,309,4467.6027617212585,1463.5950545921644,5,111,False,2,20230131,1,3.5
4309,310,4467.69094247246,1999.686046511628,1,1,False,2,20230131,1,3.5
4310,311,4467.5,2531.5,3,129,False,2,20230131,1,3.5
4311,312,4467.103264281231,3067.133396107972,3,117,False,2,20230131,1,3.5
4312,313,4467.597620500305,3607.5951799877976,0,0,False,2,20230131,1,3.5
4313,314,4468.0700245700245,4135.490171990172,5,133,False,2,20230131,1,3.5
4314,315,4467.790461538461,4678.6704615384615,0,30,False,2,20230131,1,3.5
4315,316,4467.220416922134,5207.772225628449,0,0,False,2,20230131,1,3.5
4316,317,4467.600250626567,5747.4047619047615,1,127,False,2,20230131,1,3.5
4317,318,4467.695611285267,6275.876175548589,1,124,False,2,20230131,1,3.5
4318,319,4468.067931456549,6814.9467564259485,1,128,False,2,20230131,1,3.5
4319,320,4467.69094247246,7351.686046511628,0,1,False,2,20230131,1,3.5
4320,321,4467.705655526992,7887.5,8,138,False,2,20230131,1,3.5
4321,322,4467.9604316546765,8427.039568345324,4,130,False,2,20230131,1,3.5
4322,323,4467.803536977492,8951.78038585209,0,0,False,2,20230131,1,3.5
4323,324,4467.779926335175,9488.145794966236,2,130,False,2,20230131,1,3.5
4324,325,4467.970876762723,10023.958614347026,4,131,False,2,20230131,1,3.5
4325,326,4467.779926335175,10560.145794966236,2,6,False,2,20230131,1,3.5
4326,327,4467.773709483794,11099.773709483794,0,4,False,2,20230131,1,3.5
4327,328,4467.705655526992,11639.5,6,116,False,2,20230131,1,3.5
4328,329,4467.691411042945,12175.313496932517,2,0,False,2,20230131,1,3.5
4329,330,4467.992462311558,12707.404522613066,2,2,False,2,20230131,1,3.5
4330,331,4467.982412060302,13236.14824120603,2,6,False,2,20230131,1,3.5
4331,332,4467.695611285267,13771.876175548588,2,132,False,2,20230131,1,3.5
4332,333,4467.78679245283,14308.335220125786,4,131,False,2,20230131,1,3.5
4333,334,4467.700375704446,14851.5,5,141,False,2,20230131,1,3.5
4334,335,4467.695611285267,15379.876175548588,4,136,False,2,20230131,1,3.5
4335,336,4467.69094247246,15919.686046511628,1,0,False,2,20230131,1,3.5
4336,337,4467.597979179424,16463.03214941825,1,13,False,2,20230131,1,3.5
4337,338,4467.796110414053,16995.590338770387,4,135,False,2,20230131,1,3.5
4338,339,4467.812169312169,17531.589947089946,2,3,False,2,20230131,1,3.5
4339,340,4467.304143126177,18067.314187068423,1,4,False,2,20230131,1,3.5
4340,341,4467.6027617212585,18599.59505459217,2,99,False,2,20230131,1,3.5
4341,342,4467.992462311558,19139.59547738693,7,128,False,2,20230131,1,3.5
4342,343,4467.9604316546765,19675.586330935253,1,7,True,2,20230131,1,3.5
4343,344,4467.992462311558,20211.404522613066,2,16,False,2,20230131,1,3.5
4344,345,4467.695611285267,20755.87617554859,1,125,True,2,20230131,1,3.5
4345,346,4467.600250626567,21283.404761904763,4,109,True,2,20230131,1,3.5
4346,347,4910.279048765804,1198.8762793497892,2,112,False,2,20230131,1,3.5
4347,348,4909.975961538462,1726.3557692307693,0,0,False,2,20230131,1,3.5
4348,349,4911.294228356336,2263.5,3,133,False,2,20230131,1,3.5
4349,350,4910.738323353294,2799.859281437126,1,2,False,2,20230131,1,3.5
4350,351,4910.551497005988,3335.32754491018,0,11,False,2,20230131,1,3.5
4351,352,4911.092964824121,3871.680904522613,2,124,False,2,20230131,1,3.5
4352,353,4911.308383233533,4407.317964071856,5,121,False,2,20230131,1,3.5
4353,354,4911.298994974874,4943.133165829146,0,0,False,2,20230131,1,3.5
4354,355,4911.308841099164,5479.318399044206,4,133,False,2,20230131,1,3.5
4355,356,4911.696078431372,6011.318627450981,1,131,False,2,20230131,1,3.5
4356,357,4911.308383233533,6543.682035928144,3,3,False,2,20230131,1,3.5
4357,358,4911.796387017759,7083.225658297612,2,126,False,2,20230131,1,3.5
4358,359,4912.070743405276,7622.958033573142,0,0,False,2,20230131,1,3.5
4359,360,4911.5,8151.5,2,8,True,2,20230131,1,3.5
4360,361,4911.5,8694.951572327043,1,7,True,2,20230131,1,3.5
4361,362,4911.696078431372,9219.68137254902,0,0,False,2,20230131,1,3.5
4362,363,4911.69656019656,9755.681818181818,3,7,False,2,20230131,1,3.5
4363,364,4911.5,10291.863190184047,3,4,False,2,20230131,1,3.5
4364,365,4911.5,10827.863190184047,1,144,False,2,20230131,1,3.5
4365,366,4911.5,11374.602040816326,2,137,False,2,20230131,1,3.5
4366,367,4911.780407429598,11902.869682444578,4,22,False,2,20230131,1,3.5
4367,368,4911.600551808707,12443.043838136113,11,129,False,2,20230131,1,3.5
4368,369,4911.696078431372,12971.68137254902,2,127,False,2,20230131,1,3.5
4369,370,4911.780407429598,13504.130317555422,2,135,False,2,20230131,1,3.5
4370,371,4911.780407429598,14040.130317555422,2,4,False,2,20230131,1,3.5
4371,372,4911.774165202109,14579.232864674868,0,0,False,2,20230131,1,3.5
4372,373,4911.696078431372,15115.68137254902,4,133,False,2,20230131,1,3.5
4373,374,4911.780407429598,15648.130317555422,6,132,False,2,20230131,1,3.5
4374,375,4911.5,16191.136363636364,4,116,False,2,20230131,1,3.5
4375,376,4911.5,16731.5,5,134,False,2,20230131,1,3.5
4376,377,4911.869158878505,17266.77570093458,3,3,True,2,20230131,1,3.5
4377,378,4911.877182770663,17795.681606519207,1,131,False,2,20230131,1,3.5
4378,379,4912.261676646706,18335.32754491018,2,110,False,2,20230131,1,3.5
4379,380,4912.056725146199,18867.49064327485,4,2,False,2,20230131,1,3.5
4380,381,4911.696078431372,19403.68137254902,0,0,False,2,20230131,1,3.5
4381,382,4911.796387017759,19947.22565829761,1,13,True,2,20230131,1,3.5
4382,383,4911.961088355763,20483.050614394386,0,18,False,2,20230131,1,3.5
4383,384,4911.888206388207,21018.77764127764,7,123,True,2,20230131,1,3.5
4384,385,5354.359950859951,927.5,1,102,False,2,20230131,1,3.5
4385,386,5355.3972382787415,1463.4049454078356,2,8,False,2,20230131,1,3.5
4386,387,5354.355036855037,1999.8341523341523,5,117,False,2,20230131,1,3.5
4387,388,5355.103761755486,2531.314420062696,0,3,False,2,20230131,1,3.5
4388,389,5355.299624295554,3067.5,1,5,False,2,20230131,1,3.5
4389,390,5355.5,3607.309523809524,1,7,False,2,20230131,1,3.5
4390,391,5355.5,4135.5,1,114,False,2,20230131,1,3.5
4391,392,5355.87791411043,4678.758895705521,0,0,False,2,20230131,1,3.5
4392,393,5355.69094247246,5207.313953488372,2,11,False,2,20230131,1,3.5
4393,394,5355.695611285267,5747.123824451411,4,124,False,2,20230131,1,3.5
4394,395,5355.600250626567,6275.4047619047615,1,132,False,2,20230131,1,3.5
4395,396,5355.5,6815.1274509803925,2,1,False,2,20230131,1,3.5
4396,397,5355.597739767868,7351.404703726329,3,131,False,2,20230131,1,3.5
4397,398,5355.6027617212585,7887.404945407836,3,3,False,2,20230131,1,3.5
4398,399,5355.868641532017,8426.757929383602,4,122,False,2,20230131,1,3.5
4399,400,5355.6027617212585,8951.595054592164,4,100,False,2,20230131,1,3.5
4400,401,5355.69094247246,9487.686046511628,2,7,False,2,20230131,1,3.5
4401,402,5355.882352941177,10023.5,4,127,False,2,20230131,1,3.5
4402,403,5355.788685015291,10559.781345565749,2,142,False,2,20230131,1,3.5
4403,404,5355.87298266587,11099.5,3,7,False,2,20230131,1,3.5
4404,405,5355.803536977492,11639.21961414791,3,20,False,2,20230131,1,3.5
4405,406,5355.788685015291,12175.218654434251,1,9,False,2,20230131,1,3.5
4406,407,5355.796110414053,12707.218946047678,4,118,False,2,20230131,1,3.5
4407,408,5355.896238244514,13235.685579937304,2,6,False,2,20230131,1,3.5
4408,409,5355.700375704446,13771.5,2,0,False,2,20230131,1,3.5
4409,410,5355.796110414053,14307.781053952322,4,129,False,2,20230131,1,3.5
4410,411,5355.600125156446,14851.404881101376,1,133,False,2,20230131,1,3.5
4411,412,5355.700375704446,15379.5,1,130,False,2,20230131,1,3.5
4412,413,5355.88630806846,15919.685819070904,3,33,False,2,20230131,1,3.5
4413,414,5355.5,16462.936964504283,2,107,False,2,20230131,1,3.5
4414,415,5355.896238244514,16995.314420062696,5,130,False,2,20230131,1,3.5
4415,416,5355.917713152677,17531.31493721084,3,20,False,2,20230131,1,3.5
4416,417,5355.795739348371,18067.21929824561,3,89,False,2,20230131,1,3.5
4417,418,5355.6027617212585,18599.59505459217,0,0,False,2,20230131,1,3.5
4418,419,5355.700375704446,19139.5,4,121,False,2,20230131,1,3.5
4419,420,5355.968339307049,19675.40442054958,2,115,False,2,20230131,1,3.5
4420,421,5355.600125156446,20211.40488110137,2,109,False,2,20230131,1,3.5
4421,422,5355.795739348371,20755.21929824561,0,1,False,2,20230131,1,3.5
4422,423,5355.700375704446,21283.5,1,1,True,2,20230131,1,3.5
4423,424,5806.541916167665,1199.3179640718563,2,22,False,2,20230131,1,3.5
4424,425,5806.328331332533,1727.2454981992796,1,0,False,2,20230131,1,3.5
4425,426,5806.901257861635,2262.9616352201256,1,114,False,2,20230131,1,3.5
4426,427,5807.019426180514,2799.4067543335327,3,113,False,2,20230131,1,3.5
4427,428,5807.204504504504,3335.262162162162,2,119,False,2,20230131,1,3.5
4428,429,5807.705771643664,3871.5,0,0,False,2,20230131,1,3.5
4429,430,5807.308383233533,4407.317964071856,0,4,False,2,20230131,1,3.5
4430,431,5807.397049591965,4943.407093534212,1,106,False,2,20230131,1,3.5
4431,432,5807.5,5479.136363636364,3,129,False,2,20230131,1,3.5
4432,433,5807.5,6011.5,5,136,False,2,20230131,1,3.5
4433,434,5807.317964071856,6544.223353293413,3,6,False,2,20230131,1,3.5
4434,435,5807.303921568628,7083.318627450981,0,0,False,2,20230131,1,3.5
4435,436,5807.5,7623.136363636364,3,120,False,2,20230131,1,3.5
4436,437,5807.5,8151.5,2,126,False,2,20230131,1,3.5
4437,438,5807.5,8694.951572327043,1,1,False,2,20230131,1,3.5
4438,439,5807.399448191293,9219.956161863887,1,27,False,2,20230131,1,3.5
4439,440,5807.303921568628,9755.68137254902,3,128,False,2,20230131,1,3.5
4440,441,5807.5,10291.863190184047,3,121,False,2,20230131,1,3.5
4441,442,5807.5,10827.863190184047,1,119,False,2,20230131,1,3.5
4442,443,5807.5,11374.602040816326,3,130,False,2,20230131,1,3.5
4443,444,5807.691616766467,11903.317964071855,7,121,False,2,20230131,1,3.5
4444,445,5807.600551808707,12443.043838136113,0,0,False,2,20230131,1,3.5
4445,446,5807.696078431372,12971.68137254902,4,125,False,2,20230131,1,3.5
4446,447,5807.5,13503.863636363636,2,1,False,2,20230131,1,3.5
4447,448,5807.780407429598,14040.130317555422,3,110,False,2,20230131,1,3.5
4448,449,5807.5,14579.5,1,116,False,2,20230131,1,3.5
4449,450,5807.5,15115.5,0,0,False,2,20230131,1,3.5
4450,451,5807.308383233533,15647.682035928145,2,4,False,2,20230131,1,3.5
4451,452,5807.219592570402,16190.869682444578,2,118,False,2,20230131,1,3.5
4452,453,5807.203975535168,16731.225993883792,2,49,True,2,20230131,1,3.5
4453,454,5808.315897136177,17266.518118059616,6,89,False,2,20230131,1,3.5
4454,455,5807.5,17795.5,2,7,False,2,20230131,1,3.5
4455,456,5807.598027495517,18335.04333532576,3,138,True,2,20230131,1,3.5
4456,457,5807.686915887851,18867.317757009347,3,135,True,2,20230131,1,3.5
4457,458,5807.399694189602,19403.59296636085,4,136,False,2,20230131,1,3.5
4458,459,5807.600551808707,19947.04383813612,0,0,False,2,20230131,1,3.5
4459,460,5807.322429906542,20482.59813084112,3,9,False,2,20230131,1,3.5
4460,461,5807.600551808707,21019.04383813612,0,7,False,2,20230131,1,3.5
4461,462,6248.491920447483,929.41671845867,0,0,True,2,20230131,1,3.5
4462,463,6250.684516129032,1463.5,0,0,True,2,20230131,1,3.5
4463,464,6250.062461538461,1999.2710769230769,1,103,False,2,20230131,1,3.5
4464,465,6246.90797940798,2531.5,2,110,False,2,20230131,1,3.5
4465,466,6251.103761755486,3067.6855799373043,2,0,False,2,20230131,1,3.5
4466,467,6251.402379499695,3607.4048200122015,0,0,False,2,20230131,1,3.5
4467,468,6251.30905752754,4135.686046511628,2,112,False,2,20230131,1,3.5
4468,469,6251.788685015291,4679.21865443425,1,0,False,2,20230131,1,3.5
4469,470,6251.882352941177,5207.5,1,14,False,2,20230131,1,3.5
4470,471,6251.600250626567,5747.4047619047615,2,11,False,2,20230131,1,3.5
4471,472,6251.600250626567,6275.595238095239,1,11,False,2,20230131,1,3.5
4472,473,6251.5,6815.1274509803925,0,88,False,2,20230131,1,3.5
4473,474,6251.5,7351.5,2,111,False,2,20230131,1,3.5
4474,475,6251.6027617212585,7887.404945407836,3,1,False,2,20230131,1,3.5
4475,476,6251.773053892216,8426.853293413174,4,1,False,2,20230131,1,3.5
4476,477,6251.5,8951.690231362469,0,0,False,2,20230131,1,3.5
4477,478,6251.5,9487.872549019608,3,120,False,2,20230131,1,3.5
4478,479,6251.5,10023.872549019608,2,17,False,2,20230131,1,3.5
4479,480,6251.69094247246,10559.686046511628,7,3,False,2,20230131,1,3.5
4480,481,6251.87298266587,11099.5,1,123,False,2,20230131,1,3.5
4481,482,6251.6027617212585,11639.404945407836,2,2,False,2,20230131,1,3.5
4482,483,6251.597979179424,12175.032149418248,4,97,False,2,20230131,1,3.5
4483,484,6251.796110414053,12707.218946047678,0,2,False,2,20230131,1,3.5
4484,485,6251.896238244514,13235.685579937304,0,0,False,2,20230131,1,3.5
4485,486,6251.600125156446,13771.595118898624,1,116,False,2,20230131,1,3.5
4486,487,6251.795739348371,14307.780701754386,1,7,False,2,20230131,1,3.5
4487,488,6251.5,14851.309643080776,3,2,False,2,20230131,1,3.5
4488,489,6251.600250626567,15379.40476190476,3,2,False,2,20230131,1,3.5
4489,490,6251.5,15919.5,1,2,False,2,20230131,1,3.5
4490,491,6251.5,16462.389434889436,4,119,False,2,20230131,1,3.5
4491,492,6251.5,16995.30964308078,3,27,True,2,20230131,1,3.5
4492,493,6251.605540897098,17531.405013192612,0,0,True,2,20230131,1,3.5
4493,494,6251.5,18066.93753923415,3,86,False,2,20230131,1,3.5
4494,495,6251.5,18599.5,4,104,False,2,20230131,1,3.5
4495,496,6251.5,19139.30964308078,4,100,False,2,20230131,1,3.5
4496,497,6251.5,19675.12701733413,0,9,False,2,20230131,1,3.5
4497,498,6251.5,20211.30964308078,2,89,False,2,20230131,1,3.5
4498,499,6251.399874843554,20755.40488110137,3,76,False,2,20230131,1,3.5
4499,500,6251.600250626567,21283.404761904763,4,44,True,2,20230131,1,3.5
4500,1,899.004835589942,1464.1473243068988,1,0,True,0,20220531,1,4.0
4501,2,898.7570725707257,2000.5971709717096,1,0,True,0,20220531,1,4.0
4502,3,899.2132075471698,2532.3352201257862,5,3,True,0,20220531,1,4.0
4503,4,899.2132075471698,3068.3352201257862,2,1,False,0,20220531,1,4.0
4504,5,899.4020208205757,3607.967850581752,1,1,False,0,20220531,1,4.0
4505,6,899.2204169221336,4136.33629675046,0,0,False,0,20220531,1,4.0
4506,7,899.4020208205757,4679.967850581751,0,0,True,0,20220531,1,4.0
4507,8,899.7795830778664,5208.33629675046,1,0,True,0,20220531,1,4.0
4508,9,899.6956112852664,5747.876175548589,2,12,False,0,20220531,1,4.0
4509,10,899.204260651629,6275.7807017543855,6,4,False,0,20220531,1,4.0
4510,11,899.8779141104294,6816.241104294479,3,2,False,0,20220531,1,4.0
4511,12,900.0686274509804,7352.053921568628,0,4,False,0,20220531,1,4.0
4512,13,900.3051612903225,7887.866451612903,5,46,True,0,20220531,1,4.0
4513,14,900.6003003003003,8428.206306306307,4,0,False,0,20220531,1,4.0
4514,15,900.0979381443299,8952.051546391753,7,9,False,0,20220531,1,4.0
4515,16,900.2429274292743,9488.59717097171,1,14,False,0,20220531,1,4.0
4516,17,901.4233621755252,10024.187268232386,0,1,False,0,20220531,1,4.0
4517,18,901.0743368291178,10560.657310302282,3,1,False,0,20220531,1,4.0
4518,19,900.5989802039592,11100.224655068989,2,1,False,0,20220531,1,4.0
4519,20,899.7005141388174,11639.690231362469,2,0,False,0,20220531,1,4.0
4520,21,901.428306551298,12176.889369592089,2,1,False,0,20220531,1,4.0
4521,22,900.3805031446541,12707.771698113207,5,3,False,0,20220531,1,4.0
4522,23,900.3564231738035,13236.502518891688,4,7,False,0,20220531,1,4.0
4523,24,899.9824120603015,13772.14824120603,3,2,False,0,20220531,1,4.0
4524,25,900.1607818411097,14308.690416141237,2,2,False,0,20220531,1,4.0
4525,26,899.896238244514,14851.685579937304,1,1,False,0,20220531,1,4.0
4526,27,899.9824120603015,15380.14824120603,5,2,False,0,20220531,1,4.0
4527,28,899.7795830778664,15920.33629675046,2,4,False,0,20220531,1,4.0
4528,29,899.6909424724602,16463.68604651163,4,3,False,0,20220531,1,4.0
4529,30,899.6956112852664,16995.87617554859,1,0,False,0,20220531,1,4.0
4530,31,899.6055408970976,17531.594986807388,4,0,False,0,20220531,1,4.0
4531,32,899.5,18067.5,1,0,False,0,20220531,1,4.0
4532,33,899.5,18599.690231362467,0,0,True,0,20220531,1,4.0
4533,34,899.6002506265664,19139.404761904763,7,10,True,0,20220531,1,4.0
4534,35,900.1467065868263,19675.226946107785,9,20,True,0,20220531,1,4.0
4535,36,900.0925925925926,20211.5,2,0,True,0,20220531,1,4.0
4536,37,900.1842767295598,20754.86603773585,1,0,False,0,20220531,1,4.0
4537,38,903.89588688946,21283.309768637533,4,0,True,0,20220531,1,4.0
4538,39,1342.8345888261142,1199.9695543000628,0,0,True,0,20220531,1,4.0
4539,40,1343.293710691824,1728.4610062893082,0,0,False,0,20220531,1,4.0
4540,41,1343.1967699406723,2263.78740936058,0,0,False,0,20220531,1,4.0
4541,42,1343.2115987460816,2799.7884012539184,6,26,False,0,20220531,1,4.0
4542,43,1343.211959924859,3335.788040075141,1,2,False,0,20220531,1,4.0
4543,44,1343.5,3871.694993412385,1,1,False,0,20220531,1,4.0
4544,45,1343.5,4407.6952440550685,0,0,False,0,20220531,1,4.0
4545,46,1343.5,4943.5,1,2,False,0,20220531,1,4.0
4546,47,1343.5975609756097,5479.59756097561,4,10,False,0,20220531,1,4.0
4547,48,1343.5951768488746,6011.788102893891,1,2,False,0,20220531,1,4.0
4548,49,1343.7790697674418,6544.357322438717,6,3,False,0,20220531,1,4.0
4549,50,1343.7002567394095,7083.5,3,2,False,0,20220531,1,4.0
4550,51,1344.0771643663738,7623.5,2,1,False,0,20220531,1,4.0
4551,52,1343.7884012539184,8151.788401253919,3,28,True,0,20220531,1,4.0
4552,53,1343.705533596838,8695.5,5,10,False,0,20220531,1,4.0
4553,54,1343.6953727506427,9219.885604113111,5,28,False,0,20220531,1,4.0
4554,55,1343.89588688946,9755.690231362469,4,14,False,0,20220531,1,4.0
4555,56,1343.399935856318,10291.597498396408,1,12,False,0,20220531,1,4.0
4556,57,1344.0824742268042,10828.067010309278,4,15,False,0,20220531,1,4.0
4557,58,1344.4319899244333,11374.568010075567,2,0,False,0,20220531,1,4.0
4558,59,1343.8859649122808,11903.690476190475,4,0,False,0,20220531,1,4.0
4559,60,1343.89588688946,12443.309768637531,10,63,False,0,20220531,1,4.0
4560,61,1343.89588688946,12971.690231362469,2,1,False,0,20220531,1,4.0
4561,62,1343.690476190476,13503.88596491228,2,11,False,0,20220531,1,4.0
4562,63,1343.8859649122808,14039.690476190475,5,31,False,0,20220531,1,4.0
4563,64,1343.4044703000611,14579.402020820577,9,27,False,0,20220531,1,4.0
4564,65,1343.6953727506427,15115.885604113111,4,10,False,0,20220531,1,4.0
4565,66,1343.690476190476,15647.88596491228,0,1,False,0,20220531,1,4.0
4566,67,1343.7884012539184,16191.788401253918,0,0,False,0,20220531,1,4.0
4567,68,1343.399935856318,16731.402501603592,0,0,False,0,20220531,1,4.0
4568,69,1343.6865030674846,17267.308588957054,4,51,False,0,20220531,1,4.0
4569,70,1343.5955296999389,17795.98009797918,0,0,False,0,20220531,1,4.0
4570,71,1343.5975609756097,18335.40243902439,1,0,False,0,20220531,1,4.0
4571,72,1343.5,18867.88235294117,2,13,False,0,20220531,1,4.0
4572,73,1343.5,19403.5,4,37,True,0,20220531,1,4.0
4573,74,1343.89588688946,19947.309768637533,0,0,False,0,20220531,1,4.0
4574,75,1344.0539215686274,20482.93137254902,1,0,False,0,20220531,1,4.0
4575,76,1344.1825499034128,21019.03122987765,4,0,False,0,20220531,1,4.0
4576,77,1786.8558696988323,928.6923786109404,5,4,True,0,20220531,1,4.0
4577,78,1786.6937984496124,1464.37338501292,6,17,False,0,20220531,1,4.0
4578,79,1786.9313725490197,2000.053921568628,1,0,False,0,20220531,1,4.0
4579,80,1787.2038895859473,2531.781053952321,1,1,False,0,20220531,1,4.0
4580,81,1786.442065491184,3068.3110831234258,0,0,False,0,20220531,1,4.0
4581,82,1787.970300061237,3608.149112063688,5,7,False,0,20220531,1,4.0
4582,83,1787.5979791794243,4135.967850581751,0,0,False,0,20220531,1,4.0
4583,84,1787.2204169221336,4679.772225628449,2,11,False,0,20220531,1,4.0
4584,85,1787.029699938763,5208.149112063687,5,68,False,0,20220531,1,4.0
4585,86,1787.882149591452,5748.053111250786,2,9,False,0,20220531,1,4.0
4586,87,1787.9753476611884,6276.870417193426,0,15,False,0,20220531,1,4.0
4587,88,1788.0700245700243,6816.055282555282,2,13,False,0,20220531,1,4.0
4588,89,1788.0686274509803,7352.053921568628,4,1,False,0,20220531,1,4.0
4589,90,1787.9066924066924,7887.685328185328,1,1,False,0,20220531,1,4.0
4590,91,1788.4214157168567,8427.5,5,10,False,0,20220531,1,4.0
4591,92,1788.8411003236247,8951.057281553398,1,0,False,0,20220531,1,4.0
4592,93,1788.9590264941469,9488.74460874923,9,16,False,0,20220531,1,4.0
4593,94,1788.5325752919484,10024.31868469576,1,0,False,0,20220531,1,4.0
4594,95,1789.3282890673256,10560.925571340333,2,5,True,0,20220531,1,4.0
4595,96,1788.2420706163973,11099.868641532015,0,0,False,0,20220531,1,4.0
4596,97,1788.1082474226805,11639.5,1,6,False,0,20220531,1,4.0
4597,98,1788.8382533825338,12175.657441574416,4,6,False,0,20220531,1,4.0
4598,99,1788.3636363636365,13236.671717171715,1,20,False,0,20220531,1,4.0
4599,100,1788.083280955374,13772.053111250783,1,1,False,0,20220531,1,4.0
4600,101,1788.26214511041,14308.5952681388,0,0,False,0,20220531,1,4.0
4601,102,1788.0925925925926,14851.5,3,15,False,0,20220531,1,4.0
4602,103,1787.887665198238,15380.240088105727,2,62,False,0,20220531,1,4.0
4603,104,1787.8779141104294,15920.24110429448,2,31,False,0,20220531,1,4.0
4604,105,1787.7886850152904,16463.409480122325,4,22,False,0,20220531,1,4.0
4605,106,1787.795739348371,16995.780701754386,2,15,False,0,20220531,1,4.0
4606,107,1787.9177131526767,17531.68506278916,1,0,False,0,20220531,1,4.0
4607,108,1787.7003757044458,18067.5,3,6,False,0,20220531,1,4.0
4608,109,1787.6027617212587,18599.59505459217,2,15,False,0,20220531,1,4.0
4609,110,1787.896238244514,19139.314420062696,1,1,False,0,20220531,1,4.0
4610,111,1788.4214157168567,19675.5,1,0,False,0,20220531,1,4.0
4611,112,1788.0925925925926,20211.5,0,0,False,0,20220531,1,4.0
4612,113,1788.083280955374,20754.94688874921,3,0,False,0,20220531,1,4.0
4613,114,1788.294468887492,21283.5,2,0,True,0,20220531,1,4.0
4614,115,1791.89588688946,12707.309768637531,0,0,False,0,20220531,1,4.0
4615,116,2231.304755944931,1199.5,1,1,False,0,20220531,1,4.0
4616,117,2231.6907151819323,1727.8764115432873,1,9,False,0,20220531,1,4.0
4617,118,2231.5,2263.5,4,25,False,0,20220531,1,4.0
4618,119,2231.5,2799.5,2,19,False,0,20220531,1,4.0
4619,120,2231.5,3335.5,2,33,False,0,20220531,1,4.0
4620,121,2231.5,3871.5,6,3,False,0,20220531,1,4.0
4621,122,2231.695244055069,4407.5,4,11,False,0,20220531,1,4.0
4622,123,2231.5,4943.5,4,12,False,0,20220531,1,4.0
4623,124,2231.5,5479.5,5,38,False,0,20220531,1,4.0
4624,125,2231.6000641436817,6011.402501603592,1,0,False,0,20220531,1,4.0
4625,126,2231.690476190476,6543.8859649122805,1,3,False,0,20220531,1,4.0
4626,127,2231.89588688946,7083.690231362468,2,46,False,0,20220531,1,4.0
4627,128,2232.077164366374,7623.5,5,24,False,0,20220531,1,4.0
4628,129,2231.8859649122805,8151.690476190476,4,4,False,0,20220531,1,4.0
4629,130,2232.1076618229854,8695.5,0,37,False,0,20220531,1,4.0
4630,131,2231.79543994862,9219.787732819525,1,0,False,0,20220531,1,4.0
4631,132,2232.182549903413,9755.968770122345,3,1,False,0,20220531,1,4.0
4632,133,2232.182549903413,10291.968770122345,2,29,False,0,20220531,1,4.0
4633,134,2232.082474226804,10828.067010309278,1,1,False,0,20220531,1,4.0
4634,135,2231.6902377972465,11375.304755944931,4,13,False,0,20220531,1,4.0
4635,136,2232.165411173886,11903.969554300063,2,42,False,0,20220531,1,4.0
4636,137,2231.7002567394097,12443.5,0,1,False,0,20220531,1,4.0
4637,138,2232.0817245817248,12972.06628056628,0,0,False,0,20220531,1,4.0
4638,139,2232.3332284455632,13504.529578351165,0,0,False,0,20220531,1,4.0
4639,140,2232.3332284455632,14040.529578351165,3,27,False,0,20220531,1,4.0
4640,141,2232.241104294478,14579.87791411043,5,3,False,0,20220531,1,4.0
4641,142,2232.0817245817248,15116.06628056628,4,3,False,0,20220531,1,4.0
4642,143,2231.9695543000626,15648.165411173886,1,7,False,0,20220531,1,4.0
4643,144,2231.8859649122805,16191.690476190475,5,14,False,0,20220531,1,4.0
4644,145,2231.7002567394097,16731.5,1,28,False,0,20220531,1,4.0
4645,146,2232.241104294478,17267.681595092025,3,66,False,0,20220531,1,4.0
4646,147,2232.053921568628,17796.06862745098,0,0,False,0,20220531,1,4.0
4647,148,2231.8859649122805,18335.69047619048,1,0,False,0,20220531,1,4.0
4648,149,2232.33629675046,18867.220416922133,0,0,False,0,20220531,1,4.0
4649,150,2231.79543994862,19403.787732819525,2,3,False,0,20220531,1,4.0
4650,151,2231.89588688946,19947.309768637533,4,36,False,0,20220531,1,4.0
4651,152,2232.33629675046,20483.220416922133,1,3,False,0,20220531,1,4.0
4652,153,2231.89588688946,21019.309768637533,3,3,False,0,20220531,1,4.0
4653,154,2674.93137254902,928.0539215686274,5,0,True,0,20220531,1,4.0
4654,155,2677.859493670886,1462.4012658227848,0,0,False,0,20220531,1,4.0
4655,156,2675.406919779547,1999.776791181874,0,0,False,0,20220531,1,4.0
4656,157,2674.90666247643,2531.489943431804,2,20,False,0,20220531,1,4.0
4657,158,2675.1173694147265,3068.04877281309,1,7,False,0,20220531,1,4.0
4658,159,2674.6416309012875,3607.7722256284487,2,5,False,0,20220531,1,4.0
4659,160,2678.221252257676,4135.150812763395,1,0,False,0,20220531,1,4.0
4660,161,2679.5,4679.5,1,0,False,0,20220531,1,4.0
4661,162,2678.2738452309536,5208.111877624475,3,29,False,0,20220531,1,4.0
4662,163,2679.5,5747.5,0,0,False,0,20220531,1,4.0
4663,164,2680.4987699877,6275.849323493235,3,20,False,0,20220531,1,4.0
4664,165,2679.882775119617,6815.5,1,0,False,0,20220531,1,4.0
4665,166,2680.2616766467067,7351.859281437126,1,0,False,0,20220531,1,4.0
4666,167,2680.236225087925,8427.317116060962,3,39,False,0,20220531,1,4.0
4667,168,2679.907035175879,8951.680904522613,0,0,False,0,20220531,1,4.0
4668,169,2679.211389385808,9487.774299344066,2,12,False,0,20220531,1,4.0
4669,170,2680.0693779904304,10024.04066985646,1,71,False,0,20220531,1,4.0
4670,171,2681.5253470126736,10560.709414604707,1,12,False,0,20220531,1,4.0
4671,172,2680.147574517826,11099.766510812393,3,17,False,0,20220531,1,4.0
4672,173,2680.1638705811865,12175.766027561414,1,0,False,0,20220531,1,4.0
4673,174,2680.093137254902,12707.5,3,15,False,0,20220531,1,4.0
4674,175,2680.0840490797545,13236.039877300613,3,17,False,0,20220531,1,4.0
4675,176,2679.796024464832,13771.774006116208,1,1,False,0,20220531,1,4.0
4676,177,2680.459409594096,14308.385608856088,4,57,False,0,20220531,1,4.0
4677,178,2679.896572827417,14851.681150550796,1,4,False,0,20220531,1,4.0
4678,179,2680.0840490797545,15380.039877300613,4,25,False,0,20220531,1,4.0
4679,180,2680.0693779904304,15920.04066985646,3,64,False,0,20220531,1,4.0
4680,181,2679.980573819486,16463.406754333533,1,0,False,0,20220531,1,4.0
4681,182,2679.896572827417,16995.681150550794,7,16,False,0,20220531,1,4.0
4682,183,2679.605602060528,17531.592723760463,0,0,False,0,20220531,1,4.0
4683,184,2679.9935543278084,18067.58348680172,3,12,False,0,20220531,1,4.0
4684,185,2679.80923947203,18599.42206159648,1,39,False,0,20220531,1,4.0
4685,186,2680.1876155268023,19139.214109673445,0,0,False,0,20220531,1,4.0
4686,187,2680.4227166276346,19675.5,2,15,False,0,20220531,1,4.0
4687,188,2679.700488997555,20211.5,2,15,False,0,20220531,1,4.0
4688,189,2679.7963870177587,20755.22565829761,2,10,False,0,20220531,1,4.0
4689,190,2680.093137254902,21283.5,1,0,True,0,20220531,1,4.0
4690,191,2683.602761721259,7887.595054592164,10,52,False,0,20220531,1,4.0
4691,192,2683.9025806451614,11639.5,0,0,False,0,20220531,1,4.0
4692,193,3130.359950859951,1199.5,0,0,True,0,20220531,1,4.0
4693,194,3125.668888888889,1728.9653968253967,3,4,False,0,20220531,1,4.0
4694,195,3131.397238278741,2263.5950545921646,3,10,False,0,20220531,1,4.0
4695,196,3127.2105097545627,2799.7794210195093,2,15,False,0,20220531,1,4.0
4696,197,3129.775092936803,3336.6995043370507,4,66,False,0,20220531,1,4.0
4697,198,3131.397238278741,3871.5950545921646,2,17,False,0,20220531,1,4.0
4698,199,3130.726600985221,4406.869458128079,1,40,False,0,20220531,1,4.0
4699,200,3130.9945196647323,4943.595422308188,0,1,False,0,20220531,1,4.0
4700,201,3131.402260232132,5479.404703726329,4,5,False,0,20220531,1,4.0
4701,202,3131.203889585948,6011.781053952322,0,0,False,0,20220531,1,4.0
4702,203,3131.1220858895704,6544.241104294479,2,29,False,0,20220531,1,4.0
4703,204,3131.6001251564458,7083.595118898624,2,6,False,0,20220531,1,4.0
4704,205,3131.5,7623.127450980392,3,30,False,0,20220531,1,4.0
4705,206,3131.5,8151.872549019607,2,150,False,0,20220531,1,4.0
4706,207,3131.5,8695.309768637531,0,0,False,0,20220531,1,4.0
4707,208,3131.6956112852663,9219.876175548588,3,16,False,0,20220531,1,4.0
4708,209,3131.7961104140527,9755.781053952322,0,0,False,0,20220531,1,4.0
4709,210,3131.7961104140527,10291.781053952322,2,8,False,0,20220531,1,4.0
4710,211,3131.5,10828.06246076585,0,0,False,0,20220531,1,4.0
4711,212,3131.779926335175,11374.854205033764,1,6,False,0,20220531,1,4.0
4712,213,3131.6909424724604,11903.686046511628,3,11,False,0,20220531,1,4.0
4713,214,3131.6002506265663,12443.40476190476,3,15,False,0,20220531,1,4.0
4714,215,3131.7961104140527,12971.781053952322,2,0,False,0,20220531,1,4.0
4715,216,3131.7795830778664,13504.33629675046,5,5,False,0,20220531,1,4.0
4716,217,3131.7795830778664,14040.33629675046,2,31,False,0,20220531,1,4.0
4717,218,3131.960431654676,14579.960431654676,1,4,False,0,20220531,1,4.0
4718,219,3131.6956112852663,15115.876175548588,3,44,False,0,20220531,1,4.0
4719,220,3131.5,15648.063035495716,2,18,False,0,20220531,1,4.0
4720,221,3131.8823529411766,16191.5,4,2,False,0,20220531,1,4.0
4721,222,3131.5,16731.30964308078,3,16,False,0,20220531,1,4.0
4722,223,3131.6862686567165,17267.313731343285,2,50,False,0,20220531,1,4.0
4723,224,3131.313953488372,17795.68604651163,5,24,False,0,20220531,1,4.0
4724,225,3131.6909424724604,18335.31395348837,2,17,False,0,20220531,1,4.0
4725,226,3131.68671454219,18867.68671454219,4,48,False,0,20220531,1,4.0
4726,227,3131.700375704446,19403.5,4,3,False,0,20220531,1,4.0
4727,228,3131.5,19947.5,6,33,False,0,20220531,1,4.0
4728,229,3131.782634730539,20482.661676646705,0,43,False,0,20220531,1,4.0
4729,230,3131.7961104140527,21019.21894604768,2,13,False,0,20220531,1,4.0
4730,231,3570.6416309012875,927.7722256284488,1,0,True,0,20220531,1,4.0
4731,232,3571.5,1463.5,3,0,False,0,20220531,1,4.0
4732,233,3569.9433497536947,2000.5147783251232,0,0,False,0,20220531,1,4.0
4733,234,3571.3043887147337,2531.1238244514107,6,33,False,0,20220531,1,4.0
4734,235,3571.8962382445143,3067.6855799373043,3,12,True,0,20220531,1,4.0
4735,236,3571.5,3607.309523809524,3,8,True,0,20220531,1,4.0
4736,237,3571.597620500305,4135.595179987798,2,0,False,0,20220531,1,4.0
4737,238,3571.5,4679.5,6,94,False,0,20220531,1,4.0
4738,239,3571.88630806846,5207.6858190709045,3,16,False,0,20220531,1,4.0
4739,240,3571.7961104140527,5747.590338770389,3,11,False,0,20220531,1,4.0
4740,241,3571.8962382445143,6275.314420062696,0,0,False,0,20220531,1,4.0
4741,242,3571.69536019536,6815.5,1,61,False,0,20220531,1,4.0
4742,243,3572.166258420086,7351.041947336191,4,41,False,0,20220531,1,4.0
4743,244,3571.7056555269924,7887.5,2,51,False,0,20220531,1,4.0
4744,245,3572.5167865707435,8427.404076738609,4,62,False,0,20220531,1,4.0
4745,246,3571.9066924066924,8951.685328185327,3,2,False,0,20220531,1,4.0
4746,247,3572.260736196319,9487.86809815951,2,0,True,0,20220531,1,4.0
4747,248,3572.260736196319,10023.86809815951,3,19,False,0,20220531,1,4.0
4748,249,3572.0686274509803,10560.053921568628,2,49,False,0,20220531,1,4.0
4749,250,3574.511180124224,11097.66645962733,1,0,False,0,20220531,1,4.0
4750,251,3572.00998068255,11639.404700579524,2,11,False,0,20220531,1,4.0
4751,252,3572.3583690987125,12175.227774371551,0,37,False,0,20220531,1,4.0
4752,253,3572.0925925925926,12707.5,0,7,False,0,20220531,1,4.0
4753,254,3572.0825486503454,13236.052416823602,0,0,False,0,20220531,1,4.0
4754,255,3571.8962382445143,13771.685579937304,2,22,False,0,20220531,1,4.0
4755,256,3572.183417085427,14307.957286432162,4,23,False,0,20220531,1,4.0
4756,257,3571.700375704446,14851.5,3,47,False,0,20220531,1,4.0
4757,258,3572.183417085427,15379.957286432162,5,53,False,0,20220531,1,4.0
4758,259,3572.3583690987125,15919.772225628449,4,10,False,0,20220531,1,4.0
4759,260,3571.88630806846,16463.314180929094,4,61,False,0,20220531,1,4.0
4760,261,3572.0925925925926,16995.5,2,0,False,0,20220531,1,4.0
4761,262,3571.6055408970974,17531.594986807388,5,13,False,0,20220531,1,4.0
4762,263,3571.6001251564458,18067.40488110137,1,0,False,0,20220531,1,4.0
4763,264,3571.602761721259,18599.59505459217,0,1,False,0,20220531,1,4.0
4764,265,3572.0925925925926,19139.5,0,9,False,0,20220531,1,4.0
4765,266,3572.5167865707435,19675.59592326139,1,8,False,0,20220531,1,4.0
4766,267,3572.0925925925926,20211.5,1,2,False,0,20220531,1,4.0
4767,268,3572.183417085427,20755.04271356784,0,0,False,0,20220531,1,4.0
4768,269,3572.0925925925926,21283.5,1,0,True,0,20220531,1,4.0
4769,270,4023.1235884567127,1199.1135508155585,3,1,False,0,20220531,1,4.0
4770,271,4023.4024390243903,1727.5975609756097,1,0,False,0,20220531,1,4.0
4771,272,4023.5,2263.5,2,47,False,0,20220531,1,4.0
4772,273,4023.5,2799.304755944931,0,0,False,0,20220531,1,4.0
4773,274,4023.22057898049,3335.7794210195093,1,1,False,0,20220531,1,4.0
4774,275,4023.6026991441736,3871.597432521396,0,0,False,0,20220531,1,4.0
4775,276,4023.6911949685536,4407.308805031446,0,0,False,0,20220531,1,4.0
4776,277,4023.3973008558255,4943.597432521396,1,1,False,0,20220531,1,4.0
4777,278,4023.690476190476,5479.11403508772,4,52,False,0,20220531,1,4.0
4778,279,4023.6000641436817,6011.597498396408,1,0,False,0,20220531,1,4.0
4779,280,4023.690476190476,6543.8859649122805,5,36,False,0,20220531,1,4.0
4780,281,4023.7002567394097,7083.5,2,26,False,0,20220531,1,4.0
4781,282,4023.7884012539184,7623.211598746081,3,7,False,0,20220531,1,4.0
4782,283,4023.885964912281,8151.690476190476,1,0,False,0,20220531,1,4.0
4783,284,4023.6026991441736,8695.402567478604,3,20,False,0,20220531,1,4.0
4784,285,4023.7954399486193,9219.787732819525,2,51,False,0,20220531,1,4.0
4785,286,4023.89588688946,9755.690231362469,0,0,False,0,20220531,1,4.0
4786,287,4023.89588688946,10291.690231362469,1,0,False,0,20220531,1,4.0
4787,288,4023.6953727506425,10827.885604113111,1,1,False,0,20220531,1,4.0
4788,289,4023.7884012539184,11375.211598746082,3,7,False,0,20220531,1,4.0
4789,290,4023.885964912281,11903.690476190475,4,54,False,0,20220531,1,4.0
4790,291,4023.7002567394097,12443.5,1,2,False,0,20220531,1,4.0
4791,292,4023.7954399486193,12971.787732819525,4,38,False,0,20220531,1,4.0
4792,293,4023.969554300063,13504.165411173886,1,25,True,0,20220531,1,4.0
4793,294,4023.885964912281,14039.690476190475,2,3,False,0,20220531,1,4.0
4794,295,4023.87652811736,14579.690709046456,2,26,False,0,20220531,1,4.0
4795,296,4023.7954399486193,15115.787732819525,4,6,False,0,20220531,1,4.0
4796,297,4023.5975609756097,15647.40243902439,0,1,False,0,20220531,1,4.0
4797,298,4023.5,16191.5,2,0,False,0,20220531,1,4.0
4798,299,4023.6000641436817,16731.402501603592,1,11,False,0,20220531,1,4.0
4799,300,4023.4048200122015,17267.402379499694,0,0,False,0,20220531,1,4.0
4800,301,4024.053921568628,17796.06862745098,2,3,False,0,20220531,1,4.0
4801,302,4023.695244055069,18335.5,1,1,False,0,20220531,1,4.0
4802,303,4023.5,18867.5,1,0,False,0,20220531,1,4.0
4803,304,4023.6000641436817,19403.597498396408,3,39,False,0,20220531,1,4.0
4804,305,4023.89588688946,19947.309768637533,0,0,False,0,20220531,1,4.0
4805,306,4023.314180929096,20483.11369193154,8,4,False,0,20220531,1,4.0
4806,307,4023.6000641436817,21019.402501603592,0,0,False,0,20220531,1,4.0
4807,308,4467.308588957055,927.6865030674846,2,1,True,0,20220531,1,4.0
4808,309,4467.6027617212585,1463.5950545921644,5,5,False,0,20220531,1,4.0
4809,310,4467.69094247246,1999.686046511628,2,8,False,0,20220531,1,4.0
4810,311,4467.5,2531.5,1,17,False,0,20220531,1,4.0
4811,312,4467.103264281231,3067.133396107972,0,0,False,0,20220531,1,4.0
4812,313,4467.597620500305,3607.5951799877976,0,0,False,0,20220531,1,4.0
4813,314,4468.0700245700245,4135.490171990172,2,7,False,0,20220531,1,4.0
4814,315,4467.790461538461,4678.6704615384615,5,4,False,0,20220531,1,4.0
4815,316,4467.220416922134,5207.772225628449,0,0,False,0,20220531,1,4.0
4816,317,4467.600250626567,5747.4047619047615,7,56,False,0,20220531,1,4.0
4817,318,4467.695611285267,6275.876175548589,1,16,False,0,20220531,1,4.0
4818,319,4468.067931456549,6814.9467564259485,0,0,False,0,20220531,1,4.0
4819,320,4467.69094247246,7351.686046511628,0,0,False,0,20220531,1,4.0
4820,321,4467.705655526992,7887.5,0,0,False,0,20220531,1,4.0
4821,322,4467.9604316546765,8427.039568345324,3,12,False,0,20220531,1,4.0
4822,323,4467.803536977492,8951.78038585209,5,11,False,0,20220531,1,4.0
4823,324,4467.779926335175,9488.145794966236,3,39,False,0,20220531,1,4.0
4824,325,4467.970876762723,10023.958614347026,5,16,False,0,20220531,1,4.0
4825,326,4467.779926335175,10560.145794966236,4,0,False,0,20220531,1,4.0
4826,327,4467.773709483794,11099.773709483794,5,21,False,0,20220531,1,4.0
4827,328,4467.705655526992,11639.5,2,34,False,0,20220531,1,4.0
4828,329,4467.691411042945,12175.313496932517,0,0,False,0,20220531,1,4.0
4829,330,4467.992462311558,12707.404522613066,1,0,False,0,20220531,1,4.0
4830,331,4467.982412060302,13236.14824120603,1,8,False,0,20220531,1,4.0
4831,332,4467.695611285267,13771.876175548588,2,28,False,0,20220531,1,4.0
4832,333,4467.78679245283,14308.335220125786,6,55,False,0,20220531,1,4.0
4833,334,4467.700375704446,14851.5,1,3,False,0,20220531,1,4.0
4834,335,4467.695611285267,15379.876175548588,7,37,False,0,20220531,1,4.0
4835,336,4467.69094247246,15919.686046511628,2,17,False,0,20220531,1,4.0
4836,337,4467.597979179424,16463.03214941825,0,32,False,0,20220531,1,4.0
4837,338,4467.796110414053,16995.590338770387,1,13,False,0,20220531,1,4.0
4838,339,4467.812169312169,17531.589947089946,4,9,False,0,20220531,1,4.0
4839,340,4467.304143126177,18067.314187068423,2,18,False,0,20220531,1,4.0
4840,341,4467.6027617212585,18599.59505459217,2,0,False,0,20220531,1,4.0
4841,342,4467.992462311558,19139.59547738693,1,7,False,0,20220531,1,4.0
4842,343,4467.9604316546765,19675.586330935253,1,31,False,0,20220531,1,4.0
4843,344,4467.992462311558,20211.404522613066,3,11,False,0,20220531,1,4.0
4844,345,4467.695611285267,20755.87617554859,2,0,False,0,20220531,1,4.0
4845,346,4467.600250626567,21283.404761904763,0,0,True,0,20220531,1,4.0
4846,347,4910.279048765804,1198.8762793497892,0,6,False,0,20220531,1,4.0
4847,348,4909.975961538462,1726.3557692307693,4,2,True,0,20220531,1,4.0
4848,349,4911.294228356336,2263.5,0,0,False,0,20220531,1,4.0
4849,350,4910.738323353294,2799.859281437126,3,1,False,0,20220531,1,4.0
4850,351,4910.551497005988,3335.32754491018,2,10,False,0,20220531,1,4.0
4851,352,4911.092964824121,3871.680904522613,2,6,False,0,20220531,1,4.0
4852,353,4911.308383233533,4407.317964071856,0,0,False,0,20220531,1,4.0
4853,354,4911.298994974874,4943.133165829146,2,6,False,0,20220531,1,4.0
4854,355,4911.308841099164,5479.318399044206,1,3,False,0,20220531,1,4.0
4855,356,4911.696078431372,6011.318627450981,3,5,False,0,20220531,1,4.0
4856,357,4911.308383233533,6543.682035928144,1,32,False,0,20220531,1,4.0
4857,358,4911.796387017759,7083.225658297612,1,0,False,0,20220531,1,4.0
4858,359,4912.070743405276,7622.958033573142,1,12,False,0,20220531,1,4.0
4859,360,4911.5,8151.5,1,1,False,0,20220531,1,4.0
4860,361,4911.5,8694.951572327043,11,75,False,0,20220531,1,4.0
4861,362,4911.696078431372,9219.68137254902,2,5,False,0,20220531,1,4.0
4862,363,4911.69656019656,9755.681818181818,1,4,False,0,20220531,1,4.0
4863,364,4911.5,10291.863190184047,1,0,False,0,20220531,1,4.0
4864,365,4911.5,10827.863190184047,1,13,False,0,20220531,1,4.0
4865,366,4911.5,11374.602040816326,0,4,False,0,20220531,1,4.0
4866,367,4911.780407429598,11902.869682444578,0,0,False,0,20220531,1,4.0
4867,368,4911.600551808707,12443.043838136113,0,0,False,0,20220531,1,4.0
4868,369,4911.696078431372,12971.68137254902,0,0,False,0,20220531,1,4.0
4869,370,4911.780407429598,13504.130317555422,0,0,False,0,20220531,1,4.0
4870,371,4911.780407429598,14040.130317555422,0,27,False,0,20220531,1,4.0
4871,372,4911.774165202109,14579.232864674868,1,5,False,0,20220531,1,4.0
4872,373,4911.696078431372,15115.68137254902,3,14,False,0,20220531,1,4.0
4873,374,4911.780407429598,15648.130317555422,0,2,False,0,20220531,1,4.0
4874,375,4911.5,16191.136363636364,6,83,True,0,20220531,1,4.0
4875,376,4911.5,16731.5,2,14,False,0,20220531,1,4.0
4876,377,4911.869158878505,17266.77570093458,2,0,False,0,20220531,1,4.0
4877,378,4911.877182770663,17795.681606519207,8,9,True,0,20220531,1,4.0
4878,379,4912.261676646706,18335.32754491018,4,30,True,0,20220531,1,4.0
4879,380,4912.056725146199,18867.49064327485,1,3,False,0,20220531,1,4.0
4880,381,4911.696078431372,19403.68137254902,5,12,False,0,20220531,1,4.0
4881,382,4911.796387017759,19947.22565829761,1,2,False,0,20220531,1,4.0
4882,383,4911.961088355763,20483.050614394386,3,82,False,0,20220531,1,4.0
4883,384,4911.888206388207,21018.77764127764,0,0,True,0,20220531,1,4.0
4884,385,5354.359950859951,927.5,1,1,True,0,20220531,1,4.0
4885,386,5355.3972382787415,1463.4049454078356,1,0,False,0,20220531,1,4.0
4886,387,5354.355036855037,1999.8341523341523,1,1,False,0,20220531,1,4.0
4887,388,5355.103761755486,2531.314420062696,5,7,False,0,20220531,1,4.0
4888,389,5355.299624295554,3067.5,2,10,False,0,20220531,1,4.0
4889,390,5355.5,3607.309523809524,2,2,False,0,20220531,1,4.0
4890,391,5355.5,4135.5,1,0,False,0,20220531,1,4.0
4891,392,5355.87791411043,4678.758895705521,0,0,False,0,20220531,1,4.0
4892,393,5355.69094247246,5207.313953488372,3,30,False,0,20220531,1,4.0
4893,394,5355.695611285267,5747.123824451411,2,4,False,0,20220531,1,4.0
4894,395,5355.600250626567,6275.4047619047615,2,6,False,0,20220531,1,4.0
4895,396,5355.5,6815.1274509803925,5,9,False,0,20220531,1,4.0
4896,397,5355.597739767868,7351.404703726329,5,4,False,0,20220531,1,4.0
4897,398,5355.6027617212585,7887.404945407836,4,12,False,0,20220531,1,4.0
4898,399,5355.868641532017,8426.757929383602,3,25,False,0,20220531,1,4.0
4899,400,5355.6027617212585,8951.595054592164,4,41,False,0,20220531,1,4.0
4900,401,5355.69094247246,9487.686046511628,1,14,False,0,20220531,1,4.0
4901,402,5355.882352941177,10023.5,2,25,False,0,20220531,1,4.0
4902,403,5355.788685015291,10559.781345565749,4,17,False,0,20220531,1,4.0
4903,404,5355.87298266587,11099.5,0,0,False,0,20220531,1,4.0
4904,405,5355.803536977492,11639.21961414791,1,44,False,0,20220531,1,4.0
4905,406,5355.788685015291,12175.218654434251,2,8,False,0,20220531,1,4.0
4906,407,5355.796110414053,12707.218946047678,3,9,False,0,20220531,1,4.0
4907,408,5355.896238244514,13235.685579937304,0,6,False,0,20220531,1,4.0
4908,409,5355.700375704446,13771.5,3,21,False,0,20220531,1,4.0
4909,410,5355.796110414053,14307.781053952322,0,0,False,0,20220531,1,4.0
4910,411,5355.600125156446,14851.404881101376,5,10,False,0,20220531,1,4.0
4911,412,5355.700375704446,15379.5,4,31,False,0,20220531,1,4.0
4912,413,5355.88630806846,15919.685819070904,1,2,False,0,20220531,1,4.0
4913,414,5355.5,16462.936964504283,10,106,True,0,20220531,1,4.0
4914,415,5355.896238244514,16995.314420062696,2,8,False,0,20220531,1,4.0
4915,416,5355.917713152677,17531.31493721084,0,0,False,0,20220531,1,4.0
4916,417,5355.795739348371,18067.21929824561,0,3,False,0,20220531,1,4.0
4917,418,5355.6027617212585,18599.59505459217,2,56,False,0,20220531,1,4.0
4918,419,5355.700375704446,19139.5,5,16,False,0,20220531,1,4.0
4919,420,5355.968339307049,19675.40442054958,3,0,False,0,20220531,1,4.0
4920,421,5355.600125156446,20211.40488110137,6,3,True,0,20220531,1,4.0
4921,422,5355.795739348371,20755.21929824561,1,6,True,0,20220531,1,4.0
4922,423,5355.700375704446,21283.5,2,0,True,0,20220531,1,4.0
4923,424,5806.541916167665,1199.3179640718563,4,0,True,0,20220531,1,4.0
4924,425,5806.328331332533,1727.2454981992796,7,43,False,0,20220531,1,4.0
4925,426,5806.901257861635,2262.9616352201256,2,2,False,0,20220531,1,4.0
4926,427,5807.019426180514,2799.4067543335327,1,1,False,0,20220531,1,4.0
4927,428,5807.204504504504,3335.262162162162,1,0,False,0,20220531,1,4.0
4928,429,5807.705771643664,3871.5,3,0,False,0,20220531,1,4.0
4929,430,5807.308383233533,4407.317964071856,2,2,False,0,20220531,1,4.0
4930,431,5807.397049591965,4943.407093534212,1,2,False,0,20220531,1,4.0
4931,432,5807.5,5479.136363636364,2,0,False,0,20220531,1,4.0
4932,433,5807.5,6011.5,1,0,True,0,20220531,1,4.0
4933,434,5807.317964071856,6544.223353293413,6,19,False,0,20220531,1,4.0
4934,435,5807.303921568628,7083.318627450981,2,1,False,0,20220531,1,4.0
4935,436,5807.5,7623.136363636364,2,16,False,0,20220531,1,4.0
4936,437,5807.5,8151.5,1,1,False,0,20220531,1,4.0
4937,438,5807.5,8694.951572327043,2,12,False,0,20220531,1,4.0
4938,439,5807.399448191293,9219.956161863887,1,1,False,0,20220531,1,4.0
4939,440,5807.303921568628,9755.68137254902,4,23,False,0,20220531,1,4.0
4940,441,5807.5,10291.863190184047,3,0,False,0,20220531,1,4.0
4941,442,5807.5,10827.863190184047,4,1,False,0,20220531,1,4.0
4942,443,5807.5,11374.602040816326,2,0,False,0,20220531,1,4.0
4943,444,5807.691616766467,11903.317964071855,1,0,False,0,20220531,1,4.0
4944,445,5807.600551808707,12443.043838136113,0,0,False,0,20220531,1,4.0
4945,446,5807.696078431372,12971.68137254902,4,3,False,0,20220531,1,4.0
4946,447,5807.5,13503.863636363636,0,0,False,0,20220531,1,4.0
4947,448,5807.780407429598,14040.130317555422,1,0,False,0,20220531,1,4.0
4948,449,5807.5,14579.5,3,1,False,0,20220531,1,4.0
4949,450,5807.5,15115.5,0,22,False,0,20220531,1,4.0
4950,451,5807.308383233533,15647.682035928145,2,0,False,0,20220531,1,4.0
4951,452,5807.219592570402,16190.869682444578,0,0,False,0,20220531,1,4.0
4952,453,5807.203975535168,16731.225993883792,2,6,False,0,20220531,1,4.0
4953,454,5808.315897136177,17266.518118059616,2,1,False,0,20220531,1,4.0
4954,455,5807.5,17795.5,0,0,False,0,20220531,1,4.0
4955,456,5807.598027495517,18335.04333532576,1,1,False,0,20220531,1,4.0
4956,457,5807.686915887851,18867.317757009347,2,4,False,0,20220531,1,4.0
4957,458,5807.399694189602,19403.59296636085,1,1,False,0,20220531,1,4.0
4958,459,5807.600551808707,19947.04383813612,2,11,False,0,20220531,1,4.0
4959,460,5807.322429906542,20482.59813084112,1,0,True,0,20220531,1,4.0
4960,461,5807.600551808707,21019.04383813612,3,0,True,0,20220531,1,4.0
4961,462,6248.491920447483,929.41671845867,5,0,True,0,20220531,1,4.0
4962,463,6250.684516129032,1463.5,3,0,True,0,20220531,1,4.0
4963,464,6250.062461538461,1999.2710769230769,1,0,True,0,20220531,1,4.0
4964,465,6246.90797940798,2531.5,1,0,True,0,20220531,1,4.0
4965,466,6251.103761755486,3067.6855799373043,1,0,False,0,20220531,1,4.0
4966,467,6251.402379499695,3607.4048200122015,2,0,False,0,20220531,1,4.0
4967,468,6251.30905752754,4135.686046511628,7,1,False,0,20220531,1,4.0
4968,469,6251.788685015291,4679.21865443425,7,1,True,0,20220531,1,4.0
4969,470,6251.882352941177,5207.5,6,3,True,0,20220531,1,4.0
4970,471,6251.600250626567,5747.4047619047615,3,8,True,0,20220531,1,4.0
4971,472,6251.600250626567,6275.595238095239,1,0,True,0,20220531,1,4.0
4972,473,6251.5,6815.1274509803925,2,0,False,0,20220531,1,4.0
4973,474,6251.5,7351.5,3,2,False,0,20220531,1,4.0
4974,475,6251.6027617212585,7887.404945407836,3,7,False,0,20220531,1,4.0
4975,476,6251.773053892216,8426.853293413174,0,0,False,0,20220531,1,4.0
4976,477,6251.5,8951.690231362469,2,1,False,0,20220531,1,4.0
4977,478,6251.5,9487.872549019608,0,0,True,0,20220531,1,4.0
4978,479,6251.5,10023.872549019608,0,0,True,0,20220531,1,4.0
4979,480,6251.69094247246,10559.686046511628,3,0,True,0,20220531,1,4.0
4980,481,6251.87298266587,11099.5,2,2,False,0,20220531,1,4.0
4981,482,6251.6027617212585,11639.404945407836,3,1,True,0,20220531,1,4.0
4982,483,6251.597979179424,12175.032149418248,0,0,True,0,20220531,1,4.0
4983,484,6251.796110414053,12707.218946047678,1,0,True,0,20220531,1,4.0
4984,485,6251.896238244514,13235.685579937304,7,47,False,0,20220531,1,4.0
4985,486,6251.600125156446,13771.595118898624,2,0,True,0,20220531,1,4.0
4986,487,6251.795739348371,14307.780701754386,1,0,True,0,20220531,1,4.0
4987,488,6251.5,14851.309643080776,1,1,False,0,20220531,1,4.0
4988,489,6251.600250626567,15379.40476190476,2,14,False,0,20220531,1,4.0
4989,490,6251.5,15919.5,7,5,False,0,20220531,1,4.0
4990,491,6251.5,16462.389434889436,1,0,False,0,20220531,1,4.0
4991,492,6251.5,16995.30964308078,2,2,False,0,20220531,1,4.0
4992,493,6251.605540897098,17531.405013192612,1,1,False,0,20220531,1,4.0
4993,494,6251.5,18066.93753923415,1,1,False,0,20220531,1,4.0
4994,495,6251.5,18599.5,3,3,False,0,20220531,1,4.0
4995,496,6251.5,19139.30964308078,1,0,False,0,20220531,1,4.0
4996,497,6251.5,19675.12701733413,0,0,False,0,20220531,1,4.0
4997,498,6251.5,20211.30964308078,2,0,True,0,20220531,1,4.0
4998,499,6251.399874843554,20755.40488110137,4,0,True,0,20220531,1,4.0
4999,500,6251.600250626567,21283.404761904763,2,0,True,0,20220531,1,4.0
5000,1,899.004835589942,1464.1473243068988,0,0,False,1,20220531,2,4.0
5001,2,898.7570725707257,2000.5971709717096,0,0,False,1,20220531,2,4.0
5002,3,899.2132075471698,2532.3352201257862,3,0,False,1,20220531,2,4.0
5003,4,899.2132075471698,3068.3352201257862,2,2,False,1,20220531,2,4.0
5004,5,899.4020208205757,3607.967850581752,0,1,False,1,20220531,2,4.0
5005,6,899.2204169221336,4136.33629675046,1,0,False,1,20220531,2,4.0
5006,7,899.4020208205757,4679.967850581751,0,0,False,1,20220531,2,4.0
5007,8,899.7795830778664,5208.33629675046,0,0,False,1,20220531,2,4.0
5008,9,899.6956112852664,5747.876175548589,0,0,False,1,20220531,2,4.0
5009,10,899.204260651629,6275.7807017543855,1,0,False,1,20220531,2,4.0
5010,11,899.8779141104294,6816.241104294479,1,0,False,1,20220531,2,4.0
5011,12,900.0686274509804,7352.053921568628,2,0,False,1,20220531,2,4.0
5012,13,900.3051612903225,7887.866451612903,2,4,False,1,20220531,2,4.0
5013,14,900.6003003003003,8428.206306306307,0,0,False,1,20220531,2,4.0
5014,15,900.0979381443299,8952.051546391753,10,3,False,1,20220531,2,4.0
5015,16,900.2429274292743,9488.59717097171,3,0,False,1,20220531,2,4.0
5016,17,901.4233621755252,10024.187268232386,2,1,False,1,20220531,2,4.0
5017,18,901.0743368291178,10560.657310302282,0,0,False,1,20220531,2,4.0
5018,19,900.5989802039592,11100.224655068989,0,0,False,1,20220531,2,4.0
5019,20,899.7005141388174,11639.690231362469,3,2,False,1,20220531,2,4.0
5020,21,901.428306551298,12176.889369592089,1,0,False,1,20220531,2,4.0
5021,22,900.3805031446541,12707.771698113207,0,0,False,1,20220531,2,4.0
5022,23,900.3564231738035,13236.502518891688,0,0,False,1,20220531,2,4.0
5023,24,899.9824120603015,13772.14824120603,3,1,False,1,20220531,2,4.0
5024,25,900.1607818411097,14308.690416141237,4,9,False,1,20220531,2,4.0
5025,26,899.896238244514,14851.685579937304,4,2,False,1,20220531,2,4.0
5026,27,899.9824120603015,15380.14824120603,2,0,False,1,20220531,2,4.0
5027,28,899.7795830778664,15920.33629675046,0,0,False,1,20220531,2,4.0
5028,29,899.6909424724602,16463.68604651163,3,0,False,1,20220531,2,4.0
5029,30,899.6956112852664,16995.87617554859,3,0,False,1,20220531,2,4.0
5030,31,899.6055408970976,17531.594986807388,0,0,False,1,20220531,2,4.0
5031,32,899.5,18067.5,2,0,False,1,20220531,2,4.0
5032,33,899.5,18599.690231362467,5,1,True,1,20220531,2,4.0
5033,34,899.6002506265664,19139.404761904763,3,0,False,1,20220531,2,4.0
5034,35,900.1467065868263,19675.226946107785,6,15,False,1,20220531,2,4.0
5035,36,900.0925925925926,20211.5,7,0,False,1,20220531,2,4.0
5036,37,900.1842767295598,20754.86603773585,5,4,False,1,20220531,2,4.0
5037,38,903.89588688946,21283.309768637533,10,12,True,1,20220531,2,4.0
5038,39,1342.8345888261142,1199.9695543000628,0,0,False,1,20220531,2,4.0
5039,40,1343.293710691824,1728.4610062893082,0,0,False,1,20220531,2,4.0
5040,41,1343.1967699406723,2263.78740936058,0,0,False,1,20220531,2,4.0
5041,42,1343.2115987460816,2799.7884012539184,1,0,False,1,20220531,2,4.0
5042,43,1343.211959924859,3335.788040075141,1,0,False,1,20220531,2,4.0
5043,44,1343.5,3871.694993412385,4,2,False,1,20220531,2,4.0
5044,45,1343.5,4407.6952440550685,2,0,False,1,20220531,2,4.0
5045,46,1343.5,4943.5,2,0,False,1,20220531,2,4.0
5046,47,1343.5975609756097,5479.59756097561,4,0,False,1,20220531,2,4.0
5047,48,1343.5951768488746,6011.788102893891,0,0,False,1,20220531,2,4.0
5048,49,1343.7790697674418,6544.357322438717,1,0,False,1,20220531,2,4.0
5049,50,1343.7002567394095,7083.5,2,0,False,1,20220531,2,4.0
5050,51,1344.0771643663738,7623.5,0,0,False,1,20220531,2,4.0
5051,52,1343.7884012539184,8151.788401253919,0,0,False,1,20220531,2,4.0
5052,53,1343.705533596838,8695.5,1,0,False,1,20220531,2,4.0
5053,54,1343.6953727506427,9219.885604113111,0,0,False,1,20220531,2,4.0
5054,55,1343.89588688946,9755.690231362469,2,1,False,1,20220531,2,4.0
5055,56,1343.399935856318,10291.597498396408,1,0,False,1,20220531,2,4.0
5056,57,1344.0824742268042,10828.067010309278,0,0,False,1,20220531,2,4.0
5057,58,1344.4319899244333,11374.568010075567,3,0,False,1,20220531,2,4.0
5058,59,1343.8859649122808,11903.690476190475,0,0,False,1,20220531,2,4.0
5059,60,1343.89588688946,12443.309768637531,2,0,False,1,20220531,2,4.0
5060,61,1343.89588688946,12971.690231362469,0,0,False,1,20220531,2,4.0
5061,62,1343.690476190476,13503.88596491228,2,0,True,1,20220531,2,4.0
5062,63,1343.8859649122808,14039.690476190475,1,0,False,1,20220531,2,4.0
5063,64,1343.4044703000611,14579.402020820577,4,0,False,1,20220531,2,4.0
5064,65,1343.6953727506427,15115.885604113111,3,1,False,1,20220531,2,4.0
5065,66,1343.690476190476,15647.88596491228,3,0,False,1,20220531,2,4.0
5066,67,1343.7884012539184,16191.788401253918,3,0,False,1,20220531,2,4.0
5067,68,1343.399935856318,16731.402501603592,1,0,False,1,20220531,2,4.0
5068,69,1343.6865030674846,17267.308588957054,0,0,False,1,20220531,2,4.0
5069,70,1343.5955296999389,17795.98009797918,1,1,False,1,20220531,2,4.0
5070,71,1343.5975609756097,18335.40243902439,4,6,False,1,20220531,2,4.0
5071,72,1343.5,18867.88235294117,1,0,False,1,20220531,2,4.0
5072,73,1343.5,19403.5,3,1,False,1,20220531,2,4.0
5073,74,1343.89588688946,19947.309768637533,3,0,False,1,20220531,2,4.0
5074,75,1344.0539215686274,20482.93137254902,2,3,False,1,20220531,2,4.0
5075,76,1344.1825499034128,21019.03122987765,4,1,False,1,20220531,2,4.0
5076,77,1786.8558696988323,928.6923786109404,3,0,False,1,20220531,2,4.0
5077,78,1786.6937984496124,1464.37338501292,2,0,False,1,20220531,2,4.0
5078,79,1786.9313725490197,2000.053921568628,3,0,False,1,20220531,2,4.0
5079,80,1787.2038895859473,2531.781053952321,0,0,False,1,20220531,2,4.0
5080,81,1786.442065491184,3068.3110831234258,2,0,False,1,20220531,2,4.0
5081,82,1787.970300061237,3608.149112063688,1,0,False,1,20220531,2,4.0
5082,83,1787.5979791794243,4135.967850581751,1,1,False,1,20220531,2,4.0
5083,84,1787.2204169221336,4679.772225628449,4,0,False,1,20220531,2,4.0
5084,85,1787.029699938763,5208.149112063687,0,0,False,1,20220531,2,4.0
5085,86,1787.882149591452,5748.053111250786,0,0,False,1,20220531,2,4.0
5086,87,1787.9753476611884,6276.870417193426,0,0,False,1,20220531,2,4.0
5087,88,1788.0700245700243,6816.055282555282,1,0,True,1,20220531,2,4.0
5088,89,1788.0686274509803,7352.053921568628,2,1,False,1,20220531,2,4.0
5089,90,1787.9066924066924,7887.685328185328,2,0,False,1,20220531,2,4.0
5090,91,1788.4214157168567,8427.5,1,0,False,1,20220531,2,4.0
5091,92,1788.8411003236247,8951.057281553398,2,0,False,1,20220531,2,4.0
5092,93,1788.9590264941469,9488.74460874923,1,0,False,1,20220531,2,4.0
5093,94,1788.5325752919484,10024.31868469576,2,1,False,1,20220531,2,4.0
5094,95,1789.3282890673256,10560.925571340333,1,0,False,1,20220531,2,4.0
5095,96,1788.2420706163973,11099.868641532015,1,5,False,1,20220531,2,4.0
5096,97,1788.1082474226805,11639.5,2,3,False,1,20220531,2,4.0
5097,98,1788.8382533825338,12175.657441574416,1,0,False,1,20220531,2,4.0
5098,99,1788.3636363636365,13236.671717171715,1,0,False,1,20220531,2,4.0
5099,100,1788.083280955374,13772.053111250783,1,2,False,1,20220531,2,4.0
5100,101,1788.26214511041,14308.5952681388,0,0,False,1,20220531,2,4.0
5101,102,1788.0925925925926,14851.5,1,0,False,1,20220531,2,4.0
5102,103,1787.887665198238,15380.240088105727,0,0,False,1,20220531,2,4.0
5103,104,1787.8779141104294,15920.24110429448,0,0,False,1,20220531,2,4.0
5104,105,1787.7886850152904,16463.409480122325,1,0,False,1,20220531,2,4.0
5105,106,1787.795739348371,16995.780701754386,1,0,True,1,20220531,2,4.0
5106,107,1787.9177131526767,17531.68506278916,0,1,False,1,20220531,2,4.0
5107,108,1787.7003757044458,18067.5,0,0,False,1,20220531,2,4.0
5108,109,1787.6027617212587,18599.59505459217,1,1,False,1,20220531,2,4.0
5109,110,1787.896238244514,19139.314420062696,0,0,False,1,20220531,2,4.0
5110,111,1788.4214157168567,19675.5,1,0,False,1,20220531,2,4.0
5111,112,1788.0925925925926,20211.5,1,0,False,1,20220531,2,4.0
5112,113,1788.083280955374,20754.94688874921,2,1,False,1,20220531,2,4.0
5113,114,1788.294468887492,21283.5,0,4,True,1,20220531,2,4.0
5114,115,1791.89588688946,12707.309768637531,0,0,False,1,20220531,2,4.0
5115,116,2231.304755944931,1199.5,1,1,False,1,20220531,2,4.0
5116,117,2231.6907151819323,1727.8764115432873,1,0,False,1,20220531,2,4.0
5117,118,2231.5,2263.5,3,3,False,1,20220531,2,4.0
5118,119,2231.5,2799.5,4,7,False,1,20220531,2,4.0
5119,120,2231.5,3335.5,1,0,True,1,20220531,2,4.0
5120,121,2231.5,3871.5,1,0,True,1,20220531,2,4.0
5121,122,2231.695244055069,4407.5,2,0,False,1,20220531,2,4.0
5122,123,2231.5,4943.5,2,1,False,1,20220531,2,4.0
5123,124,2231.5,5479.5,2,1,False,1,20220531,2,4.0
5124,125,2231.6000641436817,6011.402501603592,3,0,False,1,20220531,2,4.0
5125,126,2231.690476190476,6543.8859649122805,1,0,False,1,20220531,2,4.0
5126,127,2231.89588688946,7083.690231362468,5,53,False,1,20220531,2,4.0
5127,128,2232.077164366374,7623.5,1,0,False,1,20220531,2,4.0
5128,129,2231.8859649122805,8151.690476190476,0,0,False,1,20220531,2,4.0
5129,130,2232.1076618229854,8695.5,0,0,False,1,20220531,2,4.0
5130,131,2231.79543994862,9219.787732819525,2,6,False,1,20220531,2,4.0
5131,132,2232.182549903413,9755.968770122345,0,0,False,1,20220531,2,4.0
5132,133,2232.182549903413,10291.968770122345,1,0,False,1,20220531,2,4.0
5133,134,2232.082474226804,10828.067010309278,3,0,False,1,20220531,2,4.0
5134,135,2231.6902377972465,11375.304755944931,1,0,False,1,20220531,2,4.0
5135,136,2232.165411173886,11903.969554300063,0,0,False,1,20220531,2,4.0
5136,137,2231.7002567394097,12443.5,0,0,False,1,20220531,2,4.0
5137,138,2232.0817245817248,12972.06628056628,1,0,False,1,20220531,2,4.0
5138,139,2232.3332284455632,13504.529578351165,1,0,False,1,20220531,2,4.0
5139,140,2232.3332284455632,14040.529578351165,0,0,False,1,20220531,2,4.0
5140,141,2232.241104294478,14579.87791411043,4,0,False,1,20220531,2,4.0
5141,142,2232.0817245817248,15116.06628056628,1,2,False,1,20220531,2,4.0
5142,143,2231.9695543000626,15648.165411173886,0,0,False,1,20220531,2,4.0
5143,144,2231.8859649122805,16191.690476190475,3,1,False,1,20220531,2,4.0
5144,145,2231.7002567394097,16731.5,0,0,False,1,20220531,2,4.0
5145,146,2232.241104294478,17267.681595092025,3,0,False,1,20220531,2,4.0
5146,147,2232.053921568628,17796.06862745098,1,0,False,1,20220531,2,4.0
5147,148,2231.8859649122805,18335.69047619048,0,0,True,1,20220531,2,4.0
5148,149,2232.33629675046,18867.220416922133,0,0,False,1,20220531,2,4.0
5149,150,2231.79543994862,19403.787732819525,5,2,False,1,20220531,2,4.0
5150,151,2231.89588688946,19947.309768637533,0,0,True,1,20220531,2,4.0
5151,152,2232.33629675046,20483.220416922133,3,1,False,1,20220531,2,4.0
5152,153,2231.89588688946,21019.309768637533,0,2,False,1,20220531,2,4.0
5153,154,2674.93137254902,928.0539215686274,1,1,False,1,20220531,2,4.0
5154,155,2677.859493670886,1462.4012658227848,1,0,False,1,20220531,2,4.0
5155,156,2675.406919779547,1999.776791181874,0,0,False,1,20220531,2,4.0
5156,157,2674.90666247643,2531.489943431804,2,0,False,1,20220531,2,4.0
5157,158,2675.1173694147265,3068.04877281309,3,0,True,1,20220531,2,4.0
5158,159,2674.6416309012875,3607.7722256284487,0,0,False,1,20220531,2,4.0
5159,160,2678.221252257676,4135.150812763395,2,1,False,1,20220531,2,4.0
5160,161,2679.5,4679.5,1,0,False,1,20220531,2,4.0
5161,162,2678.2738452309536,5208.111877624475,1,0,True,1,20220531,2,4.0
5162,163,2679.5,5747.5,2,0,False,1,20220531,2,4.0
5163,164,2680.4987699877,6275.849323493235,0,0,False,1,20220531,2,4.0
5164,165,2679.882775119617,6815.5,0,0,False,1,20220531,2,4.0
5165,166,2680.2616766467067,7351.859281437126,2,0,False,1,20220531,2,4.0
5166,167,2680.236225087925,8427.317116060962,1,0,False,1,20220531,2,4.0
5167,168,2679.907035175879,8951.680904522613,2,1,False,1,20220531,2,4.0
5168,169,2679.211389385808,9487.774299344066,1,1,False,1,20220531,2,4.0
5169,170,2680.0693779904304,10024.04066985646,1,0,False,1,20220531,2,4.0
5170,171,2681.5253470126736,10560.709414604707,2,0,False,1,20220531,2,4.0
5171,172,2680.147574517826,11099.766510812393,3,0,False,1,20220531,2,4.0
5172,173,2680.1638705811865,12175.766027561414,1,0,False,1,20220531,2,4.0
5173,174,2680.093137254902,12707.5,0,0,False,1,20220531,2,4.0
5174,175,2680.0840490797545,13236.039877300613,2,0,False,1,20220531,2,4.0
5175,176,2679.796024464832,13771.774006116208,4,1,False,1,20220531,2,4.0
5176,177,2680.459409594096,14308.385608856088,2,30,False,1,20220531,2,4.0
5177,178,2679.896572827417,14851.681150550796,2,0,False,1,20220531,2,4.0
5178,179,2680.0840490797545,15380.039877300613,1,13,False,1,20220531,2,4.0
5179,180,2680.0693779904304,15920.04066985646,2,2,False,1,20220531,2,4.0
5180,181,2679.980573819486,16463.406754333533,3,0,False,1,20220531,2,4.0
5181,182,2679.896572827417,16995.681150550794,4,0,False,1,20220531,2,4.0
5182,183,2679.605602060528,17531.592723760463,2,0,False,1,20220531,2,4.0
5183,184,2679.9935543278084,18067.58348680172,5,0,False,1,20220531,2,4.0
5184,185,2679.80923947203,18599.42206159648,3,1,True,1,20220531,2,4.0
5185,186,2680.1876155268023,19139.214109673445,1,0,False,1,20220531,2,4.0
5186,187,2680.4227166276346,19675.5,3,0,False,1,20220531,2,4.0
5187,188,2679.700488997555,20211.5,0,0,False,1,20220531,2,4.0
5188,189,2679.7963870177587,20755.22565829761,0,0,False,1,20220531,2,4.0
5189,190,2680.093137254902,21283.5,0,0,True,1,20220531,2,4.0
5190,191,2683.602761721259,7887.595054592164,1,0,False,1,20220531,2,4.0
5191,192,2683.9025806451614,11639.5,1,0,False,1,20220531,2,4.0
5192,193,3130.359950859951,1199.5,0,0,False,1,20220531,2,4.0
5193,194,3125.668888888889,1728.9653968253967,1,0,False,1,20220531,2,4.0
5194,195,3131.397238278741,2263.5950545921646,0,0,False,1,20220531,2,4.0
5195,196,3127.2105097545627,2799.7794210195093,3,0,False,1,20220531,2,4.0
5196,197,3129.775092936803,3336.6995043370507,4,3,False,1,20220531,2,4.0
5197,198,3131.397238278741,3871.5950545921646,0,0,False,1,20220531,2,4.0
5198,199,3130.726600985221,4406.869458128079,1,0,False,1,20220531,2,4.0
5199,200,3130.9945196647323,4943.595422308188,1,0,False,1,20220531,2,4.0
5200,201,3131.402260232132,5479.404703726329,0,0,False,1,20220531,2,4.0
5201,202,3131.203889585948,6011.781053952322,0,0,False,1,20220531,2,4.0
5202,203,3131.1220858895704,6544.241104294479,1,0,False,1,20220531,2,4.0
5203,204,3131.6001251564458,7083.595118898624,1,0,False,1,20220531,2,4.0
5204,205,3131.5,7623.127450980392,0,0,False,1,20220531,2,4.0
5205,206,3131.5,8151.872549019607,6,12,False,1,20220531,2,4.0
5206,207,3131.5,8695.309768637531,0,0,False,1,20220531,2,4.0
5207,208,3131.6956112852663,9219.876175548588,2,4,False,1,20220531,2,4.0
5208,209,3131.7961104140527,9755.781053952322,0,0,False,1,20220531,2,4.0
5209,210,3131.7961104140527,10291.781053952322,1,0,False,1,20220531,2,4.0
5210,211,3131.5,10828.06246076585,3,227,False,1,20220531,2,4.0
5211,212,3131.779926335175,11374.854205033764,2,0,False,1,20220531,2,4.0
5212,213,3131.6909424724604,11903.686046511628,1,0,False,1,20220531,2,4.0
5213,214,3131.6002506265663,12443.40476190476,1,0,False,1,20220531,2,4.0
5214,215,3131.7961104140527,12971.781053952322,2,1,False,1,20220531,2,4.0
5215,216,3131.7795830778664,13504.33629675046,2,0,False,1,20220531,2,4.0
5216,217,3131.7795830778664,14040.33629675046,2,0,False,1,20220531,2,4.0
5217,218,3131.960431654676,14579.960431654676,0,0,False,1,20220531,2,4.0
5218,219,3131.6956112852663,15115.876175548588,0,0,False,1,20220531,2,4.0
5219,220,3131.5,15648.063035495716,2,1,False,1,20220531,2,4.0
5220,221,3131.8823529411766,16191.5,1,0,False,1,20220531,2,4.0
5221,222,3131.5,16731.30964308078,0,0,False,1,20220531,2,4.0
5222,223,3131.6862686567165,17267.313731343285,4,22,False,1,20220531,2,4.0
5223,224,3131.313953488372,17795.68604651163,2,0,False,1,20220531,2,4.0
5224,225,3131.6909424724604,18335.31395348837,4,0,False,1,20220531,2,4.0
5225,226,3131.68671454219,18867.68671454219,2,0,False,1,20220531,2,4.0
5226,227,3131.700375704446,19403.5,0,0,False,1,20220531,2,4.0
5227,228,3131.5,19947.5,4,1,False,1,20220531,2,4.0
5228,229,3131.782634730539,20482.661676646705,1,0,False,1,20220531,2,4.0
5229,230,3131.7961104140527,21019.21894604768,3,3,False,1,20220531,2,4.0
5230,231,3570.6416309012875,927.7722256284488,3,0,True,1,20220531,2,4.0
5231,232,3571.5,1463.5,3,0,True,1,20220531,2,4.0
5232,233,3569.9433497536947,2000.5147783251232,0,0,True,1,20220531,2,4.0
5233,234,3571.3043887147337,2531.1238244514107,0,0,True,1,20220531,2,4.0
5234,235,3571.8962382445143,3067.6855799373043,4,0,False,1,20220531,2,4.0
5235,236,3571.5,3607.309523809524,0,1,False,1,20220531,2,4.0
5236,237,3571.597620500305,4135.595179987798,1,0,False,1,20220531,2,4.0
5237,238,3571.5,4679.5,2,2,True,1,20220531,2,4.0
5238,239,3571.88630806846,5207.6858190709045,2,61,False,1,20220531,2,4.0
5239,240,3571.7961104140527,5747.590338770389,1,0,False,1,20220531,2,4.0
5240,241,3571.8962382445143,6275.314420062696,0,0,True,1,20220531,2,4.0
5241,242,3571.69536019536,6815.5,2,2,False,1,20220531,2,4.0
5242,243,3572.166258420086,7351.041947336191,0,1,False,1,20220531,2,4.0
5243,244,3571.7056555269924,7887.5,0,0,False,1,20220531,2,4.0
5244,245,3572.5167865707435,8427.404076738609,0,0,False,1,20220531,2,4.0
5245,246,3571.9066924066924,8951.685328185327,0,0,False,1,20220531,2,4.0
5246,247,3572.260736196319,9487.86809815951,1,0,False,1,20220531,2,4.0
5247,248,3572.260736196319,10023.86809815951,0,0,False,1,20220531,2,4.0
5248,249,3572.0686274509803,10560.053921568628,2,0,False,1,20220531,2,4.0
5249,250,3574.511180124224,11097.66645962733,0,0,False,1,20220531,2,4.0
5250,251,3572.00998068255,11639.404700579524,0,0,False,1,20220531,2,4.0
5251,252,3572.3583690987125,12175.227774371551,0,0,False,1,20220531,2,4.0
5252,253,3572.0925925925926,12707.5,0,1,False,1,20220531,2,4.0
5253,254,3572.0825486503454,13236.052416823602,2,0,False,1,20220531,2,4.0
5254,255,3571.8962382445143,13771.685579937304,0,0,True,1,20220531,2,4.0
5255,256,3572.183417085427,14307.957286432162,0,0,False,1,20220531,2,4.0
5256,257,3571.700375704446,14851.5,1,0,False,1,20220531,2,4.0
5257,258,3572.183417085427,15379.957286432162,1,0,False,1,20220531,2,4.0
5258,259,3572.3583690987125,15919.772225628449,1,0,False,1,20220531,2,4.0
5259,260,3571.88630806846,16463.314180929094,0,0,False,1,20220531,2,4.0
5260,261,3572.0925925925926,16995.5,0,0,False,1,20220531,2,4.0
5261,262,3571.6055408970974,17531.594986807388,3,3,False,1,20220531,2,4.0
5262,263,3571.6001251564458,18067.40488110137,0,0,False,1,20220531,2,4.0
5263,264,3571.602761721259,18599.59505459217,2,1,False,1,20220531,2,4.0
5264,265,3572.0925925925926,19139.5,1,0,False,1,20220531,2,4.0
5265,266,3572.5167865707435,19675.59592326139,0,0,False,1,20220531,2,4.0
5266,267,3572.0925925925926,20211.5,2,0,False,1,20220531,2,4.0
5267,268,3572.183417085427,20755.04271356784,2,0,False,1,20220531,2,4.0
5268,269,3572.0925925925926,21283.5,0,0,True,1,20220531,2,4.0
5269,270,4023.1235884567127,1199.1135508155585,1,0,False,1,20220531,2,4.0
5270,271,4023.4024390243903,1727.5975609756097,0,0,False,1,20220531,2,4.0
5271,272,4023.5,2263.5,1,1,False,1,20220531,2,4.0
5272,273,4023.5,2799.304755944931,0,0,True,1,20220531,2,4.0
5273,274,4023.22057898049,3335.7794210195093,0,0,False,1,20220531,2,4.0
5274,275,4023.6026991441736,3871.597432521396,0,0,False,1,20220531,2,4.0
5275,276,4023.6911949685536,4407.308805031446,1,0,False,1,20220531,2,4.0
5276,277,4023.3973008558255,4943.597432521396,4,1,False,1,20220531,2,4.0
5277,278,4023.690476190476,5479.11403508772,1,0,False,1,20220531,2,4.0
5278,279,4023.6000641436817,6011.597498396408,1,1,False,1,20220531,2,4.0
5279,280,4023.690476190476,6543.8859649122805,2,0,True,1,20220531,2,4.0
5280,281,4023.7002567394097,7083.5,0,0,False,1,20220531,2,4.0
5281,282,4023.7884012539184,7623.211598746081,1,0,False,1,20220531,2,4.0
5282,283,4023.885964912281,8151.690476190476,1,0,False,1,20220531,2,4.0
5283,284,4023.6026991441736,8695.402567478604,1,3,False,1,20220531,2,4.0
5284,285,4023.7954399486193,9219.787732819525,0,0,False,1,20220531,2,4.0
5285,286,4023.89588688946,9755.690231362469,0,0,False,1,20220531,2,4.0
5286,287,4023.89588688946,10291.690231362469,0,0,False,1,20220531,2,4.0
5287,288,4023.6953727506425,10827.885604113111,1,0,False,1,20220531,2,4.0
5288,289,4023.7884012539184,11375.211598746082,2,0,False,1,20220531,2,4.0
5289,290,4023.885964912281,11903.690476190475,0,0,False,1,20220531,2,4.0
5290,291,4023.7002567394097,12443.5,0,0,False,1,20220531,2,4.0
5291,292,4023.7954399486193,12971.787732819525,0,0,False,1,20220531,2,4.0
5292,293,4023.969554300063,13504.165411173886,0,0,False,1,20220531,2,4.0
5293,294,4023.885964912281,14039.690476190475,0,0,False,1,20220531,2,4.0
5294,295,4023.87652811736,14579.690709046456,0,0,False,1,20220531,2,4.0
5295,296,4023.7954399486193,15115.787732819525,0,0,True,1,20220531,2,4.0
5296,297,4023.5975609756097,15647.40243902439,1,0,True,1,20220531,2,4.0
5297,298,4023.5,16191.5,0,0,True,1,20220531,2,4.0
5298,299,4023.6000641436817,16731.402501603592,6,1,True,1,20220531,2,4.0
5299,300,4023.4048200122015,17267.402379499694,1,1,False,1,20220531,2,4.0
5300,301,4024.053921568628,17796.06862745098,0,0,False,1,20220531,2,4.0
5301,302,4023.695244055069,18335.5,1,0,False,1,20220531,2,4.0
5302,303,4023.5,18867.5,4,2,False,1,20220531,2,4.0
5303,304,4023.6000641436817,19403.597498396408,0,0,False,1,20220531,2,4.0
5304,305,4023.89588688946,19947.309768637533,1,37,False,1,20220531,2,4.0
5305,306,4023.314180929096,20483.11369193154,1,0,False,1,20220531,2,4.0
5306,307,4023.6000641436817,21019.402501603592,2,2,False,1,20220531,2,4.0
5307,308,4467.308588957055,927.6865030674846,1,1,True,1,20220531,2,4.0
5308,309,4467.6027617212585,1463.5950545921644,1,0,False,1,20220531,2,4.0
5309,310,4467.69094247246,1999.686046511628,3,0,True,1,20220531,2,4.0
5310,311,4467.5,2531.5,0,0,True,1,20220531,2,4.0
5311,312,4467.103264281231,3067.133396107972,0,0,False,1,20220531,2,4.0
5312,313,4467.597620500305,3607.5951799877976,0,0,False,1,20220531,2,4.0
5313,314,4468.0700245700245,4135.490171990172,0,0,False,1,20220531,2,4.0
5314,315,4467.790461538461,4678.6704615384615,3,0,False,1,20220531,2,4.0
5315,316,4467.220416922134,5207.772225628449,0,0,False,1,20220531,2,4.0
5316,317,4467.600250626567,5747.4047619047615,3,1,False,1,20220531,2,4.0
5317,318,4467.695611285267,6275.876175548589,0,0,False,1,20220531,2,4.0
5318,319,4468.067931456549,6814.9467564259485,0,0,False,1,20220531,2,4.0
5319,320,4467.69094247246,7351.686046511628,0,0,True,1,20220531,2,4.0
5320,321,4467.705655526992,7887.5,0,0,False,1,20220531,2,4.0
5321,322,4467.9604316546765,8427.039568345324,0,0,False,1,20220531,2,4.0
5322,323,4467.803536977492,8951.78038585209,0,0,True,1,20220531,2,4.0
5323,324,4467.779926335175,9488.145794966236,0,1,False,1,20220531,2,4.0
5324,325,4467.970876762723,10023.958614347026,1,0,False,1,20220531,2,4.0
5325,326,4467.779926335175,10560.145794966236,0,0,False,1,20220531,2,4.0
5326,327,4467.773709483794,11099.773709483794,0,1,False,1,20220531,2,4.0
5327,328,4467.705655526992,11639.5,1,1,True,1,20220531,2,4.0
5328,329,4467.691411042945,12175.313496932517,1,0,False,1,20220531,2,4.0
5329,330,4467.992462311558,12707.404522613066,0,0,False,1,20220531,2,4.0
5330,331,4467.982412060302,13236.14824120603,1,0,False,1,20220531,2,4.0
5331,332,4467.695611285267,13771.876175548588,0,0,True,1,20220531,2,4.0
5332,333,4467.78679245283,14308.335220125786,2,1,False,1,20220531,2,4.0
5333,334,4467.700375704446,14851.5,1,0,False,1,20220531,2,4.0
5334,335,4467.695611285267,15379.876175548588,0,0,False,1,20220531,2,4.0
5335,336,4467.69094247246,15919.686046511628,0,0,False,1,20220531,2,4.0
5336,337,4467.597979179424,16463.03214941825,1,0,False,1,20220531,2,4.0
5337,338,4467.796110414053,16995.590338770387,0,0,False,1,20220531,2,4.0
5338,339,4467.812169312169,17531.589947089946,0,0,False,1,20220531,2,4.0
5339,340,4467.304143126177,18067.314187068423,2,1,False,1,20220531,2,4.0
5340,341,4467.6027617212585,18599.59505459217,1,1,False,1,20220531,2,4.0
5341,342,4467.992462311558,19139.59547738693,2,0,False,1,20220531,2,4.0
5342,343,4467.9604316546765,19675.586330935253,1,0,False,1,20220531,2,4.0
5343,344,4467.992462311558,20211.404522613066,2,0,False,1,20220531,2,4.0
5344,345,4467.695611285267,20755.87617554859,4,0,False,1,20220531,2,4.0
5345,346,4467.600250626567,21283.404761904763,0,0,False,1,20220531,2,4.0
5346,347,4910.279048765804,1198.8762793497892,0,0,False,1,20220531,2,4.0
5347,348,4909.975961538462,1726.3557692307693,2,0,False,1,20220531,2,4.0
5348,349,4911.294228356336,2263.5,0,0,False,1,20220531,2,4.0
5349,350,4910.738323353294,2799.859281437126,2,0,False,1,20220531,2,4.0
5350,351,4910.551497005988,3335.32754491018,4,32,False,1,20220531,2,4.0
5351,352,4911.092964824121,3871.680904522613,0,0,False,1,20220531,2,4.0
5352,353,4911.308383233533,4407.317964071856,1,5,False,1,20220531,2,4.0
5353,354,4911.298994974874,4943.133165829146,0,1,False,1,20220531,2,4.0
5354,355,4911.308841099164,5479.318399044206,0,0,False,1,20220531,2,4.0
5355,356,4911.696078431372,6011.318627450981,0,0,False,1,20220531,2,4.0
5356,357,4911.308383233533,6543.682035928144,0,0,False,1,20220531,2,4.0
5357,358,4911.796387017759,7083.225658297612,1,0,False,1,20220531,2,4.0
5358,359,4912.070743405276,7622.958033573142,0,0,False,1,20220531,2,4.0
5359,360,4911.5,8151.5,0,0,False,1,20220531,2,4.0
5360,361,4911.5,8694.951572327043,1,0,False,1,20220531,2,4.0
5361,362,4911.696078431372,9219.68137254902,0,0,False,1,20220531,2,4.0
5362,363,4911.69656019656,9755.681818181818,1,1,False,1,20220531,2,4.0
5363,364,4911.5,10291.863190184047,0,0,False,1,20220531,2,4.0
5364,365,4911.5,10827.863190184047,0,0,False,1,20220531,2,4.0
5365,366,4911.5,11374.602040816326,0,0,False,1,20220531,2,4.0
5366,367,4911.780407429598,11902.869682444578,0,0,True,1,20220531,2,4.0
5367,368,4911.600551808707,12443.043838136113,4,0,True,1,20220531,2,4.0
5368,369,4911.696078431372,12971.68137254902,0,0,False,1,20220531,2,4.0
5369,370,4911.780407429598,13504.130317555422,2,0,False,1,20220531,2,4.0
5370,371,4911.780407429598,14040.130317555422,0,0,False,1,20220531,2,4.0
5371,372,4911.774165202109,14579.232864674868,2,0,False,1,20220531,2,4.0
5372,373,4911.696078431372,15115.68137254902,0,0,False,1,20220531,2,4.0
5373,374,4911.780407429598,15648.130317555422,0,0,True,1,20220531,2,4.0
5374,375,4911.5,16191.136363636364,0,0,False,1,20220531,2,4.0
5375,376,4911.5,16731.5,0,0,False,1,20220531,2,4.0
5376,377,4911.869158878505,17266.77570093458,0,0,False,1,20220531,2,4.0
5377,378,4911.877182770663,17795.681606519207,1,0,False,1,20220531,2,4.0
5378,379,4912.261676646706,18335.32754491018,1,0,False,1,20220531,2,4.0
5379,380,4912.056725146199,18867.49064327485,0,0,False,1,20220531,2,4.0
5380,381,4911.696078431372,19403.68137254902,2,0,False,1,20220531,2,4.0
5381,382,4911.796387017759,19947.22565829761,2,0,False,1,20220531,2,4.0
5382,383,4911.961088355763,20483.050614394386,0,0,False,1,20220531,2,4.0
5383,384,4911.888206388207,21018.77764127764,1,0,False,1,20220531,2,4.0
5384,385,5354.359950859951,927.5,4,9,False,1,20220531,2,4.0
5385,386,5355.3972382787415,1463.4049454078356,0,0,False,1,20220531,2,4.0
5386,387,5354.355036855037,1999.8341523341523,0,0,False,1,20220531,2,4.0
5387,388,5355.103761755486,2531.314420062696,1,0,False,1,20220531,2,4.0
5388,389,5355.299624295554,3067.5,2,1,False,1,20220531,2,4.0
5389,390,5355.5,3607.309523809524,1,0,False,1,20220531,2,4.0
5390,391,5355.5,4135.5,2,0,False,1,20220531,2,4.0
5391,392,5355.87791411043,4678.758895705521,1,0,False,1,20220531,2,4.0
5392,393,5355.69094247246,5207.313953488372,0,0,False,1,20220531,2,4.0
5393,394,5355.695611285267,5747.123824451411,0,0,False,1,20220531,2,4.0
5394,395,5355.600250626567,6275.4047619047615,0,0,False,1,20220531,2,4.0
5395,396,5355.5,6815.1274509803925,0,0,False,1,20220531,2,4.0
5396,397,5355.597739767868,7351.404703726329,2,0,False,1,20220531,2,4.0
5397,398,5355.6027617212585,7887.404945407836,0,0,False,1,20220531,2,4.0
5398,399,5355.868641532017,8426.757929383602,1,0,False,1,20220531,2,4.0
5399,400,5355.6027617212585,8951.595054592164,0,0,False,1,20220531,2,4.0
5400,401,5355.69094247246,9487.686046511628,0,0,True,1,20220531,2,4.0
5401,402,5355.882352941177,10023.5,5,3,False,1,20220531,2,4.0
5402,403,5355.788685015291,10559.781345565749,0,0,True,1,20220531,2,4.0
5403,404,5355.87298266587,11099.5,2,0,False,1,20220531,2,4.0
5404,405,5355.803536977492,11639.21961414791,0,0,False,1,20220531,2,4.0
5405,406,5355.788685015291,12175.218654434251,0,0,True,1,20220531,2,4.0
5406,407,5355.796110414053,12707.218946047678,1,2,True,1,20220531,2,4.0
5407,408,5355.896238244514,13235.685579937304,1,0,False,1,20220531,2,4.0
5408,409,5355.700375704446,13771.5,0,0,False,1,20220531,2,4.0
5409,410,5355.796110414053,14307.781053952322,0,0,False,1,20220531,2,4.0
5410,411,5355.600125156446,14851.404881101376,0,0,False,1,20220531,2,4.0
5411,412,5355.700375704446,15379.5,0,0,False,1,20220531,2,4.0
5412,413,5355.88630806846,15919.685819070904,0,0,False,1,20220531,2,4.0
5413,414,5355.5,16462.936964504283,3,0,False,1,20220531,2,4.0
5414,415,5355.896238244514,16995.314420062696,0,2,False,1,20220531,2,4.0
5415,416,5355.917713152677,17531.31493721084,4,1,False,1,20220531,2,4.0
5416,417,5355.795739348371,18067.21929824561,0,0,False,1,20220531,2,4.0
5417,418,5355.6027617212585,18599.59505459217,1,1,False,1,20220531,2,4.0
5418,419,5355.700375704446,19139.5,0,0,False,1,20220531,2,4.0
5419,420,5355.968339307049,19675.40442054958,3,1,False,1,20220531,2,4.0
5420,421,5355.600125156446,20211.40488110137,1,0,False,1,20220531,2,4.0
5421,422,5355.795739348371,20755.21929824561,2,0,False,1,20220531,2,4.0
5422,423,5355.700375704446,21283.5,1,2,False,1,20220531,2,4.0
5423,424,5806.541916167665,1199.3179640718563,5,23,True,1,20220531,2,4.0
5424,425,5806.328331332533,1727.2454981992796,4,0,True,1,20220531,2,4.0
5425,426,5806.901257861635,2262.9616352201256,0,0,False,1,20220531,2,4.0
5426,427,5807.019426180514,2799.4067543335327,1,0,False,1,20220531,2,4.0
5427,428,5807.204504504504,3335.262162162162,2,1,False,1,20220531,2,4.0
5428,429,5807.705771643664,3871.5,1,1,False,1,20220531,2,4.0
5429,430,5807.308383233533,4407.317964071856,1,0,False,1,20220531,2,4.0
5430,431,5807.397049591965,4943.407093534212,2,1,False,1,20220531,2,4.0
5431,432,5807.5,5479.136363636364,0,0,False,1,20220531,2,4.0
5432,433,5807.5,6011.5,0,0,False,1,20220531,2,4.0
5433,434,5807.317964071856,6544.223353293413,4,1,False,1,20220531,2,4.0
5434,435,5807.303921568628,7083.318627450981,1,0,False,1,20220531,2,4.0
5435,436,5807.5,7623.136363636364,4,1,False,1,20220531,2,4.0
5436,437,5807.5,8151.5,1,0,False,1,20220531,2,4.0
5437,438,5807.5,8694.951572327043,1,0,False,1,20220531,2,4.0
5438,439,5807.399448191293,9219.956161863887,0,1,False,1,20220531,2,4.0
5439,440,5807.303921568628,9755.68137254902,5,1,False,1,20220531,2,4.0
5440,441,5807.5,10291.863190184047,0,0,True,1,20220531,2,4.0
5441,442,5807.5,10827.863190184047,0,0,False,1,20220531,2,4.0
5442,443,5807.5,11374.602040816326,0,0,False,1,20220531,2,4.0
5443,444,5807.691616766467,11903.317964071855,0,0,True,1,20220531,2,4.0
5444,445,5807.600551808707,12443.043838136113,0,0,False,1,20220531,2,4.0
5445,446,5807.696078431372,12971.68137254902,0,0,False,1,20220531,2,4.0
5446,447,5807.5,13503.863636363636,1,0,False,1,20220531,2,4.0
5447,448,5807.780407429598,14040.130317555422,1,0,False,1,20220531,2,4.0
5448,449,5807.5,14579.5,2,0,False,1,20220531,2,4.0
5449,450,5807.5,15115.5,0,0,False,1,20220531,2,4.0
5450,451,5807.308383233533,15647.682035928145,0,0,False,1,20220531,2,4.0
5451,452,5807.219592570402,16190.869682444578,0,0,False,1,20220531,2,4.0
5452,453,5807.203975535168,16731.225993883792,0,0,False,1,20220531,2,4.0
5453,454,5808.315897136177,17266.518118059616,2,1,False,1,20220531,2,4.0
5454,455,5807.5,17795.5,0,0,False,1,20220531,2,4.0
5455,456,5807.598027495517,18335.04333532576,3,2,False,1,20220531,2,4.0
5456,457,5807.686915887851,18867.317757009347,0,0,False,1,20220531,2,4.0
5457,458,5807.399694189602,19403.59296636085,1,0,False,1,20220531,2,4.0
5458,459,5807.600551808707,19947.04383813612,4,2,False,1,20220531,2,4.0
5459,460,5807.322429906542,20482.59813084112,2,0,False,1,20220531,2,4.0
5460,461,5807.600551808707,21019.04383813612,0,0,False,1,20220531,2,4.0
5461,462,6248.491920447483,929.41671845867,0,0,True,1,20220531,2,4.0
5462,463,6250.684516129032,1463.5,0,0,False,1,20220531,2,4.0
5463,464,6250.062461538461,1999.2710769230769,1,0,False,1,20220531,2,4.0
5464,465,6246.90797940798,2531.5,1,2,False,1,20220531,2,4.0
5465,466,6251.103761755486,3067.6855799373043,0,0,False,1,20220531,2,4.0
5466,467,6251.402379499695,3607.4048200122015,0,0,False,1,20220531,2,4.0
5467,468,6251.30905752754,4135.686046511628,0,1,False,1,20220531,2,4.0
5468,469,6251.788685015291,4679.21865443425,1,0,False,1,20220531,2,4.0
5469,470,6251.882352941177,5207.5,3,0,False,1,20220531,2,4.0
5470,471,6251.600250626567,5747.4047619047615,1,0,False,1,20220531,2,4.0
5471,472,6251.600250626567,6275.595238095239,0,0,False,1,20220531,2,4.0
5472,473,6251.5,6815.1274509803925,1,0,False,1,20220531,2,4.0
5473,474,6251.5,7351.5,1,2,False,1,20220531,2,4.0
5474,475,6251.6027617212585,7887.404945407836,0,0,False,1,20220531,2,4.0
5475,476,6251.773053892216,8426.853293413174,0,0,False,1,20220531,2,4.0
5476,477,6251.5,8951.690231362469,0,0,False,1,20220531,2,4.0
5477,478,6251.5,9487.872549019608,1,1,True,1,20220531,2,4.0
5478,479,6251.5,10023.872549019608,0,0,False,1,20220531,2,4.0
5479,480,6251.69094247246,10559.686046511628,2,0,False,1,20220531,2,4.0
5480,481,6251.87298266587,11099.5,0,0,False,1,20220531,2,4.0
5481,482,6251.6027617212585,11639.404945407836,0,0,False,1,20220531,2,4.0
5482,483,6251.597979179424,12175.032149418248,2,2,True,1,20220531,2,4.0
5483,484,6251.796110414053,12707.218946047678,0,0,False,1,20220531,2,4.0
5484,485,6251.896238244514,13235.685579937304,3,1,False,1,20220531,2,4.0
5485,486,6251.600125156446,13771.595118898624,2,0,True,1,20220531,2,4.0
5486,487,6251.795739348371,14307.780701754386,0,0,True,1,20220531,2,4.0
5487,488,6251.5,14851.309643080776,3,2,True,1,20220531,2,4.0
5488,489,6251.600250626567,15379.40476190476,1,0,False,1,20220531,2,4.0
5489,490,6251.5,15919.5,0,0,False,1,20220531,2,4.0
5490,491,6251.5,16462.389434889436,0,0,False,1,20220531,2,4.0
5491,492,6251.5,16995.30964308078,1,0,False,1,20220531,2,4.0
5492,493,6251.605540897098,17531.405013192612,4,1,False,1,20220531,2,4.0
5493,494,6251.5,18066.93753923415,3,0,False,1,20220531,2,4.0
5494,495,6251.5,18599.5,0,0,False,1,20220531,2,4.0
5495,496,6251.5,19139.30964308078,0,0,False,1,20220531,2,4.0
5496,497,6251.5,19675.12701733413,3,1,False,1,20220531,2,4.0
5497,498,6251.5,20211.30964308078,0,0,False,1,20220531,2,4.0
5498,499,6251.399874843554,20755.40488110137,1,0,False,1,20220531,2,4.0
5499,500,6251.600250626567,21283.404761904763,3,3,True,1,20220531,2,4.0
5500,1,899.004835589942,1464.1473243068988,0,0,False,2,20230131,1,4.0
5501,2,898.7570725707257,2000.5971709717096,1,3,False,2,20230131,1,4.0
5502,3,899.2132075471698,2532.3352201257862,3,80,False,2,20230131,1,4.0
5503,4,899.2132075471698,3068.3352201257862,0,0,False,2,20230131,1,4.0
5504,5,899.4020208205757,3607.967850581752,1,0,False,2,20230131,1,4.0
5505,6,899.2204169221336,4136.33629675046,0,0,False,2,20230131,1,4.0
5506,7,899.4020208205757,4679.967850581751,3,82,False,2,20230131,1,4.0
5507,8,899.7795830778664,5208.33629675046,0,0,False,2,20230131,1,4.0
5508,9,899.6956112852664,5747.876175548589,4,14,False,2,20230131,1,4.0
5509,10,899.204260651629,6275.7807017543855,0,1,False,2,20230131,1,4.0
5510,11,899.8779141104294,6816.241104294479,0,0,False,2,20230131,1,4.0
5511,12,900.0686274509804,7352.053921568628,0,0,False,2,20230131,1,4.0
5512,13,900.3051612903225,7887.866451612903,2,1,False,2,20230131,1,4.0
5513,14,900.6003003003003,8428.206306306307,1,2,False,2,20230131,1,4.0
5514,15,900.0979381443299,8952.051546391753,0,0,False,2,20230131,1,4.0
5515,16,900.2429274292743,9488.59717097171,0,1,False,2,20230131,1,4.0
5516,17,901.4233621755252,10024.187268232386,1,2,False,2,20230131,1,4.0
5517,18,901.0743368291178,10560.657310302282,2,103,False,2,20230131,1,4.0
5518,19,900.5989802039592,11100.224655068989,1,11,False,2,20230131,1,4.0
5519,20,899.7005141388174,11639.690231362469,1,0,False,2,20230131,1,4.0
5520,21,901.428306551298,12176.889369592089,2,109,False,2,20230131,1,4.0
5521,22,900.3805031446541,12707.771698113207,2,2,False,2,20230131,1,4.0
5522,23,900.3564231738035,13236.502518891688,4,100,False,2,20230131,1,4.0
5523,24,899.9824120603015,13772.14824120603,5,101,False,2,20230131,1,4.0
5524,25,900.1607818411097,14308.690416141237,3,5,False,2,20230131,1,4.0
5525,26,899.896238244514,14851.685579937304,2,113,False,2,20230131,1,4.0
5526,27,899.9824120603015,15380.14824120603,2,0,False,2,20230131,1,4.0
5527,28,899.7795830778664,15920.33629675046,3,4,False,2,20230131,1,4.0
5528,29,899.6909424724602,16463.68604651163,2,2,False,2,20230131,1,4.0
5529,30,899.6956112852664,16995.87617554859,0,95,False,2,20230131,1,4.0
5530,31,899.6055408970976,17531.594986807388,0,0,False,2,20230131,1,4.0
5531,32,899.5,18067.5,0,0,False,2,20230131,1,4.0
5532,33,899.5,18599.690231362467,0,0,False,2,20230131,1,4.0
5533,34,899.6002506265664,19139.404761904763,2,6,False,2,20230131,1,4.0
5534,35,900.1467065868263,19675.226946107785,1,4,False,2,20230131,1,4.0
5535,36,900.0925925925926,20211.5,2,8,False,2,20230131,1,4.0
5536,37,900.1842767295598,20754.86603773585,3,11,False,2,20230131,1,4.0
5537,38,903.89588688946,21283.309768637533,1,1,True,2,20230131,1,4.0
5538,39,1342.8345888261142,1199.9695543000628,0,0,False,2,20230131,1,4.0
5539,40,1343.293710691824,1728.4610062893082,0,0,False,2,20230131,1,4.0
5540,41,1343.1967699406723,2263.78740936058,1,6,False,2,20230131,1,4.0
5541,42,1343.2115987460816,2799.7884012539184,0,0,False,2,20230131,1,4.0
5542,43,1343.211959924859,3335.788040075141,0,105,False,2,20230131,1,4.0
5543,44,1343.5,3871.694993412385,1,2,False,2,20230131,1,4.0
5544,45,1343.5,4407.6952440550685,0,0,False,2,20230131,1,4.0
5545,46,1343.5,4943.5,1,113,False,2,20230131,1,4.0
5546,47,1343.5975609756097,5479.59756097561,3,109,False,2,20230131,1,4.0
5547,48,1343.5951768488746,6011.788102893891,0,0,False,2,20230131,1,4.0
5548,49,1343.7790697674418,6544.357322438717,0,4,False,2,20230131,1,4.0
5549,50,1343.7002567394095,7083.5,2,13,False,2,20230131,1,4.0
5550,51,1344.0771643663738,7623.5,0,0,False,2,20230131,1,4.0
5551,52,1343.7884012539184,8151.788401253919,6,114,False,2,20230131,1,4.0
5552,53,1343.705533596838,8695.5,2,111,False,2,20230131,1,4.0
5553,54,1343.6953727506427,9219.885604113111,1,0,False,2,20230131,1,4.0
5554,55,1343.89588688946,9755.690231362469,0,0,False,2,20230131,1,4.0
5555,56,1343.399935856318,10291.597498396408,1,118,False,2,20230131,1,4.0
5556,57,1344.0824742268042,10828.067010309278,0,0,False,2,20230131,1,4.0
5557,58,1344.4319899244333,11374.568010075567,0,0,False,2,20230131,1,4.0
5558,59,1343.8859649122808,11903.690476190475,0,0,False,2,20230131,1,4.0
5559,60,1343.89588688946,12443.309768637531,4,7,False,2,20230131,1,4.0
5560,61,1343.89588688946,12971.690231362469,3,14,False,2,20230131,1,4.0
5561,62,1343.690476190476,13503.88596491228,0,5,False,2,20230131,1,4.0
5562,63,1343.8859649122808,14039.690476190475,2,137,False,2,20230131,1,4.0
5563,64,1343.4044703000611,14579.402020820577,3,7,False,2,20230131,1,4.0
5564,65,1343.6953727506427,15115.885604113111,3,124,False,2,20230131,1,4.0
5565,66,1343.690476190476,15647.88596491228,2,176,True,2,20230131,1,4.0
5566,67,1343.7884012539184,16191.788401253918,2,116,False,2,20230131,1,4.0
5567,68,1343.399935856318,16731.402501603592,2,123,False,2,20230131,1,4.0
5568,69,1343.6865030674846,17267.308588957054,2,9,False,2,20230131,1,4.0
5569,70,1343.5955296999389,17795.98009797918,4,103,False,2,20230131,1,4.0
5570,71,1343.5975609756097,18335.40243902439,3,118,False,2,20230131,1,4.0
5571,72,1343.5,18867.88235294117,2,2,False,2,20230131,1,4.0
5572,73,1343.5,19403.5,0,0,False,2,20230131,1,4.0
5573,74,1343.89588688946,19947.309768637533,4,110,False,2,20230131,1,4.0
5574,75,1344.0539215686274,20482.93137254902,0,0,False,2,20230131,1,4.0
5575,76,1344.1825499034128,21019.03122987765,2,76,False,2,20230131,1,4.0
5576,77,1786.8558696988323,928.6923786109404,1,0,True,2,20230131,1,4.0
5577,78,1786.6937984496124,1464.37338501292,1,2,False,2,20230131,1,4.0
5578,79,1786.9313725490197,2000.053921568628,2,100,False,2,20230131,1,4.0
5579,80,1787.2038895859473,2531.781053952321,0,0,False,2,20230131,1,4.0
5580,81,1786.442065491184,3068.3110831234258,3,77,False,2,20230131,1,4.0
5581,82,1787.970300061237,3608.149112063688,1,0,False,2,20230131,1,4.0
5582,83,1787.5979791794243,4135.967850581751,3,2,False,2,20230131,1,4.0
5583,84,1787.2204169221336,4679.772225628449,2,0,False,2,20230131,1,4.0
5584,85,1787.029699938763,5208.149112063687,0,0,False,2,20230131,1,4.0
5585,86,1787.882149591452,5748.053111250786,0,2,False,2,20230131,1,4.0
5586,87,1787.9753476611884,6276.870417193426,3,130,False,2,20230131,1,4.0
5587,88,1788.0700245700243,6816.055282555282,0,0,False,2,20230131,1,4.0
5588,89,1788.0686274509803,7352.053921568628,1,17,False,2,20230131,1,4.0
5589,90,1787.9066924066924,7887.685328185328,0,0,False,2,20230131,1,4.0
5590,91,1788.4214157168567,8427.5,0,0,False,2,20230131,1,4.0
5591,92,1788.8411003236247,8951.057281553398,1,1,False,2,20230131,1,4.0
5592,93,1788.9590264941469,9488.74460874923,0,0,False,2,20230131,1,4.0
5593,94,1788.5325752919484,10024.31868469576,0,0,False,2,20230131,1,4.0
5594,95,1789.3282890673256,10560.925571340333,2,107,False,2,20230131,1,4.0
5595,96,1788.2420706163973,11099.868641532015,3,4,False,2,20230131,1,4.0
5596,97,1788.1082474226805,11639.5,2,3,True,2,20230131,1,4.0
5597,98,1788.8382533825338,12175.657441574416,3,1,False,2,20230131,1,4.0
5598,99,1788.3636363636365,13236.671717171715,0,0,False,2,20230131,1,4.0
5599,100,1788.083280955374,13772.053111250783,0,0,False,2,20230131,1,4.0
5600,101,1788.26214511041,14308.5952681388,2,132,False,2,20230131,1,4.0
5601,102,1788.0925925925926,14851.5,2,7,False,2,20230131,1,4.0
5602,103,1787.887665198238,15380.240088105727,0,186,True,2,20230131,1,4.0
5603,104,1787.8779141104294,15920.24110429448,6,201,True,2,20230131,1,4.0
5604,105,1787.7886850152904,16463.409480122325,1,0,False,2,20230131,1,4.0
5605,106,1787.795739348371,16995.780701754386,2,128,False,2,20230131,1,4.0
5606,107,1787.9177131526767,17531.68506278916,1,1,False,2,20230131,1,4.0
5607,108,1787.7003757044458,18067.5,0,0,False,2,20230131,1,4.0
5608,109,1787.6027617212587,18599.59505459217,1,121,False,2,20230131,1,4.0
5609,110,1787.896238244514,19139.314420062696,0,0,False,2,20230131,1,4.0
5610,111,1788.4214157168567,19675.5,2,2,False,2,20230131,1,4.0
5611,112,1788.0925925925926,20211.5,1,2,False,2,20230131,1,4.0
5612,113,1788.083280955374,20754.94688874921,1,1,False,2,20230131,1,4.0
5613,114,1788.294468887492,21283.5,1,0,True,2,20230131,1,4.0
5614,115,1791.89588688946,12707.309768637531,0,1,False,2,20230131,1,4.0
5615,116,2231.304755944931,1199.5,1,0,False,2,20230131,1,4.0
5616,117,2231.6907151819323,1727.8764115432873,0,0,False,2,20230131,1,4.0
5617,118,2231.5,2263.5,1,108,False,2,20230131,1,4.0
5618,119,2231.5,2799.5,0,2,False,2,20230131,1,4.0
5619,120,2231.5,3335.5,2,4,False,2,20230131,1,4.0
5620,121,2231.5,3871.5,0,0,False,2,20230131,1,4.0
5621,122,2231.695244055069,4407.5,1,123,False,2,20230131,1,4.0
5622,123,2231.5,4943.5,2,14,False,2,20230131,1,4.0
5623,124,2231.5,5479.5,1,1,False,2,20230131,1,4.0
5624,125,2231.6000641436817,6011.402501603592,2,1,False,2,20230131,1,4.0
5625,126,2231.690476190476,6543.8859649122805,0,0,False,2,20230131,1,4.0
5626,127,2231.89588688946,7083.690231362468,1,115,False,2,20230131,1,4.0
5627,128,2232.077164366374,7623.5,0,0,False,2,20230131,1,4.0
5628,129,2231.8859649122805,8151.690476190476,8,110,False,2,20230131,1,4.0
5629,130,2232.1076618229854,8695.5,2,2,False,2,20230131,1,4.0
5630,131,2231.79543994862,9219.787732819525,0,1,False,2,20230131,1,4.0
5631,132,2232.182549903413,9755.968770122345,5,11,False,2,20230131,1,4.0
5632,133,2232.182549903413,10291.968770122345,1,2,False,2,20230131,1,4.0
5633,134,2232.082474226804,10828.067010309278,3,14,False,2,20230131,1,4.0
5634,135,2231.6902377972465,11375.304755944931,0,0,False,2,20230131,1,4.0
5635,136,2232.165411173886,11903.969554300063,1,69,False,2,20230131,1,4.0
5636,137,2231.7002567394097,12443.5,0,0,False,2,20230131,1,4.0
5637,138,2232.0817245817248,12972.06628056628,4,128,False,2,20230131,1,4.0
5638,139,2232.3332284455632,13504.529578351165,4,124,False,2,20230131,1,4.0
5639,140,2232.3332284455632,14040.529578351165,0,6,False,2,20230131,1,4.0
5640,141,2232.241104294478,14579.87791411043,2,6,False,2,20230131,1,4.0
5641,142,2232.0817245817248,15116.06628056628,0,0,False,2,20230131,1,4.0
5642,143,2231.9695543000626,15648.165411173886,1,1,False,2,20230131,1,4.0
5643,144,2231.8859649122805,16191.690476190475,1,5,False,2,20230131,1,4.0
5644,145,2231.7002567394097,16731.5,1,5,False,2,20230131,1,4.0
5645,146,2232.241104294478,17267.681595092025,4,32,False,2,20230131,1,4.0
5646,147,2232.053921568628,17796.06862745098,0,1,False,2,20230131,1,4.0
5647,148,2231.8859649122805,18335.69047619048,1,1,False,2,20230131,1,4.0
5648,149,2232.33629675046,18867.220416922133,0,0,False,2,20230131,1,4.0
5649,150,2231.79543994862,19403.787732819525,4,4,False,2,20230131,1,4.0
5650,151,2231.89588688946,19947.309768637533,0,0,False,2,20230131,1,4.0
5651,152,2232.33629675046,20483.220416922133,3,6,False,2,20230131,1,4.0
5652,153,2231.89588688946,21019.309768637533,1,2,False,2,20230131,1,4.0
5653,154,2674.93137254902,928.0539215686274,0,0,False,2,20230131,1,4.0
5654,155,2677.859493670886,1462.4012658227848,1,2,False,2,20230131,1,4.0
5655,156,2675.406919779547,1999.776791181874,3,122,False,2,20230131,1,4.0
5656,157,2674.90666247643,2531.489943431804,1,122,False,2,20230131,1,4.0
5657,158,2675.1173694147265,3068.04877281309,1,99,False,2,20230131,1,4.0
5658,159,2674.6416309012875,3607.7722256284487,1,1,True,2,20230131,1,4.0
5659,160,2678.221252257676,4135.150812763395,1,6,True,2,20230131,1,4.0
5660,161,2679.5,4679.5,2,2,True,2,20230131,1,4.0
5661,162,2678.2738452309536,5208.111877624475,1,1,True,2,20230131,1,4.0
5662,163,2679.5,5747.5,1,1,False,2,20230131,1,4.0
5663,164,2680.4987699877,6275.849323493235,0,0,False,2,20230131,1,4.0
5664,165,2679.882775119617,6815.5,1,1,False,2,20230131,1,4.0
5665,166,2680.2616766467067,7351.859281437126,3,131,False,2,20230131,1,4.0
5666,167,2680.236225087925,8427.317116060962,4,13,False,2,20230131,1,4.0
5667,168,2679.907035175879,8951.680904522613,1,1,False,2,20230131,1,4.0
5668,169,2679.211389385808,9487.774299344066,5,126,False,2,20230131,1,4.0
5669,170,2680.0693779904304,10024.04066985646,4,5,False,2,20230131,1,4.0
5670,171,2681.5253470126736,10560.709414604707,1,0,False,2,20230131,1,4.0
5671,172,2680.147574517826,11099.766510812393,1,133,False,2,20230131,1,4.0
5672,173,2680.1638705811865,12175.766027561414,1,124,False,2,20230131,1,4.0
5673,174,2680.093137254902,12707.5,2,134,False,2,20230131,1,4.0
5674,175,2680.0840490797545,13236.039877300613,1,6,False,2,20230131,1,4.0
5675,176,2679.796024464832,13771.774006116208,1,3,False,2,20230131,1,4.0
5676,177,2680.459409594096,14308.385608856088,3,3,False,2,20230131,1,4.0
5677,178,2679.896572827417,14851.681150550796,0,0,False,2,20230131,1,4.0
5678,179,2680.0840490797545,15380.039877300613,3,133,False,2,20230131,1,4.0
5679,180,2680.0693779904304,15920.04066985646,3,6,False,2,20230131,1,4.0
5680,181,2679.980573819486,16463.406754333533,2,135,False,2,20230131,1,4.0
5681,182,2679.896572827417,16995.681150550794,2,4,False,2,20230131,1,4.0
5682,183,2679.605602060528,17531.592723760463,4,5,False,2,20230131,1,4.0
5683,184,2679.9935543278084,18067.58348680172,2,6,False,2,20230131,1,4.0
5684,185,2679.80923947203,18599.42206159648,0,0,False,2,20230131,1,4.0
5685,186,2680.1876155268023,19139.214109673445,2,8,False,2,20230131,1,4.0
5686,187,2680.4227166276346,19675.5,3,11,False,2,20230131,1,4.0
5687,188,2679.700488997555,20211.5,0,0,False,2,20230131,1,4.0
5688,189,2679.7963870177587,20755.22565829761,1,0,False,2,20230131,1,4.0
5689,190,2680.093137254902,21283.5,0,0,False,2,20230131,1,4.0
5690,191,2683.602761721259,7887.595054592164,2,4,False,2,20230131,1,4.0
5691,192,2683.9025806451614,11639.5,3,8,False,2,20230131,1,4.0
5692,193,3130.359950859951,1199.5,4,95,False,2,20230131,1,4.0
5693,194,3125.668888888889,1728.9653968253967,0,103,False,2,20230131,1,4.0
5694,195,3131.397238278741,2263.5950545921646,0,0,False,2,20230131,1,4.0
5695,196,3127.2105097545627,2799.7794210195093,0,3,False,2,20230131,1,4.0
5696,197,3129.775092936803,3336.6995043370507,1,121,False,2,20230131,1,4.0
5697,198,3131.397238278741,3871.5950545921646,0,0,False,2,20230131,1,4.0
5698,199,3130.726600985221,4406.869458128079,5,115,False,2,20230131,1,4.0
5699,200,3130.9945196647323,4943.595422308188,2,122,False,2,20230131,1,4.0
5700,201,3131.402260232132,5479.404703726329,0,132,False,2,20230131,1,4.0
5701,202,3131.203889585948,6011.781053952322,4,112,False,2,20230131,1,4.0
5702,203,3131.1220858895704,6544.241104294479,0,0,False,2,20230131,1,4.0
5703,204,3131.6001251564458,7083.595118898624,2,120,False,2,20230131,1,4.0
5704,205,3131.5,7623.127450980392,0,0,False,2,20230131,1,4.0
5705,206,3131.5,8151.872549019607,0,1,False,2,20230131,1,4.0
5706,207,3131.5,8695.309768637531,0,0,False,2,20230131,1,4.0
5707,208,3131.6956112852663,9219.876175548588,1,237,False,2,20230131,1,4.0
5708,209,3131.7961104140527,9755.781053952322,1,4,False,2,20230131,1,4.0
5709,210,3131.7961104140527,10291.781053952322,2,8,False,2,20230131,1,4.0
5710,211,3131.5,10828.06246076585,2,121,False,2,20230131,1,4.0
5711,212,3131.779926335175,11374.854205033764,0,0,False,2,20230131,1,4.0
5712,213,3131.6909424724604,11903.686046511628,0,1,False,2,20230131,1,4.0
5713,214,3131.6002506265663,12443.40476190476,0,0,False,2,20230131,1,4.0
5714,215,3131.7961104140527,12971.781053952322,0,0,False,2,20230131,1,4.0
5715,216,3131.7795830778664,13504.33629675046,1,2,False,2,20230131,1,4.0
5716,217,3131.7795830778664,14040.33629675046,2,130,False,2,20230131,1,4.0
5717,218,3131.960431654676,14579.960431654676,2,1,False,2,20230131,1,4.0
5718,219,3131.6956112852663,15115.876175548588,3,132,False,2,20230131,1,4.0
5719,220,3131.5,15648.063035495716,1,5,False,2,20230131,1,4.0
5720,221,3131.8823529411766,16191.5,0,0,False,2,20230131,1,4.0
5721,222,3131.5,16731.30964308078,3,10,False,2,20230131,1,4.0
5722,223,3131.6862686567165,17267.313731343285,5,3,False,2,20230131,1,4.0
5723,224,3131.313953488372,17795.68604651163,1,124,False,2,20230131,1,4.0
5724,225,3131.6909424724604,18335.31395348837,0,0,False,2,20230131,1,4.0
5725,226,3131.68671454219,18867.68671454219,2,13,False,2,20230131,1,4.0
5726,227,3131.700375704446,19403.5,0,0,False,2,20230131,1,4.0
5727,228,3131.5,19947.5,2,121,False,2,20230131,1,4.0
5728,229,3131.782634730539,20482.661676646705,3,11,False,2,20230131,1,4.0
5729,230,3131.7961104140527,21019.21894604768,1,83,False,2,20230131,1,4.0
5730,231,3570.6416309012875,927.7722256284488,1,1,False,2,20230131,1,4.0
5731,232,3571.5,1463.5,1,3,False,2,20230131,1,4.0
5732,233,3569.9433497536947,2000.5147783251232,1,117,False,2,20230131,1,4.0
5733,234,3571.3043887147337,2531.1238244514107,0,0,False,2,20230131,1,4.0
5734,235,3571.8962382445143,3067.6855799373043,1,4,False,2,20230131,1,4.0
5735,236,3571.5,3607.309523809524,1,2,False,2,20230131,1,4.0
5736,237,3571.597620500305,4135.595179987798,0,0,False,2,20230131,1,4.0
5737,238,3571.5,4679.5,1,3,False,2,20230131,1,4.0
5738,239,3571.88630806846,5207.6858190709045,0,0,False,2,20230131,1,4.0
5739,240,3571.7961104140527,5747.590338770389,2,3,False,2,20230131,1,4.0
5740,241,3571.8962382445143,6275.314420062696,0,0,False,2,20230131,1,4.0
5741,242,3571.69536019536,6815.5,1,143,False,2,20230131,1,4.0
5742,243,3572.166258420086,7351.041947336191,1,3,True,2,20230131,1,4.0
5743,244,3571.7056555269924,7887.5,1,5,True,2,20230131,1,4.0
5744,245,3572.5167865707435,8427.404076738609,2,0,False,2,20230131,1,4.0
5745,246,3571.9066924066924,8951.685328185327,1,11,False,2,20230131,1,4.0
5746,247,3572.260736196319,9487.86809815951,0,0,False,2,20230131,1,4.0
5747,248,3572.260736196319,10023.86809815951,3,6,False,2,20230131,1,4.0
5748,249,3572.0686274509803,10560.053921568628,0,0,False,2,20230131,1,4.0
5749,250,3574.511180124224,11097.66645962733,3,120,False,2,20230131,1,4.0
5750,251,3572.00998068255,11639.404700579524,4,113,False,2,20230131,1,4.0
5751,252,3572.3583690987125,12175.227774371551,1,1,False,2,20230131,1,4.0
5752,253,3572.0925925925926,12707.5,0,0,True,2,20230131,1,4.0
5753,254,3572.0825486503454,13236.052416823602,0,112,False,2,20230131,1,4.0
5754,255,3571.8962382445143,13771.685579937304,0,0,False,2,20230131,1,4.0
5755,256,3572.183417085427,14307.957286432162,2,2,False,2,20230131,1,4.0
5756,257,3571.700375704446,14851.5,2,9,False,2,20230131,1,4.0
5757,258,3572.183417085427,15379.957286432162,1,1,False,2,20230131,1,4.0
5758,259,3572.3583690987125,15919.772225628449,2,11,False,2,20230131,1,4.0
5759,260,3571.88630806846,16463.314180929094,2,124,False,2,20230131,1,4.0
5760,261,3572.0925925925926,16995.5,1,1,False,2,20230131,1,4.0
5761,262,3571.6055408970974,17531.594986807388,1,118,False,2,20230131,1,4.0
5762,263,3571.6001251564458,18067.40488110137,0,3,False,2,20230131,1,4.0
5763,264,3571.602761721259,18599.59505459217,1,21,False,2,20230131,1,4.0
5764,265,3572.0925925925926,19139.5,3,6,False,2,20230131,1,4.0
5765,266,3572.5167865707435,19675.59592326139,0,6,False,2,20230131,1,4.0
5766,267,3572.0925925925926,20211.5,2,11,False,2,20230131,1,4.0
5767,268,3572.183417085427,20755.04271356784,1,3,False,2,20230131,1,4.0
5768,269,3572.0925925925926,21283.5,1,78,False,2,20230131,1,4.0
5769,270,4023.1235884567127,1199.1135508155585,2,0,False,2,20230131,1,4.0
5770,271,4023.4024390243903,1727.5975609756097,0,0,False,2,20230131,1,4.0
5771,272,4023.5,2263.5,2,1,False,2,20230131,1,4.0
5772,273,4023.5,2799.304755944931,0,2,False,2,20230131,1,4.0
5773,274,4023.22057898049,3335.7794210195093,0,0,False,2,20230131,1,4.0
5774,275,4023.6026991441736,3871.597432521396,1,1,False,2,20230131,1,4.0
5775,276,4023.6911949685536,4407.308805031446,0,0,False,2,20230131,1,4.0
5776,277,4023.3973008558255,4943.597432521396,0,0,False,2,20230131,1,4.0
5777,278,4023.690476190476,5479.11403508772,3,3,False,2,20230131,1,4.0
5778,279,4023.6000641436817,6011.597498396408,0,0,False,2,20230131,1,4.0
5779,280,4023.690476190476,6543.8859649122805,1,0,False,2,20230131,1,4.0
5780,281,4023.7002567394097,7083.5,6,83,False,2,20230131,1,4.0
5781,282,4023.7884012539184,7623.211598746081,1,1,False,2,20230131,1,4.0
5782,283,4023.885964912281,8151.690476190476,3,7,False,2,20230131,1,4.0
5783,284,4023.6026991441736,8695.402567478604,2,3,False,2,20230131,1,4.0
5784,285,4023.7954399486193,9219.787732819525,6,125,False,2,20230131,1,4.0
5785,286,4023.89588688946,9755.690231362469,2,1,False,2,20230131,1,4.0
5786,287,4023.89588688946,10291.690231362469,4,130,False,2,20230131,1,4.0
5787,288,4023.6953727506425,10827.885604113111,1,2,False,2,20230131,1,4.0
5788,289,4023.7884012539184,11375.211598746082,3,9,False,2,20230131,1,4.0
5789,290,4023.885964912281,11903.690476190475,0,0,False,2,20230131,1,4.0
5790,291,4023.7002567394097,12443.5,1,135,False,2,20230131,1,4.0
5791,292,4023.7954399486193,12971.787732819525,0,0,False,2,20230131,1,4.0
5792,293,4023.969554300063,13504.165411173886,1,1,False,2,20230131,1,4.0
5793,294,4023.885964912281,14039.690476190475,0,0,False,2,20230131,1,4.0
5794,295,4023.87652811736,14579.690709046456,4,124,False,2,20230131,1,4.0
5795,296,4023.7954399486193,15115.787732819525,3,22,False,2,20230131,1,4.0
5796,297,4023.5975609756097,15647.40243902439,0,0,False,2,20230131,1,4.0
5797,298,4023.5,16191.5,0,0,False,2,20230131,1,4.0
5798,299,4023.6000641436817,16731.402501603592,0,0,False,2,20230131,1,4.0
5799,300,4023.4048200122015,17267.402379499694,2,7,False,2,20230131,1,4.0
5800,301,4024.053921568628,17796.06862745098,2,113,False,2,20230131,1,4.0
5801,302,4023.695244055069,18335.5,0,16,False,2,20230131,1,4.0
5802,303,4023.5,18867.5,0,0,False,2,20230131,1,4.0
5803,304,4023.6000641436817,19403.597498396408,0,6,False,2,20230131,1,4.0
5804,305,4023.89588688946,19947.309768637533,0,0,False,2,20230131,1,4.0
5805,306,4023.314180929096,20483.11369193154,2,3,False,2,20230131,1,4.0
5806,307,4023.6000641436817,21019.402501603592,0,0,False,2,20230131,1,4.0
5807,308,4467.308588957055,927.6865030674846,1,108,True,2,20230131,1,4.0
5808,309,4467.6027617212585,1463.5950545921644,0,0,True,2,20230131,1,4.0
5809,310,4467.69094247246,1999.686046511628,0,0,False,2,20230131,1,4.0
5810,311,4467.5,2531.5,2,1,False,2,20230131,1,4.0
5811,312,4467.103264281231,3067.133396107972,4,105,False,2,20230131,1,4.0
5812,313,4467.597620500305,3607.5951799877976,0,0,False,2,20230131,1,4.0
5813,314,4468.0700245700245,4135.490171990172,1,0,False,2,20230131,1,4.0
5814,315,4467.790461538461,4678.6704615384615,1,0,False,2,20230131,1,4.0
5815,316,4467.220416922134,5207.772225628449,0,132,False,2,20230131,1,4.0
5816,317,4467.600250626567,5747.4047619047615,0,0,False,2,20230131,1,4.0
5817,318,4467.695611285267,6275.876175548589,0,0,False,2,20230131,1,4.0
5818,319,4468.067931456549,6814.9467564259485,3,6,False,2,20230131,1,4.0
5819,320,4467.69094247246,7351.686046511628,0,0,False,2,20230131,1,4.0
5820,321,4467.705655526992,7887.5,0,11,False,2,20230131,1,4.0
5821,322,4467.9604316546765,8427.039568345324,0,3,False,2,20230131,1,4.0
5822,323,4467.803536977492,8951.78038585209,2,3,False,2,20230131,1,4.0
5823,324,4467.779926335175,9488.145794966236,2,12,False,2,20230131,1,4.0
5824,325,4467.970876762723,10023.958614347026,5,6,False,2,20230131,1,4.0
5825,326,4467.779926335175,10560.145794966236,8,7,False,2,20230131,1,4.0
5826,327,4467.773709483794,11099.773709483794,2,6,False,2,20230131,1,4.0
5827,328,4467.705655526992,11639.5,2,3,False,2,20230131,1,4.0
5828,329,4467.691411042945,12175.313496932517,0,0,False,2,20230131,1,4.0
5829,330,4467.992462311558,12707.404522613066,1,120,False,2,20230131,1,4.0
5830,331,4467.982412060302,13236.14824120603,1,135,False,2,20230131,1,4.0
5831,332,4467.695611285267,13771.876175548588,0,0,False,2,20230131,1,4.0
5832,333,4467.78679245283,14308.335220125786,0,0,False,2,20230131,1,4.0
5833,334,4467.700375704446,14851.5,1,0,False,2,20230131,1,4.0
5834,335,4467.695611285267,15379.876175548588,4,115,False,2,20230131,1,4.0
5835,336,4467.69094247246,15919.686046511628,0,0,False,2,20230131,1,4.0
5836,337,4467.597979179424,16463.03214941825,0,0,False,2,20230131,1,4.0
5837,338,4467.796110414053,16995.590338770387,0,0,False,2,20230131,1,4.0
5838,339,4467.812169312169,17531.589947089946,0,0,False,2,20230131,1,4.0
5839,340,4467.304143126177,18067.314187068423,0,0,False,2,20230131,1,4.0
5840,341,4467.6027617212585,18599.59505459217,1,3,False,2,20230131,1,4.0
5841,342,4467.992462311558,19139.59547738693,2,91,False,2,20230131,1,4.0
5842,343,4467.9604316546765,19675.586330935253,2,4,False,2,20230131,1,4.0
5843,344,4467.992462311558,20211.404522613066,0,4,False,2,20230131,1,4.0
5844,345,4467.695611285267,20755.87617554859,1,4,False,2,20230131,1,4.0
5845,346,4467.600250626567,21283.404761904763,1,70,False,2,20230131,1,4.0
5846,347,4910.279048765804,1198.8762793497892,1,0,False,2,20230131,1,4.0
5847,348,4909.975961538462,1726.3557692307693,2,1,False,2,20230131,1,4.0
5848,349,4911.294228356336,2263.5,1,3,False,2,20230131,1,4.0
5849,350,4910.738323353294,2799.859281437126,1,0,False,2,20230131,1,4.0
5850,351,4910.551497005988,3335.32754491018,1,97,False,2,20230131,1,4.0
5851,352,4911.092964824121,3871.680904522613,2,7,False,2,20230131,1,4.0
5852,353,4911.308383233533,4407.317964071856,3,2,False,2,20230131,1,4.0
5853,354,4911.298994974874,4943.133165829146,0,0,False,2,20230131,1,4.0
5854,355,4911.308841099164,5479.318399044206,0,0,False,2,20230131,1,4.0
5855,356,4911.696078431372,6011.318627450981,2,4,False,2,20230131,1,4.0
5856,357,4911.308383233533,6543.682035928144,1,1,False,2,20230131,1,4.0
5857,358,4911.796387017759,7083.225658297612,0,0,False,2,20230131,1,4.0
5858,359,4912.070743405276,7622.958033573142,3,129,False,2,20230131,1,4.0
5859,360,4911.5,8151.5,1,0,False,2,20230131,1,4.0
5860,361,4911.5,8694.951572327043,0,0,False,2,20230131,1,4.0
5861,362,4911.696078431372,9219.68137254902,4,29,False,2,20230131,1,4.0
5862,363,4911.69656019656,9755.681818181818,4,12,False,2,20230131,1,4.0
5863,364,4911.5,10291.863190184047,2,138,False,2,20230131,1,4.0
5864,365,4911.5,10827.863190184047,0,0,False,2,20230131,1,4.0
5865,366,4911.5,11374.602040816326,10,134,False,2,20230131,1,4.0
5866,367,4911.780407429598,11902.869682444578,5,3,False,2,20230131,1,4.0
5867,368,4911.600551808707,12443.043838136113,4,125,False,2,20230131,1,4.0
5868,369,4911.696078431372,12971.68137254902,3,108,False,2,20230131,1,4.0
5869,370,4911.780407429598,13504.130317555422,5,134,False,2,20230131,1,4.0
5870,371,4911.780407429598,14040.130317555422,3,134,False,2,20230131,1,4.0
5871,372,4911.774165202109,14579.232864674868,0,0,False,2,20230131,1,4.0
5872,373,4911.696078431372,15115.68137254902,6,5,False,2,20230131,1,4.0
5873,374,4911.780407429598,15648.130317555422,2,2,False,2,20230131,1,4.0
5874,375,4911.5,16191.136363636364,6,5,False,2,20230131,1,4.0
5875,376,4911.5,16731.5,3,7,False,2,20230131,1,4.0
5876,377,4911.869158878505,17266.77570093458,7,113,False,2,20230131,1,4.0
5877,378,4911.877182770663,17795.681606519207,3,126,False,2,20230131,1,4.0
5878,379,4912.261676646706,18335.32754491018,1,85,False,2,20230131,1,4.0
5879,380,4912.056725146199,18867.49064327485,0,0,False,2,20230131,1,4.0
5880,381,4911.696078431372,19403.68137254902,2,116,False,2,20230131,1,4.0
5881,382,4911.796387017759,19947.22565829761,2,5,False,2,20230131,1,4.0
5882,383,4911.961088355763,20483.050614394386,0,0,False,2,20230131,1,4.0
5883,384,4911.888206388207,21018.77764127764,1,1,False,2,20230131,1,4.0
5884,385,5354.359950859951,927.5,1,1,True,2,20230131,1,4.0
5885,386,5355.3972382787415,1463.4049454078356,2,2,True,2,20230131,1,4.0
5886,387,5354.355036855037,1999.8341523341523,0,0,False,2,20230131,1,4.0
5887,388,5355.103761755486,2531.314420062696,1,1,False,2,20230131,1,4.0
5888,389,5355.299624295554,3067.5,0,110,False,2,20230131,1,4.0
5889,390,5355.5,3607.309523809524,0,141,True,2,20230131,1,4.0
5890,391,5355.5,4135.5,1,6,True,2,20230131,1,4.0
5891,392,5355.87791411043,4678.758895705521,0,0,False,2,20230131,1,4.0
5892,393,5355.69094247246,5207.313953488372,3,120,False,2,20230131,1,4.0
5893,394,5355.695611285267,5747.123824451411,1,4,False,2,20230131,1,4.0
5894,395,5355.600250626567,6275.4047619047615,2,0,False,2,20230131,1,4.0
5895,396,5355.5,6815.1274509803925,1,10,False,2,20230131,1,4.0
5896,397,5355.597739767868,7351.404703726329,0,0,False,2,20230131,1,4.0
5897,398,5355.6027617212585,7887.404945407836,0,0,False,2,20230131,1,4.0
5898,399,5355.868641532017,8426.757929383602,0,0,False,2,20230131,1,4.0
5899,400,5355.6027617212585,8951.595054592164,3,2,False,2,20230131,1,4.0
5900,401,5355.69094247246,9487.686046511628,2,7,False,2,20230131,1,4.0
5901,402,5355.882352941177,10023.5,1,5,False,2,20230131,1,4.0
5902,403,5355.788685015291,10559.781345565749,1,0,False,2,20230131,1,4.0
5903,404,5355.87298266587,11099.5,2,129,False,2,20230131,1,4.0
5904,405,5355.803536977492,11639.21961414791,2,7,False,2,20230131,1,4.0
5905,406,5355.788685015291,12175.218654434251,0,1,False,2,20230131,1,4.0
5906,407,5355.796110414053,12707.218946047678,1,130,False,2,20230131,1,4.0
5907,408,5355.896238244514,13235.685579937304,3,12,False,2,20230131,1,4.0
5908,409,5355.700375704446,13771.5,0,0,False,2,20230131,1,4.0
5909,410,5355.796110414053,14307.781053952322,2,127,False,2,20230131,1,4.0
5910,411,5355.600125156446,14851.404881101376,4,10,False,2,20230131,1,4.0
5911,412,5355.700375704446,15379.5,0,0,False,2,20230131,1,4.0
5912,413,5355.88630806846,15919.685819070904,1,120,False,2,20230131,1,4.0
5913,414,5355.5,16462.936964504283,1,0,False,2,20230131,1,4.0
5914,415,5355.896238244514,16995.314420062696,0,4,False,2,20230131,1,4.0
5915,416,5355.917713152677,17531.31493721084,1,110,False,2,20230131,1,4.0
5916,417,5355.795739348371,18067.21929824561,0,0,False,2,20230131,1,4.0
5917,418,5355.6027617212585,18599.59505459217,0,0,False,2,20230131,1,4.0
5918,419,5355.700375704446,19139.5,1,0,False,2,20230131,1,4.0
5919,420,5355.968339307049,19675.40442054958,1,0,False,2,20230131,1,4.0
5920,421,5355.600125156446,20211.40488110137,0,0,False,2,20230131,1,4.0
5921,422,5355.795739348371,20755.21929824561,2,99,False,2,20230131,1,4.0
5922,423,5355.700375704446,21283.5,0,3,False,2,20230131,1,4.0
5923,424,5806.541916167665,1199.3179640718563,1,75,False,2,20230131,1,4.0
5924,425,5806.328331332533,1727.2454981992796,0,0,False,2,20230131,1,4.0
5925,426,5806.901257861635,2262.9616352201256,4,100,False,2,20230131,1,4.0
5926,427,5807.019426180514,2799.4067543335327,2,99,False,2,20230131,1,4.0
5927,428,5807.204504504504,3335.262162162162,0,0,False,2,20230131,1,4.0
5928,429,5807.705771643664,3871.5,4,104,False,2,20230131,1,4.0
5929,430,5807.308383233533,4407.317964071856,0,0,False,2,20230131,1,4.0
5930,431,5807.397049591965,4943.407093534212,1,0,False,2,20230131,1,4.0
5931,432,5807.5,5479.136363636364,4,107,False,2,20230131,1,4.0
5932,433,5807.5,6011.5,3,12,False,2,20230131,1,4.0
5933,434,5807.317964071856,6544.223353293413,1,10,False,2,20230131,1,4.0
5934,435,5807.303921568628,7083.318627450981,4,115,False,2,20230131,1,4.0
5935,436,5807.5,7623.136363636364,0,116,False,2,20230131,1,4.0
5936,437,5807.5,8151.5,0,0,False,2,20230131,1,4.0
5937,438,5807.5,8694.951572327043,1,0,False,2,20230131,1,4.0
5938,439,5807.399448191293,9219.956161863887,0,1,False,2,20230131,1,4.0
5939,440,5807.303921568628,9755.68137254902,1,117,False,2,20230131,1,4.0
5940,441,5807.5,10291.863190184047,0,1,False,2,20230131,1,4.0
5941,442,5807.5,10827.863190184047,0,0,False,2,20230131,1,4.0
5942,443,5807.5,11374.602040816326,0,0,False,2,20230131,1,4.0
5943,444,5807.691616766467,11903.317964071855,1,3,False,2,20230131,1,4.0
5944,445,5807.600551808707,12443.043838136113,0,98,False,2,20230131,1,4.0
5945,446,5807.696078431372,12971.68137254902,1,5,False,2,20230131,1,4.0
5946,447,5807.5,13503.863636363636,3,174,True,2,20230131,1,4.0
5947,448,5807.780407429598,14040.130317555422,6,126,False,2,20230131,1,4.0
5948,449,5807.5,14579.5,2,1,False,2,20230131,1,4.0
5949,450,5807.5,15115.5,5,122,False,2,20230131,1,4.0
5950,451,5807.308383233533,15647.682035928145,3,58,False,2,20230131,1,4.0
5951,452,5807.219592570402,16190.869682444578,0,0,False,2,20230131,1,4.0
5952,453,5807.203975535168,16731.225993883792,1,109,False,2,20230131,1,4.0
5953,454,5808.315897136177,17266.518118059616,2,140,True,2,20230131,1,4.0
5954,455,5807.5,17795.5,1,5,False,2,20230131,1,4.0
5955,456,5807.598027495517,18335.04333532576,0,0,False,2,20230131,1,4.0
5956,457,5807.686915887851,18867.317757009347,0,4,False,2,20230131,1,4.0
5957,458,5807.399694189602,19403.59296636085,0,0,False,2,20230131,1,4.0
5958,459,5807.600551808707,19947.04383813612,1,1,False,2,20230131,1,4.0
5959,460,5807.322429906542,20482.59813084112,2,3,False,2,20230131,1,4.0
5960,461,5807.600551808707,21019.04383813612,0,0,False,2,20230131,1,4.0
5961,462,6248.491920447483,929.41671845867,1,1,True,2,20230131,1,4.0
5962,463,6250.684516129032,1463.5,2,69,True,2,20230131,1,4.0
5963,464,6250.062461538461,1999.2710769230769,0,86,False,2,20230131,1,4.0
5964,465,6246.90797940798,2531.5,0,1,False,2,20230131,1,4.0
5965,466,6251.103761755486,3067.6855799373043,1,6,False,2,20230131,1,4.0
5966,467,6251.402379499695,3607.4048200122015,0,1,False,2,20230131,1,4.0
5967,468,6251.30905752754,4135.686046511628,1,0,False,2,20230131,1,4.0
5968,469,6251.788685015291,4679.21865443425,1,2,False,2,20230131,1,4.0
5969,470,6251.882352941177,5207.5,2,2,False,2,20230131,1,4.0
5970,471,6251.600250626567,5747.4047619047615,1,2,False,2,20230131,1,4.0
5971,472,6251.600250626567,6275.595238095239,2,1,False,2,20230131,1,4.0
5972,473,6251.5,6815.1274509803925,1,96,False,2,20230131,1,4.0
5973,474,6251.5,7351.5,3,110,False,2,20230131,1,4.0
5974,475,6251.6027617212585,7887.404945407836,0,0,False,2,20230131,1,4.0
5975,476,6251.773053892216,8426.853293413174,1,118,False,2,20230131,1,4.0
5976,477,6251.5,8951.690231362469,2,101,False,2,20230131,1,4.0
5977,478,6251.5,9487.872549019608,1,110,False,2,20230131,1,4.0
5978,479,6251.5,10023.872549019608,5,106,False,2,20230131,1,4.0
5979,480,6251.69094247246,10559.686046511628,1,1,False,2,20230131,1,4.0
5980,481,6251.87298266587,11099.5,0,0,False,2,20230131,1,4.0
5981,482,6251.6027617212585,11639.404945407836,0,0,False,2,20230131,1,4.0
5982,483,6251.597979179424,12175.032149418248,2,11,False,2,20230131,1,4.0
5983,484,6251.796110414053,12707.218946047678,4,99,False,2,20230131,1,4.0
5984,485,6251.896238244514,13235.685579937304,1,135,True,2,20230131,1,4.0
5985,486,6251.600125156446,13771.595118898624,3,182,True,2,20230131,1,4.0
5986,487,6251.795739348371,14307.780701754386,0,0,True,2,20230131,1,4.0
5987,488,6251.5,14851.309643080776,1,17,True,2,20230131,1,4.0
5988,489,6251.600250626567,15379.40476190476,1,3,False,2,20230131,1,4.0
5989,490,6251.5,15919.5,0,5,False,2,20230131,1,4.0
5990,491,6251.5,16462.389434889436,2,102,False,2,20230131,1,4.0
5991,492,6251.5,16995.30964308078,1,0,True,2,20230131,1,4.0
5992,493,6251.605540897098,17531.405013192612,1,100,False,2,20230131,1,4.0
5993,494,6251.5,18066.93753923415,3,93,False,2,20230131,1,4.0
5994,495,6251.5,18599.5,4,4,False,2,20230131,1,4.0
5995,496,6251.5,19139.30964308078,0,2,False,2,20230131,1,4.0
5996,497,6251.5,19675.12701733413,2,2,False,2,20230131,1,4.0
5997,498,6251.5,20211.30964308078,0,8,False,2,20230131,1,4.0
5998,499,6251.399874843554,20755.40488110137,0,0,False,2,20230131,1,4.0
5999,500,6251.600250626567,21283.404761904763,1,0,True,2,20230131,1,4.0
6000,1,899.004835589942,1464.1473243068988,3,49,True,3,20230131,2,4.5
6001,2,898.7570725707257,2000.5971709717096,4,67,False,3,20230131,2,4.5
6002,3,899.2132075471698,2532.3352201257862,1,56,False,3,20230131,2,4.5
6003,4,899.2132075471698,3068.3352201257862,0,0,False,3,20230131,2,4.5
6004,5,899.4020208205757,3607.967850581752,0,14,False,3,20230131,2,4.5
6005,6,899.2204169221336,4136.33629675046,3,9,False,3,20230131,2,4.5
6006,7,899.4020208205757,4679.967850581751,0,5,False,3,20230131,2,4.5
6007,8,899.7795830778664,5208.33629675046,0,82,False,3,20230131,2,4.5
6008,9,899.6956112852664,5747.876175548589,0,5,False,3,20230131,2,4.5
6009,10,899.204260651629,6275.7807017543855,0,0,False,3,20230131,2,4.5
6010,11,899.8779141104294,6816.241104294479,4,91,False,3,20230131,2,4.5
6011,12,900.0686274509804,7352.053921568628,1,1,False,3,20230131,2,4.5
6012,13,900.3051612903225,7887.866451612903,1,61,False,3,20230131,2,4.5
6013,14,900.6003003003003,8428.206306306307,0,2,False,3,20230131,2,4.5
6014,15,900.0979381443299,8952.051546391753,1,21,False,3,20230131,2,4.5
6015,16,900.2429274292743,9488.59717097171,1,5,False,3,20230131,2,4.5
6016,17,901.4233621755252,10024.187268232386,0,2,False,3,20230131,2,4.5
6017,18,901.0743368291178,10560.657310302282,4,92,False,3,20230131,2,4.5
6018,19,900.5989802039592,11100.224655068989,6,107,False,3,20230131,2,4.5
6019,20,899.7005141388174,11639.690231362469,1,9,False,3,20230131,2,4.5
6020,21,901.428306551298,12176.889369592089,3,104,False,3,20230131,2,4.5
6021,22,900.3805031446541,12707.771698113207,0,0,False,3,20230131,2,4.5
6022,23,900.3564231738035,13236.502518891688,2,5,False,3,20230131,2,4.5
6023,24,899.9824120603015,13772.14824120603,1,24,False,3,20230131,2,4.5
6024,25,900.1607818411097,14308.690416141237,0,5,False,3,20230131,2,4.5
6025,26,899.896238244514,14851.685579937304,3,96,False,3,20230131,2,4.5
6026,27,899.9824120603015,15380.14824120603,2,73,False,3,20230131,2,4.5
6027,28,899.7795830778664,15920.33629675046,3,9,False,3,20230131,2,4.5
6028,29,899.6909424724602,16463.68604651163,3,99,False,3,20230131,2,4.5
6029,30,899.6956112852664,16995.87617554859,8,113,False,3,20230131,2,4.5
6030,31,899.6055408970976,17531.594986807388,6,98,False,3,20230131,2,4.5
6031,32,899.5,18067.5,6,111,False,3,20230131,2,4.5
6032,33,899.5,18599.690231362467,3,98,False,3,20230131,2,4.5
6033,34,899.6002506265664,19139.404761904763,0,4,False,3,20230131,2,4.5
6034,35,900.1467065868263,19675.226946107785,2,104,False,3,20230131,2,4.5
6035,36,900.0925925925926,20211.5,3,98,False,3,20230131,2,4.5
6036,37,900.1842767295598,20754.86603773585,6,86,False,3,20230131,2,4.5
6037,38,903.89588688946,21283.309768637533,7,83,False,3,20230131,2,4.5
6038,39,1342.8345888261142,1199.9695543000628,0,3,True,3,20230131,2,4.5
6039,40,1343.293710691824,1728.4610062893082,4,4,False,3,20230131,2,4.5
6040,41,1343.1967699406723,2263.78740936058,2,89,False,3,20230131,2,4.5
6041,42,1343.2115987460816,2799.7884012539184,5,11,False,3,20230131,2,4.5
6042,43,1343.211959924859,3335.788040075141,0,6,False,3,20230131,2,4.5
6043,44,1343.5,3871.694993412385,3,13,False,3,20230131,2,4.5
6044,45,1343.5,4407.6952440550685,0,9,False,3,20230131,2,4.5
6045,46,1343.5,4943.5,1,51,False,3,20230131,2,4.5
6046,47,1343.5975609756097,5479.59756097561,3,14,False,3,20230131,2,4.5
6047,48,1343.5951768488746,6011.788102893891,0,94,False,3,20230131,2,4.5
6048,49,1343.7790697674418,6544.357322438717,0,2,False,3,20230131,2,4.5
6049,50,1343.7002567394095,7083.5,4,100,False,3,20230131,2,4.5
6050,51,1344.0771643663738,7623.5,1,84,True,3,20230131,2,4.5
6051,52,1343.7884012539184,8151.788401253919,3,104,True,3,20230131,2,4.5
6052,53,1343.705533596838,8695.5,2,5,False,3,20230131,2,4.5
6053,54,1343.6953727506427,9219.885604113111,0,7,False,3,20230131,2,4.5
6054,55,1343.89588688946,9755.690231362469,1,6,False,3,20230131,2,4.5
6055,56,1343.399935856318,10291.597498396408,2,114,False,3,20230131,2,4.5
6056,57,1344.0824742268042,10828.067010309278,0,0,False,3,20230131,2,4.5
6057,58,1344.4319899244333,11374.568010075567,1,3,False,3,20230131,2,4.5
6058,59,1343.8859649122808,11903.690476190475,7,106,False,3,20230131,2,4.5
6059,60,1343.89588688946,12443.309768637531,1,118,False,3,20230131,2,4.5
6060,61,1343.89588688946,12971.690231362469,2,32,False,3,20230131,2,4.5
6061,62,1343.690476190476,13503.88596491228,2,41,False,3,20230131,2,4.5
6062,63,1343.8859649122808,14039.690476190475,3,8,False,3,20230131,2,4.5
6063,64,1343.4044703000611,14579.402020820577,4,113,False,3,20230131,2,4.5
6064,65,1343.6953727506427,15115.885604113111,2,28,False,3,20230131,2,4.5
6065,66,1343.690476190476,15647.88596491228,1,106,False,3,20230131,2,4.5
6066,67,1343.7884012539184,16191.788401253918,2,115,False,3,20230131,2,4.5
6067,68,1343.399935856318,16731.402501603592,1,2,False,3,20230131,2,4.5
6068,69,1343.6865030674846,17267.308588957054,10,125,False,3,20230131,2,4.5
6069,70,1343.5955296999389,17795.98009797918,2,12,False,3,20230131,2,4.5
6070,71,1343.5975609756097,18335.40243902439,2,10,False,3,20230131,2,4.5
6071,72,1343.5,18867.88235294117,6,107,False,3,20230131,2,4.5
6072,73,1343.5,19403.5,2,108,False,3,20230131,2,4.5
6073,74,1343.89588688946,19947.309768637533,2,78,False,3,20230131,2,4.5
6074,75,1344.0539215686274,20482.93137254902,8,115,False,3,20230131,2,4.5
6075,76,1344.1825499034128,21019.03122987765,5,95,False,3,20230131,2,4.5
6076,77,1786.8558696988323,928.6923786109404,0,0,True,3,20230131,2,4.5
6077,78,1786.6937984496124,1464.37338501292,2,11,False,3,20230131,2,4.5
6078,79,1786.9313725490197,2000.053921568628,4,6,False,3,20230131,2,4.5
6079,80,1787.2038895859473,2531.781053952321,1,110,False,3,20230131,2,4.5
6080,81,1786.442065491184,3068.3110831234258,2,97,False,3,20230131,2,4.5
6081,82,1787.970300061237,3608.149112063688,4,17,False,3,20230131,2,4.5
6082,83,1787.5979791794243,4135.967850581751,1,0,False,3,20230131,2,4.5
6083,84,1787.2204169221336,4679.772225628449,1,83,False,3,20230131,2,4.5
6084,85,1787.029699938763,5208.149112063687,1,0,False,3,20230131,2,4.5
6085,86,1787.882149591452,5748.053111250786,6,108,False,3,20230131,2,4.5
6086,87,1787.9753476611884,6276.870417193426,2,16,False,3,20230131,2,4.5
6087,88,1788.0700245700243,6816.055282555282,2,174,False,3,20230131,2,4.5
6088,89,1788.0686274509803,7352.053921568628,2,5,False,3,20230131,2,4.5
6089,90,1787.9066924066924,7887.685328185328,8,170,True,3,20230131,2,4.5
6090,91,1788.4214157168567,8427.5,0,0,False,3,20230131,2,4.5
6091,92,1788.8411003236247,8951.057281553398,0,0,False,3,20230131,2,4.5
6092,93,1788.9590264941469,9488.74460874923,2,7,False,3,20230131,2,4.5
6093,94,1788.5325752919484,10024.31868469576,2,2,False,3,20230131,2,4.5
6094,95,1789.3282890673256,10560.925571340333,1,116,False,3,20230131,2,4.5
6095,96,1788.2420706163973,11099.868641532015,4,122,False,3,20230131,2,4.5
6096,97,1788.1082474226805,11639.5,2,4,False,3,20230131,2,4.5
6097,98,1788.8382533825338,12175.657441574416,3,15,False,3,20230131,2,4.5
6098,99,1788.3636363636365,13236.671717171715,1,59,False,3,20230131,2,4.5
6099,100,1788.083280955374,13772.053111250783,1,6,False,3,20230131,2,4.5
6100,101,1788.26214511041,14308.5952681388,3,122,False,3,20230131,2,4.5
6101,102,1788.0925925925926,14851.5,3,106,False,3,20230131,2,4.5
6102,103,1787.887665198238,15380.240088105727,6,177,True,3,20230131,2,4.5
6103,104,1787.8779141104294,15920.24110429448,1,171,True,3,20230131,2,4.5
6104,105,1787.7886850152904,16463.409480122325,2,70,False,3,20230131,2,4.5
6105,106,1787.795739348371,16995.780701754386,3,111,False,3,20230131,2,4.5
6106,107,1787.9177131526767,17531.68506278916,5,55,False,3,20230131,2,4.5
6107,108,1787.7003757044458,18067.5,5,169,True,3,20230131,2,4.5
6108,109,1787.6027617212587,18599.59505459217,2,4,False,3,20230131,2,4.5
6109,110,1787.896238244514,19139.314420062696,7,120,False,3,20230131,2,4.5
6110,111,1788.4214157168567,19675.5,4,87,False,3,20230131,2,4.5
6111,112,1788.0925925925926,20211.5,2,5,False,3,20230131,2,4.5
6112,113,1788.083280955374,20754.94688874921,4,116,False,3,20230131,2,4.5
6113,114,1788.294468887492,21283.5,4,106,False,3,20230131,2,4.5
6114,115,1791.89588688946,12707.309768637531,2,104,False,3,20230131,2,4.5
6115,116,2231.304755944931,1199.5,2,10,False,3,20230131,2,4.5
6116,117,2231.6907151819323,1727.8764115432873,1,0,False,3,20230131,2,4.5
6117,118,2231.5,2263.5,0,0,False,3,20230131,2,4.5
6118,119,2231.5,2799.5,10,115,False,3,20230131,2,4.5
6119,120,2231.5,3335.5,5,68,False,3,20230131,2,4.5
6120,121,2231.5,3871.5,2,105,False,3,20230131,2,4.5
6121,122,2231.695244055069,4407.5,2,114,False,3,20230131,2,4.5
6122,123,2231.5,4943.5,8,238,False,3,20230131,2,4.5
6123,124,2231.5,5479.5,2,3,False,3,20230131,2,4.5
6124,125,2231.6000641436817,6011.402501603592,4,7,False,3,20230131,2,4.5
6125,126,2231.690476190476,6543.8859649122805,1,102,False,3,20230131,2,4.5
6126,127,2231.89588688946,7083.690231362468,1,10,False,3,20230131,2,4.5
6127,128,2232.077164366374,7623.5,6,169,True,3,20230131,2,4.5
6128,129,2231.8859649122805,8151.690476190476,4,195,True,3,20230131,2,4.5
6129,130,2232.1076618229854,8695.5,0,2,False,3,20230131,2,4.5
6130,131,2231.79543994862,9219.787732819525,5,13,False,3,20230131,2,4.5
6131,132,2232.182549903413,9755.968770122345,3,4,False,3,20230131,2,4.5
6132,133,2232.182549903413,10291.968770122345,1,4,False,3,20230131,2,4.5
6133,134,2232.082474226804,10828.067010309278,1,0,False,3,20230131,2,4.5
6134,135,2231.6902377972465,11375.304755944931,2,182,True,3,20230131,2,4.5
6135,136,2232.165411173886,11903.969554300063,2,158,True,3,20230131,2,4.5
6136,137,2231.7002567394097,12443.5,2,89,False,3,20230131,2,4.5
6137,138,2232.0817245817248,12972.06628056628,5,248,True,3,20230131,2,4.5
6138,139,2232.3332284455632,13504.529578351165,2,219,True,3,20230131,2,4.5
6139,140,2232.3332284455632,14040.529578351165,2,6,False,3,20230131,2,4.5
6140,141,2232.241104294478,14579.87791411043,4,3,False,3,20230131,2,4.5
6141,142,2232.0817245817248,15116.06628056628,3,115,False,3,20230131,2,4.5
6142,143,2231.9695543000626,15648.165411173886,2,110,False,3,20230131,2,4.5
6143,144,2231.8859649122805,16191.690476190475,2,4,False,3,20230131,2,4.5
6144,145,2231.7002567394097,16731.5,4,128,False,3,20230131,2,4.5
6145,146,2232.241104294478,17267.681595092025,2,116,False,3,20230131,2,4.5
6146,147,2232.053921568628,17796.06862745098,5,176,True,3,20230131,2,4.5
6147,148,2231.8859649122805,18335.69047619048,5,170,True,3,20230131,2,4.5
6148,149,2232.33629675046,18867.220416922133,7,22,False,3,20230131,2,4.5
6149,150,2231.79543994862,19403.787732819525,11,130,False,3,20230131,2,4.5
6150,151,2231.89588688946,19947.309768637533,5,98,False,3,20230131,2,4.5
6151,152,2232.33629675046,20483.220416922133,12,118,False,3,20230131,2,4.5
6152,153,2231.89588688946,21019.309768637533,6,98,False,3,20230131,2,4.5
6153,154,2674.93137254902,928.0539215686274,5,63,False,3,20230131,2,4.5
6154,155,2677.859493670886,1462.4012658227848,4,80,False,3,20230131,2,4.5
6155,156,2675.406919779547,1999.776791181874,1,1,False,3,20230131,2,4.5
6156,157,2674.90666247643,2531.489943431804,3,38,False,3,20230131,2,4.5
6157,158,2675.1173694147265,3068.04877281309,5,111,False,3,20230131,2,4.5
6158,159,2674.6416309012875,3607.7722256284487,4,95,False,3,20230131,2,4.5
6159,160,2678.221252257676,4135.150812763395,6,118,False,3,20230131,2,4.5
6160,161,2679.5,4679.5,1,118,False,3,20230131,2,4.5
6161,162,2678.2738452309536,5208.111877624475,1,6,False,3,20230131,2,4.5
6162,163,2679.5,5747.5,5,119,False,3,20230131,2,4.5
6163,164,2680.4987699877,6275.849323493235,4,7,False,3,20230131,2,4.5
6164,165,2679.882775119617,6815.5,4,104,False,3,20230131,2,4.5
6165,166,2680.2616766467067,7351.859281437126,1,0,False,3,20230131,2,4.5
6166,167,2680.236225087925,8427.317116060962,5,59,False,3,20230131,2,4.5
6167,168,2679.907035175879,8951.680904522613,0,0,False,3,20230131,2,4.5
6168,169,2679.211389385808,9487.774299344066,3,115,False,3,20230131,2,4.5
6169,170,2680.0693779904304,10024.04066985646,0,0,False,3,20230131,2,4.5
6170,171,2681.5253470126736,10560.709414604707,5,126,False,3,20230131,2,4.5
6171,172,2680.147574517826,11099.766510812393,2,120,False,3,20230131,2,4.5
6172,173,2680.1638705811865,12175.766027561414,7,137,False,3,20230131,2,4.5
6173,174,2680.093137254902,12707.5,1,6,False,3,20230131,2,4.5
6174,175,2680.0840490797545,13236.039877300613,3,7,False,3,20230131,2,4.5
6175,176,2679.796024464832,13771.774006116208,0,1,False,3,20230131,2,4.5
6176,177,2680.459409594096,14308.385608856088,2,118,False,3,20230131,2,4.5
6177,178,2679.896572827417,14851.681150550796,3,3,False,3,20230131,2,4.5
6178,179,2680.0840490797545,15380.039877300613,4,11,False,3,20230131,2,4.5
6179,180,2680.0693779904304,15920.04066985646,1,4,False,3,20230131,2,4.5
6180,181,2679.980573819486,16463.406754333533,3,85,False,3,20230131,2,4.5
6181,182,2679.896572827417,16995.681150550794,1,3,False,3,20230131,2,4.5
6182,183,2679.605602060528,17531.592723760463,1,109,False,3,20230131,2,4.5
6183,184,2679.9935543278084,18067.58348680172,4,131,False,3,20230131,2,4.5
6184,185,2679.80923947203,18599.42206159648,6,113,False,3,20230131,2,4.5
6185,186,2680.1876155268023,19139.214109673445,6,118,False,3,20230131,2,4.5
6186,187,2680.4227166276346,19675.5,6,129,False,3,20230131,2,4.5
6187,188,2679.700488997555,20211.5,5,94,False,3,20230131,2,4.5
6188,189,2679.7963870177587,20755.22565829761,7,127,False,3,20230131,2,4.5
6189,190,2680.093137254902,21283.5,7,100,False,3,20230131,2,4.5
6190,191,2683.602761721259,7887.595054592164,7,114,False,3,20230131,2,4.5
6191,192,2683.9025806451614,11639.5,2,1,False,3,20230131,2,4.5
6192,193,3130.359950859951,1199.5,0,0,False,3,20230131,2,4.5
6193,194,3125.668888888889,1728.9653968253967,0,5,False,3,20230131,2,4.5
6194,195,3131.397238278741,2263.5950545921646,2,121,False,3,20230131,2,4.5
6195,196,3127.2105097545627,2799.7794210195093,3,5,False,3,20230131,2,4.5
6196,197,3129.775092936803,3336.6995043370507,7,100,False,3,20230131,2,4.5
6197,198,3131.397238278741,3871.5950545921646,1,1,False,3,20230131,2,4.5
6198,199,3130.726600985221,4406.869458128079,3,64,False,3,20230131,2,4.5
6199,200,3130.9945196647323,4943.595422308188,6,104,False,3,20230131,2,4.5
6200,201,3131.402260232132,5479.404703726329,1,0,False,3,20230131,2,4.5
6201,202,3131.203889585948,6011.781053952322,10,158,False,3,20230131,2,4.5
6202,203,3131.1220858895704,6544.241104294479,9,109,False,3,20230131,2,4.5
6203,204,3131.6001251564458,7083.595118898624,6,17,False,3,20230131,2,4.5
6204,205,3131.5,7623.127450980392,1,93,False,3,20230131,2,4.5
6205,206,3131.5,8151.872549019607,1,1,False,3,20230131,2,4.5
6206,207,3131.5,8695.309768637531,3,111,False,3,20230131,2,4.5
6207,208,3131.6956112852663,9219.876175548588,2,93,False,3,20230131,2,4.5
6208,209,3131.7961104140527,9755.781053952322,4,115,False,3,20230131,2,4.5
6209,210,3131.7961104140527,10291.781053952322,5,5,False,3,20230131,2,4.5
6210,211,3131.5,10828.06246076585,0,6,False,3,20230131,2,4.5
6211,212,3131.779926335175,11374.854205033764,3,243,True,3,20230131,2,4.5
6212,213,3131.6909424724604,11903.686046511628,8,215,True,3,20230131,2,4.5
6213,214,3131.6002506265663,12443.40476190476,1,72,False,3,20230131,2,4.5
6214,215,3131.7961104140527,12971.781053952322,0,114,False,3,20230131,2,4.5
6215,216,3131.7795830778664,13504.33629675046,1,110,False,3,20230131,2,4.5
6216,217,3131.7795830778664,14040.33629675046,7,115,False,3,20230131,2,4.5
6217,218,3131.960431654676,14579.960431654676,6,142,False,3,20230131,2,4.5
6218,219,3131.6956112852663,15115.876175548588,6,98,False,3,20230131,2,4.5
6219,220,3131.5,15648.063035495716,6,128,False,3,20230131,2,4.5
6220,221,3131.8823529411766,16191.5,2,8,False,3,20230131,2,4.5
6221,222,3131.5,16731.30964308078,9,128,False,3,20230131,2,4.5
6222,223,3131.6862686567165,17267.313731343285,4,125,False,3,20230131,2,4.5
6223,224,3131.313953488372,17795.68604651163,3,108,False,3,20230131,2,4.5
6224,225,3131.6909424724604,18335.31395348837,3,168,True,3,20230131,2,4.5
6225,226,3131.68671454219,18867.68671454219,6,189,True,3,20230131,2,4.5
6226,227,3131.700375704446,19403.5,14,102,False,3,20230131,2,4.5
6227,228,3131.5,19947.5,10,126,False,3,20230131,2,4.5
6228,229,3131.782634730539,20482.661676646705,12,128,False,3,20230131,2,4.5
6229,230,3131.7961104140527,21019.21894604768,8,123,False,3,20230131,2,4.5
6230,231,3570.6416309012875,927.7722256284488,3,2,False,3,20230131,2,4.5
6231,232,3571.5,1463.5,4,43,False,3,20230131,2,4.5
6232,233,3569.9433497536947,2000.5147783251232,7,102,False,3,20230131,2,4.5
6233,234,3571.3043887147337,2531.1238244514107,2,24,False,3,20230131,2,4.5
6234,235,3571.8962382445143,3067.6855799373043,6,116,False,3,20230131,2,4.5
6235,236,3571.5,3607.309523809524,2,6,False,3,20230131,2,4.5
6236,237,3571.597620500305,4135.595179987798,7,82,False,3,20230131,2,4.5
6237,238,3571.5,4679.5,0,63,False,3,20230131,2,4.5
6238,239,3571.88630806846,5207.6858190709045,7,118,False,3,20230131,2,4.5
6239,240,3571.7961104140527,5747.590338770389,7,138,False,3,20230131,2,4.5
6240,241,3571.8962382445143,6275.314420062696,2,119,False,3,20230131,2,4.5
6241,242,3571.69536019536,6815.5,1,5,False,3,20230131,2,4.5
6242,243,3572.166258420086,7351.041947336191,7,206,True,3,20230131,2,4.5
6243,244,3571.7056555269924,7887.5,2,166,True,3,20230131,2,4.5
6244,245,3572.5167865707435,8427.404076738609,4,18,False,3,20230131,2,4.5
6245,246,3571.9066924066924,8951.685328185327,8,124,False,3,20230131,2,4.5
6246,247,3572.260736196319,9487.86809815951,3,109,False,3,20230131,2,4.5
6247,248,3572.260736196319,10023.86809815951,2,76,False,3,20230131,2,4.5
6248,249,3572.0686274509803,10560.053921568628,2,114,False,3,20230131,2,4.5
6249,250,3574.511180124224,11097.66645962733,6,118,False,3,20230131,2,4.5
6250,251,3572.00998068255,11639.404700579524,2,3,False,3,20230131,2,4.5
6251,252,3572.3583690987125,12175.227774371551,2,1,False,3,20230131,2,4.5
6252,253,3572.0925925925926,12707.5,6,137,False,3,20230131,2,4.5
6253,254,3572.0825486503454,13236.052416823602,2,4,False,3,20230131,2,4.5
6254,255,3571.8962382445143,13771.685579937304,1,114,False,3,20230131,2,4.5
6255,256,3572.183417085427,14307.957286432162,4,114,False,3,20230131,2,4.5
6256,257,3571.700375704446,14851.5,4,155,True,3,20230131,2,4.5
6257,258,3572.183417085427,15379.957286432162,8,153,True,3,20230131,2,4.5
6258,259,3572.3583690987125,15919.772225628449,5,125,False,3,20230131,2,4.5
6259,260,3571.88630806846,16463.314180929094,7,14,False,3,20230131,2,4.5
6260,261,3572.0925925925926,16995.5,6,115,False,3,20230131,2,4.5
6261,262,3571.6055408970974,17531.594986807388,4,76,False,3,20230131,2,4.5
6262,263,3571.6001251564458,18067.40488110137,6,125,False,3,20230131,2,4.5
6263,264,3571.602761721259,18599.59505459217,14,116,False,3,20230131,2,4.5
6264,265,3572.0925925925926,19139.5,6,98,False,3,20230131,2,4.5
6265,266,3572.5167865707435,19675.59592326139,12,129,False,3,20230131,2,4.5
6266,267,3572.0925925925926,20211.5,9,114,False,3,20230131,2,4.5
6267,268,3572.183417085427,20755.04271356784,3,114,False,3,20230131,2,4.5
6268,269,3572.0925925925926,21283.5,5,107,False,3,20230131,2,4.5
6269,270,4023.1235884567127,1199.1135508155585,6,86,False,3,20230131,2,4.5
6270,271,4023.4024390243903,1727.5975609756097,1,0,False,3,20230131,2,4.5
6271,272,4023.5,2263.5,6,173,True,3,20230131,2,4.5
6272,273,4023.5,2799.304755944931,2,191,True,3,20230131,2,4.5
6273,274,4023.22057898049,3335.7794210195093,4,103,False,3,20230131,2,4.5
6274,275,4023.6026991441736,3871.597432521396,1,9,False,3,20230131,2,4.5
6275,276,4023.6911949685536,4407.308805031446,1,2,False,3,20230131,2,4.5
6276,277,4023.3973008558255,4943.597432521396,4,98,False,3,20230131,2,4.5
6277,278,4023.690476190476,5479.11403508772,2,2,False,3,20230131,2,4.5
6278,279,4023.6000641436817,6011.597498396408,2,12,False,3,20230131,2,4.5
6279,280,4023.690476190476,6543.8859649122805,2,0,False,3,20230131,2,4.5
6280,281,4023.7002567394097,7083.5,5,189,True,3,20230131,2,4.5
6281,282,4023.7884012539184,7623.211598746081,5,188,True,3,20230131,2,4.5
6282,283,4023.885964912281,8151.690476190476,1,3,False,3,20230131,2,4.5
6283,284,4023.6026991441736,8695.402567478604,1,4,False,3,20230131,2,4.5
6284,285,4023.7954399486193,9219.787732819525,2,5,False,3,20230131,2,4.5
6285,286,4023.89588688946,9755.690231362469,10,245,True,3,20230131,2,4.5
6286,287,4023.89588688946,10291.690231362469,7,244,True,3,20230131,2,4.5
6287,288,4023.6953727506425,10827.885604113111,3,8,False,3,20230131,2,4.5
6288,289,4023.7884012539184,11375.211598746082,1,34,False,3,20230131,2,4.5
6289,290,4023.885964912281,11903.690476190475,4,13,False,3,20230131,2,4.5
6290,291,4023.7002567394097,12443.5,0,0,False,3,20230131,2,4.5
6291,292,4023.7954399486193,12971.787732819525,4,132,False,3,20230131,2,4.5
6292,293,4023.969554300063,13504.165411173886,5,131,False,3,20230131,2,4.5
6293,294,4023.885964912281,14039.690476190475,8,124,False,3,20230131,2,4.5
6294,295,4023.87652811736,14579.690709046456,0,89,False,3,20230131,2,4.5
6295,296,4023.7954399486193,15115.787732819525,2,97,False,3,20230131,2,4.5
6296,297,4023.5975609756097,15647.40243902439,6,124,False,3,20230131,2,4.5
6297,298,4023.5,16191.5,8,162,True,3,20230131,2,4.5
6298,299,4023.6000641436817,16731.402501603592,5,113,False,3,20230131,2,4.5
6299,300,4023.4048200122015,17267.402379499694,10,133,False,3,20230131,2,4.5
6300,301,4024.053921568628,17796.06862745098,3,8,False,3,20230131,2,4.5
6301,302,4023.695244055069,18335.5,11,109,False,3,20230131,2,4.5
6302,303,4023.5,18867.5,11,127,False,3,20230131,2,4.5
6303,304,4023.6000641436817,19403.597498396408,7,130,False,3,20230131,2,4.5
6304,305,4023.89588688946,19947.309768637533,13,122,False,3,20230131,2,4.5
6305,306,4023.314180929096,20483.11369193154,5,16,False,3,20230131,2,4.5
6306,307,4023.6000641436817,21019.402501603592,4,103,False,3,20230131,2,4.5
6307,308,4467.308588957055,927.6865030674846,2,118,True,3,20230131,2,4.5
6308,309,4467.6027617212585,1463.5950545921644,3,5,False,3,20230131,2,4.5
6309,310,4467.69094247246,1999.686046511628,2,1,False,3,20230131,2,4.5
6310,311,4467.5,2531.5,3,165,True,3,20230131,2,4.5
6311,312,4467.103264281231,3067.133396107972,1,6,False,3,20230131,2,4.5
6312,313,4467.597620500305,3607.5951799877976,0,0,False,3,20230131,2,4.5
6313,314,4468.0700245700245,4135.490171990172,3,126,False,3,20230131,2,4.5
6314,315,4467.790461538461,4678.6704615384615,3,83,False,3,20230131,2,4.5
6315,316,4467.220416922134,5207.772225628449,2,2,False,3,20230131,2,4.5
6316,317,4467.600250626567,5747.4047619047615,1,125,False,3,20230131,2,4.5
6317,318,4467.695611285267,6275.876175548589,1,4,False,3,20230131,2,4.5
6318,319,4468.067931456549,6814.9467564259485,0,0,False,3,20230131,2,4.5
6319,320,4467.69094247246,7351.686046511628,3,16,False,3,20230131,2,4.5
6320,321,4467.705655526992,7887.5,2,10,False,3,20230131,2,4.5
6321,322,4467.9604316546765,8427.039568345324,1,108,False,3,20230131,2,4.5
6322,323,4467.803536977492,8951.78038585209,3,113,False,3,20230131,2,4.5
6323,324,4467.779926335175,9488.145794966236,0,0,False,3,20230131,2,4.5
6324,325,4467.970876762723,10023.958614347026,3,125,False,3,20230131,2,4.5
6325,326,4467.779926335175,10560.145794966236,4,86,False,3,20230131,2,4.5
6326,327,4467.773709483794,11099.773709483794,0,0,False,3,20230131,2,4.5
6327,328,4467.705655526992,11639.5,3,12,False,3,20230131,2,4.5
6328,329,4467.691411042945,12175.313496932517,0,0,False,3,20230131,2,4.5
6329,330,4467.992462311558,12707.404522613066,3,115,False,3,20230131,2,4.5
6330,331,4467.982412060302,13236.14824120603,0,97,False,3,20230131,2,4.5
6331,332,4467.695611285267,13771.876175548588,6,186,False,3,20230131,2,4.5
6332,333,4467.78679245283,14308.335220125786,5,9,False,3,20230131,2,4.5
6333,334,4467.700375704446,14851.5,3,15,True,3,20230131,2,4.5
6334,335,4467.695611285267,15379.876175548588,1,10,True,3,20230131,2,4.5
6335,336,4467.69094247246,15919.686046511628,6,125,False,3,20230131,2,4.5
6336,337,4467.597979179424,16463.03214941825,2,112,True,3,20230131,2,4.5
6337,338,4467.796110414053,16995.590338770387,5,163,True,3,20230131,2,4.5
6338,339,4467.812169312169,17531.589947089946,9,124,False,3,20230131,2,4.5
6339,340,4467.304143126177,18067.314187068423,4,4,False,3,20230131,2,4.5
6340,341,4467.6027617212585,18599.59505459217,9,131,False,3,20230131,2,4.5
6341,342,4467.992462311558,19139.59547738693,7,137,False,3,20230131,2,4.5
6342,343,4467.9604316546765,19675.586330935253,6,119,False,3,20230131,2,4.5
6343,344,4467.992462311558,20211.404522613066,6,127,False,3,20230131,2,4.5
6344,345,4467.695611285267,20755.87617554859,7,124,False,3,20230131,2,4.5
6345,346,4467.600250626567,21283.404761904763,1,12,False,3,20230131,2,4.5
6346,347,4910.279048765804,1198.8762793497892,3,130,True,3,20230131,2,4.5
6347,348,4909.975961538462,1726.3557692307693,0,78,False,3,20230131,2,4.5
6348,349,4911.294228356336,2263.5,2,6,False,3,20230131,2,4.5
6349,350,4910.738323353294,2799.859281437126,2,4,False,3,20230131,2,4.5
6350,351,4910.551497005988,3335.32754491018,1,2,False,3,20230131,2,4.5
6351,352,4911.092964824121,3871.680904522613,2,0,False,3,20230131,2,4.5
6352,353,4911.308383233533,4407.317964071856,1,17,False,3,20230131,2,4.5
6353,354,4911.298994974874,4943.133165829146,0,0,False,3,20230131,2,4.5
6354,355,4911.308841099164,5479.318399044206,2,3,False,3,20230131,2,4.5
6355,356,4911.696078431372,6011.318627450981,1,16,False,3,20230131,2,4.5
6356,357,4911.308383233533,6543.682035928144,0,0,False,3,20230131,2,4.5
6357,358,4911.796387017759,7083.225658297612,0,122,False,3,20230131,2,4.5
6358,359,4912.070743405276,7622.958033573142,3,4,False,3,20230131,2,4.5
6359,360,4911.5,8151.5,0,0,False,3,20230131,2,4.5
6360,361,4911.5,8694.951572327043,2,2,False,3,20230131,2,4.5
6361,362,4911.696078431372,9219.68137254902,1,2,False,3,20230131,2,4.5
6362,363,4911.69656019656,9755.681818181818,3,12,False,3,20230131,2,4.5
6363,364,4911.5,10291.863190184047,2,6,False,3,20230131,2,4.5
6364,365,4911.5,10827.863190184047,0,99,False,3,20230131,2,4.5
6365,366,4911.5,11374.602040816326,7,119,False,3,20230131,2,4.5
6366,367,4911.780407429598,11902.869682444578,1,1,False,3,20230131,2,4.5
6367,368,4911.600551808707,12443.043838136113,1,12,False,3,20230131,2,4.5
6368,369,4911.696078431372,12971.68137254902,5,8,False,3,20230131,2,4.5
6369,370,4911.780407429598,13504.130317555422,2,125,False,3,20230131,2,4.5
6370,371,4911.780407429598,14040.130317555422,0,0,False,3,20230131,2,4.5
6371,372,4911.774165202109,14579.232864674868,0,0,False,3,20230131,2,4.5
6372,373,4911.696078431372,15115.68137254902,1,115,False,3,20230131,2,4.5
6373,374,4911.780407429598,15648.130317555422,4,89,False,3,20230131,2,4.5
6374,375,4911.5,16191.136363636364,2,4,False,3,20230131,2,4.5
6375,376,4911.5,16731.5,10,233,True,3,20230131,2,4.5
6376,377,4911.869158878505,17266.77570093458,5,10,False,3,20230131,2,4.5
6377,378,4911.877182770663,17795.681606519207,5,119,False,3,20230131,2,4.5
6378,379,4912.261676646706,18335.32754491018,7,119,False,3,20230131,2,4.5
6379,380,4912.056725146199,18867.49064327485,5,119,False,3,20230131,2,4.5
6380,381,4911.696078431372,19403.68137254902,4,108,False,3,20230131,2,4.5
6381,382,4911.796387017759,19947.22565829761,7,120,False,3,20230131,2,4.5
6382,383,4911.961088355763,20483.050614394386,6,118,False,3,20230131,2,4.5
6383,384,4911.888206388207,21018.77764127764,10,95,False,3,20230131,2,4.5
6384,385,5354.359950859951,927.5,0,2,True,3,20230131,2,4.5
6385,386,5355.3972382787415,1463.4049454078356,1,0,False,3,20230131,2,4.5
6386,387,5354.355036855037,1999.8341523341523,2,7,False,3,20230131,2,4.5
6387,388,5355.103761755486,2531.314420062696,0,0,False,3,20230131,2,4.5
6388,389,5355.299624295554,3067.5,5,8,False,3,20230131,2,4.5
6389,390,5355.5,3607.309523809524,0,1,False,3,20230131,2,4.5
6390,391,5355.5,4135.5,3,132,True,3,20230131,2,4.5
6391,392,5355.87791411043,4678.758895705521,3,157,True,3,20230131,2,4.5
6392,393,5355.69094247246,5207.313953488372,1,1,False,3,20230131,2,4.5
6393,394,5355.695611285267,5747.123824451411,0,105,False,3,20230131,2,4.5
6394,395,5355.600250626567,6275.4047619047615,4,23,False,3,20230131,2,4.5
6395,396,5355.5,6815.1274509803925,3,14,False,3,20230131,2,4.5
6396,397,5355.597739767868,7351.404703726329,0,0,False,3,20230131,2,4.5
6397,398,5355.6027617212585,7887.404945407836,0,0,False,3,20230131,2,4.5
6398,399,5355.868641532017,8426.757929383602,3,3,False,3,20230131,2,4.5
6399,400,5355.6027617212585,8951.595054592164,3,99,False,3,20230131,2,4.5
6400,401,5355.69094247246,9487.686046511628,4,116,False,3,20230131,2,4.5
6401,402,5355.882352941177,10023.5,5,238,False,3,20230131,2,4.5
6402,403,5355.788685015291,10559.781345565749,0,112,False,3,20230131,2,4.5
6403,404,5355.87298266587,11099.5,1,107,False,3,20230131,2,4.5
6404,405,5355.803536977492,11639.21961414791,1,4,False,3,20230131,2,4.5
6405,406,5355.788685015291,12175.218654434251,1,93,False,3,20230131,2,4.5
6406,407,5355.796110414053,12707.218946047678,1,89,False,3,20230131,2,4.5
6407,408,5355.896238244514,13235.685579937304,0,0,False,3,20230131,2,4.5
6408,409,5355.700375704446,13771.5,0,4,False,3,20230131,2,4.5
6409,410,5355.796110414053,14307.781053952322,2,14,False,3,20230131,2,4.5
6410,411,5355.600125156446,14851.404881101376,2,5,False,3,20230131,2,4.5
6411,412,5355.700375704446,15379.5,0,0,False,3,20230131,2,4.5
6412,413,5355.88630806846,15919.685819070904,2,125,False,3,20230131,2,4.5
6413,414,5355.5,16462.936964504283,7,80,False,3,20230131,2,4.5
6414,415,5355.896238244514,16995.314420062696,6,209,True,3,20230131,2,4.5
6415,416,5355.917713152677,17531.31493721084,2,113,False,3,20230131,2,4.5
6416,417,5355.795739348371,18067.21929824561,4,105,False,3,20230131,2,4.5
6417,418,5355.6027617212585,18599.59505459217,6,123,False,3,20230131,2,4.5
6418,419,5355.700375704446,19139.5,7,137,False,3,20230131,2,4.5
6419,420,5355.968339307049,19675.40442054958,4,97,False,3,20230131,2,4.5
6420,421,5355.600125156446,20211.40488110137,0,122,False,3,20230131,2,4.5
6421,422,5355.795739348371,20755.21929824561,5,18,False,3,20230131,2,4.5
6422,423,5355.700375704446,21283.5,9,101,False,3,20230131,2,4.5
6423,424,5806.541916167665,1199.3179640718563,2,83,True,3,20230131,2,4.5
6424,425,5806.328331332533,1727.2454981992796,1,3,False,3,20230131,2,4.5
6425,426,5806.901257861635,2262.9616352201256,0,4,False,3,20230131,2,4.5
6426,427,5807.019426180514,2799.4067543335327,0,1,False,3,20230131,2,4.5
6427,428,5807.204504504504,3335.262162162162,4,78,False,3,20230131,2,4.5
6428,429,5807.705771643664,3871.5,0,0,False,3,20230131,2,4.5
6429,430,5807.308383233533,4407.317964071856,2,84,False,3,20230131,2,4.5
6430,431,5807.397049591965,4943.407093534212,1,16,False,3,20230131,2,4.5
6431,432,5807.5,5479.136363636364,5,3,False,3,20230131,2,4.5
6432,433,5807.5,6011.5,1,7,False,3,20230131,2,4.5
6433,434,5807.317964071856,6544.223353293413,10,107,False,3,20230131,2,4.5
6434,435,5807.303921568628,7083.318627450981,11,117,False,3,20230131,2,4.5
6435,436,5807.5,7623.136363636364,2,107,False,3,20230131,2,4.5
6436,437,5807.5,8151.5,1,86,False,3,20230131,2,4.5
6437,438,5807.5,8694.951572327043,2,104,False,3,20230131,2,4.5
6438,439,5807.399448191293,9219.956161863887,0,0,False,3,20230131,2,4.5
6439,440,5807.303921568628,9755.68137254902,2,99,True,3,20230131,2,4.5
6440,441,5807.5,10291.863190184047,6,114,True,3,20230131,2,4.5
6441,442,5807.5,10827.863190184047,4,10,False,3,20230131,2,4.5
6442,443,5807.5,11374.602040816326,1,1,False,3,20230131,2,4.5
6443,444,5807.691616766467,11903.317964071855,3,19,False,3,20230131,2,4.5
6444,445,5807.600551808707,12443.043838136113,1,102,False,3,20230131,2,4.5
6445,446,5807.696078431372,12971.68137254902,0,1,False,3,20230131,2,4.5
6446,447,5807.5,13503.863636363636,2,13,False,3,20230131,2,4.5
6447,448,5807.780407429598,14040.130317555422,1,0,False,3,20230131,2,4.5
6448,449,5807.5,14579.5,5,74,False,3,20230131,2,4.5
6449,450,5807.5,15115.5,1,2,False,3,20230131,2,4.5
6450,451,5807.308383233533,15647.682035928145,1,1,False,3,20230131,2,4.5
6451,452,5807.219592570402,16190.869682444578,3,132,True,3,20230131,2,4.5
6452,453,5807.203975535168,16731.225993883792,5,23,False,3,20230131,2,4.5
6453,454,5808.315897136177,17266.518118059616,5,3,False,3,20230131,2,4.5
6454,455,5807.5,17795.5,2,5,False,3,20230131,2,4.5
6455,456,5807.598027495517,18335.04333532576,6,105,False,3,20230131,2,4.5
6456,457,5807.686915887851,18867.317757009347,5,116,False,3,20230131,2,4.5
6457,458,5807.399694189602,19403.59296636085,6,117,False,3,20230131,2,4.5
6458,459,5807.600551808707,19947.04383813612,3,66,False,3,20230131,2,4.5
6459,460,5807.322429906542,20482.59813084112,10,128,False,3,20230131,2,4.5
6460,461,5807.600551808707,21019.04383813612,13,117,False,3,20230131,2,4.5
6461,462,6248.491920447483,929.41671845867,0,10,True,3,20230131,2,4.5
6462,463,6250.684516129032,1463.5,1,2,True,3,20230131,2,4.5
6463,464,6250.062461538461,1999.2710769230769,3,13,True,3,20230131,2,4.5
6464,465,6246.90797940798,2531.5,0,0,True,3,20230131,2,4.5
6465,466,6251.103761755486,3067.6855799373043,4,67,False,3,20230131,2,4.5
6466,467,6251.402379499695,3607.4048200122015,0,0,False,3,20230131,2,4.5
6467,468,6251.30905752754,4135.686046511628,0,8,False,3,20230131,2,4.5
6468,469,6251.788685015291,4679.21865443425,1,5,False,3,20230131,2,4.5
6469,470,6251.882352941177,5207.5,2,63,False,3,20230131,2,4.5
6470,471,6251.600250626567,5747.4047619047615,0,76,False,3,20230131,2,4.5
6471,472,6251.600250626567,6275.595238095239,1,0,False,3,20230131,2,4.5
6472,473,6251.5,6815.1274509803925,2,5,False,3,20230131,2,4.5
6473,474,6251.5,7351.5,6,96,False,3,20230131,2,4.5
6474,475,6251.6027617212585,7887.404945407836,5,13,False,3,20230131,2,4.5
6475,476,6251.773053892216,8426.853293413174,9,83,False,3,20230131,2,4.5
6476,477,6251.5,8951.690231362469,3,92,False,3,20230131,2,4.5
6477,478,6251.5,9487.872549019608,0,0,False,3,20230131,2,4.5
6478,479,6251.5,10023.872549019608,1,0,False,3,20230131,2,4.5
6479,480,6251.69094247246,10559.686046511628,1,3,False,3,20230131,2,4.5
6480,481,6251.87298266587,11099.5,2,118,False,3,20230131,2,4.5
6481,482,6251.6027617212585,11639.404945407836,2,85,False,3,20230131,2,4.5
6482,483,6251.597979179424,12175.032149418248,2,12,False,3,20230131,2,4.5
6483,484,6251.796110414053,12707.218946047678,1,95,False,3,20230131,2,4.5
6484,485,6251.896238244514,13235.685579937304,0,0,False,3,20230131,2,4.5
6485,486,6251.600125156446,13771.595118898624,0,3,False,3,20230131,2,4.5
6486,487,6251.795739348371,14307.780701754386,2,106,False,3,20230131,2,4.5
6487,488,6251.5,14851.309643080776,2,11,False,3,20230131,2,4.5
6488,489,6251.600250626567,15379.40476190476,1,2,False,3,20230131,2,4.5
6489,490,6251.5,15919.5,1,5,True,3,20230131,2,4.5
6490,491,6251.5,16462.389434889436,1,5,False,3,20230131,2,4.5
6491,492,6251.5,16995.30964308078,2,110,False,3,20230131,2,4.5
6492,493,6251.605540897098,17531.405013192612,2,23,False,3,20230131,2,4.5
6493,494,6251.5,18066.93753923415,0,3,False,3,20230131,2,4.5
6494,495,6251.5,18599.5,1,12,False,3,20230131,2,4.5
6495,496,6251.5,19139.30964308078,10,121,False,3,20230131,2,4.5
6496,497,6251.5,19675.12701733413,4,100,False,3,20230131,2,4.5
6497,498,6251.5,20211.30964308078,4,98,False,3,20230131,2,4.5
6498,499,6251.399874843554,20755.40488110137,10,106,False,3,20230131,2,4.5
6499,500,6251.600250626567,21283.404761904763,4,72,False,3,20230131,2,4.5
6500,1,899.004835589942,1464.1473243068988,0,0,False,3,20230131,2,5.0
6501,2,898.7570725707257,2000.5971709717096,0,3,False,3,20230131,2,5.0
6502,3,899.2132075471698,2532.3352201257862,2,1,False,3,20230131,2,5.0
6503,4,899.2132075471698,3068.3352201257862,1,0,False,3,20230131,2,5.0
6504,5,899.4020208205757,3607.967850581752,2,1,False,3,20230131,2,5.0
6505,6,899.2204169221336,4136.33629675046,1,0,False,3,20230131,2,5.0
6506,7,899.4020208205757,4679.967850581751,0,9,False,3,20230131,2,5.0
6507,8,899.7795830778664,5208.33629675046,1,1,False,3,20230131,2,5.0
6508,9,899.6956112852664,5747.876175548589,0,2,False,3,20230131,2,5.0
6509,10,899.204260651629,6275.7807017543855,0,1,False,3,20230131,2,5.0
6510,11,899.8779141104294,6816.241104294479,4,113,False,3,20230131,2,5.0
6511,12,900.0686274509804,7352.053921568628,1,11,False,3,20230131,2,5.0
6512,13,900.3051612903225,7887.866451612903,1,2,False,3,20230131,2,5.0
6513,14,900.6003003003003,8428.206306306307,0,1,False,3,20230131,2,5.0
6514,15,900.0979381443299,8952.051546391753,3,5,False,3,20230131,2,5.0
6515,16,900.2429274292743,9488.59717097171,0,0,False,3,20230131,2,5.0
6516,17,901.4233621755252,10024.187268232386,2,5,False,3,20230131,2,5.0
6517,18,901.0743368291178,10560.657310302282,0,1,False,3,20230131,2,5.0
6518,19,900.5989802039592,11100.224655068989,0,0,False,3,20230131,2,5.0
6519,20,899.7005141388174,11639.690231362469,2,5,False,3,20230131,2,5.0
6520,21,901.428306551298,12176.889369592089,0,0,False,3,20230131,2,5.0
6521,22,900.3805031446541,12707.771698113207,1,0,False,3,20230131,2,5.0
6522,23,900.3564231738035,13236.502518891688,0,0,False,3,20230131,2,5.0
6523,24,899.9824120603015,13772.14824120603,3,115,False,3,20230131,2,5.0
6524,25,900.1607818411097,14308.690416141237,4,6,False,3,20230131,2,5.0
6525,26,899.896238244514,14851.685579937304,0,43,False,3,20230131,2,5.0
6526,27,899.9824120603015,15380.14824120603,4,105,False,3,20230131,2,5.0
6527,28,899.7795830778664,15920.33629675046,1,2,False,3,20230131,2,5.0
6528,29,899.6909424724602,16463.68604651163,1,112,False,3,20230131,2,5.0
6529,30,899.6956112852664,16995.87617554859,2,3,False,3,20230131,2,5.0
6530,31,899.6055408970976,17531.594986807388,1,3,False,3,20230131,2,5.0
6531,32,899.5,18067.5,0,0,False,3,20230131,2,5.0
6532,33,899.5,18599.690231362467,0,0,False,3,20230131,2,5.0
6533,34,899.6002506265664,19139.404761904763,3,13,False,3,20230131,2,5.0
6534,35,900.1467065868263,19675.226946107785,3,107,False,3,20230131,2,5.0
6535,36,900.0925925925926,20211.5,0,2,False,3,20230131,2,5.0
6536,37,900.1842767295598,20754.86603773585,0,0,False,3,20230131,2,5.0
6537,38,903.89588688946,21283.309768637533,9,98,False,3,20230131,2,5.0
6538,39,1342.8345888261142,1199.9695543000628,0,0,True,3,20230131,2,5.0
6539,40,1343.293710691824,1728.4610062893082,0,3,False,3,20230131,2,5.0
6540,41,1343.1967699406723,2263.78740936058,0,0,False,3,20230131,2,5.0
6541,42,1343.2115987460816,2799.7884012539184,1,1,False,3,20230131,2,5.0
6542,43,1343.211959924859,3335.788040075141,2,1,False,3,20230131,2,5.0
6543,44,1343.5,3871.694993412385,1,1,False,3,20230131,2,5.0
6544,45,1343.5,4407.6952440550685,1,1,False,3,20230131,2,5.0
6545,46,1343.5,4943.5,1,0,False,3,20230131,2,5.0
6546,47,1343.5975609756097,5479.59756097561,1,4,False,3,20230131,2,5.0
6547,48,1343.5951768488746,6011.788102893891,1,2,False,3,20230131,2,5.0
6548,49,1343.7790697674418,6544.357322438717,0,1,False,3,20230131,2,5.0
6549,50,1343.7002567394095,7083.5,0,0,False,3,20230131,2,5.0
6550,51,1344.0771643663738,7623.5,1,0,False,3,20230131,2,5.0
6551,52,1343.7884012539184,8151.788401253919,0,1,False,3,20230131,2,5.0
6552,53,1343.705533596838,8695.5,0,0,False,3,20230131,2,5.0
6553,54,1343.6953727506427,9219.885604113111,0,3,False,3,20230131,2,5.0
6554,55,1343.89588688946,9755.690231362469,0,1,False,3,20230131,2,5.0
6555,56,1343.399935856318,10291.597498396408,1,1,False,3,20230131,2,5.0
6556,57,1344.0824742268042,10828.067010309278,0,6,True,3,20230131,2,5.0
6557,58,1344.4319899244333,11374.568010075567,0,7,True,3,20230131,2,5.0
6558,59,1343.8859649122808,11903.690476190475,1,0,False,3,20230131,2,5.0
6559,60,1343.89588688946,12443.309768637531,2,118,False,3,20230131,2,5.0
6560,61,1343.89588688946,12971.690231362469,0,0,False,3,20230131,2,5.0
6561,62,1343.690476190476,13503.88596491228,2,102,False,3,20230131,2,5.0
6562,63,1343.8859649122808,14039.690476190475,0,0,False,3,20230131,2,5.0
6563,64,1343.4044703000611,14579.402020820577,0,1,False,3,20230131,2,5.0
6564,65,1343.6953727506427,15115.885604113111,0,0,False,3,20230131,2,5.0
6565,66,1343.690476190476,15647.88596491228,3,4,False,3,20230131,2,5.0
6566,67,1343.7884012539184,16191.788401253918,0,0,False,3,20230131,2,5.0
6567,68,1343.399935856318,16731.402501603592,1,0,False,3,20230131,2,5.0
6568,69,1343.6865030674846,17267.308588957054,1,5,False,3,20230131,2,5.0
6569,70,1343.5955296999389,17795.98009797918,2,2,True,3,20230131,2,5.0
6570,71,1343.5975609756097,18335.40243902439,2,1,True,3,20230131,2,5.0
6571,72,1343.5,18867.88235294117,2,2,False,3,20230131,2,5.0
6572,73,1343.5,19403.5,0,0,False,3,20230131,2,5.0
6573,74,1343.89588688946,19947.309768637533,0,6,False,3,20230131,2,5.0
6574,75,1344.0539215686274,20482.93137254902,0,0,False,3,20230131,2,5.0
6575,76,1344.1825499034128,21019.03122987765,3,5,False,3,20230131,2,5.0
6576,77,1786.8558696988323,928.6923786109404,1,5,True,3,20230131,2,5.0
6577,78,1786.6937984496124,1464.37338501292,0,0,False,3,20230131,2,5.0
6578,79,1786.9313725490197,2000.053921568628,2,110,False,3,20230131,2,5.0
6579,80,1787.2038895859473,2531.781053952321,3,41,False,3,20230131,2,5.0
6580,81,1786.442065491184,3068.3110831234258,0,30,False,3,20230131,2,5.0
6581,82,1787.970300061237,3608.149112063688,1,0,False,3,20230131,2,5.0
6582,83,1787.5979791794243,4135.967850581751,6,102,False,3,20230131,2,5.0
6583,84,1787.2204169221336,4679.772225628449,0,5,False,3,20230131,2,5.0
6584,85,1787.029699938763,5208.149112063687,1,1,False,3,20230131,2,5.0
6585,86,1787.882149591452,5748.053111250786,2,3,False,3,20230131,2,5.0
6586,87,1787.9753476611884,6276.870417193426,1,2,False,3,20230131,2,5.0
6587,88,1788.0700245700243,6816.055282555282,2,5,False,3,20230131,2,5.0
6588,89,1788.0686274509803,7352.053921568628,5,128,False,3,20230131,2,5.0
6589,90,1787.9066924066924,7887.685328185328,0,4,False,3,20230131,2,5.0
6590,91,1788.4214157168567,8427.5,0,0,False,3,20230131,2,5.0
6591,92,1788.8411003236247,8951.057281553398,1,5,False,3,20230131,2,5.0
6592,93,1788.9590264941469,9488.74460874923,1,4,False,3,20230131,2,5.0
6593,94,1788.5325752919484,10024.31868469576,1,4,False,3,20230131,2,5.0
6594,95,1789.3282890673256,10560.925571340333,5,113,False,3,20230131,2,5.0
6595,96,1788.2420706163973,11099.868641532015,1,6,False,3,20230131,2,5.0
6596,97,1788.1082474226805,11639.5,2,9,False,3,20230131,2,5.0
6597,98,1788.8382533825338,12175.657441574416,1,3,False,3,20230131,2,5.0
6598,99,1788.3636363636365,13236.671717171715,2,46,False,3,20230131,2,5.0
6599,100,1788.083280955374,13772.053111250783,2,145,False,3,20230131,2,5.0
6600,101,1788.26214511041,14308.5952681388,3,129,False,3,20230131,2,5.0
6601,102,1788.0925925925926,14851.5,4,5,False,3,20230131,2,5.0
6602,103,1787.887665198238,15380.240088105727,3,2,False,3,20230131,2,5.0
6603,104,1787.8779141104294,15920.24110429448,3,10,False,3,20230131,2,5.0
6604,105,1787.7886850152904,16463.409480122325,1,1,False,3,20230131,2,5.0
6605,106,1787.795739348371,16995.780701754386,2,1,False,3,20230131,2,5.0
6606,107,1787.9177131526767,17531.68506278916,3,3,False,3,20230131,2,5.0
6607,108,1787.7003757044458,18067.5,0,1,False,3,20230131,2,5.0
6608,109,1787.6027617212587,18599.59505459217,2,5,True,3,20230131,2,5.0
6609,110,1787.896238244514,19139.314420062696,3,6,False,3,20230131,2,5.0
6610,111,1788.4214157168567,19675.5,1,0,False,3,20230131,2,5.0
6611,112,1788.0925925925926,20211.5,1,1,False,3,20230131,2,5.0
6612,113,1788.083280955374,20754.94688874921,0,0,False,3,20230131,2,5.0
6613,114,1788.294468887492,21283.5,2,7,False,3,20230131,2,5.0
6614,115,1791.89588688946,12707.309768637531,0,2,False,3,20230131,2,5.0
6615,116,2231.304755944931,1199.5,3,4,False,3,20230131,2,5.0
6616,117,2231.6907151819323,1727.8764115432873,0,0,False,3,20230131,2,5.0
6617,118,2231.5,2263.5,2,1,False,3,20230131,2,5.0
6618,119,2231.5,2799.5,1,0,False,3,20230131,2,5.0
6619,120,2231.5,3335.5,0,0,False,3,20230131,2,5.0
6620,121,2231.5,3871.5,1,85,False,3,20230131,2,5.0
6621,122,2231.695244055069,4407.5,1,4,False,3,20230131,2,5.0
6622,123,2231.5,4943.5,1,1,False,3,20230131,2,5.0
6623,124,2231.5,5479.5,2,102,False,3,20230131,2,5.0
6624,125,2231.6000641436817,6011.402501603592,0,0,False,3,20230131,2,5.0
6625,126,2231.690476190476,6543.8859649122805,0,6,False,3,20230131,2,5.0
6626,127,2231.89588688946,7083.690231362468,3,7,False,3,20230131,2,5.0
6627,128,2232.077164366374,7623.5,0,3,False,3,20230131,2,5.0
6628,129,2231.8859649122805,8151.690476190476,3,2,False,3,20230131,2,5.0
6629,130,2232.1076618229854,8695.5,1,0,False,3,20230131,2,5.0
6630,131,2231.79543994862,9219.787732819525,2,68,False,3,20230131,2,5.0
6631,132,2232.182549903413,9755.968770122345,3,4,False,3,20230131,2,5.0
6632,133,2232.182549903413,10291.968770122345,3,123,False,3,20230131,2,5.0
6633,134,2232.082474226804,10828.067010309278,2,3,False,3,20230131,2,5.0
6634,135,2231.6902377972465,11375.304755944931,3,20,False,3,20230131,2,5.0
6635,136,2232.165411173886,11903.969554300063,2,2,False,3,20230131,2,5.0
6636,137,2231.7002567394097,12443.5,1,62,True,3,20230131,2,5.0
6637,138,2232.0817245817248,12972.06628056628,2,81,True,3,20230131,2,5.0
6638,139,2232.3332284455632,13504.529578351165,1,1,False,3,20230131,2,5.0
6639,140,2232.3332284455632,14040.529578351165,2,8,False,3,20230131,2,5.0
6640,141,2232.241104294478,14579.87791411043,1,0,False,3,20230131,2,5.0
6641,142,2232.0817245817248,15116.06628056628,1,0,False,3,20230131,2,5.0
6642,143,2231.9695543000626,15648.165411173886,2,2,False,3,20230131,2,5.0
6643,144,2231.8859649122805,16191.690476190475,3,39,False,3,20230131,2,5.0
6644,145,2231.7002567394097,16731.5,6,5,False,3,20230131,2,5.0
6645,146,2232.241104294478,17267.681595092025,2,5,False,3,20230131,2,5.0
6646,147,2232.053921568628,17796.06862745098,2,0,False,3,20230131,2,5.0
6647,148,2231.8859649122805,18335.69047619048,4,4,False,3,20230131,2,5.0
6648,149,2232.33629675046,18867.220416922133,2,3,False,3,20230131,2,5.0
6649,150,2231.79543994862,19403.787732819525,2,5,False,3,20230131,2,5.0
6650,151,2231.89588688946,19947.309768637533,5,15,False,3,20230131,2,5.0
6651,152,2232.33629675046,20483.220416922133,3,112,False,3,20230131,2,5.0
6652,153,2231.89588688946,21019.309768637533,2,6,False,3,20230131,2,5.0
6653,154,2674.93137254902,928.0539215686274,2,11,False,3,20230131,2,5.0
6654,155,2677.859493670886,1462.4012658227848,0,8,False,3,20230131,2,5.0
6655,156,2675.406919779547,1999.776791181874,0,1,False,3,20230131,2,5.0
6656,157,2674.90666247643,2531.489943431804,2,2,False,3,20230131,2,5.0
6657,158,2675.1173694147265,3068.04877281309,1,2,False,3,20230131,2,5.0
6658,159,2674.6416309012875,3607.7722256284487,1,0,False,3,20230131,2,5.0
6659,160,2678.221252257676,4135.150812763395,2,234,False,3,20230131,2,5.0
6660,161,2679.5,4679.5,3,2,False,3,20230131,2,5.0
6661,162,2678.2738452309536,5208.111877624475,2,7,False,3,20230131,2,5.0
6662,163,2679.5,5747.5,3,8,False,3,20230131,2,5.0
6663,164,2680.4987699877,6275.849323493235,2,13,False,3,20230131,2,5.0
6664,165,2679.882775119617,6815.5,4,5,False,3,20230131,2,5.0
6665,166,2680.2616766467067,7351.859281437126,2,0,False,3,20230131,2,5.0
6666,167,2680.236225087925,8427.317116060962,1,0,False,3,20230131,2,5.0
6667,168,2679.907035175879,8951.680904522613,1,3,False,3,20230131,2,5.0
6668,169,2679.211389385808,9487.774299344066,1,9,False,3,20230131,2,5.0
6669,170,2680.0693779904304,10024.04066985646,1,14,False,3,20230131,2,5.0
6670,171,2681.5253470126736,10560.709414604707,1,105,False,3,20230131,2,5.0
6671,172,2680.147574517826,11099.766510812393,0,0,False,3,20230131,2,5.0
6672,173,2680.1638705811865,12175.766027561414,0,0,False,3,20230131,2,5.0
6673,174,2680.093137254902,12707.5,2,84,True,3,20230131,2,5.0
6674,175,2680.0840490797545,13236.039877300613,5,93,True,3,20230131,2,5.0
6675,176,2679.796024464832,13771.774006116208,2,6,False,3,20230131,2,5.0
6676,177,2680.459409594096,14308.385608856088,5,2,False,3,20230131,2,5.0
6677,178,2679.896572827417,14851.681150550796,1,4,True,3,20230131,2,5.0
6678,179,2680.0840490797545,15380.039877300613,2,2,True,3,20230131,2,5.0
6679,180,2680.0693779904304,15920.04066985646,2,7,False,3,20230131,2,5.0
6680,181,2679.980573819486,16463.406754333533,3,8,False,3,20230131,2,5.0
6681,182,2679.896572827417,16995.681150550794,1,2,False,3,20230131,2,5.0
6682,183,2679.605602060528,17531.592723760463,12,131,False,3,20230131,2,5.0
6683,184,2679.9935543278084,18067.58348680172,5,7,False,3,20230131,2,5.0
6684,185,2679.80923947203,18599.42206159648,2,4,False,3,20230131,2,5.0
6685,186,2680.1876155268023,19139.214109673445,2,1,False,3,20230131,2,5.0
6686,187,2680.4227166276346,19675.5,2,6,False,3,20230131,2,5.0
6687,188,2679.700488997555,20211.5,2,2,False,3,20230131,2,5.0
6688,189,2679.7963870177587,20755.22565829761,8,139,False,3,20230131,2,5.0
6689,190,2680.093137254902,21283.5,2,7,False,3,20230131,2,5.0
6690,191,2683.602761721259,7887.595054592164,0,1,False,3,20230131,2,5.0
6691,192,2683.9025806451614,11639.5,1,3,False,3,20230131,2,5.0
6692,193,3130.359950859951,1199.5,0,0,True,3,20230131,2,5.0
6693,194,3125.668888888889,1728.9653968253967,1,9,False,3,20230131,2,5.0
6694,195,3131.397238278741,2263.5950545921646,1,1,False,3,20230131,2,5.0
6695,196,3127.2105097545627,2799.7794210195093,1,2,False,3,20230131,2,5.0
6696,197,3129.775092936803,3336.6995043370507,2,6,False,3,20230131,2,5.0
6697,198,3131.397238278741,3871.5950545921646,4,6,False,3,20230131,2,5.0
6698,199,3130.726600985221,4406.869458128079,6,8,False,3,20230131,2,5.0
6699,200,3130.9945196647323,4943.595422308188,0,0,False,3,20230131,2,5.0
6700,201,3131.402260232132,5479.404703726329,1,0,False,3,20230131,2,5.0
6701,202,3131.203889585948,6011.781053952322,1,3,False,3,20230131,2,5.0
6702,203,3131.1220858895704,6544.241104294479,1,3,False,3,20230131,2,5.0
6703,204,3131.6001251564458,7083.595118898624,1,0,False,3,20230131,2,5.0
6704,205,3131.5,7623.127450980392,0,0,False,3,20230131,2,5.0
6705,206,3131.5,8151.872549019607,1,132,False,3,20230131,2,5.0
6706,207,3131.5,8695.309768637531,0,54,True,3,20230131,2,5.0
6707,208,3131.6956112852663,9219.876175548588,2,78,True,3,20230131,2,5.0
6708,209,3131.7961104140527,9755.781053952322,1,6,False,3,20230131,2,5.0
6709,210,3131.7961104140527,10291.781053952322,0,8,False,3,20230131,2,5.0
6710,211,3131.5,10828.06246076585,4,3,False,3,20230131,2,5.0
6711,212,3131.779926335175,11374.854205033764,1,12,False,3,20230131,2,5.0
6712,213,3131.6909424724604,11903.686046511628,1,0,False,3,20230131,2,5.0
6713,214,3131.6002506265663,12443.40476190476,1,5,False,3,20230131,2,5.0
6714,215,3131.7961104140527,12971.781053952322,2,4,False,3,20230131,2,5.0
6715,216,3131.7795830778664,13504.33629675046,4,86,False,3,20230131,2,5.0
6716,217,3131.7795830778664,14040.33629675046,2,6,False,3,20230131,2,5.0
6717,218,3131.960431654676,14579.960431654676,2,111,False,3,20230131,2,5.0
6718,219,3131.6956112852663,15115.876175548588,2,1,False,3,20230131,2,5.0
6719,220,3131.5,15648.063035495716,6,24,False,3,20230131,2,5.0
6720,221,3131.8823529411766,16191.5,4,122,False,3,20230131,2,5.0
6721,222,3131.5,16731.30964308078,4,1,False,3,20230131,2,5.0
6722,223,3131.6862686567165,17267.313731343285,0,1,False,3,20230131,2,5.0
6723,224,3131.313953488372,17795.68604651163,7,9,False,3,20230131,2,5.0
6724,225,3131.6909424724604,18335.31395348837,1,7,False,3,20230131,2,5.0
6725,226,3131.68671454219,18867.68671454219,8,78,False,3,20230131,2,5.0
6726,227,3131.700375704446,19403.5,1,0,False,3,20230131,2,5.0
6727,228,3131.5,19947.5,1,0,False,3,20230131,2,5.0
6728,229,3131.782634730539,20482.661676646705,4,2,False,3,20230131,2,5.0
6729,230,3131.7961104140527,21019.21894604768,5,9,False,3,20230131,2,5.0
6730,231,3570.6416309012875,927.7722256284488,2,18,False,3,20230131,2,5.0
6731,232,3571.5,1463.5,1,112,False,3,20230131,2,5.0
6732,233,3569.9433497536947,2000.5147783251232,3,4,False,3,20230131,2,5.0
6733,234,3571.3043887147337,2531.1238244514107,0,0,False,3,20230131,2,5.0
6734,235,3571.8962382445143,3067.6855799373043,0,0,False,3,20230131,2,5.0
6735,236,3571.5,3607.309523809524,2,3,False,3,20230131,2,5.0
6736,237,3571.597620500305,4135.595179987798,1,2,False,3,20230131,2,5.0
6737,238,3571.5,4679.5,0,1,False,3,20230131,2,5.0
6738,239,3571.88630806846,5207.6858190709045,1,50,False,3,20230131,2,5.0
6739,240,3571.7961104140527,5747.590338770389,2,3,False,3,20230131,2,5.0
6740,241,3571.8962382445143,6275.314420062696,3,13,False,3,20230131,2,5.0
6741,242,3571.69536019536,6815.5,2,60,False,3,20230131,2,5.0
6742,243,3572.166258420086,7351.041947336191,1,9,False,3,20230131,2,5.0
6743,244,3571.7056555269924,7887.5,2,128,False,3,20230131,2,5.0
6744,245,3572.5167865707435,8427.404076738609,3,140,False,3,20230131,2,5.0
6745,246,3571.9066924066924,8951.685328185327,3,13,False,3,20230131,2,5.0
6746,247,3572.260736196319,9487.86809815951,2,2,False,3,20230131,2,5.0
6747,248,3572.260736196319,10023.86809815951,4,7,False,3,20230131,2,5.0
6748,249,3572.0686274509803,10560.053921568628,7,136,False,3,20230131,2,5.0
6749,250,3574.511180124224,11097.66645962733,1,4,False,3,20230131,2,5.0
6750,251,3572.00998068255,11639.404700579524,1,1,False,3,20230131,2,5.0
6751,252,3572.3583690987125,12175.227774371551,0,0,False,3,20230131,2,5.0
6752,253,3572.0925925925926,12707.5,0,0,False,3,20230131,2,5.0
6753,254,3572.0825486503454,13236.052416823602,1,3,False,3,20230131,2,5.0
6754,255,3571.8962382445143,13771.685579937304,0,1,False,3,20230131,2,5.0
6755,256,3572.183417085427,14307.957286432162,0,0,False,3,20230131,2,5.0
6756,257,3571.700375704446,14851.5,2,2,False,3,20230131,2,5.0
6757,258,3572.183417085427,15379.957286432162,1,3,True,3,20230131,2,5.0
6758,259,3572.3583690987125,15919.772225628449,2,3,True,3,20230131,2,5.0
6759,260,3571.88630806846,16463.314180929094,0,0,False,3,20230131,2,5.0
6760,261,3572.0925925925926,16995.5,0,0,False,3,20230131,2,5.0
6761,262,3571.6055408970974,17531.594986807388,2,152,False,3,20230131,2,5.0
6762,263,3571.6001251564458,18067.40488110137,3,4,False,3,20230131,2,5.0
6763,264,3571.602761721259,18599.59505459217,0,1,True,3,20230131,2,5.0
6764,265,3572.0925925925926,19139.5,2,4,False,3,20230131,2,5.0
6765,266,3572.5167865707435,19675.59592326139,1,2,False,3,20230131,2,5.0
6766,267,3572.0925925925926,20211.5,6,97,True,3,20230131,2,5.0
6767,268,3572.183417085427,20755.04271356784,0,1,False,3,20230131,2,5.0
6768,269,3572.0925925925926,21283.5,1,2,False,3,20230131,2,5.0
6769,270,4023.1235884567127,1199.1135508155585,0,1,False,3,20230131,2,5.0
6770,271,4023.4024390243903,1727.5975609756097,2,77,False,3,20230131,2,5.0
6771,272,4023.5,2263.5,1,0,False,3,20230131,2,5.0
6772,273,4023.5,2799.304755944931,0,0,False,3,20230131,2,5.0
6773,274,4023.22057898049,3335.7794210195093,7,119,False,3,20230131,2,5.0
6774,275,4023.6026991441736,3871.597432521396,5,118,False,3,20230131,2,5.0
6775,276,4023.6911949685536,4407.308805031446,1,111,False,3,20230131,2,5.0
6776,277,4023.3973008558255,4943.597432521396,2,1,False,3,20230131,2,5.0
6777,278,4023.690476190476,5479.11403508772,0,0,False,3,20230131,2,5.0
6778,279,4023.6000641436817,6011.597498396408,0,0,False,3,20230131,2,5.0
6779,280,4023.690476190476,6543.8859649122805,3,8,False,3,20230131,2,5.0
6780,281,4023.7002567394097,7083.5,2,11,False,3,20230131,2,5.0
6781,282,4023.7884012539184,7623.211598746081,1,5,False,3,20230131,2,5.0
6782,283,4023.885964912281,8151.690476190476,0,2,False,3,20230131,2,5.0
6783,284,4023.6026991441736,8695.402567478604,0,4,False,3,20230131,2,5.0
6784,285,4023.7954399486193,9219.787732819525,4,4,False,3,20230131,2,5.0
6785,286,4023.89588688946,9755.690231362469,2,130,False,3,20230131,2,5.0
6786,287,4023.89588688946,10291.690231362469,3,1,False,3,20230131,2,5.0
6787,288,4023.6953727506425,10827.885604113111,0,0,False,3,20230131,2,5.0
6788,289,4023.7884012539184,11375.211598746082,2,9,False,3,20230131,2,5.0
6789,290,4023.885964912281,11903.690476190475,1,0,False,3,20230131,2,5.0
6790,291,4023.7002567394097,12443.5,4,110,False,3,20230131,2,5.0
6791,292,4023.7954399486193,12971.787732819525,2,1,False,3,20230131,2,5.0
6792,293,4023.969554300063,13504.165411173886,3,119,False,3,20230131,2,5.0
6793,294,4023.885964912281,14039.690476190475,2,2,False,3,20230131,2,5.0
6794,295,4023.87652811736,14579.690709046456,2,105,False,3,20230131,2,5.0
6795,296,4023.7954399486193,15115.787732819525,1,5,False,3,20230131,2,5.0
6796,297,4023.5975609756097,15647.40243902439,0,0,False,3,20230131,2,5.0
6797,298,4023.5,16191.5,3,6,False,3,20230131,2,5.0
6798,299,4023.6000641436817,16731.402501603592,0,5,False,3,20230131,2,5.0
6799,300,4023.4048200122015,17267.402379499694,2,22,False,3,20230131,2,5.0
6800,301,4024.053921568628,17796.06862745098,4,11,True,3,20230131,2,5.0
6801,302,4023.695244055069,18335.5,6,3,True,3,20230131,2,5.0
6802,303,4023.5,18867.5,4,6,True,3,20230131,2,5.0
6803,304,4023.6000641436817,19403.597498396408,1,3,False,3,20230131,2,5.0
6804,305,4023.89588688946,19947.309768637533,2,161,True,3,20230131,2,5.0
6805,306,4023.314180929096,20483.11369193154,1,133,True,3,20230131,2,5.0
6806,307,4023.6000641436817,21019.402501603592,2,1,False,3,20230131,2,5.0
6807,308,4467.308588957055,927.6865030674846,0,0,False,3,20230131,2,5.0
6808,309,4467.6027617212585,1463.5950545921644,3,2,True,3,20230131,2,5.0
6809,310,4467.69094247246,1999.686046511628,1,2,False,3,20230131,2,5.0
6810,311,4467.5,2531.5,1,8,False,3,20230131,2,5.0
6811,312,4467.103264281231,3067.133396107972,2,4,False,3,20230131,2,5.0
6812,313,4467.597620500305,3607.5951799877976,0,0,False,3,20230131,2,5.0
6813,314,4468.0700245700245,4135.490171990172,4,55,False,3,20230131,2,5.0
6814,315,4467.790461538461,4678.6704615384615,0,23,False,3,20230131,2,5.0
6815,316,4467.220416922134,5207.772225628449,2,3,False,3,20230131,2,5.0
6816,317,4467.600250626567,5747.4047619047615,3,0,False,3,20230131,2,5.0
6817,318,4467.695611285267,6275.876175548589,3,5,False,3,20230131,2,5.0
6818,319,4468.067931456549,6814.9467564259485,1,0,False,3,20230131,2,5.0
6819,320,4467.69094247246,7351.686046511628,0,0,False,3,20230131,2,5.0
6820,321,4467.705655526992,7887.5,2,1,False,3,20230131,2,5.0
6821,322,4467.9604316546765,8427.039568345324,3,6,False,3,20230131,2,5.0
6822,323,4467.803536977492,8951.78038585209,4,9,False,3,20230131,2,5.0
6823,324,4467.779926335175,9488.145794966236,2,0,False,3,20230131,2,5.0
6824,325,4467.970876762723,10023.958614347026,1,1,False,3,20230131,2,5.0
6825,326,4467.779926335175,10560.145794966236,2,3,False,3,20230131,2,5.0
6826,327,4467.773709483794,11099.773709483794,6,94,False,3,20230131,2,5.0
6827,328,4467.705655526992,11639.5,4,105,False,3,20230131,2,5.0
6828,329,4467.691411042945,12175.313496932517,1,0,False,3,20230131,2,5.0
6829,330,4467.992462311558,12707.404522613066,1,1,False,3,20230131,2,5.0
6830,331,4467.982412060302,13236.14824120603,0,0,False,3,20230131,2,5.0
6831,332,4467.695611285267,13771.876175548588,5,151,False,3,20230131,2,5.0
6832,333,4467.78679245283,14308.335220125786,1,11,False,3,20230131,2,5.0
6833,334,4467.700375704446,14851.5,1,124,False,3,20230131,2,5.0
6834,335,4467.695611285267,15379.876175548588,3,4,False,3,20230131,2,5.0
6835,336,4467.69094247246,15919.686046511628,0,0,False,3,20230131,2,5.0
6836,337,4467.597979179424,16463.03214941825,1,0,False,3,20230131,2,5.0
6837,338,4467.796110414053,16995.590338770387,2,106,True,3,20230131,2,5.0
6838,339,4467.812169312169,17531.589947089946,2,180,True,3,20230131,2,5.0
6839,340,4467.304143126177,18067.314187068423,0,0,False,3,20230131,2,5.0
6840,341,4467.6027617212585,18599.59505459217,1,33,False,3,20230131,2,5.0
6841,342,4467.992462311558,19139.59547738693,1,2,False,3,20230131,2,5.0
6842,343,4467.9604316546765,19675.586330935253,4,130,False,3,20230131,2,5.0
6843,344,4467.992462311558,20211.404522613066,3,7,False,3,20230131,2,5.0
6844,345,4467.695611285267,20755.87617554859,0,0,False,3,20230131,2,5.0
6845,346,4467.600250626567,21283.404761904763,4,108,False,3,20230131,2,5.0
6846,347,4910.279048765804,1198.8762793497892,2,0,True,3,20230131,2,5.0
6847,348,4909.975961538462,1726.3557692307693,0,0,True,3,20230131,2,5.0
6848,349,4911.294228356336,2263.5,1,3,True,3,20230131,2,5.0
6849,350,4910.738323353294,2799.859281437126,1,6,False,3,20230131,2,5.0
6850,351,4910.551497005988,3335.32754491018,0,0,False,3,20230131,2,5.0
6851,352,4911.092964824121,3871.680904522613,3,31,False,3,20230131,2,5.0
6852,353,4911.308383233533,4407.317964071856,7,119,False,3,20230131,2,5.0
6853,354,4911.298994974874,4943.133165829146,0,26,True,3,20230131,2,5.0
6854,355,4911.308841099164,5479.318399044206,1,89,True,3,20230131,2,5.0
6855,356,4911.696078431372,6011.318627450981,5,75,False,3,20230131,2,5.0
6856,357,4911.308383233533,6543.682035928144,2,6,False,3,20230131,2,5.0
6857,358,4911.796387017759,7083.225658297612,2,15,False,3,20230131,2,5.0
6858,359,4912.070743405276,7622.958033573142,1,0,False,3,20230131,2,5.0
6859,360,4911.5,8151.5,2,14,False,3,20230131,2,5.0
6860,361,4911.5,8694.951572327043,0,1,False,3,20230131,2,5.0
6861,362,4911.696078431372,9219.68137254902,0,110,True,3,20230131,2,5.0
6862,363,4911.69656019656,9755.681818181818,3,118,True,3,20230131,2,5.0
6863,364,4911.5,10291.863190184047,2,4,False,3,20230131,2,5.0
6864,365,4911.5,10827.863190184047,3,3,False,3,20230131,2,5.0
6865,366,4911.5,11374.602040816326,1,0,False,3,20230131,2,5.0
6866,367,4911.780407429598,11902.869682444578,1,1,False,3,20230131,2,5.0
6867,368,4911.600551808707,12443.043838136113,3,5,False,3,20230131,2,5.0
6868,369,4911.696078431372,12971.68137254902,2,28,False,3,20230131,2,5.0
6869,370,4911.780407429598,13504.130317555422,3,5,True,3,20230131,2,5.0
6870,371,4911.780407429598,14040.130317555422,3,0,False,3,20230131,2,5.0
6871,372,4911.774165202109,14579.232864674868,0,0,False,3,20230131,2,5.0
6872,373,4911.696078431372,15115.68137254902,0,0,False,3,20230131,2,5.0
6873,374,4911.780407429598,15648.130317555422,6,5,False,3,20230131,2,5.0
6874,375,4911.5,16191.136363636364,1,0,False,3,20230131,2,5.0
6875,376,4911.5,16731.5,1,41,False,3,20230131,2,5.0
6876,377,4911.869158878505,17266.77570093458,1,136,True,3,20230131,2,5.0
6877,378,4911.877182770663,17795.681606519207,1,7,False,3,20230131,2,5.0
6878,379,4912.261676646706,18335.32754491018,1,121,False,3,20230131,2,5.0
6879,380,4912.056725146199,18867.49064327485,4,114,False,3,20230131,2,5.0
6880,381,4911.696078431372,19403.68137254902,0,0,False,3,20230131,2,5.0
6881,382,4911.796387017759,19947.22565829761,1,48,True,3,20230131,2,5.0
6882,383,4911.961088355763,20483.050614394386,2,53,True,3,20230131,2,5.0
6883,384,4911.888206388207,21018.77764127764,0,0,False,3,20230131,2,5.0
6884,385,5354.359950859951,927.5,1,3,True,3,20230131,2,5.0
6885,386,5355.3972382787415,1463.4049454078356,1,4,True,3,20230131,2,5.0
6886,387,5354.355036855037,1999.8341523341523,2,1,True,3,20230131,2,5.0
6887,388,5355.103761755486,2531.314420062696,1,28,False,3,20230131,2,5.0
6888,389,5355.299624295554,3067.5,1,5,False,3,20230131,2,5.0
6889,390,5355.5,3607.309523809524,0,1,False,3,20230131,2,5.0
6890,391,5355.5,4135.5,1,2,False,3,20230131,2,5.0
6891,392,5355.87791411043,4678.758895705521,2,105,False,3,20230131,2,5.0
6892,393,5355.69094247246,5207.313953488372,2,6,False,3,20230131,2,5.0
6893,394,5355.695611285267,5747.123824451411,0,0,False,3,20230131,2,5.0
6894,395,5355.600250626567,6275.4047619047615,1,30,False,3,20230131,2,5.0
6895,396,5355.5,6815.1274509803925,0,6,True,3,20230131,2,5.0
6896,397,5355.597739767868,7351.404703726329,1,13,True,3,20230131,2,5.0
6897,398,5355.6027617212585,7887.404945407836,3,132,False,3,20230131,2,5.0
6898,399,5355.868641532017,8426.757929383602,3,8,False,3,20230131,2,5.0
6899,400,5355.6027617212585,8951.595054592164,2,3,False,3,20230131,2,5.0
6900,401,5355.69094247246,9487.686046511628,3,119,False,3,20230131,2,5.0
6901,402,5355.882352941177,10023.5,2,5,False,3,20230131,2,5.0
6902,403,5355.788685015291,10559.781345565749,4,15,False,3,20230131,2,5.0
6903,404,5355.87298266587,11099.5,0,0,False,3,20230131,2,5.0
6904,405,5355.803536977492,11639.21961414791,0,0,True,3,20230131,2,5.0
6905,406,5355.788685015291,12175.218654434251,5,7,False,3,20230131,2,5.0
6906,407,5355.796110414053,12707.218946047678,5,109,False,3,20230131,2,5.0
6907,408,5355.896238244514,13235.685579937304,2,1,False,3,20230131,2,5.0
6908,409,5355.700375704446,13771.5,3,118,False,3,20230131,2,5.0
6909,410,5355.796110414053,14307.781053952322,1,92,False,3,20230131,2,5.0
6910,411,5355.600125156446,14851.404881101376,4,254,False,3,20230131,2,5.0
6911,412,5355.700375704446,15379.5,4,3,False,3,20230131,2,5.0
6912,413,5355.88630806846,15919.685819070904,2,4,False,3,20230131,2,5.0
6913,414,5355.5,16462.936964504283,3,4,False,3,20230131,2,5.0
6914,415,5355.896238244514,16995.314420062696,0,0,False,3,20230131,2,5.0
6915,416,5355.917713152677,17531.31493721084,3,45,False,3,20230131,2,5.0
6916,417,5355.795739348371,18067.21929824561,2,2,False,3,20230131,2,5.0
6917,418,5355.6027617212585,18599.59505459217,1,7,False,3,20230131,2,5.0
6918,419,5355.700375704446,19139.5,1,0,False,3,20230131,2,5.0
6919,420,5355.968339307049,19675.40442054958,2,23,False,3,20230131,2,5.0
6920,421,5355.600125156446,20211.40488110137,4,111,False,3,20230131,2,5.0
6921,422,5355.795739348371,20755.21929824561,3,5,False,3,20230131,2,5.0
6922,423,5355.700375704446,21283.5,1,87,False,3,20230131,2,5.0
6923,424,5806.541916167665,1199.3179640718563,4,4,False,3,20230131,2,5.0
6924,425,5806.328331332533,1727.2454981992796,1,74,False,3,20230131,2,5.0
6925,426,5806.901257861635,2262.9616352201256,0,4,False,3,20230131,2,5.0
6926,427,5807.019426180514,2799.4067543335327,2,2,False,3,20230131,2,5.0
6927,428,5807.204504504504,3335.262162162162,0,0,False,3,20230131,2,5.0
6928,429,5807.705771643664,3871.5,0,0,False,3,20230131,2,5.0
6929,430,5807.308383233533,4407.317964071856,1,6,False,3,20230131,2,5.0
6930,431,5807.397049591965,4943.407093534212,1,3,False,3,20230131,2,5.0
6931,432,5807.5,5479.136363636364,2,0,True,3,20230131,2,5.0
6932,433,5807.5,6011.5,1,2,True,3,20230131,2,5.0
6933,434,5807.317964071856,6544.223353293413,1,3,False,3,20230131,2,5.0
6934,435,5807.303921568628,7083.318627450981,3,8,True,3,20230131,2,5.0
6935,436,5807.5,7623.136363636364,2,89,False,3,20230131,2,5.0
6936,437,5807.5,8151.5,1,2,False,3,20230131,2,5.0
6937,438,5807.5,8694.951572327043,0,0,False,3,20230131,2,5.0
6938,439,5807.399448191293,9219.956161863887,1,1,False,3,20230131,2,5.0
6939,440,5807.303921568628,9755.68137254902,5,3,False,3,20230131,2,5.0
6940,441,5807.5,10291.863190184047,1,2,False,3,20230131,2,5.0
6941,442,5807.5,10827.863190184047,1,0,False,3,20230131,2,5.0
6942,443,5807.5,11374.602040816326,1,1,False,3,20230131,2,5.0
6943,444,5807.691616766467,11903.317964071855,2,4,False,3,20230131,2,5.0
6944,445,5807.600551808707,12443.043838136113,12,63,False,3,20230131,2,5.0
6945,446,5807.696078431372,12971.68137254902,0,4,True,3,20230131,2,5.0
6946,447,5807.5,13503.863636363636,2,7,False,3,20230131,2,5.0
6947,448,5807.780407429598,14040.130317555422,0,2,True,3,20230131,2,5.0
6948,449,5807.5,14579.5,8,1,True,3,20230131,2,5.0
6949,450,5807.5,15115.5,2,4,False,3,20230131,2,5.0
6950,451,5807.308383233533,15647.682035928145,2,2,True,3,20230131,2,5.0
6951,452,5807.219592570402,16190.869682444578,1,2,False,3,20230131,2,5.0
6952,453,5807.203975535168,16731.225993883792,3,11,False,3,20230131,2,5.0
6953,454,5808.315897136177,17266.518118059616,0,0,False,3,20230131,2,5.0
6954,455,5807.5,17795.5,1,1,False,3,20230131,2,5.0
6955,456,5807.598027495517,18335.04333532576,6,78,False,3,20230131,2,5.0
6956,457,5807.686915887851,18867.317757009347,2,117,False,3,20230131,2,5.0
6957,458,5807.399694189602,19403.59296636085,3,73,False,3,20230131,2,5.0
6958,459,5807.600551808707,19947.04383813612,1,1,False,3,20230131,2,5.0
6959,460,5807.322429906542,20482.59813084112,3,41,True,3,20230131,2,5.0
6960,461,5807.600551808707,21019.04383813612,3,5,False,3,20230131,2,5.0
6961,462,6248.491920447483,929.41671845867,7,22,True,3,20230131,2,5.0
6962,463,6250.684516129032,1463.5,6,10,False,3,20230131,2,5.0
6963,464,6250.062461538461,1999.2710769230769,4,4,False,3,20230131,2,5.0
6964,465,6246.90797940798,2531.5,1,2,False,3,20230131,2,5.0
6965,466,6251.103761755486,3067.6855799373043,2,2,False,3,20230131,2,5.0
6966,467,6251.402379499695,3607.4048200122015,1,4,False,3,20230131,2,5.0
6967,468,6251.30905752754,4135.686046511628,1,1,True,3,20230131,2,5.0
6968,469,6251.788685015291,4679.21865443425,0,0,False,3,20230131,2,5.0
6969,470,6251.882352941177,5207.5,1,0,False,3,20230131,2,5.0
6970,471,6251.600250626567,5747.4047619047615,2,4,False,3,20230131,2,5.0
6971,472,6251.600250626567,6275.595238095239,2,4,False,3,20230131,2,5.0
6972,473,6251.5,6815.1274509803925,1,3,True,3,20230131,2,5.0
6973,474,6251.5,7351.5,0,0,False,3,20230131,2,5.0
6974,475,6251.6027617212585,7887.404945407836,0,0,False,3,20230131,2,5.0
6975,476,6251.773053892216,8426.853293413174,4,52,False,3,20230131,2,5.0
6976,477,6251.5,8951.690231362469,2,3,False,3,20230131,2,5.0
6977,478,6251.5,9487.872549019608,3,109,False,3,20230131,2,5.0
6978,479,6251.5,10023.872549019608,3,74,False,3,20230131,2,5.0
6979,480,6251.69094247246,10559.686046511628,1,106,False,3,20230131,2,5.0
6980,481,6251.87298266587,11099.5,5,41,True,3,20230131,2,5.0
6981,482,6251.6027617212585,11639.404945407836,0,0,True,3,20230131,2,5.0
6982,483,6251.597979179424,12175.032149418248,0,1,False,3,20230131,2,5.0
6983,484,6251.796110414053,12707.218946047678,5,101,False,3,20230131,2,5.0
6984,485,6251.896238244514,13235.685579937304,2,2,True,3,20230131,2,5.0
6985,486,6251.600125156446,13771.595118898624,1,34,True,3,20230131,2,5.0
6986,487,6251.795739348371,14307.780701754386,4,29,True,3,20230131,2,5.0
6987,488,6251.5,14851.309643080776,1,2,True,3,20230131,2,5.0
6988,489,6251.600250626567,15379.40476190476,2,2,False,3,20230131,2,5.0
6989,490,6251.5,15919.5,9,8,False,3,20230131,2,5.0
6990,491,6251.5,16462.389434889436,3,76,False,3,20230131,2,5.0
6991,492,6251.5,16995.30964308078,3,2,False,3,20230131,2,5.0
6992,493,6251.605540897098,17531.405013192612,4,6,False,3,20230131,2,5.0
6993,494,6251.5,18066.93753923415,2,106,False,3,20230131,2,5.0
6994,495,6251.5,18599.5,1,1,False,3,20230131,2,5.0
6995,496,6251.5,19139.30964308078,2,5,False,3,20230131,2,5.0
6996,497,6251.5,19675.12701733413,3,5,False,3,20230131,2,5.0
6997,498,6251.5,20211.30964308078,2,3,False,3,20230131,2,5.0
6998,499,6251.399874843554,20755.40488110137,0,0,False,3,20230131,2,5.0
6999,500,6251.600250626567,21283.404761904763,3,7,False,3,20230131,2,5.0
7000,1,899.004835589942,1464.1473243068988,0,0,False,3,20230131,2,5.5
7001,2,898.7570725707257,2000.5971709717096,2,1,False,3,20230131,2,5.5
7002,3,899.2132075471698,2532.3352201257862,0,0,False,3,20230131,2,5.5
7003,4,899.2132075471698,3068.3352201257862,0,1,False,3,20230131,2,5.5
7004,5,899.4020208205757,3607.967850581752,1,0,False,3,20230131,2,5.5
7005,6,899.2204169221336,4136.33629675046,0,0,False,3,20230131,2,5.5
7006,7,899.4020208205757,4679.967850581751,3,3,False,3,20230131,2,5.5
7007,8,899.7795830778664,5208.33629675046,1,5,False,3,20230131,2,5.5
7008,9,899.6956112852664,5747.876175548589,1,1,False,3,20230131,2,5.5
7009,10,899.204260651629,6275.7807017543855,2,4,False,3,20230131,2,5.5
7010,11,899.8779141104294,6816.241104294479,3,6,False,3,20230131,2,5.5
7011,12,900.0686274509804,7352.053921568628,4,104,False,3,20230131,2,5.5
7012,13,900.3051612903225,7887.866451612903,3,109,False,3,20230131,2,5.5
7013,14,900.6003003003003,8428.206306306307,2,4,False,3,20230131,2,5.5
7014,15,900.0979381443299,8952.051546391753,2,0,False,3,20230131,2,5.5
7015,16,900.2429274292743,9488.59717097171,2,2,False,3,20230131,2,5.5
7016,17,901.4233621755252,10024.187268232386,1,25,False,3,20230131,2,5.5
7017,18,901.0743368291178,10560.657310302282,5,8,False,3,20230131,2,5.5
7018,19,900.5989802039592,11100.224655068989,0,0,False,3,20230131,2,5.5
7019,20,899.7005141388174,11639.690231362469,3,6,False,3,20230131,2,5.5
7020,21,901.428306551298,12176.889369592089,2,5,True,3,20230131,2,5.5
7021,22,900.3805031446541,12707.771698113207,2,8,True,3,20230131,2,5.5
7022,23,900.3564231738035,13236.502518891688,4,10,False,3,20230131,2,5.5
7023,24,899.9824120603015,13772.14824120603,3,4,False,3,20230131,2,5.5
7024,25,900.1607818411097,14308.690416141237,2,14,False,3,20230131,2,5.5
7025,26,899.896238244514,14851.685579937304,0,0,False,3,20230131,2,5.5
7026,27,899.9824120603015,15380.14824120603,0,1,False,3,20230131,2,5.5
7027,28,899.7795830778664,15920.33629675046,1,5,False,3,20230131,2,5.5
7028,29,899.6909424724602,16463.68604651163,1,8,False,3,20230131,2,5.5
7029,30,899.6956112852664,16995.87617554859,3,7,False,3,20230131,2,5.5
7030,31,899.6055408970976,17531.594986807388,0,0,False,3,20230131,2,5.5
7031,32,899.5,18067.5,8,68,True,3,20230131,2,5.5
7032,33,899.5,18599.690231362467,4,30,False,3,20230131,2,5.5
7033,34,899.6002506265664,19139.404761904763,7,105,False,3,20230131,2,5.5
7034,35,900.1467065868263,19675.226946107785,7,12,False,3,20230131,2,5.5
7035,36,900.0925925925926,20211.5,4,72,False,3,20230131,2,5.5
7036,37,900.1842767295598,20754.86603773585,4,100,False,3,20230131,2,5.5
7037,38,903.89588688946,21283.309768637533,4,71,False,3,20230131,2,5.5
7038,39,1342.8345888261142,1199.9695543000628,1,0,False,3,20230131,2,5.5
7039,40,1343.293710691824,1728.4610062893082,0,2,False,3,20230131,2,5.5
7040,41,1343.1967699406723,2263.78740936058,2,0,False,3,20230131,2,5.5
7041,42,1343.2115987460816,2799.7884012539184,1,2,False,3,20230131,2,5.5
7042,43,1343.211959924859,3335.788040075141,1,11,True,3,20230131,2,5.5
7043,44,1343.5,3871.694993412385,0,21,True,3,20230131,2,5.5
7044,45,1343.5,4407.6952440550685,0,0,False,3,20230131,2,5.5
7045,46,1343.5,4943.5,2,7,False,3,20230131,2,5.5
7046,47,1343.5975609756097,5479.59756097561,1,101,False,3,20230131,2,5.5
7047,48,1343.5951768488746,6011.788102893891,6,105,False,3,20230131,2,5.5
7048,49,1343.7790697674418,6544.357322438717,2,1,False,3,20230131,2,5.5
7049,50,1343.7002567394095,7083.5,0,1,False,3,20230131,2,5.5
7050,51,1344.0771643663738,7623.5,1,3,False,3,20230131,2,5.5
7051,52,1343.7884012539184,8151.788401253919,0,0,False,3,20230131,2,5.5
7052,53,1343.705533596838,8695.5,0,0,False,3,20230131,2,5.5
7053,54,1343.6953727506427,9219.885604113111,2,1,False,3,20230131,2,5.5
7054,55,1343.89588688946,9755.690231362469,2,3,False,3,20230131,2,5.5
7055,56,1343.399935856318,10291.597498396408,1,3,False,3,20230131,2,5.5
7056,57,1344.0824742268042,10828.067010309278,4,4,False,3,20230131,2,5.5
7057,58,1344.4319899244333,11374.568010075567,2,0,False,3,20230131,2,5.5
7058,59,1343.8859649122808,11903.690476190475,2,107,False,3,20230131,2,5.5
7059,60,1343.89588688946,12443.309768637531,1,0,False,3,20230131,2,5.5
7060,61,1343.89588688946,12971.690231362469,3,1,False,3,20230131,2,5.5
7061,62,1343.690476190476,13503.88596491228,1,4,False,3,20230131,2,5.5
7062,63,1343.8859649122808,14039.690476190475,7,10,False,3,20230131,2,5.5
7063,64,1343.4044703000611,14579.402020820577,12,95,False,3,20230131,2,5.5
7064,65,1343.6953727506427,15115.885604113111,7,111,False,3,20230131,2,5.5
7065,66,1343.690476190476,15647.88596491228,1,4,False,3,20230131,2,5.5
7066,67,1343.7884012539184,16191.788401253918,6,11,False,3,20230131,2,5.5
7067,68,1343.399935856318,16731.402501603592,6,4,False,3,20230131,2,5.5
7068,69,1343.6865030674846,17267.308588957054,5,6,False,3,20230131,2,5.5
7069,70,1343.5955296999389,17795.98009797918,0,2,False,3,20230131,2,5.5
7070,71,1343.5975609756097,18335.40243902439,11,116,False,3,20230131,2,5.5
7071,72,1343.5,18867.88235294117,7,101,False,3,20230131,2,5.5
7072,73,1343.5,19403.5,2,3,False,3,20230131,2,5.5
7073,74,1343.89588688946,19947.309768637533,4,12,False,3,20230131,2,5.5
7074,75,1344.0539215686274,20482.93137254902,1,82,False,3,20230131,2,5.5
7075,76,1344.1825499034128,21019.03122987765,2,66,False,3,20230131,2,5.5
7076,77,1786.8558696988323,928.6923786109404,1,3,True,3,20230131,2,5.5
7077,78,1786.6937984496124,1464.37338501292,1,3,False,3,20230131,2,5.5
7078,79,1786.9313725490197,2000.053921568628,3,1,False,3,20230131,2,5.5
7079,80,1787.2038895859473,2531.781053952321,1,96,False,3,20230131,2,5.5
7080,81,1786.442065491184,3068.3110831234258,2,1,False,3,20230131,2,5.5
7081,82,1787.970300061237,3608.149112063688,1,1,True,3,20230131,2,5.5
7082,83,1787.5979791794243,4135.967850581751,4,7,True,3,20230131,2,5.5
7083,84,1787.2204169221336,4679.772225628449,3,0,False,3,20230131,2,5.5
7084,85,1787.029699938763,5208.149112063687,2,95,False,3,20230131,2,5.5
7085,86,1787.882149591452,5748.053111250786,0,2,False,3,20230131,2,5.5
7086,87,1787.9753476611884,6276.870417193426,2,1,False,3,20230131,2,5.5
7087,88,1788.0700245700243,6816.055282555282,5,8,False,3,20230131,2,5.5
7088,89,1788.0686274509803,7352.053921568628,3,4,False,3,20230131,2,5.5
7089,90,1787.9066924066924,7887.685328185328,1,0,False,3,20230131,2,5.5
7090,91,1788.4214157168567,8427.5,3,5,False,3,20230131,2,5.5
7091,92,1788.8411003236247,8951.057281553398,9,113,False,3,20230131,2,5.5
7092,93,1788.9590264941469,9488.74460874923,3,1,False,3,20230131,2,5.5
7093,94,1788.5325752919484,10024.31868469576,3,2,False,3,20230131,2,5.5
7094,95,1789.3282890673256,10560.925571340333,0,0,False,3,20230131,2,5.5
7095,96,1788.2420706163973,11099.868641532015,2,3,False,3,20230131,2,5.5
7096,97,1788.1082474226805,11639.5,0,1,False,3,20230131,2,5.5
7097,98,1788.8382533825338,12175.657441574416,2,3,False,3,20230131,2,5.5
7098,99,1788.3636363636365,13236.671717171715,2,1,False,3,20230131,2,5.5
7099,100,1788.083280955374,13772.053111250783,0,0,False,3,20230131,2,5.5
7100,101,1788.26214511041,14308.5952681388,3,1,False,3,20230131,2,5.5
7101,102,1788.0925925925926,14851.5,3,1,False,3,20230131,2,5.5
7102,103,1787.887665198238,15380.240088105727,1,0,False,3,20230131,2,5.5
7103,104,1787.8779141104294,15920.24110429448,9,89,False,3,20230131,2,5.5
7104,105,1787.7886850152904,16463.409480122325,0,0,False,3,20230131,2,5.5
7105,106,1787.795739348371,16995.780701754386,4,122,False,3,20230131,2,5.5
7106,107,1787.9177131526767,17531.68506278916,5,20,False,3,20230131,2,5.5
7107,108,1787.7003757044458,18067.5,3,4,True,3,20230131,2,5.5
7108,109,1787.6027617212587,18599.59505459217,5,5,True,3,20230131,2,5.5
7109,110,1787.896238244514,19139.314420062696,1,3,False,3,20230131,2,5.5
7110,111,1788.4214157168567,19675.5,1,2,False,3,20230131,2,5.5
7111,112,1788.0925925925926,20211.5,2,6,False,3,20230131,2,5.5
7112,113,1788.083280955374,20754.94688874921,2,6,False,3,20230131,2,5.5
7113,114,1788.294468887492,21283.5,2,102,False,3,20230131,2,5.5
7114,115,1791.89588688946,12707.309768637531,1,1,False,3,20230131,2,5.5
7115,116,2231.304755944931,1199.5,1,1,True,3,20230131,2,5.5
7116,117,2231.6907151819323,1727.8764115432873,3,4,False,3,20230131,2,5.5
7117,118,2231.5,2263.5,1,2,False,3,20230131,2,5.5
7118,119,2231.5,2799.5,4,1,False,3,20230131,2,5.5
7119,120,2231.5,3335.5,1,2,False,3,20230131,2,5.5
7120,121,2231.5,3871.5,2,15,True,3,20230131,2,5.5
7121,122,2231.695244055069,4407.5,3,6,True,3,20230131,2,5.5
7122,123,2231.5,4943.5,2,3,False,3,20230131,2,5.5
7123,124,2231.5,5479.5,1,5,False,3,20230131,2,5.5
7124,125,2231.6000641436817,6011.402501603592,1,0,False,3,20230131,2,5.5
7125,126,2231.690476190476,6543.8859649122805,1,2,False,3,20230131,2,5.5
7126,127,2231.89588688946,7083.690231362468,0,3,False,3,20230131,2,5.5
7127,128,2232.077164366374,7623.5,3,1,False,3,20230131,2,5.5
7128,129,2231.8859649122805,8151.690476190476,6,7,False,3,20230131,2,5.5
7129,130,2232.1076618229854,8695.5,7,19,False,3,20230131,2,5.5
7130,131,2231.79543994862,9219.787732819525,2,4,False,3,20230131,2,5.5
7131,132,2232.182549903413,9755.968770122345,1,0,False,3,20230131,2,5.5
7132,133,2232.182549903413,10291.968770122345,0,0,False,3,20230131,2,5.5
7133,134,2232.082474226804,10828.067010309278,0,0,False,3,20230131,2,5.5
7134,135,2231.6902377972465,11375.304755944931,1,0,False,3,20230131,2,5.5
7135,136,2232.165411173886,11903.969554300063,4,117,False,3,20230131,2,5.5
7136,137,2231.7002567394097,12443.5,0,0,False,3,20230131,2,5.5
7137,138,2232.0817245817248,12972.06628056628,1,2,False,3,20230131,2,5.5
7138,139,2232.3332284455632,13504.529578351165,5,5,False,3,20230131,2,5.5
7139,140,2232.3332284455632,14040.529578351165,3,5,False,3,20230131,2,5.5
7140,141,2232.241104294478,14579.87791411043,5,110,False,3,20230131,2,5.5
7141,142,2232.0817245817248,15116.06628056628,4,2,False,3,20230131,2,5.5
7142,143,2231.9695543000626,15648.165411173886,1,0,False,3,20230131,2,5.5
7143,144,2231.8859649122805,16191.690476190475,8,6,False,3,20230131,2,5.5
7144,145,2231.7002567394097,16731.5,1,0,False,3,20230131,2,5.5
7145,146,2232.241104294478,17267.681595092025,4,127,False,3,20230131,2,5.5
7146,147,2232.053921568628,17796.06862745098,0,0,False,3,20230131,2,5.5
7147,148,2231.8859649122805,18335.69047619048,6,122,False,3,20230131,2,5.5
7148,149,2232.33629675046,18867.220416922133,0,0,False,3,20230131,2,5.5
7149,150,2231.79543994862,19403.787732819525,2,2,False,3,20230131,2,5.5
7150,151,2231.89588688946,19947.309768637533,0,0,False,3,20230131,2,5.5
7151,152,2232.33629675046,20483.220416922133,0,1,False,3,20230131,2,5.5
7152,153,2231.89588688946,21019.309768637533,3,8,False,3,20230131,2,5.5
7153,154,2674.93137254902,928.0539215686274,2,1,False,3,20230131,2,5.5
7154,155,2677.859493670886,1462.4012658227848,2,40,False,3,20230131,2,5.5
7155,156,2675.406919779547,1999.776791181874,2,1,False,3,20230131,2,5.5
7156,157,2674.90666247643,2531.489943431804,1,0,False,3,20230131,2,5.5
7157,158,2675.1173694147265,3068.04877281309,0,0,False,3,20230131,2,5.5
7158,159,2674.6416309012875,3607.7722256284487,1,1,False,3,20230131,2,5.5
7159,160,2678.221252257676,4135.150812763395,0,0,False,3,20230131,2,5.5
7160,161,2679.5,4679.5,1,1,False,3,20230131,2,5.5
7161,162,2678.2738452309536,5208.111877624475,2,1,False,3,20230131,2,5.5
7162,163,2679.5,5747.5,3,8,False,3,20230131,2,5.5
7163,164,2680.4987699877,6275.849323493235,3,8,False,3,20230131,2,5.5
7164,165,2679.882775119617,6815.5,1,1,False,3,20230131,2,5.5
7165,166,2680.2616766467067,7351.859281437126,1,0,False,3,20230131,2,5.5
7166,167,2680.236225087925,8427.317116060962,4,107,False,3,20230131,2,5.5
7167,168,2679.907035175879,8951.680904522613,1,1,False,3,20230131,2,5.5
7168,169,2679.211389385808,9487.774299344066,1,1,False,3,20230131,2,5.5
7169,170,2680.0693779904304,10024.04066985646,2,1,False,3,20230131,2,5.5
7170,171,2681.5253470126736,10560.709414604707,2,89,False,3,20230131,2,5.5
7171,172,2680.147574517826,11099.766510812393,0,0,False,3,20230131,2,5.5
7172,173,2680.1638705811865,12175.766027561414,5,75,False,3,20230131,2,5.5
7173,174,2680.093137254902,12707.5,0,0,False,3,20230131,2,5.5
7174,175,2680.0840490797545,13236.039877300613,2,3,False,3,20230131,2,5.5
7175,176,2679.796024464832,13771.774006116208,2,1,False,3,20230131,2,5.5
7176,177,2680.459409594096,14308.385608856088,0,1,False,3,20230131,2,5.5
7177,178,2679.896572827417,14851.681150550796,2,5,False,3,20230131,2,5.5
7178,179,2680.0840490797545,15380.039877300613,7,100,False,3,20230131,2,5.5
7179,180,2680.0693779904304,15920.04066985646,2,79,False,3,20230131,2,5.5
7180,181,2679.980573819486,16463.406754333533,5,12,False,3,20230131,2,5.5
7181,182,2679.896572827417,16995.681150550794,0,0,False,3,20230131,2,5.5
7182,183,2679.605602060528,17531.592723760463,4,8,False,3,20230131,2,5.5
7183,184,2679.9935543278084,18067.58348680172,0,1,False,3,20230131,2,5.5
7184,185,2679.80923947203,18599.42206159648,0,7,False,3,20230131,2,5.5
7185,186,2680.1876155268023,19139.214109673445,1,2,False,3,20230131,2,5.5
7186,187,2680.4227166276346,19675.5,3,79,False,3,20230131,2,5.5
7187,188,2679.700488997555,20211.5,5,2,False,3,20230131,2,5.5
7188,189,2679.7963870177587,20755.22565829761,1,1,False,3,20230131,2,5.5
7189,190,2680.093137254902,21283.5,2,7,False,3,20230131,2,5.5
7190,191,2683.602761721259,7887.595054592164,2,3,False,3,20230131,2,5.5
7191,192,2683.9025806451614,11639.5,0,0,False,3,20230131,2,5.5
7192,193,3130.359950859951,1199.5,0,14,False,3,20230131,2,5.5
7193,194,3125.668888888889,1728.9653968253967,2,3,False,3,20230131,2,5.5
7194,195,3131.397238278741,2263.5950545921646,3,88,False,3,20230131,2,5.5
7195,196,3127.2105097545627,2799.7794210195093,4,3,False,3,20230131,2,5.5
7196,197,3129.775092936803,3336.6995043370507,2,36,True,3,20230131,2,5.5
7197,198,3131.397238278741,3871.5950545921646,0,1,True,3,20230131,2,5.5
7198,199,3130.726600985221,4406.869458128079,5,4,True,3,20230131,2,5.5
7199,200,3130.9945196647323,4943.595422308188,3,5,False,3,20230131,2,5.5
7200,201,3131.402260232132,5479.404703726329,1,1,False,3,20230131,2,5.5
7201,202,3131.203889585948,6011.781053952322,6,12,False,3,20230131,2,5.5
7202,203,3131.1220858895704,6544.241104294479,2,11,False,3,20230131,2,5.5
7203,204,3131.6001251564458,7083.595118898624,3,2,False,3,20230131,2,5.5
7204,205,3131.5,7623.127450980392,0,121,False,3,20230131,2,5.5
7205,206,3131.5,8151.872549019607,1,2,False,3,20230131,2,5.5
7206,207,3131.5,8695.309768637531,4,5,False,3,20230131,2,5.5
7207,208,3131.6956112852663,9219.876175548588,4,2,False,3,20230131,2,5.5
7208,209,3131.7961104140527,9755.781053952322,0,0,False,3,20230131,2,5.5
7209,210,3131.7961104140527,10291.781053952322,7,100,False,3,20230131,2,5.5
7210,211,3131.5,10828.06246076585,2,2,False,3,20230131,2,5.5
7211,212,3131.779926335175,11374.854205033764,0,0,False,3,20230131,2,5.5
7212,213,3131.6909424724604,11903.686046511628,0,0,False,3,20230131,2,5.5
7213,214,3131.6002506265663,12443.40476190476,0,0,False,3,20230131,2,5.5
7214,215,3131.7961104140527,12971.781053952322,1,2,False,3,20230131,2,5.5
7215,216,3131.7795830778664,13504.33629675046,3,91,False,3,20230131,2,5.5
7216,217,3131.7795830778664,14040.33629675046,9,18,False,3,20230131,2,5.5
7217,218,3131.960431654676,14579.960431654676,2,2,False,3,20230131,2,5.5
7218,219,3131.6956112852663,15115.876175548588,4,95,False,3,20230131,2,5.5
7219,220,3131.5,15648.063035495716,2,0,False,3,20230131,2,5.5
7220,221,3131.8823529411766,16191.5,0,1,True,3,20230131,2,5.5
7221,222,3131.5,16731.30964308078,1,2,False,3,20230131,2,5.5
7222,223,3131.6862686567165,17267.313731343285,5,1,False,3,20230131,2,5.5
7223,224,3131.313953488372,17795.68604651163,3,87,False,3,20230131,2,5.5
7224,225,3131.6909424724604,18335.31395348837,2,3,False,3,20230131,2,5.5
7225,226,3131.68671454219,18867.68671454219,4,1,True,3,20230131,2,5.5
7226,227,3131.700375704446,19403.5,2,4,True,3,20230131,2,5.5
7227,228,3131.5,19947.5,4,110,False,3,20230131,2,5.5
7228,229,3131.782634730539,20482.661676646705,1,5,False,3,20230131,2,5.5
7229,230,3131.7961104140527,21019.21894604768,3,0,False,3,20230131,2,5.5
7230,231,3570.6416309012875,927.7722256284488,2,2,True,3,20230131,2,5.5
7231,232,3571.5,1463.5,3,6,True,3,20230131,2,5.5
7232,233,3569.9433497536947,2000.5147783251232,2,5,False,3,20230131,2,5.5
7233,234,3571.3043887147337,2531.1238244514107,0,0,False,3,20230131,2,5.5
7234,235,3571.8962382445143,3067.6855799373043,3,19,True,3,20230131,2,5.5
7235,236,3571.5,3607.309523809524,3,1,False,3,20230131,2,5.5
7236,237,3571.597620500305,4135.595179987798,0,0,False,3,20230131,2,5.5
7237,238,3571.5,4679.5,0,0,False,3,20230131,2,5.5
7238,239,3571.88630806846,5207.6858190709045,3,140,False,3,20230131,2,5.5
7239,240,3571.7961104140527,5747.590338770389,1,0,False,3,20230131,2,5.5
7240,241,3571.8962382445143,6275.314420062696,3,110,False,3,20230131,2,5.5
7241,242,3571.69536019536,6815.5,1,0,False,3,20230131,2,5.5
7242,243,3572.166258420086,7351.041947336191,0,0,False,3,20230131,2,5.5
7243,244,3571.7056555269924,7887.5,1,1,False,3,20230131,2,5.5
7244,245,3572.5167865707435,8427.404076738609,0,2,False,3,20230131,2,5.5
7245,246,3571.9066924066924,8951.685328185327,2,117,False,3,20230131,2,5.5
7246,247,3572.260736196319,9487.86809815951,1,0,False,3,20230131,2,5.5
7247,248,3572.260736196319,10023.86809815951,2,3,False,3,20230131,2,5.5
7248,249,3572.0686274509803,10560.053921568628,2,0,False,3,20230131,2,5.5
7249,250,3574.511180124224,11097.66645962733,2,3,False,3,20230131,2,5.5
7250,251,3572.00998068255,11639.404700579524,0,0,False,3,20230131,2,5.5
7251,252,3572.3583690987125,12175.227774371551,1,0,False,3,20230131,2,5.5
7252,253,3572.0925925925926,12707.5,3,116,False,3,20230131,2,5.5
7253,254,3572.0825486503454,13236.052416823602,8,107,False,3,20230131,2,5.5
7254,255,3571.8962382445143,13771.685579937304,1,1,False,3,20230131,2,5.5
7255,256,3572.183417085427,14307.957286432162,5,98,False,3,20230131,2,5.5
7256,257,3571.700375704446,14851.5,2,2,False,3,20230131,2,5.5
7257,258,3572.183417085427,15379.957286432162,0,3,False,3,20230131,2,5.5
7258,259,3572.3583690987125,15919.772225628449,0,0,False,3,20230131,2,5.5
7259,260,3571.88630806846,16463.314180929094,3,1,False,3,20230131,2,5.5
7260,261,3572.0925925925926,16995.5,0,0,False,3,20230131,2,5.5
7261,262,3571.6055408970974,17531.594986807388,1,0,False,3,20230131,2,5.5
7262,263,3571.6001251564458,18067.40488110137,2,1,False,3,20230131,2,5.5
7263,264,3571.602761721259,18599.59505459217,1,0,False,3,20230131,2,5.5
7264,265,3572.0925925925926,19139.5,0,0,False,3,20230131,2,5.5
7265,266,3572.5167865707435,19675.59592326139,0,0,False,3,20230131,2,5.5
7266,267,3572.0925925925926,20211.5,3,103,False,3,20230131,2,5.5
7267,268,3572.183417085427,20755.04271356784,2,54,False,3,20230131,2,5.5
7268,269,3572.0925925925926,21283.5,4,8,False,3,20230131,2,5.5
7269,270,4023.1235884567127,1199.1135508155585,0,7,True,3,20230131,2,5.5
7270,271,4023.4024390243903,1727.5975609756097,0,94,False,3,20230131,2,5.5
7271,272,4023.5,2263.5,1,99,False,3,20230131,2,5.5
7272,273,4023.5,2799.304755944931,1,1,False,3,20230131,2,5.5
7273,274,4023.22057898049,3335.7794210195093,2,1,False,3,20230131,2,5.5
7274,275,4023.6026991441736,3871.597432521396,0,0,False,3,20230131,2,5.5
7275,276,4023.6911949685536,4407.308805031446,3,7,False,3,20230131,2,5.5
7276,277,4023.3973008558255,4943.597432521396,3,8,False,3,20230131,2,5.5
7277,278,4023.690476190476,5479.11403508772,2,5,False,3,20230131,2,5.5
7278,279,4023.6000641436817,6011.597498396408,1,1,False,3,20230131,2,5.5
7279,280,4023.690476190476,6543.8859649122805,0,0,False,3,20230131,2,5.5
7280,281,4023.7002567394097,7083.5,1,1,False,3,20230131,2,5.5
7281,282,4023.7884012539184,7623.211598746081,1,0,False,3,20230131,2,5.5
7282,283,4023.885964912281,8151.690476190476,2,1,False,3,20230131,2,5.5
7283,284,4023.6026991441736,8695.402567478604,0,0,False,3,20230131,2,5.5
7284,285,4023.7954399486193,9219.787732819525,1,6,False,3,20230131,2,5.5
7285,286,4023.89588688946,9755.690231362469,1,0,False,3,20230131,2,5.5
7286,287,4023.89588688946,10291.690231362469,1,0,False,3,20230131,2,5.5
7287,288,4023.6953727506425,10827.885604113111,3,5,False,3,20230131,2,5.5
7288,289,4023.7884012539184,11375.211598746082,2,0,False,3,20230131,2,5.5
7289,290,4023.885964912281,11903.690476190475,3,7,False,3,20230131,2,5.5
7290,291,4023.7002567394097,12443.5,0,0,False,3,20230131,2,5.5
7291,292,4023.7954399486193,12971.787732819525,5,3,False,3,20230131,2,5.5
7292,293,4023.969554300063,13504.165411173886,3,4,False,3,20230131,2,5.5
7293,294,4023.885964912281,14039.690476190475,2,5,False,3,20230131,2,5.5
7294,295,4023.87652811736,14579.690709046456,1,0,False,3,20230131,2,5.5
7295,296,4023.7954399486193,15115.787732819525,4,7,False,3,20230131,2,5.5
7296,297,4023.5975609756097,15647.40243902439,2,40,False,3,20230131,2,5.5
7297,298,4023.5,16191.5,3,3,False,3,20230131,2,5.5
7298,299,4023.6000641436817,16731.402501603592,0,0,False,3,20230131,2,5.5
7299,300,4023.4048200122015,17267.402379499694,1,1,False,3,20230131,2,5.5
7300,301,4024.053921568628,17796.06862745098,4,9,False,3,20230131,2,5.5
7301,302,4023.695244055069,18335.5,1,4,False,3,20230131,2,5.5
7302,303,4023.5,18867.5,1,1,False,3,20230131,2,5.5
7303,304,4023.6000641436817,19403.597498396408,2,4,False,3,20230131,2,5.5
7304,305,4023.89588688946,19947.309768637533,7,54,False,3,20230131,2,5.5
7305,306,4023.314180929096,20483.11369193154,4,1,False,3,20230131,2,5.5
7306,307,4023.6000641436817,21019.402501603592,3,3,True,3,20230131,2,5.5
7307,308,4467.308588957055,927.6865030674846,2,12,False,3,20230131,2,5.5
7308,309,4467.6027617212585,1463.5950545921644,2,4,False,3,20230131,2,5.5
7309,310,4467.69094247246,1999.686046511628,1,1,False,3,20230131,2,5.5
7310,311,4467.5,2531.5,0,0,False,3,20230131,2,5.5
7311,312,4467.103264281231,3067.133396107972,2,4,False,3,20230131,2,5.5
7312,313,4467.597620500305,3607.5951799877976,2,2,False,3,20230131,2,5.5
7313,314,4468.0700245700245,4135.490171990172,2,1,False,3,20230131,2,5.5
7314,315,4467.790461538461,4678.6704615384615,1,0,False,3,20230131,2,5.5
7315,316,4467.220416922134,5207.772225628449,0,0,False,3,20230131,2,5.5
7316,317,4467.600250626567,5747.4047619047615,0,0,False,3,20230131,2,5.5
7317,318,4467.695611285267,6275.876175548589,2,8,False,3,20230131,2,5.5
7318,319,4468.067931456549,6814.9467564259485,4,3,False,3,20230131,2,5.5
7319,320,4467.69094247246,7351.686046511628,0,0,False,3,20230131,2,5.5
7320,321,4467.705655526992,7887.5,5,2,False,3,20230131,2,5.5
7321,322,4467.9604316546765,8427.039568345324,0,5,False,3,20230131,2,5.5
7322,323,4467.803536977492,8951.78038585209,2,5,False,3,20230131,2,5.5
7323,324,4467.779926335175,9488.145794966236,2,130,False,3,20230131,2,5.5
7324,325,4467.970876762723,10023.958614347026,2,57,False,3,20230131,2,5.5
7325,326,4467.779926335175,10560.145794966236,3,2,False,3,20230131,2,5.5
7326,327,4467.773709483794,11099.773709483794,4,8,False,3,20230131,2,5.5
7327,328,4467.705655526992,11639.5,1,6,False,3,20230131,2,5.5
7328,329,4467.691411042945,12175.313496932517,3,2,False,3,20230131,2,5.5
7329,330,4467.992462311558,12707.404522613066,1,1,False,3,20230131,2,5.5
7330,331,4467.982412060302,13236.14824120603,0,0,False,3,20230131,2,5.5
7331,332,4467.695611285267,13771.876175548588,1,2,False,3,20230131,2,5.5
7332,333,4467.78679245283,14308.335220125786,2,0,False,3,20230131,2,5.5
7333,334,4467.700375704446,14851.5,3,24,False,3,20230131,2,5.5
7334,335,4467.695611285267,15379.876175548588,1,2,False,3,20230131,2,5.5
7335,336,4467.69094247246,15919.686046511628,1,106,False,3,20230131,2,5.5
7336,337,4467.597979179424,16463.03214941825,0,0,False,3,20230131,2,5.5
7337,338,4467.796110414053,16995.590338770387,2,4,False,3,20230131,2,5.5
7338,339,4467.812169312169,17531.589947089946,1,2,False,3,20230131,2,5.5
7339,340,4467.304143126177,18067.314187068423,1,1,False,3,20230131,2,5.5
7340,341,4467.6027617212585,18599.59505459217,3,109,False,3,20230131,2,5.5
7341,342,4467.992462311558,19139.59547738693,0,0,False,3,20230131,2,5.5
7342,343,4467.9604316546765,19675.586330935253,2,1,False,3,20230131,2,5.5
7343,344,4467.992462311558,20211.404522613066,2,4,False,3,20230131,2,5.5
7344,345,4467.695611285267,20755.87617554859,3,5,False,3,20230131,2,5.5
7345,346,4467.600250626567,21283.404761904763,3,91,False,3,20230131,2,5.5
7346,347,4910.279048765804,1198.8762793497892,1,4,True,3,20230131,2,5.5
7347,348,4909.975961538462,1726.3557692307693,1,0,False,3,20230131,2,5.5
7348,349,4911.294228356336,2263.5,2,5,False,3,20230131,2,5.5
7349,350,4910.738323353294,2799.859281437126,0,0,False,3,20230131,2,5.5
7350,351,4910.551497005988,3335.32754491018,1,23,False,3,20230131,2,5.5
7351,352,4911.092964824121,3871.680904522613,5,110,False,3,20230131,2,5.5
7352,353,4911.308383233533,4407.317964071856,1,3,False,3,20230131,2,5.5
7353,354,4911.298994974874,4943.133165829146,1,7,False,3,20230131,2,5.5
7354,355,4911.308841099164,5479.318399044206,2,2,False,3,20230131,2,5.5
7355,356,4911.696078431372,6011.318627450981,8,138,False,3,20230131,2,5.5
7356,357,4911.308383233533,6543.682035928144,0,2,False,3,20230131,2,5.5
7357,358,4911.796387017759,7083.225658297612,3,17,False,3,20230131,2,5.5
7358,359,4912.070743405276,7622.958033573142,1,2,False,3,20230131,2,5.5
7359,360,4911.5,8151.5,0,1,False,3,20230131,2,5.5
7360,361,4911.5,8694.951572327043,0,0,False,3,20230131,2,5.5
7361,362,4911.696078431372,9219.68137254902,2,1,False,3,20230131,2,5.5
7362,363,4911.69656019656,9755.681818181818,4,109,False,3,20230131,2,5.5
7363,364,4911.5,10291.863190184047,3,2,False,3,20230131,2,5.5
7364,365,4911.5,10827.863190184047,4,1,False,3,20230131,2,5.5
7365,366,4911.5,11374.602040816326,4,12,False,3,20230131,2,5.5
7366,367,4911.780407429598,11902.869682444578,6,5,False,3,20230131,2,5.5
7367,368,4911.600551808707,12443.043838136113,0,1,False,3,20230131,2,5.5
7368,369,4911.696078431372,12971.68137254902,2,0,False,3,20230131,2,5.5
7369,370,4911.780407429598,13504.130317555422,0,0,False,3,20230131,2,5.5
7370,371,4911.780407429598,14040.130317555422,6,47,False,3,20230131,2,5.5
7371,372,4911.774165202109,14579.232864674868,6,127,False,3,20230131,2,5.5
7372,373,4911.696078431372,15115.68137254902,0,3,False,3,20230131,2,5.5
7373,374,4911.780407429598,15648.130317555422,5,118,False,3,20230131,2,5.5
7374,375,4911.5,16191.136363636364,4,6,False,3,20230131,2,5.5
7375,376,4911.5,16731.5,1,1,False,3,20230131,2,5.5
7376,377,4911.869158878505,17266.77570093458,2,2,False,3,20230131,2,5.5
7377,378,4911.877182770663,17795.681606519207,4,11,False,3,20230131,2,5.5
7378,379,4912.261676646706,18335.32754491018,2,112,False,3,20230131,2,5.5
7379,380,4912.056725146199,18867.49064327485,1,4,False,3,20230131,2,5.5
7380,381,4911.696078431372,19403.68137254902,2,33,False,3,20230131,2,5.5
7381,382,4911.796387017759,19947.22565829761,0,1,False,3,20230131,2,5.5
7382,383,4911.961088355763,20483.050614394386,3,7,False,3,20230131,2,5.5
7383,384,4911.888206388207,21018.77764127764,7,122,False,3,20230131,2,5.5
7384,385,5354.359950859951,927.5,0,5,True,3,20230131,2,5.5
7385,386,5355.3972382787415,1463.4049454078356,1,6,True,3,20230131,2,5.5
7386,387,5354.355036855037,1999.8341523341523,2,69,False,3,20230131,2,5.5
7387,388,5355.103761755486,2531.314420062696,0,0,False,3,20230131,2,5.5
7388,389,5355.299624295554,3067.5,1,3,False,3,20230131,2,5.5
7389,390,5355.5,3607.309523809524,2,0,False,3,20230131,2,5.5
7390,391,5355.5,4135.5,2,4,False,3,20230131,2,5.5
7391,392,5355.87791411043,4678.758895705521,0,1,False,3,20230131,2,5.5
7392,393,5355.69094247246,5207.313953488372,0,0,False,3,20230131,2,5.5
7393,394,5355.695611285267,5747.123824451411,3,12,False,3,20230131,2,5.5
7394,395,5355.600250626567,6275.4047619047615,2,3,False,3,20230131,2,5.5
7395,396,5355.5,6815.1274509803925,0,0,False,3,20230131,2,5.5
7396,397,5355.597739767868,7351.404703726329,1,3,False,3,20230131,2,5.5
7397,398,5355.6027617212585,7887.404945407836,2,1,False,3,20230131,2,5.5
7398,399,5355.868641532017,8426.757929383602,1,0,False,3,20230131,2,5.5
7399,400,5355.6027617212585,8951.595054592164,2,2,True,3,20230131,2,5.5
7400,401,5355.69094247246,9487.686046511628,2,6,True,3,20230131,2,5.5
7401,402,5355.882352941177,10023.5,1,3,False,3,20230131,2,5.5
7402,403,5355.788685015291,10559.781345565749,3,2,False,3,20230131,2,5.5
7403,404,5355.87298266587,11099.5,0,1,False,3,20230131,2,5.5
7404,405,5355.803536977492,11639.21961414791,2,44,False,3,20230131,2,5.5
7405,406,5355.788685015291,12175.218654434251,3,1,False,3,20230131,2,5.5
7406,407,5355.796110414053,12707.218946047678,3,3,False,3,20230131,2,5.5
7407,408,5355.896238244514,13235.685579937304,4,5,False,3,20230131,2,5.5
7408,409,5355.700375704446,13771.5,1,1,False,3,20230131,2,5.5
7409,410,5355.796110414053,14307.781053952322,1,2,False,3,20230131,2,5.5
7410,411,5355.600125156446,14851.404881101376,3,3,False,3,20230131,2,5.5
7411,412,5355.700375704446,15379.5,1,1,False,3,20230131,2,5.5
7412,413,5355.88630806846,15919.685819070904,1,9,False,3,20230131,2,5.5
7413,414,5355.5,16462.936964504283,4,113,False,3,20230131,2,5.5
7414,415,5355.896238244514,16995.314420062696,1,1,False,3,20230131,2,5.5
7415,416,5355.917713152677,17531.31493721084,2,6,False,3,20230131,2,5.5
7416,417,5355.795739348371,18067.21929824561,1,0,False,3,20230131,2,5.5
7417,418,5355.6027617212585,18599.59505459217,2,1,False,3,20230131,2,5.5
7418,419,5355.700375704446,19139.5,0,0,False,3,20230131,2,5.5
7419,420,5355.968339307049,19675.40442054958,3,1,False,3,20230131,2,5.5
7420,421,5355.600125156446,20211.40488110137,1,0,False,3,20230131,2,5.5
7421,422,5355.795739348371,20755.21929824561,2,104,False,3,20230131,2,5.5
7422,423,5355.700375704446,21283.5,4,12,False,3,20230131,2,5.5
7423,424,5806.541916167665,1199.3179640718563,2,4,False,3,20230131,2,5.5
7424,425,5806.328331332533,1727.2454981992796,0,0,False,3,20230131,2,5.5
7425,426,5806.901257861635,2262.9616352201256,2,4,False,3,20230131,2,5.5
7426,427,5807.019426180514,2799.4067543335327,2,4,False,3,20230131,2,5.5
7427,428,5807.204504504504,3335.262162162162,5,14,False,3,20230131,2,5.5
7428,429,5807.705771643664,3871.5,1,3,False,3,20230131,2,5.5
7429,430,5807.308383233533,4407.317964071856,2,3,False,3,20230131,2,5.5
7430,431,5807.397049591965,4943.407093534212,1,3,False,3,20230131,2,5.5
7431,432,5807.5,5479.136363636364,2,1,False,3,20230131,2,5.5
7432,433,5807.5,6011.5,1,0,False,3,20230131,2,5.5
7433,434,5807.317964071856,6544.223353293413,2,1,False,3,20230131,2,5.5
7434,435,5807.303921568628,7083.318627450981,0,17,False,3,20230131,2,5.5
7435,436,5807.5,7623.136363636364,1,8,False,3,20230131,2,5.5
7436,437,5807.5,8151.5,0,0,False,3,20230131,2,5.5
7437,438,5807.5,8694.951572327043,0,1,False,3,20230131,2,5.5
7438,439,5807.399448191293,9219.956161863887,1,4,False,3,20230131,2,5.5
7439,440,5807.303921568628,9755.68137254902,0,0,False,3,20230131,2,5.5
7440,441,5807.5,10291.863190184047,5,114,False,3,20230131,2,5.5
7441,442,5807.5,10827.863190184047,0,0,False,3,20230131,2,5.5
7442,443,5807.5,11374.602040816326,4,4,False,3,20230131,2,5.5
7443,444,5807.691616766467,11903.317964071855,4,156,False,3,20230131,2,5.5
7444,445,5807.600551808707,12443.043838136113,1,28,False,3,20230131,2,5.5
7445,446,5807.696078431372,12971.68137254902,0,0,False,3,20230131,2,5.5
7446,447,5807.5,13503.863636363636,2,7,False,3,20230131,2,5.5
7447,448,5807.780407429598,14040.130317555422,1,55,False,3,20230131,2,5.5
7448,449,5807.5,14579.5,6,91,False,3,20230131,2,5.5
7449,450,5807.5,15115.5,5,7,False,3,20230131,2,5.5
7450,451,5807.308383233533,15647.682035928145,2,1,False,3,20230131,2,5.5
7451,452,5807.219592570402,16190.869682444578,3,12,False,3,20230131,2,5.5
7452,453,5807.203975535168,16731.225993883792,2,4,False,3,20230131,2,5.5
7453,454,5808.315897136177,17266.518118059616,0,0,False,3,20230131,2,5.5
7454,455,5807.5,17795.5,0,0,False,3,20230131,2,5.5
7455,456,5807.598027495517,18335.04333532576,2,2,False,3,20230131,2,5.5
7456,457,5807.686915887851,18867.317757009347,3,17,False,3,20230131,2,5.5
7457,458,5807.399694189602,19403.59296636085,2,2,False,3,20230131,2,5.5
7458,459,5807.600551808707,19947.04383813612,2,83,False,3,20230131,2,5.5
7459,460,5807.322429906542,20482.59813084112,2,5,False,3,20230131,2,5.5
7460,461,5807.600551808707,21019.04383813612,2,6,False,3,20230131,2,5.5
7461,462,6248.491920447483,929.41671845867,0,1,False,3,20230131,2,5.5
7462,463,6250.684516129032,1463.5,0,0,False,3,20230131,2,5.5
7463,464,6250.062461538461,1999.2710769230769,1,0,False,3,20230131,2,5.5
7464,465,6246.90797940798,2531.5,2,0,True,3,20230131,2,5.5
7465,466,6251.103761755486,3067.6855799373043,2,5,True,3,20230131,2,5.5
7466,467,6251.402379499695,3607.4048200122015,0,0,False,3,20230131,2,5.5
7467,468,6251.30905752754,4135.686046511628,2,1,False,3,20230131,2,5.5
7468,469,6251.788685015291,4679.21865443425,1,0,False,3,20230131,2,5.5
7469,470,6251.882352941177,5207.5,0,14,False,3,20230131,2,5.5
7470,471,6251.600250626567,5747.4047619047615,1,3,False,3,20230131,2,5.5
7471,472,6251.600250626567,6275.595238095239,0,2,False,3,20230131,2,5.5
7472,473,6251.5,6815.1274509803925,1,1,False,3,20230131,2,5.5
7473,474,6251.5,7351.5,2,2,False,3,20230131,2,5.5
7474,475,6251.6027617212585,7887.404945407836,3,4,False,3,20230131,2,5.5
7475,476,6251.773053892216,8426.853293413174,1,0,False,3,20230131,2,5.5
7476,477,6251.5,8951.690231362469,1,3,False,3,20230131,2,5.5
7477,478,6251.5,9487.872549019608,1,1,False,3,20230131,2,5.5
7478,479,6251.5,10023.872549019608,2,9,False,3,20230131,2,5.5
7479,480,6251.69094247246,10559.686046511628,2,5,False,3,20230131,2,5.5
7480,481,6251.87298266587,11099.5,3,5,False,3,20230131,2,5.5
7481,482,6251.6027617212585,11639.404945407836,1,7,False,3,20230131,2,5.5
7482,483,6251.597979179424,12175.032149418248,0,0,True,3,20230131,2,5.5
7483,484,6251.796110414053,12707.218946047678,2,103,False,3,20230131,2,5.5
7484,485,6251.896238244514,13235.685579937304,4,6,False,3,20230131,2,5.5
7485,486,6251.600125156446,13771.595118898624,2,2,False,3,20230131,2,5.5
7486,487,6251.795739348371,14307.780701754386,1,6,False,3,20230131,2,5.5
7487,488,6251.5,14851.309643080776,1,12,False,3,20230131,2,5.5
7488,489,6251.600250626567,15379.40476190476,1,1,False,3,20230131,2,5.5
7489,490,6251.5,15919.5,2,8,False,3,20230131,2,5.5
7490,491,6251.5,16462.389434889436,1,0,False,3,20230131,2,5.5
7491,492,6251.5,16995.30964308078,3,51,False,3,20230131,2,5.5
7492,493,6251.605540897098,17531.405013192612,1,3,False,3,20230131,2,5.5
7493,494,6251.5,18066.93753923415,0,0,True,3,20230131,2,5.5
7494,495,6251.5,18599.5,0,1,False,3,20230131,2,5.5
7495,496,6251.5,19139.30964308078,2,109,False,3,20230131,2,5.5
7496,497,6251.5,19675.12701733413,0,0,False,3,20230131,2,5.5
7497,498,6251.5,20211.30964308078,0,0,False,3,20230131,2,5.5
7498,499,6251.399874843554,20755.40488110137,0,1,True,3,20230131,2,5.5
7499,500,6251.600250626567,21283.404761904763,0,0,False,3,20230131,2,5.5
7500,1,899.004835589942,1464.1473243068988,1,5,True,3,20230131,2,6.0
7501,2,898.7570725707257,2000.5971709717096,3,2,True,3,20230131,2,6.0
7502,3,899.2132075471698,2532.3352201257862,4,3,False,3,20230131,2,6.0
7503,4,899.2132075471698,3068.3352201257862,0,4,False,3,20230131,2,6.0
7504,5,899.4020208205757,3607.967850581752,2,3,True,3,20230131,2,6.0
7505,6,899.2204169221336,4136.33629675046,2,1,True,3,20230131,2,6.0
7506,7,899.4020208205757,4679.967850581751,0,3,False,3,20230131,2,6.0
7507,8,899.7795830778664,5208.33629675046,0,0,False,3,20230131,2,6.0
7508,9,899.6956112852664,5747.876175548589,3,0,False,3,20230131,2,6.0
7509,10,899.204260651629,6275.7807017543855,2,2,False,3,20230131,2,6.0
7510,11,899.8779141104294,6816.241104294479,1,0,False,3,20230131,2,6.0
7511,12,900.0686274509804,7352.053921568628,6,81,True,3,20230131,2,6.0
7512,13,900.3051612903225,7887.866451612903,3,2,False,3,20230131,2,6.0
7513,14,900.6003003003003,8428.206306306307,1,2,False,3,20230131,2,6.0
7514,15,900.0979381443299,8952.051546391753,1,0,False,3,20230131,2,6.0
7515,16,900.2429274292743,9488.59717097171,0,8,False,3,20230131,2,6.0
7516,17,901.4233621755252,10024.187268232386,1,2,True,3,20230131,2,6.0
7517,18,901.0743368291178,10560.657310302282,5,2,True,3,20230131,2,6.0
7518,19,900.5989802039592,11100.224655068989,3,0,True,3,20230131,2,6.0
7519,20,899.7005141388174,11639.690231362469,1,2,False,3,20230131,2,6.0
7520,21,901.428306551298,12176.889369592089,2,0,False,3,20230131,2,6.0
7521,22,900.3805031446541,12707.771698113207,1,0,False,3,20230131,2,6.0
7522,23,900.3564231738035,13236.502518891688,1,0,False,3,20230131,2,6.0
7523,24,899.9824120603015,13772.14824120603,0,1,False,3,20230131,2,6.0
7524,25,900.1607818411097,14308.690416141237,1,1,False,3,20230131,2,6.0
7525,26,899.896238244514,14851.685579937304,3,71,False,3,20230131,2,6.0
7526,27,899.9824120603015,15380.14824120603,2,28,False,3,20230131,2,6.0
7527,28,899.7795830778664,15920.33629675046,8,9,False,3,20230131,2,6.0
7528,29,899.6909424724602,16463.68604651163,4,4,False,3,20230131,2,6.0
7529,30,899.6956112852664,16995.87617554859,6,40,False,3,20230131,2,6.0
7530,31,899.6055408970976,17531.594986807388,1,0,False,3,20230131,2,6.0
7531,32,899.5,18067.5,3,2,True,3,20230131,2,6.0
7532,33,899.5,18599.690231362467,1,2,True,3,20230131,2,6.0
7533,34,899.6002506265664,19139.404761904763,4,20,False,3,20230131,2,6.0
7534,35,900.1467065868263,19675.226946107785,0,1,False,3,20230131,2,6.0
7535,36,900.0925925925926,20211.5,4,6,True,3,20230131,2,6.0
7536,37,900.1842767295598,20754.86603773585,4,4,False,3,20230131,2,6.0
7537,38,903.89588688946,21283.309768637533,6,26,True,3,20230131,2,6.0
7538,39,1342.8345888261142,1199.9695543000628,3,6,True,3,20230131,2,6.0
7539,40,1343.293710691824,1728.4610062893082,1,3,True,3,20230131,2,6.0
7540,41,1343.1967699406723,2263.78740936058,1,67,True,3,20230131,2,6.0
7541,42,1343.2115987460816,2799.7884012539184,3,33,False,3,20230131,2,6.0
7542,43,1343.211959924859,3335.788040075141,0,0,False,3,20230131,2,6.0
7543,44,1343.5,3871.694993412385,0,0,False,3,20230131,2,6.0
7544,45,1343.5,4407.6952440550685,0,0,False,3,20230131,2,6.0
7545,46,1343.5,4943.5,0,0,False,3,20230131,2,6.0
7546,47,1343.5975609756097,5479.59756097561,0,1,True,3,20230131,2,6.0
7547,48,1343.5951768488746,6011.788102893891,0,0,True,3,20230131,2,6.0
7548,49,1343.7790697674418,6544.357322438717,1,1,False,3,20230131,2,6.0
7549,50,1343.7002567394095,7083.5,2,124,True,3,20230131,2,6.0
7550,51,1344.0771643663738,7623.5,0,106,True,3,20230131,2,6.0
7551,52,1343.7884012539184,8151.788401253919,2,7,False,3,20230131,2,6.0
7552,53,1343.705533596838,8695.5,0,0,False,3,20230131,2,6.0
7553,54,1343.6953727506427,9219.885604113111,0,0,False,3,20230131,2,6.0
7554,55,1343.89588688946,9755.690231362469,2,0,False,3,20230131,2,6.0
7555,56,1343.399935856318,10291.597498396408,3,2,False,3,20230131,2,6.0
7556,57,1344.0824742268042,10828.067010309278,0,0,False,3,20230131,2,6.0
7557,58,1344.4319899244333,11374.568010075567,2,8,False,3,20230131,2,6.0
7558,59,1343.8859649122808,11903.690476190475,2,72,False,3,20230131,2,6.0
7559,60,1343.89588688946,12443.309768637531,7,64,False,3,20230131,2,6.0
7560,61,1343.89588688946,12971.690231362469,3,4,False,3,20230131,2,6.0
7561,62,1343.690476190476,13503.88596491228,1,0,False,3,20230131,2,6.0
7562,63,1343.8859649122808,14039.690476190475,6,13,False,3,20230131,2,6.0
7563,64,1343.4044703000611,14579.402020820577,0,0,False,3,20230131,2,6.0
7564,65,1343.6953727506427,15115.885604113111,3,8,False,3,20230131,2,6.0
7565,66,1343.690476190476,15647.88596491228,4,104,False,3,20230131,2,6.0
7566,67,1343.7884012539184,16191.788401253918,1,1,False,3,20230131,2,6.0
7567,68,1343.399935856318,16731.402501603592,4,55,False,3,20230131,2,6.0
7568,69,1343.6865030674846,17267.308588957054,5,100,False,3,20230131,2,6.0
7569,70,1343.5955296999389,17795.98009797918,0,0,False,3,20230131,2,6.0
7570,71,1343.5975609756097,18335.40243902439,5,41,True,3,20230131,2,6.0
7571,72,1343.5,18867.88235294117,8,36,True,3,20230131,2,6.0
7572,73,1343.5,19403.5,4,71,False,3,20230131,2,6.0
7573,74,1343.89588688946,19947.309768637533,4,3,False,3,20230131,2,6.0
7574,75,1344.0539215686274,20482.93137254902,3,5,False,3,20230131,2,6.0
7575,76,1344.1825499034128,21019.03122987765,3,1,False,3,20230131,2,6.0
7576,77,1786.8558696988323,928.6923786109404,3,15,True,3,20230131,2,6.0
7577,78,1786.6937984496124,1464.37338501292,0,0,False,3,20230131,2,6.0
7578,79,1786.9313725490197,2000.053921568628,5,7,True,3,20230131,2,6.0
7579,80,1787.2038895859473,2531.781053952321,0,1,False,3,20230131,2,6.0
7580,81,1786.442065491184,3068.3110831234258,0,0,False,3,20230131,2,6.0
7581,82,1787.970300061237,3608.149112063688,3,2,False,3,20230131,2,6.0
7582,83,1787.5979791794243,4135.967850581751,2,98,False,3,20230131,2,6.0
7583,84,1787.2204169221336,4679.772225628449,1,0,False,3,20230131,2,6.0
7584,85,1787.029699938763,5208.149112063687,1,0,False,3,20230131,2,6.0
7585,86,1787.882149591452,5748.053111250786,0,0,False,3,20230131,2,6.0
7586,87,1787.9753476611884,6276.870417193426,4,4,False,3,20230131,2,6.0
7587,88,1788.0700245700243,6816.055282555282,0,5,False,3,20230131,2,6.0
7588,89,1788.0686274509803,7352.053921568628,4,94,False,3,20230131,2,6.0
7589,90,1787.9066924066924,7887.685328185328,2,12,False,3,20230131,2,6.0
7590,91,1788.4214157168567,8427.5,0,1,False,3,20230131,2,6.0
7591,92,1788.8411003236247,8951.057281553398,0,5,False,3,20230131,2,6.0
7592,93,1788.9590264941469,9488.74460874923,1,0,False,3,20230131,2,6.0
7593,94,1788.5325752919484,10024.31868469576,6,6,False,3,20230131,2,6.0
7594,95,1789.3282890673256,10560.925571340333,0,6,False,3,20230131,2,6.0
7595,96,1788.2420706163973,11099.868641532015,1,1,False,3,20230131,2,6.0
7596,97,1788.1082474226805,11639.5,2,0,False,3,20230131,2,6.0
7597,98,1788.8382533825338,12175.657441574416,2,6,False,3,20230131,2,6.0
7598,99,1788.3636363636365,13236.671717171715,3,2,False,3,20230131,2,6.0
7599,100,1788.083280955374,13772.053111250783,4,6,False,3,20230131,2,6.0
7600,101,1788.26214511041,14308.5952681388,4,5,False,3,20230131,2,6.0
7601,102,1788.0925925925926,14851.5,4,2,False,3,20230131,2,6.0
7602,103,1787.887665198238,15380.240088105727,3,2,False,3,20230131,2,6.0
7603,104,1787.8779141104294,15920.24110429448,2,1,False,3,20230131,2,6.0
7604,105,1787.7886850152904,16463.409480122325,1,104,False,3,20230131,2,6.0
7605,106,1787.795739348371,16995.780701754386,7,56,False,3,20230131,2,6.0
7606,107,1787.9177131526767,17531.68506278916,2,8,False,3,20230131,2,6.0
7607,108,1787.7003757044458,18067.5,0,0,True,3,20230131,2,6.0
7608,109,1787.6027617212587,18599.59505459217,4,78,False,3,20230131,2,6.0
7609,110,1787.896238244514,19139.314420062696,4,38,False,3,20230131,2,6.0
7610,111,1788.4214157168567,19675.5,2,15,False,3,20230131,2,6.0
7611,112,1788.0925925925926,20211.5,3,3,False,3,20230131,2,6.0
7612,113,1788.083280955374,20754.94688874921,1,1,False,3,20230131,2,6.0
7613,114,1788.294468887492,21283.5,5,13,False,3,20230131,2,6.0
7614,115,1791.89588688946,12707.309768637531,12,95,False,3,20230131,2,6.0
7615,116,2231.304755944931,1199.5,0,0,False,3,20230131,2,6.0
7616,117,2231.6907151819323,1727.8764115432873,0,0,False,3,20230131,2,6.0
7617,118,2231.5,2263.5,3,1,False,3,20230131,2,6.0
7618,119,2231.5,2799.5,1,1,False,3,20230131,2,6.0
7619,120,2231.5,3335.5,2,1,False,3,20230131,2,6.0
7620,121,2231.5,3871.5,4,3,False,3,20230131,2,6.0
7621,122,2231.695244055069,4407.5,0,0,False,3,20230131,2,6.0
7622,123,2231.5,4943.5,1,0,False,3,20230131,2,6.0
7623,124,2231.5,5479.5,2,0,False,3,20230131,2,6.0
7624,125,2231.6000641436817,6011.402501603592,3,0,False,3,20230131,2,6.0
7625,126,2231.690476190476,6543.8859649122805,2,0,False,3,20230131,2,6.0
7626,127,2231.89588688946,7083.690231362468,3,6,False,3,20230131,2,6.0
7627,128,2232.077164366374,7623.5,0,0,False,3,20230131,2,6.0
7628,129,2231.8859649122805,8151.690476190476,4,1,False,3,20230131,2,6.0
7629,130,2232.1076618229854,8695.5,3,23,False,3,20230131,2,6.0
7630,131,2231.79543994862,9219.787732819525,3,1,False,3,20230131,2,6.0
7631,132,2232.182549903413,9755.968770122345,6,92,False,3,20230131,2,6.0
7632,133,2232.182549903413,10291.968770122345,3,0,False,3,20230131,2,6.0
7633,134,2232.082474226804,10828.067010309278,4,8,False,3,20230131,2,6.0
7634,135,2231.6902377972465,11375.304755944931,1,3,False,3,20230131,2,6.0
7635,136,2232.165411173886,11903.969554300063,1,15,False,3,20230131,2,6.0
7636,137,2231.7002567394097,12443.5,2,3,False,3,20230131,2,6.0
7637,138,2232.0817245817248,12972.06628056628,4,5,False,3,20230131,2,6.0
7638,139,2232.3332284455632,13504.529578351165,1,25,False,3,20230131,2,6.0
7639,140,2232.3332284455632,14040.529578351165,7,8,False,3,20230131,2,6.0
7640,141,2232.241104294478,14579.87791411043,7,38,False,3,20230131,2,6.0
7641,142,2232.0817245817248,15116.06628056628,4,100,False,3,20230131,2,6.0
7642,143,2231.9695543000626,15648.165411173886,3,1,False,3,20230131,2,6.0
7643,144,2231.8859649122805,16191.690476190475,2,54,False,3,20230131,2,6.0
7644,145,2231.7002567394097,16731.5,8,34,False,3,20230131,2,6.0
7645,146,2232.241104294478,17267.681595092025,2,6,False,3,20230131,2,6.0
7646,147,2232.053921568628,17796.06862745098,10,98,False,3,20230131,2,6.0
7647,148,2231.8859649122805,18335.69047619048,7,9,False,3,20230131,2,6.0
7648,149,2232.33629675046,18867.220416922133,3,73,False,3,20230131,2,6.0
7649,150,2231.79543994862,19403.787732819525,12,14,False,3,20230131,2,6.0
7650,151,2231.89588688946,19947.309768637533,2,0,False,3,20230131,2,6.0
7651,152,2232.33629675046,20483.220416922133,3,4,False,3,20230131,2,6.0
7652,153,2231.89588688946,21019.309768637533,7,3,False,3,20230131,2,6.0
7653,154,2674.93137254902,928.0539215686274,7,77,False,3,20230131,2,6.0
7654,155,2677.859493670886,1462.4012658227848,4,44,False,3,20230131,2,6.0
7655,156,2675.406919779547,1999.776791181874,1,3,False,3,20230131,2,6.0
7656,157,2674.90666247643,2531.489943431804,1,1,False,3,20230131,2,6.0
7657,158,2675.1173694147265,3068.04877281309,3,7,False,3,20230131,2,6.0
7658,159,2674.6416309012875,3607.7722256284487,2,2,False,3,20230131,2,6.0
7659,160,2678.221252257676,4135.150812763395,10,3,False,3,20230131,2,6.0
7660,161,2679.5,4679.5,0,1,False,3,20230131,2,6.0
7661,162,2678.2738452309536,5208.111877624475,3,2,False,3,20230131,2,6.0
7662,163,2679.5,5747.5,7,7,False,3,20230131,2,6.0
7663,164,2680.4987699877,6275.849323493235,3,3,False,3,20230131,2,6.0
7664,165,2679.882775119617,6815.5,1,0,False,3,20230131,2,6.0
7665,166,2680.2616766467067,7351.859281437126,5,6,False,3,20230131,2,6.0
7666,167,2680.236225087925,8427.317116060962,0,0,False,3,20230131,2,6.0
7667,168,2679.907035175879,8951.680904522613,7,13,False,3,20230131,2,6.0
7668,169,2679.211389385808,9487.774299344066,3,2,False,3,20230131,2,6.0
7669,170,2680.0693779904304,10024.04066985646,0,0,False,3,20230131,2,6.0
7670,171,2681.5253470126736,10560.709414604707,3,5,False,3,20230131,2,6.0
7671,172,2680.147574517826,11099.766510812393,5,112,False,3,20230131,2,6.0
7672,173,2680.1638705811865,12175.766027561414,1,0,False,3,20230131,2,6.0
7673,174,2680.093137254902,12707.5,6,7,False,3,20230131,2,6.0
7674,175,2680.0840490797545,13236.039877300613,4,5,False,3,20230131,2,6.0
7675,176,2679.796024464832,13771.774006116208,0,1,False,3,20230131,2,6.0
7676,177,2680.459409594096,14308.385608856088,4,4,True,3,20230131,2,6.0
7677,178,2679.896572827417,14851.681150550796,3,1,False,3,20230131,2,6.0
7678,179,2680.0840490797545,15380.039877300613,1,0,False,3,20230131,2,6.0
7679,180,2680.0693779904304,15920.04066985646,2,0,True,3,20230131,2,6.0
7680,181,2679.980573819486,16463.406754333533,0,0,False,3,20230131,2,6.0
7681,182,2679.896572827417,16995.681150550794,1,2,False,3,20230131,2,6.0
7682,183,2679.605602060528,17531.592723760463,1,0,False,3,20230131,2,6.0
7683,184,2679.9935543278084,18067.58348680172,4,80,False,3,20230131,2,6.0
7684,185,2679.80923947203,18599.42206159648,0,4,False,3,20230131,2,6.0
7685,186,2680.1876155268023,19139.214109673445,3,9,False,3,20230131,2,6.0
7686,187,2680.4227166276346,19675.5,2,48,False,3,20230131,2,6.0
7687,188,2679.700488997555,20211.5,4,0,False,3,20230131,2,6.0
7688,189,2679.7963870177587,20755.22565829761,4,3,False,3,20230131,2,6.0
7689,190,2680.093137254902,21283.5,0,2,False,3,20230131,2,6.0
7690,191,2683.602761721259,7887.595054592164,2,104,False,3,20230131,2,6.0
7691,192,2683.9025806451614,11639.5,3,3,False,3,20230131,2,6.0
7692,193,3130.359950859951,1199.5,2,2,False,3,20230131,2,6.0
7693,194,3125.668888888889,1728.9653968253967,3,64,False,3,20230131,2,6.0
7694,195,3131.397238278741,2263.5950545921646,2,62,False,3,20230131,2,6.0
7695,196,3127.2105097545627,2799.7794210195093,2,2,False,3,20230131,2,6.0
7696,197,3129.775092936803,3336.6995043370507,6,5,False,3,20230131,2,6.0
7697,198,3131.397238278741,3871.5950545921646,3,2,False,3,20230131,2,6.0
7698,199,3130.726600985221,4406.869458128079,0,1,False,3,20230131,2,6.0
7699,200,3130.9945196647323,4943.595422308188,3,89,False,3,20230131,2,6.0
7700,201,3131.402260232132,5479.404703726329,1,4,False,3,20230131,2,6.0
7701,202,3131.203889585948,6011.781053952322,2,3,False,3,20230131,2,6.0
7702,203,3131.1220858895704,6544.241104294479,0,5,False,3,20230131,2,6.0
7703,204,3131.6001251564458,7083.595118898624,2,5,False,3,20230131,2,6.0
7704,205,3131.5,7623.127450980392,2,3,False,3,20230131,2,6.0
7705,206,3131.5,8151.872549019607,4,4,False,3,20230131,2,6.0
7706,207,3131.5,8695.309768637531,0,0,False,3,20230131,2,6.0
7707,208,3131.6956112852663,9219.876175548588,5,8,False,3,20230131,2,6.0
7708,209,3131.7961104140527,9755.781053952322,3,0,False,3,20230131,2,6.0
7709,210,3131.7961104140527,10291.781053952322,2,1,False,3,20230131,2,6.0
7710,211,3131.5,10828.06246076585,6,15,False,3,20230131,2,6.0
7711,212,3131.779926335175,11374.854205033764,4,1,False,3,20230131,2,6.0
7712,213,3131.6909424724604,11903.686046511628,4,8,True,3,20230131,2,6.0
7713,214,3131.6002506265663,12443.40476190476,0,0,False,3,20230131,2,6.0
7714,215,3131.7961104140527,12971.781053952322,6,6,False,3,20230131,2,6.0
7715,216,3131.7795830778664,13504.33629675046,3,7,False,3,20230131,2,6.0
7716,217,3131.7795830778664,14040.33629675046,3,8,False,3,20230131,2,6.0
7717,218,3131.960431654676,14579.960431654676,3,6,False,3,20230131,2,6.0
7718,219,3131.6956112852663,15115.876175548588,5,88,False,3,20230131,2,6.0
7719,220,3131.5,15648.063035495716,0,0,False,3,20230131,2,6.0
7720,221,3131.8823529411766,16191.5,1,0,False,3,20230131,2,6.0
7721,222,3131.5,16731.30964308078,0,0,False,3,20230131,2,6.0
7722,223,3131.6862686567165,17267.313731343285,0,4,False,3,20230131,2,6.0
7723,224,3131.313953488372,17795.68604651163,4,0,False,3,20230131,2,6.0
7724,225,3131.6909424724604,18335.31395348837,1,0,False,3,20230131,2,6.0
7725,226,3131.68671454219,18867.68671454219,0,0,False,3,20230131,2,6.0
7726,227,3131.700375704446,19403.5,4,2,False,3,20230131,2,6.0
7727,228,3131.5,19947.5,4,28,False,3,20230131,2,6.0
7728,229,3131.782634730539,20482.661676646705,2,95,False,3,20230131,2,6.0
7729,230,3131.7961104140527,21019.21894604768,3,1,False,3,20230131,2,6.0
7730,231,3570.6416309012875,927.7722256284488,4,5,True,3,20230131,2,6.0
7731,232,3571.5,1463.5,4,3,False,3,20230131,2,6.0
7732,233,3569.9433497536947,2000.5147783251232,0,52,False,3,20230131,2,6.0
7733,234,3571.3043887147337,2531.1238244514107,0,0,False,3,20230131,2,6.0
7734,235,3571.8962382445143,3067.6855799373043,2,2,False,3,20230131,2,6.0
7735,236,3571.5,3607.309523809524,3,10,False,3,20230131,2,6.0
7736,237,3571.597620500305,4135.595179987798,4,2,False,3,20230131,2,6.0
7737,238,3571.5,4679.5,0,0,False,3,20230131,2,6.0
7738,239,3571.88630806846,5207.6858190709045,5,75,False,3,20230131,2,6.0
7739,240,3571.7961104140527,5747.590338770389,1,0,False,3,20230131,2,6.0
7740,241,3571.8962382445143,6275.314420062696,5,116,False,3,20230131,2,6.0
7741,242,3571.69536019536,6815.5,2,1,False,3,20230131,2,6.0
7742,243,3572.166258420086,7351.041947336191,2,6,False,3,20230131,2,6.0
7743,244,3571.7056555269924,7887.5,2,6,False,3,20230131,2,6.0
7744,245,3572.5167865707435,8427.404076738609,4,101,False,3,20230131,2,6.0
7745,246,3571.9066924066924,8951.685328185327,4,19,False,3,20230131,2,6.0
7746,247,3572.260736196319,9487.86809815951,4,2,False,3,20230131,2,6.0
7747,248,3572.260736196319,10023.86809815951,2,2,False,3,20230131,2,6.0
7748,249,3572.0686274509803,10560.053921568628,1,1,False,3,20230131,2,6.0
7749,250,3574.511180124224,11097.66645962733,1,3,False,3,20230131,2,6.0
7750,251,3572.00998068255,11639.404700579524,3,4,False,3,20230131,2,6.0
7751,252,3572.3583690987125,12175.227774371551,0,0,False,3,20230131,2,6.0
7752,253,3572.0925925925926,12707.5,4,2,False,3,20230131,2,6.0
7753,254,3572.0825486503454,13236.052416823602,9,103,False,3,20230131,2,6.0
7754,255,3571.8962382445143,13771.685579937304,0,0,False,3,20230131,2,6.0
7755,256,3572.183417085427,14307.957286432162,8,10,False,3,20230131,2,6.0
7756,257,3571.700375704446,14851.5,5,21,False,3,20230131,2,6.0
7757,258,3572.183417085427,15379.957286432162,2,2,False,3,20230131,2,6.0
7758,259,3572.3583690987125,15919.772225628449,6,3,False,3,20230131,2,6.0
7759,260,3571.88630806846,16463.314180929094,1,1,True,3,20230131,2,6.0
7760,261,3572.0925925925926,16995.5,0,0,False,3,20230131,2,6.0
7761,262,3571.6055408970974,17531.594986807388,5,93,False,3,20230131,2,6.0
7762,263,3571.6001251564458,18067.40488110137,1,0,False,3,20230131,2,6.0
7763,264,3571.602761721259,18599.59505459217,1,1,True,3,20230131,2,6.0
7764,265,3572.0925925925926,19139.5,0,0,False,3,20230131,2,6.0
7765,266,3572.5167865707435,19675.59592326139,3,70,False,3,20230131,2,6.0
7766,267,3572.0925925925926,20211.5,7,100,False,3,20230131,2,6.0
7767,268,3572.183417085427,20755.04271356784,1,4,True,3,20230131,2,6.0
7768,269,3572.0925925925926,21283.5,4,5,False,3,20230131,2,6.0
7769,270,4023.1235884567127,1199.1135508155585,8,6,False,3,20230131,2,6.0
7770,271,4023.4024390243903,1727.5975609756097,1,44,True,3,20230131,2,6.0
7771,272,4023.5,2263.5,1,2,False,3,20230131,2,6.0
7772,273,4023.5,2799.304755944931,0,0,False,3,20230131,2,6.0
7773,274,4023.22057898049,3335.7794210195093,2,1,False,3,20230131,2,6.0
7774,275,4023.6026991441736,3871.597432521396,3,89,False,3,20230131,2,6.0
7775,276,4023.6911949685536,4407.308805031446,0,0,False,3,20230131,2,6.0
7776,277,4023.3973008558255,4943.597432521396,0,0,False,3,20230131,2,6.0
7777,278,4023.690476190476,5479.11403508772,1,4,False,3,20230131,2,6.0
7778,279,4023.6000641436817,6011.597498396408,0,0,False,3,20230131,2,6.0
7779,280,4023.690476190476,6543.8859649122805,2,12,False,3,20230131,2,6.0
7780,281,4023.7002567394097,7083.5,0,0,False,3,20230131,2,6.0
7781,282,4023.7884012539184,7623.211598746081,2,11,False,3,20230131,2,6.0
7782,283,4023.885964912281,8151.690476190476,5,3,False,3,20230131,2,6.0
7783,284,4023.6026991441736,8695.402567478604,0,0,False,3,20230131,2,6.0
7784,285,4023.7954399486193,9219.787732819525,2,2,False,3,20230131,2,6.0
7785,286,4023.89588688946,9755.690231362469,2,4,False,3,20230131,2,6.0
7786,287,4023.89588688946,10291.690231362469,3,3,False,3,20230131,2,6.0
7787,288,4023.6953727506425,10827.885604113111,1,3,False,3,20230131,2,6.0
7788,289,4023.7884012539184,11375.211598746082,5,1,False,3,20230131,2,6.0
7789,290,4023.885964912281,11903.690476190475,2,0,False,3,20230131,2,6.0
7790,291,4023.7002567394097,12443.5,6,2,False,3,20230131,2,6.0
7791,292,4023.7954399486193,12971.787732819525,8,23,False,3,20230131,2,6.0
7792,293,4023.969554300063,13504.165411173886,3,110,False,3,20230131,2,6.0
7793,294,4023.885964912281,14039.690476190475,2,3,True,3,20230131,2,6.0
7794,295,4023.87652811736,14579.690709046456,6,13,True,3,20230131,2,6.0
7795,296,4023.7954399486193,15115.787732819525,1,5,False,3,20230131,2,6.0
7796,297,4023.5975609756097,15647.40243902439,7,3,False,3,20230131,2,6.0
7797,298,4023.5,16191.5,0,2,True,3,20230131,2,6.0
7798,299,4023.6000641436817,16731.402501603592,0,0,False,3,20230131,2,6.0
7799,300,4023.4048200122015,17267.402379499694,8,6,False,3,20230131,2,6.0
7800,301,4024.053921568628,17796.06862745098,10,2,True,3,20230131,2,6.0
7801,302,4023.695244055069,18335.5,4,2,True,3,20230131,2,6.0
7802,303,4023.5,18867.5,9,5,True,3,20230131,2,6.0
7803,304,4023.6000641436817,19403.597498396408,2,0,False,3,20230131,2,6.0
7804,305,4023.89588688946,19947.309768637533,2,1,False,3,20230131,2,6.0
7805,306,4023.314180929096,20483.11369193154,2,2,False,3,20230131,2,6.0
7806,307,4023.6000641436817,21019.402501603592,5,6,False,3,20230131,2,6.0
7807,308,4467.308588957055,927.6865030674846,0,0,False,3,20230131,2,6.0
7808,309,4467.6027617212585,1463.5950545921644,2,2,False,3,20230131,2,6.0
7809,310,4467.69094247246,1999.686046511628,3,0,False,3,20230131,2,6.0
7810,311,4467.5,2531.5,0,0,False,3,20230131,2,6.0
7811,312,4467.103264281231,3067.133396107972,0,0,False,3,20230131,2,6.0
7812,313,4467.597620500305,3607.5951799877976,7,66,False,3,20230131,2,6.0
7813,314,4468.0700245700245,4135.490171990172,1,1,False,3,20230131,2,6.0
7814,315,4467.790461538461,4678.6704615384615,1,0,False,3,20230131,2,6.0
7815,316,4467.220416922134,5207.772225628449,2,3,False,3,20230131,2,6.0
7816,317,4467.600250626567,5747.4047619047615,3,11,False,3,20230131,2,6.0
7817,318,4467.695611285267,6275.876175548589,3,1,False,3,20230131,2,6.0
7818,319,4468.067931456549,6814.9467564259485,2,92,False,3,20230131,2,6.0
7819,320,4467.69094247246,7351.686046511628,3,2,False,3,20230131,2,6.0
7820,321,4467.705655526992,7887.5,0,0,False,3,20230131,2,6.0
7821,322,4467.9604316546765,8427.039568345324,3,2,False,3,20230131,2,6.0
7822,323,4467.803536977492,8951.78038585209,1,2,False,3,20230131,2,6.0
7823,324,4467.779926335175,9488.145794966236,4,58,False,3,20230131,2,6.0
7824,325,4467.970876762723,10023.958614347026,1,3,False,3,20230131,2,6.0
7825,326,4467.779926335175,10560.145794966236,0,0,True,3,20230131,2,6.0
7826,327,4467.773709483794,11099.773709483794,4,1,True,3,20230131,2,6.0
7827,328,4467.705655526992,11639.5,3,2,False,3,20230131,2,6.0
7828,329,4467.691411042945,12175.313496932517,0,0,False,3,20230131,2,6.0
7829,330,4467.992462311558,12707.404522613066,3,2,False,3,20230131,2,6.0
7830,331,4467.982412060302,13236.14824120603,6,28,False,3,20230131,2,6.0
7831,332,4467.695611285267,13771.876175548588,4,3,False,3,20230131,2,6.0
7832,333,4467.78679245283,14308.335220125786,3,27,False,3,20230131,2,6.0
7833,334,4467.700375704446,14851.5,1,1,False,3,20230131,2,6.0
7834,335,4467.695611285267,15379.876175548588,1,1,False,3,20230131,2,6.0
7835,336,4467.69094247246,15919.686046511628,6,10,False,3,20230131,2,6.0
7836,337,4467.597979179424,16463.03214941825,1,11,False,3,20230131,2,6.0
7837,338,4467.796110414053,16995.590338770387,2,2,False,3,20230131,2,6.0
7838,339,4467.812169312169,17531.589947089946,5,87,False,3,20230131,2,6.0
7839,340,4467.304143126177,18067.314187068423,8,3,False,3,20230131,2,6.0
7840,341,4467.6027617212585,18599.59505459217,4,4,False,3,20230131,2,6.0
7841,342,4467.992462311558,19139.59547738693,3,2,False,3,20230131,2,6.0
7842,343,4467.9604316546765,19675.586330935253,5,92,False,3,20230131,2,6.0
7843,344,4467.992462311558,20211.404522613066,1,3,False,3,20230131,2,6.0
7844,345,4467.695611285267,20755.87617554859,2,0,False,3,20230131,2,6.0
7845,346,4467.600250626567,21283.404761904763,2,3,False,3,20230131,2,6.0
7846,347,4910.279048765804,1198.8762793497892,0,1,True,3,20230131,2,6.0
7847,348,4909.975961538462,1726.3557692307693,0,0,True,3,20230131,2,6.0
7848,349,4911.294228356336,2263.5,1,54,False,3,20230131,2,6.0
7849,350,4910.738323353294,2799.859281437126,6,66,False,3,20230131,2,6.0
7850,351,4910.551497005988,3335.32754491018,5,55,False,3,20230131,2,6.0
7851,352,4911.092964824121,3871.680904522613,0,0,False,3,20230131,2,6.0
7852,353,4911.308383233533,4407.317964071856,2,1,False,3,20230131,2,6.0
7853,354,4911.298994974874,4943.133165829146,3,9,False,3,20230131,2,6.0
7854,355,4911.308841099164,5479.318399044206,2,6,False,3,20230131,2,6.0
7855,356,4911.696078431372,6011.318627450981,0,0,False,3,20230131,2,6.0
7856,357,4911.308383233533,6543.682035928144,1,84,False,3,20230131,2,6.0
7857,358,4911.796387017759,7083.225658297612,6,11,True,3,20230131,2,6.0
7858,359,4912.070743405276,7622.958033573142,5,1,False,3,20230131,2,6.0
7859,360,4911.5,8151.5,8,16,False,3,20230131,2,6.0
7860,361,4911.5,8694.951572327043,0,0,False,3,20230131,2,6.0
7861,362,4911.696078431372,9219.68137254902,4,5,False,3,20230131,2,6.0
7862,363,4911.69656019656,9755.681818181818,5,3,False,3,20230131,2,6.0
7863,364,4911.5,10291.863190184047,0,0,True,3,20230131,2,6.0
7864,365,4911.5,10827.863190184047,3,0,True,3,20230131,2,6.0
7865,366,4911.5,11374.602040816326,2,7,True,3,20230131,2,6.0
7866,367,4911.780407429598,11902.869682444578,8,79,True,3,20230131,2,6.0
7867,368,4911.600551808707,12443.043838136113,6,67,True,3,20230131,2,6.0
7868,369,4911.696078431372,12971.68137254902,2,45,False,3,20230131,2,6.0
7869,370,4911.780407429598,13504.130317555422,4,7,False,3,20230131,2,6.0
7870,371,4911.780407429598,14040.130317555422,1,3,False,3,20230131,2,6.0
7871,372,4911.774165202109,14579.232864674868,4,4,False,3,20230131,2,6.0
7872,373,4911.696078431372,15115.68137254902,1,97,False,3,20230131,2,6.0
7873,374,4911.780407429598,15648.130317555422,1,1,False,3,20230131,2,6.0
7874,375,4911.5,16191.136363636364,5,43,False,3,20230131,2,6.0
7875,376,4911.5,16731.5,4,5,False,3,20230131,2,6.0
7876,377,4911.869158878505,17266.77570093458,3,6,False,3,20230131,2,6.0
7877,378,4911.877182770663,17795.681606519207,0,0,False,3,20230131,2,6.0
7878,379,4912.261676646706,18335.32754491018,3,12,False,3,20230131,2,6.0
7879,380,4912.056725146199,18867.49064327485,3,3,False,3,20230131,2,6.0
7880,381,4911.696078431372,19403.68137254902,2,0,False,3,20230131,2,6.0
7881,382,4911.796387017759,19947.22565829761,2,1,False,3,20230131,2,6.0
7882,383,4911.961088355763,20483.050614394386,2,2,False,3,20230131,2,6.0
7883,384,4911.888206388207,21018.77764127764,1,1,False,3,20230131,2,6.0
7884,385,5354.359950859951,927.5,3,4,True,3,20230131,2,6.0
7885,386,5355.3972382787415,1463.4049454078356,0,0,False,3,20230131,2,6.0
7886,387,5354.355036855037,1999.8341523341523,1,2,True,3,20230131,2,6.0
7887,388,5355.103761755486,2531.314420062696,4,0,False,3,20230131,2,6.0
7888,389,5355.299624295554,3067.5,6,100,False,3,20230131,2,6.0
7889,390,5355.5,3607.309523809524,4,2,False,3,20230131,2,6.0
7890,391,5355.5,4135.5,3,19,False,3,20230131,2,6.0
7891,392,5355.87791411043,4678.758895705521,0,0,False,3,20230131,2,6.0
7892,393,5355.69094247246,5207.313953488372,3,7,False,3,20230131,2,6.0
7893,394,5355.695611285267,5747.123824451411,1,1,False,3,20230131,2,6.0
7894,395,5355.600250626567,6275.4047619047615,3,4,False,3,20230131,2,6.0
7895,396,5355.5,6815.1274509803925,7,4,True,3,20230131,2,6.0
7896,397,5355.597739767868,7351.404703726329,6,12,True,3,20230131,2,6.0
7897,398,5355.6027617212585,7887.404945407836,0,0,False,3,20230131,2,6.0
7898,399,5355.868641532017,8426.757929383602,6,85,False,3,20230131,2,6.0
7899,400,5355.6027617212585,8951.595054592164,2,5,False,3,20230131,2,6.0
7900,401,5355.69094247246,9487.686046511628,4,3,False,3,20230131,2,6.0
7901,402,5355.882352941177,10023.5,1,1,False,3,20230131,2,6.0
7902,403,5355.788685015291,10559.781345565749,2,8,False,3,20230131,2,6.0
7903,404,5355.87298266587,11099.5,3,1,False,3,20230131,2,6.0
7904,405,5355.803536977492,11639.21961414791,4,2,False,3,20230131,2,6.0
7905,406,5355.788685015291,12175.218654434251,9,9,True,3,20230131,2,6.0
7906,407,5355.796110414053,12707.218946047678,5,4,False,3,20230131,2,6.0
7907,408,5355.896238244514,13235.685579937304,1,4,False,3,20230131,2,6.0
7908,409,5355.700375704446,13771.5,0,0,False,3,20230131,2,6.0
7909,410,5355.796110414053,14307.781053952322,2,2,False,3,20230131,2,6.0
7910,411,5355.600125156446,14851.404881101376,0,0,False,3,20230131,2,6.0
7911,412,5355.700375704446,15379.5,2,1,True,3,20230131,2,6.0
7912,413,5355.88630806846,15919.685819070904,1,2,False,3,20230131,2,6.0
7913,414,5355.5,16462.936964504283,2,1,False,3,20230131,2,6.0
7914,415,5355.896238244514,16995.314420062696,2,1,True,3,20230131,2,6.0
7915,416,5355.917713152677,17531.31493721084,6,3,True,3,20230131,2,6.0
7916,417,5355.795739348371,18067.21929824561,0,0,False,3,20230131,2,6.0
7917,418,5355.6027617212585,18599.59505459217,0,0,False,3,20230131,2,6.0
7918,419,5355.700375704446,19139.5,2,8,False,3,20230131,2,6.0
7919,420,5355.968339307049,19675.40442054958,4,8,False,3,20230131,2,6.0
7920,421,5355.600125156446,20211.40488110137,1,0,False,3,20230131,2,6.0
7921,422,5355.795739348371,20755.21929824561,4,3,False,3,20230131,2,6.0
7922,423,5355.700375704446,21283.5,1,65,False,3,20230131,2,6.0
7923,424,5806.541916167665,1199.3179640718563,2,0,True,3,20230131,2,6.0
7924,425,5806.328331332533,1727.2454981992796,0,0,False,3,20230131,2,6.0
7925,426,5806.901257861635,2262.9616352201256,1,0,False,3,20230131,2,6.0
7926,427,5807.019426180514,2799.4067543335327,0,1,False,3,20230131,2,6.0
7927,428,5807.204504504504,3335.262162162162,1,0,False,3,20230131,2,6.0
7928,429,5807.705771643664,3871.5,3,4,False,3,20230131,2,6.0
7929,430,5807.308383233533,4407.317964071856,3,7,False,3,20230131,2,6.0
7930,431,5807.397049591965,4943.407093534212,1,1,False,3,20230131,2,6.0
7931,432,5807.5,5479.136363636364,2,8,False,3,20230131,2,6.0
7932,433,5807.5,6011.5,1,1,False,3,20230131,2,6.0
7933,434,5807.317964071856,6544.223353293413,1,0,False,3,20230131,2,6.0
7934,435,5807.303921568628,7083.318627450981,1,0,False,3,20230131,2,6.0
7935,436,5807.5,7623.136363636364,0,0,False,3,20230131,2,6.0
7936,437,5807.5,8151.5,3,96,False,3,20230131,2,6.0
7937,438,5807.5,8694.951572327043,3,87,False,3,20230131,2,6.0
7938,439,5807.399448191293,9219.956161863887,1,2,True,3,20230131,2,6.0
7939,440,5807.303921568628,9755.68137254902,2,2,False,3,20230131,2,6.0
7940,441,5807.5,10291.863190184047,1,1,False,3,20230131,2,6.0
7941,442,5807.5,10827.863190184047,5,102,False,3,20230131,2,6.0
7942,443,5807.5,11374.602040816326,1,1,False,3,20230131,2,6.0
7943,444,5807.691616766467,11903.317964071855,1,0,True,3,20230131,2,6.0
7944,445,5807.600551808707,12443.043838136113,0,0,True,3,20230131,2,6.0
7945,446,5807.696078431372,12971.68137254902,2,2,True,3,20230131,2,6.0
7946,447,5807.5,13503.863636363636,0,0,False,3,20230131,2,6.0
7947,448,5807.780407429598,14040.130317555422,1,0,False,3,20230131,2,6.0
7948,449,5807.5,14579.5,3,0,False,3,20230131,2,6.0
7949,450,5807.5,15115.5,0,0,False,3,20230131,2,6.0
7950,451,5807.308383233533,15647.682035928145,3,1,True,3,20230131,2,6.0
7951,452,5807.219592570402,16190.869682444578,2,30,True,3,20230131,2,6.0
7952,453,5807.203975535168,16731.225993883792,0,1,False,3,20230131,2,6.0
7953,454,5808.315897136177,17266.518118059616,7,99,False,3,20230131,2,6.0
7954,455,5807.5,17795.5,6,1,False,3,20230131,2,6.0
7955,456,5807.598027495517,18335.04333532576,8,61,False,3,20230131,2,6.0
7956,457,5807.686915887851,18867.317757009347,3,1,True,3,20230131,2,6.0
7957,458,5807.399694189602,19403.59296636085,2,1,False,3,20230131,2,6.0
7958,459,5807.600551808707,19947.04383813612,3,5,False,3,20230131,2,6.0
7959,460,5807.322429906542,20482.59813084112,0,0,False,3,20230131,2,6.0
7960,461,5807.600551808707,21019.04383813612,1,1,False,3,20230131,2,6.0
7961,462,6248.491920447483,929.41671845867,0,0,True,3,20230131,2,6.0
7962,463,6250.684516129032,1463.5,3,55,True,3,20230131,2,6.0
7963,464,6250.062461538461,1999.2710769230769,1,0,True,3,20230131,2,6.0
7964,465,6246.90797940798,2531.5,2,5,False,3,20230131,2,6.0
7965,466,6251.103761755486,3067.6855799373043,0,2,False,3,20230131,2,6.0
7966,467,6251.402379499695,3607.4048200122015,0,0,True,3,20230131,2,6.0
7967,468,6251.30905752754,4135.686046511628,0,0,True,3,20230131,2,6.0
7968,469,6251.788685015291,4679.21865443425,1,7,True,3,20230131,2,6.0
7969,470,6251.882352941177,5207.5,2,2,True,3,20230131,2,6.0
7970,471,6251.600250626567,5747.4047619047615,1,4,False,3,20230131,2,6.0
7971,472,6251.600250626567,6275.595238095239,2,4,False,3,20230131,2,6.0
7972,473,6251.5,6815.1274509803925,0,0,False,3,20230131,2,6.0
7973,474,6251.5,7351.5,2,1,False,3,20230131,2,6.0
7974,475,6251.6027617212585,7887.404945407836,0,0,False,3,20230131,2,6.0
7975,476,6251.773053892216,8426.853293413174,7,4,True,3,20230131,2,6.0
7976,477,6251.5,8951.690231362469,6,10,True,3,20230131,2,6.0
7977,478,6251.5,9487.872549019608,1,0,False,3,20230131,2,6.0
7978,479,6251.5,10023.872549019608,0,0,False,3,20230131,2,6.0
7979,480,6251.69094247246,10559.686046511628,1,1,False,3,20230131,2,6.0
7980,481,6251.87298266587,11099.5,2,4,False,3,20230131,2,6.0
7981,482,6251.6027617212585,11639.404945407836,2,6,True,3,20230131,2,6.0
7982,483,6251.597979179424,12175.032149418248,6,3,False,3,20230131,2,6.0
7983,484,6251.796110414053,12707.218946047678,2,0,False,3,20230131,2,6.0
7984,485,6251.896238244514,13235.685579937304,2,2,True,3,20230131,2,6.0
7985,486,6251.600125156446,13771.595118898624,3,1,True,3,20230131,2,6.0
7986,487,6251.795739348371,14307.780701754386,2,1,True,3,20230131,2,6.0
7987,488,6251.5,14851.309643080776,3,2,True,3,20230131,2,6.0
7988,489,6251.600250626567,15379.40476190476,3,5,False,3,20230131,2,6.0
7989,490,6251.5,15919.5,6,62,False,3,20230131,2,6.0
7990,491,6251.5,16462.389434889436,3,54,False,3,20230131,2,6.0
7991,492,6251.5,16995.30964308078,2,36,False,3,20230131,2,6.0
7992,493,6251.605540897098,17531.405013192612,0,0,False,3,20230131,2,6.0
7993,494,6251.5,18066.93753923415,4,6,False,3,20230131,2,6.0
7994,495,6251.5,18599.5,0,0,False,3,20230131,2,6.0
7995,496,6251.5,19139.30964308078,0,0,False,3,20230131,2,6.0
7996,497,6251.5,19675.12701733413,2,0,False,3,20230131,2,6.0
7997,498,6251.5,20211.30964308078,2,5,False,3,20230131,2,6.0
7998,499,6251.399874843554,20755.40488110137,1,2,False,3,20230131,2,6.0
7999,500,6251.600250626567,21283.404761904763,1,2,True,3,20230131,2,6.0
8000,1,899.004835589942,1464.1473243068988,0,0,True,0,20220531,1,8.0
8001,2,898.7570725707257,2000.5971709717096,2,0,False,0,20220531,1,8.0
8002,3,899.2132075471698,2532.3352201257862,0,0,False,0,20220531,1,8.0
8003,4,899.2132075471698,3068.3352201257862,2,2,False,0,20220531,1,8.0
8004,5,899.4020208205757,3607.967850581752,0,0,False,0,20220531,1,8.0
8005,6,899.2204169221336,4136.33629675046,10,5,False,0,20220531,1,8.0
8006,7,899.4020208205757,4679.967850581751,3,1,False,0,20220531,1,8.0
8007,8,899.7795830778664,5208.33629675046,2,0,False,0,20220531,1,8.0
8008,9,899.6956112852664,5747.876175548589,2,0,False,0,20220531,1,8.0
8009,10,899.204260651629,6275.7807017543855,0,0,False,0,20220531,1,8.0
8010,11,899.8779141104294,6816.241104294479,3,0,False,0,20220531,1,8.0
8011,12,900.0686274509804,7352.053921568628,2,1,False,0,20220531,1,8.0
8012,13,900.3051612903225,7887.866451612903,2,0,False,0,20220531,1,8.0
8013,14,900.6003003003003,8428.206306306307,1,2,False,0,20220531,1,8.0
8014,15,900.0979381443299,8952.051546391753,1,0,False,0,20220531,1,8.0
8015,16,900.2429274292743,9488.59717097171,0,0,False,0,20220531,1,8.0
8016,17,901.4233621755252,10024.187268232386,0,0,False,0,20220531,1,8.0
8017,18,901.0743368291178,10560.657310302282,1,3,False,0,20220531,1,8.0
8018,19,900.5989802039592,11100.224655068989,2,1,False,0,20220531,1,8.0
8019,20,899.7005141388174,11639.690231362469,5,1,False,0,20220531,1,8.0
8020,21,901.428306551298,12176.889369592089,1,0,False,0,20220531,1,8.0
8021,22,900.3805031446541,12707.771698113207,0,0,False,0,20220531,1,8.0
8022,23,900.3564231738035,13236.502518891688,0,0,False,0,20220531,1,8.0
8023,24,899.9824120603015,13772.14824120603,2,1,False,0,20220531,1,8.0
8024,25,900.1607818411097,14308.690416141237,4,1,False,0,20220531,1,8.0
8025,26,899.896238244514,14851.685579937304,1,0,False,0,20220531,1,8.0
8026,27,899.9824120603015,15380.14824120603,4,3,False,0,20220531,1,8.0
8027,28,899.7795830778664,15920.33629675046,0,1,False,0,20220531,1,8.0
8028,29,899.6909424724602,16463.68604651163,0,0,False,0,20220531,1,8.0
8029,30,899.6956112852664,16995.87617554859,1,2,False,0,20220531,1,8.0
8030,31,899.6055408970976,17531.594986807388,1,0,False,0,20220531,1,8.0
8031,32,899.5,18067.5,1,0,False,0,20220531,1,8.0
8032,33,899.5,18599.690231362467,0,0,False,0,20220531,1,8.0
8033,34,899.6002506265664,19139.404761904763,3,33,False,0,20220531,1,8.0
8034,35,900.1467065868263,19675.226946107785,0,0,False,0,20220531,1,8.0
8035,36,900.0925925925926,20211.5,7,1,False,0,20220531,1,8.0
8036,37,900.1842767295598,20754.86603773585,4,0,False,0,20220531,1,8.0
8037,38,903.89588688946,21283.309768637533,4,2,True,0,20220531,1,8.0
8038,39,1342.8345888261142,1199.9695543000628,5,4,True,0,20220531,1,8.0
8039,40,1343.293710691824,1728.4610062893082,0,0,False,0,20220531,1,8.0
8040,41,1343.1967699406723,2263.78740936058,0,0,False,0,20220531,1,8.0
8041,42,1343.2115987460816,2799.7884012539184,1,1,False,0,20220531,1,8.0
8042,43,1343.211959924859,3335.788040075141,0,0,False,0,20220531,1,8.0
8043,44,1343.5,3871.694993412385,0,0,True,0,20220531,1,8.0
8044,45,1343.5,4407.6952440550685,1,0,False,0,20220531,1,8.0
8045,46,1343.5,4943.5,0,0,False,0,20220531,1,8.0
8046,47,1343.5975609756097,5479.59756097561,3,2,False,0,20220531,1,8.0
8047,48,1343.5951768488746,6011.788102893891,1,0,False,0,20220531,1,8.0
8048,49,1343.7790697674418,6544.357322438717,1,0,False,0,20220531,1,8.0
8049,50,1343.7002567394095,7083.5,0,0,False,0,20220531,1,8.0
8050,51,1344.0771643663738,7623.5,4,3,False,0,20220531,1,8.0
8051,52,1343.7884012539184,8151.788401253919,2,0,False,0,20220531,1,8.0
8052,53,1343.705533596838,8695.5,1,1,False,0,20220531,1,8.0
8053,54,1343.6953727506427,9219.885604113111,1,0,False,0,20220531,1,8.0
8054,55,1343.89588688946,9755.690231362469,2,1,False,0,20220531,1,8.0
8055,56,1343.399935856318,10291.597498396408,0,0,False,0,20220531,1,8.0
8056,57,1344.0824742268042,10828.067010309278,1,10,False,0,20220531,1,8.0
8057,58,1344.4319899244333,11374.568010075567,1,0,False,0,20220531,1,8.0
8058,59,1343.8859649122808,11903.690476190475,2,4,False,0,20220531,1,8.0
8059,60,1343.89588688946,12443.309768637531,1,0,False,0,20220531,1,8.0
8060,61,1343.89588688946,12971.690231362469,1,0,False,0,20220531,1,8.0
8061,62,1343.690476190476,13503.88596491228,4,1,False,0,20220531,1,8.0
8062,63,1343.8859649122808,14039.690476190475,2,1,True,0,20220531,1,8.0
8063,64,1343.4044703000611,14579.402020820577,3,0,True,0,20220531,1,8.0
8064,65,1343.6953727506427,15115.885604113111,2,22,False,0,20220531,1,8.0
8065,66,1343.690476190476,15647.88596491228,2,0,False,0,20220531,1,8.0
8066,67,1343.7884012539184,16191.788401253918,2,0,False,0,20220531,1,8.0
8067,68,1343.399935856318,16731.402501603592,4,1,False,0,20220531,1,8.0
8068,69,1343.6865030674846,17267.308588957054,0,0,False,0,20220531,1,8.0
8069,70,1343.5955296999389,17795.98009797918,2,1,False,0,20220531,1,8.0
8070,71,1343.5975609756097,18335.40243902439,2,2,False,0,20220531,1,8.0
8071,72,1343.5,18867.88235294117,0,0,False,0,20220531,1,8.0
8072,73,1343.5,19403.5,1,0,False,0,20220531,1,8.0
8073,74,1343.89588688946,19947.309768637533,0,0,False,0,20220531,1,8.0
8074,75,1344.0539215686274,20482.93137254902,1,2,False,0,20220531,1,8.0
8075,76,1344.1825499034128,21019.03122987765,4,4,True,0,20220531,1,8.0
8076,77,1786.8558696988323,928.6923786109404,6,6,False,0,20220531,1,8.0
8077,78,1786.6937984496124,1464.37338501292,3,1,False,0,20220531,1,8.0
8078,79,1786.9313725490197,2000.053921568628,3,0,False,0,20220531,1,8.0
8079,80,1787.2038895859473,2531.781053952321,2,0,False,0,20220531,1,8.0
8080,81,1786.442065491184,3068.3110831234258,1,0,False,0,20220531,1,8.0
8081,82,1787.970300061237,3608.149112063688,3,0,False,0,20220531,1,8.0
8082,83,1787.5979791794243,4135.967850581751,2,1,False,0,20220531,1,8.0
8083,84,1787.2204169221336,4679.772225628449,0,0,False,0,20220531,1,8.0
8084,85,1787.029699938763,5208.149112063687,0,0,False,0,20220531,1,8.0
8085,86,1787.882149591452,5748.053111250786,2,0,False,0,20220531,1,8.0
8086,87,1787.9753476611884,6276.870417193426,3,2,False,0,20220531,1,8.0
8087,88,1788.0700245700243,6816.055282555282,1,0,False,0,20220531,1,8.0
8088,89,1788.0686274509803,7352.053921568628,0,0,False,0,20220531,1,8.0
8089,90,1787.9066924066924,7887.685328185328,0,0,True,0,20220531,1,8.0
8090,91,1788.4214157168567,8427.5,7,0,False,0,20220531,1,8.0
8091,92,1788.8411003236247,8951.057281553398,1,0,False,0,20220531,1,8.0
8092,93,1788.9590264941469,9488.74460874923,1,0,False,0,20220531,1,8.0
8093,94,1788.5325752919484,10024.31868469576,3,0,False,0,20220531,1,8.0
8094,95,1789.3282890673256,10560.925571340333,2,0,False,0,20220531,1,8.0
8095,96,1788.2420706163973,11099.868641532015,1,16,False,0,20220531,1,8.0
8096,97,1788.1082474226805,11639.5,0,0,False,0,20220531,1,8.0
8097,98,1788.8382533825338,12175.657441574416,0,0,False,0,20220531,1,8.0
8098,99,1788.3636363636365,13236.671717171715,7,0,False,0,20220531,1,8.0
8099,100,1788.083280955374,13772.053111250783,1,0,False,0,20220531,1,8.0
8100,101,1788.26214511041,14308.5952681388,2,0,False,0,20220531,1,8.0
8101,102,1788.0925925925926,14851.5,1,0,False,0,20220531,1,8.0
8102,103,1787.887665198238,15380.240088105727,4,1,False,0,20220531,1,8.0
8103,104,1787.8779141104294,15920.24110429448,1,0,False,0,20220531,1,8.0
8104,105,1787.7886850152904,16463.409480122325,5,1,False,0,20220531,1,8.0
8105,106,1787.795739348371,16995.780701754386,1,0,False,0,20220531,1,8.0
8106,107,1787.9177131526767,17531.68506278916,4,17,False,0,20220531,1,8.0
8107,108,1787.7003757044458,18067.5,3,0,False,0,20220531,1,8.0
8108,109,1787.6027617212587,18599.59505459217,0,0,False,0,20220531,1,8.0
8109,110,1787.896238244514,19139.314420062696,3,0,False,0,20220531,1,8.0
8110,111,1788.4214157168567,19675.5,2,7,True,0,20220531,1,8.0
8111,112,1788.0925925925926,20211.5,2,0,False,0,20220531,1,8.0
8112,113,1788.083280955374,20754.94688874921,5,4,True,0,20220531,1,8.0
8113,114,1788.294468887492,21283.5,0,0,True,0,20220531,1,8.0
8114,115,1791.89588688946,12707.309768637531,3,1,False,0,20220531,1,8.0
8115,116,2231.304755944931,1199.5,1,0,False,0,20220531,1,8.0
8116,117,2231.6907151819323,1727.8764115432873,1,0,False,0,20220531,1,8.0
8117,118,2231.5,2263.5,1,0,False,0,20220531,1,8.0
8118,119,2231.5,2799.5,6,1,False,0,20220531,1,8.0
8119,120,2231.5,3335.5,0,0,False,0,20220531,1,8.0
8120,121,2231.5,3871.5,3,18,False,0,20220531,1,8.0
8121,122,2231.695244055069,4407.5,6,1,False,0,20220531,1,8.0
8122,123,2231.5,4943.5,3,0,False,0,20220531,1,8.0
8123,124,2231.5,5479.5,1,0,False,0,20220531,1,8.0
8124,125,2231.6000641436817,6011.402501603592,1,1,False,0,20220531,1,8.0
8125,126,2231.690476190476,6543.8859649122805,2,0,False,0,20220531,1,8.0
8126,127,2231.89588688946,7083.690231362468,0,0,False,0,20220531,1,8.0
8127,128,2232.077164366374,7623.5,3,2,False,0,20220531,1,8.0
8128,129,2231.8859649122805,8151.690476190476,6,2,False,0,20220531,1,8.0
8129,130,2232.1076618229854,8695.5,1,0,False,0,20220531,1,8.0
8130,131,2231.79543994862,9219.787732819525,3,0,False,0,20220531,1,8.0
8131,132,2232.182549903413,9755.968770122345,5,12,False,0,20220531,1,8.0
8132,133,2232.182549903413,10291.968770122345,2,0,False,0,20220531,1,8.0
8133,134,2232.082474226804,10828.067010309278,1,0,False,0,20220531,1,8.0
8134,135,2231.6902377972465,11375.304755944931,1,0,False,0,20220531,1,8.0
8135,136,2232.165411173886,11903.969554300063,1,0,False,0,20220531,1,8.0
8136,137,2231.7002567394097,12443.5,2,0,False,0,20220531,1,8.0
8137,138,2232.0817245817248,12972.06628056628,2,0,False,0,20220531,1,8.0
8138,139,2232.3332284455632,13504.529578351165,1,0,False,0,20220531,1,8.0
8139,140,2232.3332284455632,14040.529578351165,3,1,False,0,20220531,1,8.0
8140,141,2232.241104294478,14579.87791411043,2,1,False,0,20220531,1,8.0
8141,142,2232.0817245817248,15116.06628056628,1,0,False,0,20220531,1,8.0
8142,143,2231.9695543000626,15648.165411173886,2,0,False,0,20220531,1,8.0
8143,144,2231.8859649122805,16191.690476190475,2,0,False,0,20220531,1,8.0
8144,145,2231.7002567394097,16731.5,0,0,False,0,20220531,1,8.0
8145,146,2232.241104294478,17267.681595092025,4,0,False,0,20220531,1,8.0
8146,147,2232.053921568628,17796.06862745098,1,0,False,0,20220531,1,8.0
8147,148,2231.8859649122805,18335.69047619048,4,12,False,0,20220531,1,8.0
8148,149,2232.33629675046,18867.220416922133,1,0,False,0,20220531,1,8.0
8149,150,2231.79543994862,19403.787732819525,4,5,True,0,20220531,1,8.0
8150,151,2231.89588688946,19947.309768637533,0,1,False,0,20220531,1,8.0
8151,152,2232.33629675046,20483.220416922133,0,1,False,0,20220531,1,8.0
8152,153,2231.89588688946,21019.309768637533,10,10,False,0,20220531,1,8.0
8153,154,2674.93137254902,928.0539215686274,1,0,False,0,20220531,1,8.0
8154,155,2677.859493670886,1462.4012658227848,2,0,False,0,20220531,1,8.0
8155,156,2675.406919779547,1999.776791181874,1,0,False,0,20220531,1,8.0
8156,157,2674.90666247643,2531.489943431804,2,0,False,0,20220531,1,8.0
8157,158,2675.1173694147265,3068.04877281309,3,0,False,0,20220531,1,8.0
8158,159,2674.6416309012875,3607.7722256284487,2,0,False,0,20220531,1,8.0
8159,160,2678.221252257676,4135.150812763395,2,0,False,0,20220531,1,8.0
8160,161,2679.5,4679.5,3,1,False,0,20220531,1,8.0
8161,162,2678.2738452309536,5208.111877624475,1,0,False,0,20220531,1,8.0
8162,163,2679.5,5747.5,0,0,False,0,20220531,1,8.0
8163,164,2680.4987699877,6275.849323493235,1,0,False,0,20220531,1,8.0
8164,165,2679.882775119617,6815.5,2,0,False,0,20220531,1,8.0
8165,166,2680.2616766467067,7351.859281437126,2,0,False,0,20220531,1,8.0
8166,167,2680.236225087925,8427.317116060962,0,0,False,0,20220531,1,8.0
8167,168,2679.907035175879,8951.680904522613,0,0,False,0,20220531,1,8.0
8168,169,2679.211389385808,9487.774299344066,5,0,False,0,20220531,1,8.0
8169,170,2680.0693779904304,10024.04066985646,0,0,False,0,20220531,1,8.0
8170,171,2681.5253470126736,10560.709414604707,0,0,False,0,20220531,1,8.0
8171,172,2680.147574517826,11099.766510812393,0,0,False,0,20220531,1,8.0
8172,173,2680.1638705811865,12175.766027561414,2,0,False,0,20220531,1,8.0
8173,174,2680.093137254902,12707.5,3,1,False,0,20220531,1,8.0
8174,175,2680.0840490797545,13236.039877300613,6,4,False,0,20220531,1,8.0
8175,176,2679.796024464832,13771.774006116208,2,0,False,0,20220531,1,8.0
8176,177,2680.459409594096,14308.385608856088,4,0,False,0,20220531,1,8.0
8177,178,2679.896572827417,14851.681150550796,2,0,False,0,20220531,1,8.0
8178,179,2680.0840490797545,15380.039877300613,5,10,False,0,20220531,1,8.0
8179,180,2680.0693779904304,15920.04066985646,2,0,False,0,20220531,1,8.0
8180,181,2679.980573819486,16463.406754333533,3,1,False,0,20220531,1,8.0
8181,182,2679.896572827417,16995.681150550794,1,2,False,0,20220531,1,8.0
8182,183,2679.605602060528,17531.592723760463,0,0,False,0,20220531,1,8.0
8183,184,2679.9935543278084,18067.58348680172,0,0,False,0,20220531,1,8.0
8184,185,2679.80923947203,18599.42206159648,2,1,False,0,20220531,1,8.0
8185,186,2680.1876155268023,19139.214109673445,4,1,False,0,20220531,1,8.0
8186,187,2680.4227166276346,19675.5,2,0,False,0,20220531,1,8.0
8187,188,2679.700488997555,20211.5,1,0,False,0,20220531,1,8.0
8188,189,2679.7963870177587,20755.22565829761,1,0,False,0,20220531,1,8.0
8189,190,2680.093137254902,21283.5,0,0,False,0,20220531,1,8.0
8190,191,2683.602761721259,7887.595054592164,0,0,False,0,20220531,1,8.0
8191,192,2683.9025806451614,11639.5,0,0,False,0,20220531,1,8.0
8192,193,3130.359950859951,1199.5,0,1,False,0,20220531,1,8.0
8193,194,3125.668888888889,1728.9653968253967,2,0,False,0,20220531,1,8.0
8194,195,3131.397238278741,2263.5950545921646,0,0,False,0,20220531,1,8.0
8195,196,3127.2105097545627,2799.7794210195093,2,0,False,0,20220531,1,8.0
8196,197,3129.775092936803,3336.6995043370507,2,0,False,0,20220531,1,8.0
8197,198,3131.397238278741,3871.5950545921646,3,0,False,0,20220531,1,8.0
8198,199,3130.726600985221,4406.869458128079,2,0,False,0,20220531,1,8.0
8199,200,3130.9945196647323,4943.595422308188,4,0,False,0,20220531,1,8.0
8200,201,3131.402260232132,5479.404703726329,0,0,False,0,20220531,1,8.0
8201,202,3131.203889585948,6011.781053952322,2,0,False,0,20220531,1,8.0
8202,203,3131.1220858895704,6544.241104294479,1,0,False,0,20220531,1,8.0
8203,204,3131.6001251564458,7083.595118898624,3,1,False,0,20220531,1,8.0
8204,205,3131.5,7623.127450980392,2,0,False,0,20220531,1,8.0
8205,206,3131.5,8151.872549019607,0,0,False,0,20220531,1,8.0
8206,207,3131.5,8695.309768637531,1,0,False,0,20220531,1,8.0
8207,208,3131.6956112852663,9219.876175548588,1,10,False,0,20220531,1,8.0
8208,209,3131.7961104140527,9755.781053952322,0,0,False,0,20220531,1,8.0
8209,210,3131.7961104140527,10291.781053952322,2,1,False,0,20220531,1,8.0
8210,211,3131.5,10828.06246076585,2,0,False,0,20220531,1,8.0
8211,212,3131.779926335175,11374.854205033764,1,6,False,0,20220531,1,8.0
8212,213,3131.6909424724604,11903.686046511628,0,0,False,0,20220531,1,8.0
8213,214,3131.6002506265663,12443.40476190476,2,1,False,0,20220531,1,8.0
8214,215,3131.7961104140527,12971.781053952322,0,0,False,0,20220531,1,8.0
8215,216,3131.7795830778664,13504.33629675046,0,0,False,0,20220531,1,8.0
8216,217,3131.7795830778664,14040.33629675046,3,3,False,0,20220531,1,8.0
8217,218,3131.960431654676,14579.960431654676,1,1,False,0,20220531,1,8.0
8218,219,3131.6956112852663,15115.876175548588,4,3,False,0,20220531,1,8.0
8219,220,3131.5,15648.063035495716,4,17,False,0,20220531,1,8.0
8220,221,3131.8823529411766,16191.5,0,0,False,0,20220531,1,8.0
8221,222,3131.5,16731.30964308078,3,0,False,0,20220531,1,8.0
8222,223,3131.6862686567165,17267.313731343285,1,1,False,0,20220531,1,8.0
8223,224,3131.313953488372,17795.68604651163,0,0,False,0,20220531,1,8.0
8224,225,3131.6909424724604,18335.31395348837,2,1,False,0,20220531,1,8.0
8225,226,3131.68671454219,18867.68671454219,2,0,False,0,20220531,1,8.0
8226,227,3131.700375704446,19403.5,1,0,False,0,20220531,1,8.0
8227,228,3131.5,19947.5,2,0,False,0,20220531,1,8.0
8228,229,3131.782634730539,20482.661676646705,2,0,False,0,20220531,1,8.0
8229,230,3131.7961104140527,21019.21894604768,4,1,False,0,20220531,1,8.0
8230,231,3570.6416309012875,927.7722256284488,0,1,False,0,20220531,1,8.0
8231,232,3571.5,1463.5,0,0,True,0,20220531,1,8.0
8232,233,3569.9433497536947,2000.5147783251232,0,0,False,0,20220531,1,8.0
8233,234,3571.3043887147337,2531.1238244514107,0,0,False,0,20220531,1,8.0
8234,235,3571.8962382445143,3067.6855799373043,0,0,False,0,20220531,1,8.0
8235,236,3571.5,3607.309523809524,2,0,False,0,20220531,1,8.0
8236,237,3571.597620500305,4135.595179987798,3,0,False,0,20220531,1,8.0
8237,238,3571.5,4679.5,1,0,False,0,20220531,1,8.0
8238,239,3571.88630806846,5207.6858190709045,1,0,False,0,20220531,1,8.0
8239,240,3571.7961104140527,5747.590338770389,1,0,False,0,20220531,1,8.0
8240,241,3571.8962382445143,6275.314420062696,1,0,False,0,20220531,1,8.0
8241,242,3571.69536019536,6815.5,10,56,False,0,20220531,1,8.0
8242,243,3572.166258420086,7351.041947336191,3,5,False,0,20220531,1,8.0
8243,244,3571.7056555269924,7887.5,0,0,False,0,20220531,1,8.0
8244,245,3572.5167865707435,8427.404076738609,0,0,False,0,20220531,1,8.0
8245,246,3571.9066924066924,8951.685328185327,0,0,False,0,20220531,1,8.0
8246,247,3572.260736196319,9487.86809815951,1,0,False,0,20220531,1,8.0
8247,248,3572.260736196319,10023.86809815951,1,0,False,0,20220531,1,8.0
8248,249,3572.0686274509803,10560.053921568628,0,0,False,0,20220531,1,8.0
8249,250,3574.511180124224,11097.66645962733,1,0,False,0,20220531,1,8.0
8250,251,3572.00998068255,11639.404700579524,4,11,False,0,20220531,1,8.0
8251,252,3572.3583690987125,12175.227774371551,0,0,False,0,20220531,1,8.0
8252,253,3572.0925925925926,12707.5,5,10,False,0,20220531,1,8.0
8253,254,3572.0825486503454,13236.052416823602,0,0,False,0,20220531,1,8.0
8254,255,3571.8962382445143,13771.685579937304,0,0,True,0,20220531,1,8.0
8255,256,3572.183417085427,14307.957286432162,1,0,False,0,20220531,1,8.0
8256,257,3571.700375704446,14851.5,2,0,False,0,20220531,1,8.0
8257,258,3572.183417085427,15379.957286432162,0,0,False,0,20220531,1,8.0
8258,259,3572.3583690987125,15919.772225628449,1,1,False,0,20220531,1,8.0
8259,260,3571.88630806846,16463.314180929094,0,0,False,0,20220531,1,8.0
8260,261,3572.0925925925926,16995.5,1,1,False,0,20220531,1,8.0
8261,262,3571.6055408970974,17531.594986807388,0,0,False,0,20220531,1,8.0
8262,263,3571.6001251564458,18067.40488110137,1,2,False,0,20220531,1,8.0
8263,264,3571.602761721259,18599.59505459217,0,0,False,0,20220531,1,8.0
8264,265,3572.0925925925926,19139.5,0,0,False,0,20220531,1,8.0
8265,266,3572.5167865707435,19675.59592326139,2,0,False,0,20220531,1,8.0
8266,267,3572.0925925925926,20211.5,3,0,False,0,20220531,1,8.0
8267,268,3572.183417085427,20755.04271356784,4,0,False,0,20220531,1,8.0
8268,269,3572.0925925925926,21283.5,2,5,False,0,20220531,1,8.0
8269,270,4023.1235884567127,1199.1135508155585,1,1,False,0,20220531,1,8.0
8270,271,4023.4024390243903,1727.5975609756097,2,0,False,0,20220531,1,8.0
8271,272,4023.5,2263.5,0,1,False,0,20220531,1,8.0
8272,273,4023.5,2799.304755944931,2,0,False,0,20220531,1,8.0
8273,274,4023.22057898049,3335.7794210195093,1,0,False,0,20220531,1,8.0
8274,275,4023.6026991441736,3871.597432521396,2,0,False,0,20220531,1,8.0
8275,276,4023.6911949685536,4407.308805031446,0,0,False,0,20220531,1,8.0
8276,277,4023.3973008558255,4943.597432521396,1,0,False,0,20220531,1,8.0
8277,278,4023.690476190476,5479.11403508772,1,1,False,0,20220531,1,8.0
8278,279,4023.6000641436817,6011.597498396408,0,0,False,0,20220531,1,8.0
8279,280,4023.690476190476,6543.8859649122805,0,0,False,0,20220531,1,8.0
8280,281,4023.7002567394097,7083.5,0,0,False,0,20220531,1,8.0
8281,282,4023.7884012539184,7623.211598746081,2,1,False,0,20220531,1,8.0
8282,283,4023.885964912281,8151.690476190476,0,0,False,0,20220531,1,8.0
8283,284,4023.6026991441736,8695.402567478604,2,0,False,0,20220531,1,8.0
8284,285,4023.7954399486193,9219.787732819525,0,0,False,0,20220531,1,8.0
8285,286,4023.89588688946,9755.690231362469,1,0,True,0,20220531,1,8.0
8286,287,4023.89588688946,10291.690231362469,0,0,False,0,20220531,1,8.0
8287,288,4023.6953727506425,10827.885604113111,0,0,False,0,20220531,1,8.0
8288,289,4023.7884012539184,11375.211598746082,0,0,False,0,20220531,1,8.0
8289,290,4023.885964912281,11903.690476190475,0,0,False,0,20220531,1,8.0
8290,291,4023.7002567394097,12443.5,0,0,False,0,20220531,1,8.0
8291,292,4023.7954399486193,12971.787732819525,2,0,False,0,20220531,1,8.0
8292,293,4023.969554300063,13504.165411173886,3,12,False,0,20220531,1,8.0
8293,294,4023.885964912281,14039.690476190475,2,0,False,0,20220531,1,8.0
8294,295,4023.87652811736,14579.690709046456,5,4,False,0,20220531,1,8.0
8295,296,4023.7954399486193,15115.787732819525,1,12,True,0,20220531,1,8.0
8296,297,4023.5975609756097,15647.40243902439,2,55,True,0,20220531,1,8.0
8297,298,4023.5,16191.5,1,0,False,0,20220531,1,8.0
8298,299,4023.6000641436817,16731.402501603592,4,15,False,0,20220531,1,8.0
8299,300,4023.4048200122015,17267.402379499694,1,0,False,0,20220531,1,8.0
8300,301,4024.053921568628,17796.06862745098,1,0,False,0,20220531,1,8.0
8301,302,4023.695244055069,18335.5,1,0,False,0,20220531,1,8.0
8302,303,4023.5,18867.5,1,1,False,0,20220531,1,8.0
8303,304,4023.6000641436817,19403.597498396408,2,1,False,0,20220531,1,8.0
8304,305,4023.89588688946,19947.309768637533,7,43,False,0,20220531,1,8.0
8305,306,4023.314180929096,20483.11369193154,5,0,False,0,20220531,1,8.0
8306,307,4023.6000641436817,21019.402501603592,0,0,False,0,20220531,1,8.0
8307,308,4467.308588957055,927.6865030674846,0,0,False,0,20220531,1,8.0
8308,309,4467.6027617212585,1463.5950545921644,3,0,False,0,20220531,1,8.0
8309,310,4467.69094247246,1999.686046511628,0,0,False,0,20220531,1,8.0
8310,311,4467.5,2531.5,4,0,False,0,20220531,1,8.0
8311,312,4467.103264281231,3067.133396107972,0,0,False,0,20220531,1,8.0
8312,313,4467.597620500305,3607.5951799877976,5,2,False,0,20220531,1,8.0
8313,314,4468.0700245700245,4135.490171990172,2,0,False,0,20220531,1,8.0
8314,315,4467.790461538461,4678.6704615384615,0,0,True,0,20220531,1,8.0
8315,316,4467.220416922134,5207.772225628449,4,0,False,0,20220531,1,8.0
8316,317,4467.600250626567,5747.4047619047615,2,0,False,0,20220531,1,8.0
8317,318,4467.695611285267,6275.876175548589,0,0,False,0,20220531,1,8.0
8318,319,4468.067931456549,6814.9467564259485,0,0,False,0,20220531,1,8.0
8319,320,4467.69094247246,7351.686046511628,1,12,False,0,20220531,1,8.0
8320,321,4467.705655526992,7887.5,5,4,False,0,20220531,1,8.0
8321,322,4467.9604316546765,8427.039568345324,0,0,False,0,20220531,1,8.0
8322,323,4467.803536977492,8951.78038585209,4,0,False,0,20220531,1,8.0
8323,324,4467.779926335175,9488.145794966236,0,0,False,0,20220531,1,8.0
8324,325,4467.970876762723,10023.958614347026,1,0,False,0,20220531,1,8.0
8325,326,4467.779926335175,10560.145794966236,1,0,True,0,20220531,1,8.0
8326,327,4467.773709483794,11099.773709483794,1,0,False,0,20220531,1,8.0
8327,328,4467.705655526992,11639.5,1,0,False,0,20220531,1,8.0
8328,329,4467.691411042945,12175.313496932517,0,0,False,0,20220531,1,8.0
8329,330,4467.992462311558,12707.404522613066,4,0,False,0,20220531,1,8.0
8330,331,4467.982412060302,13236.14824120603,0,0,False,0,20220531,1,8.0
8331,332,4467.695611285267,13771.876175548588,0,0,False,0,20220531,1,8.0
8332,333,4467.78679245283,14308.335220125786,0,0,False,0,20220531,1,8.0
8333,334,4467.700375704446,14851.5,2,0,False,0,20220531,1,8.0
8334,335,4467.695611285267,15379.876175548588,0,0,False,0,20220531,1,8.0
8335,336,4467.69094247246,15919.686046511628,0,0,False,0,20220531,1,8.0
8336,337,4467.597979179424,16463.03214941825,1,0,False,0,20220531,1,8.0
8337,338,4467.796110414053,16995.590338770387,1,1,False,0,20220531,1,8.0
8338,339,4467.812169312169,17531.589947089946,2,0,False,0,20220531,1,8.0
8339,340,4467.304143126177,18067.314187068423,3,0,False,0,20220531,1,8.0
8340,341,4467.6027617212585,18599.59505459217,0,0,False,0,20220531,1,8.0
8341,342,4467.992462311558,19139.59547738693,2,0,False,0,20220531,1,8.0
8342,343,4467.9604316546765,19675.586330935253,1,0,False,0,20220531,1,8.0
8343,344,4467.992462311558,20211.404522613066,5,1,False,0,20220531,1,8.0
8344,345,4467.695611285267,20755.87617554859,3,2,False,0,20220531,1,8.0
8345,346,4467.600250626567,21283.404761904763,2,2,False,0,20220531,1,8.0
8346,347,4910.279048765804,1198.8762793497892,5,0,True,0,20220531,1,8.0
8347,348,4909.975961538462,1726.3557692307693,0,0,False,0,20220531,1,8.0
8348,349,4911.294228356336,2263.5,0,1,True,0,20220531,1,8.0
8349,350,4910.738323353294,2799.859281437126,5,1,False,0,20220531,1,8.0
8350,351,4910.551497005988,3335.32754491018,0,0,True,0,20220531,1,8.0
8351,352,4911.092964824121,3871.680904522613,1,0,False,0,20220531,1,8.0
8352,353,4911.308383233533,4407.317964071856,0,0,False,0,20220531,1,8.0
8353,354,4911.298994974874,4943.133165829146,3,9,False,0,20220531,1,8.0
8354,355,4911.308841099164,5479.318399044206,1,1,False,0,20220531,1,8.0
8355,356,4911.696078431372,6011.318627450981,1,0,False,0,20220531,1,8.0
8356,357,4911.308383233533,6543.682035928144,0,0,False,0,20220531,1,8.0
8357,358,4911.796387017759,7083.225658297612,3,1,False,0,20220531,1,8.0
8358,359,4912.070743405276,7622.958033573142,3,3,False,0,20220531,1,8.0
8359,360,4911.5,8151.5,2,0,False,0,20220531,1,8.0
8360,361,4911.5,8694.951572327043,3,2,False,0,20220531,1,8.0
8361,362,4911.696078431372,9219.68137254902,0,0,False,0,20220531,1,8.0
8362,363,4911.69656019656,9755.681818181818,4,0,False,0,20220531,1,8.0
8363,364,4911.5,10291.863190184047,2,0,False,0,20220531,1,8.0
8364,365,4911.5,10827.863190184047,3,0,False,0,20220531,1,8.0
8365,366,4911.5,11374.602040816326,0,0,False,0,20220531,1,8.0
8366,367,4911.780407429598,11902.869682444578,0,1,False,0,20220531,1,8.0
8367,368,4911.600551808707,12443.043838136113,1,0,False,0,20220531,1,8.0
8368,369,4911.696078431372,12971.68137254902,1,0,False,0,20220531,1,8.0
8369,370,4911.780407429598,13504.130317555422,1,0,False,0,20220531,1,8.0
8370,371,4911.780407429598,14040.130317555422,0,0,False,0,20220531,1,8.0
8371,372,4911.774165202109,14579.232864674868,1,0,True,0,20220531,1,8.0
8372,373,4911.696078431372,15115.68137254902,2,0,True,0,20220531,1,8.0
8373,374,4911.780407429598,15648.130317555422,0,0,False,0,20220531,1,8.0
8374,375,4911.5,16191.136363636364,4,0,False,0,20220531,1,8.0
8375,376,4911.5,16731.5,4,1,True,0,20220531,1,8.0
8376,377,4911.869158878505,17266.77570093458,5,1,False,0,20220531,1,8.0
8377,378,4911.877182770663,17795.681606519207,3,0,False,0,20220531,1,8.0
8378,379,4912.261676646706,18335.32754491018,1,0,False,0,20220531,1,8.0
8379,380,4912.056725146199,18867.49064327485,1,0,False,0,20220531,1,8.0
8380,381,4911.696078431372,19403.68137254902,4,1,False,0,20220531,1,8.0
8381,382,4911.796387017759,19947.22565829761,1,1,False,0,20220531,1,8.0
8382,383,4911.961088355763,20483.050614394386,4,1,False,0,20220531,1,8.0
8383,384,4911.888206388207,21018.77764127764,12,9,False,0,20220531,1,8.0
8384,385,5354.359950859951,927.5,0,0,True,0,20220531,1,8.0
8385,386,5355.3972382787415,1463.4049454078356,2,1,False,0,20220531,1,8.0
8386,387,5354.355036855037,1999.8341523341523,0,0,True,0,20220531,1,8.0
8387,388,5355.103761755486,2531.314420062696,0,0,False,0,20220531,1,8.0
8388,389,5355.299624295554,3067.5,1,0,False,0,20220531,1,8.0
8389,390,5355.5,3607.309523809524,4,0,False,0,20220531,1,8.0
8390,391,5355.5,4135.5,3,1,False,0,20220531,1,8.0
8391,392,5355.87791411043,4678.758895705521,0,0,False,0,20220531,1,8.0
8392,393,5355.69094247246,5207.313953488372,0,0,False,0,20220531,1,8.0
8393,394,5355.695611285267,5747.123824451411,0,0,False,0,20220531,1,8.0
8394,395,5355.600250626567,6275.4047619047615,1,0,False,0,20220531,1,8.0
8395,396,5355.5,6815.1274509803925,3,1,False,0,20220531,1,8.0
8396,397,5355.597739767868,7351.404703726329,2,1,False,0,20220531,1,8.0
8397,398,5355.6027617212585,7887.404945407836,2,0,False,0,20220531,1,8.0
8398,399,5355.868641532017,8426.757929383602,0,0,False,0,20220531,1,8.0
8399,400,5355.6027617212585,8951.595054592164,2,0,False,0,20220531,1,8.0
8400,401,5355.69094247246,9487.686046511628,0,0,False,0,20220531,1,8.0
8401,402,5355.882352941177,10023.5,1,0,False,0,20220531,1,8.0
8402,403,5355.788685015291,10559.781345565749,1,0,False,0,20220531,1,8.0
8403,404,5355.87298266587,11099.5,1,0,False,0,20220531,1,8.0
8404,405,5355.803536977492,11639.21961414791,3,3,False,0,20220531,1,8.0
8405,406,5355.788685015291,12175.218654434251,5,0,False,0,20220531,1,8.0
8406,407,5355.796110414053,12707.218946047678,0,0,False,0,20220531,1,8.0
8407,408,5355.896238244514,13235.685579937304,2,1,False,0,20220531,1,8.0
8408,409,5355.700375704446,13771.5,1,0,False,0,20220531,1,8.0
8409,410,5355.796110414053,14307.781053952322,5,0,True,0,20220531,1,8.0
8410,411,5355.600125156446,14851.404881101376,0,0,False,0,20220531,1,8.0
8411,412,5355.700375704446,15379.5,1,1,False,0,20220531,1,8.0
8412,413,5355.88630806846,15919.685819070904,6,1,False,0,20220531,1,8.0
8413,414,5355.5,16462.936964504283,0,0,False,0,20220531,1,8.0
8414,415,5355.896238244514,16995.314420062696,4,9,False,0,20220531,1,8.0
8415,416,5355.917713152677,17531.31493721084,0,10,False,0,20220531,1,8.0
8416,417,5355.795739348371,18067.21929824561,1,0,False,0,20220531,1,8.0
8417,418,5355.6027617212585,18599.59505459217,3,0,False,0,20220531,1,8.0
8418,419,5355.700375704446,19139.5,3,0,False,0,20220531,1,8.0
8419,420,5355.968339307049,19675.40442054958,1,0,False,0,20220531,1,8.0
8420,421,5355.600125156446,20211.40488110137,2,2,False,0,20220531,1,8.0
8421,422,5355.795739348371,20755.21929824561,4,2,False,0,20220531,1,8.0
8422,423,5355.700375704446,21283.5,8,1,False,0,20220531,1,8.0
8423,424,5806.541916167665,1199.3179640718563,2,0,True,0,20220531,1,8.0
8424,425,5806.328331332533,1727.2454981992796,1,0,True,0,20220531,1,8.0
8425,426,5806.901257861635,2262.9616352201256,0,0,False,0,20220531,1,8.0
8426,427,5807.019426180514,2799.4067543335327,0,0,False,0,20220531,1,8.0
8427,428,5807.204504504504,3335.262162162162,1,0,False,0,20220531,1,8.0
8428,429,5807.705771643664,3871.5,1,0,False,0,20220531,1,8.0
8429,430,5807.308383233533,4407.317964071856,1,0,False,0,20220531,1,8.0
8430,431,5807.397049591965,4943.407093534212,2,0,True,0,20220531,1,8.0
8431,432,5807.5,5479.136363636364,2,1,True,0,20220531,1,8.0
8432,433,5807.5,6011.5,0,0,False,0,20220531,1,8.0
8433,434,5807.317964071856,6544.223353293413,0,0,False,0,20220531,1,8.0
8434,435,5807.303921568628,7083.318627450981,3,26,False,0,20220531,1,8.0
8435,436,5807.5,7623.136363636364,4,1,False,0,20220531,1,8.0
8436,437,5807.5,8151.5,0,0,False,0,20220531,1,8.0
8437,438,5807.5,8694.951572327043,1,0,False,0,20220531,1,8.0
8438,439,5807.399448191293,9219.956161863887,0,0,True,0,20220531,1,8.0
8439,440,5807.303921568628,9755.68137254902,0,0,True,0,20220531,1,8.0
8440,441,5807.5,10291.863190184047,2,0,False,0,20220531,1,8.0
8441,442,5807.5,10827.863190184047,2,0,True,0,20220531,1,8.0
8442,443,5807.5,11374.602040816326,2,2,True,0,20220531,1,8.0
8443,444,5807.691616766467,11903.317964071855,3,0,True,0,20220531,1,8.0
8444,445,5807.600551808707,12443.043838136113,0,0,False,0,20220531,1,8.0
8445,446,5807.696078431372,12971.68137254902,0,0,True,0,20220531,1,8.0
8446,447,5807.5,13503.863636363636,1,0,True,0,20220531,1,8.0
8447,448,5807.780407429598,14040.130317555422,1,0,True,0,20220531,1,8.0
8448,449,5807.5,14579.5,4,1,False,0,20220531,1,8.0
8449,450,5807.5,15115.5,1,0,False,0,20220531,1,8.0
8450,451,5807.308383233533,15647.682035928145,0,0,False,0,20220531,1,8.0
8451,452,5807.219592570402,16190.869682444578,3,2,False,0,20220531,1,8.0
8452,453,5807.203975535168,16731.225993883792,2,0,False,0,20220531,1,8.0
8453,454,5808.315897136177,17266.518118059616,3,2,False,0,20220531,1,8.0
8454,455,5807.5,17795.5,1,0,False,0,20220531,1,8.0
8455,456,5807.598027495517,18335.04333532576,4,0,False,0,20220531,1,8.0
8456,457,5807.686915887851,18867.317757009347,3,1,False,0,20220531,1,8.0
8457,458,5807.399694189602,19403.59296636085,2,0,False,0,20220531,1,8.0
8458,459,5807.600551808707,19947.04383813612,0,0,False,0,20220531,1,8.0
8459,460,5807.322429906542,20482.59813084112,0,0,False,0,20220531,1,8.0
8460,461,5807.600551808707,21019.04383813612,2,2,True,0,20220531,1,8.0
8461,462,6248.491920447483,929.41671845867,0,0,True,0,20220531,1,8.0
8462,463,6250.684516129032,1463.5,5,0,False,0,20220531,1,8.0
8463,464,6250.062461538461,1999.2710769230769,0,0,False,0,20220531,1,8.0
8464,465,6246.90797940798,2531.5,0,1,False,0,20220531,1,8.0
8465,466,6251.103761755486,3067.6855799373043,0,0,False,0,20220531,1,8.0
8466,467,6251.402379499695,3607.4048200122015,0,0,False,0,20220531,1,8.0
8467,468,6251.30905752754,4135.686046511628,1,0,False,0,20220531,1,8.0
8468,469,6251.788685015291,4679.21865443425,0,0,True,0,20220531,1,8.0
8469,470,6251.882352941177,5207.5,3,0,False,0,20220531,1,8.0
8470,471,6251.600250626567,5747.4047619047615,0,0,False,0,20220531,1,8.0
8471,472,6251.600250626567,6275.595238095239,3,1,True,0,20220531,1,8.0
8472,473,6251.5,6815.1274509803925,0,0,True,0,20220531,1,8.0
8473,474,6251.5,7351.5,2,0,True,0,20220531,1,8.0
8474,475,6251.6027617212585,7887.404945407836,3,2,False,0,20220531,1,8.0
8475,476,6251.773053892216,8426.853293413174,3,2,False,0,20220531,1,8.0
8476,477,6251.5,8951.690231362469,1,0,False,0,20220531,1,8.0
8477,478,6251.5,9487.872549019608,2,1,False,0,20220531,1,8.0
8478,479,6251.5,10023.872549019608,2,0,False,0,20220531,1,8.0
8479,480,6251.69094247246,10559.686046511628,1,0,False,0,20220531,1,8.0
8480,481,6251.87298266587,11099.5,0,0,True,0,20220531,1,8.0
8481,482,6251.6027617212585,11639.404945407836,4,3,False,0,20220531,1,8.0
8482,483,6251.597979179424,12175.032149418248,0,0,False,0,20220531,1,8.0
8483,484,6251.796110414053,12707.218946047678,1,0,True,0,20220531,1,8.0
8484,485,6251.896238244514,13235.685579937304,5,17,False,0,20220531,1,8.0
8485,486,6251.600125156446,13771.595118898624,7,1,False,0,20220531,1,8.0
8486,487,6251.795739348371,14307.780701754386,1,0,False,0,20220531,1,8.0
8487,488,6251.5,14851.309643080776,8,0,False,0,20220531,1,8.0
8488,489,6251.600250626567,15379.40476190476,1,0,False,0,20220531,1,8.0
8489,490,6251.5,15919.5,1,1,False,0,20220531,1,8.0
8490,491,6251.5,16462.389434889436,3,0,False,0,20220531,1,8.0
8491,492,6251.5,16995.30964308078,0,0,False,0,20220531,1,8.0
8492,493,6251.605540897098,17531.405013192612,2,1,False,0,20220531,1,8.0
8493,494,6251.5,18066.93753923415,3,5,False,0,20220531,1,8.0
8494,495,6251.5,18599.5,3,2,False,0,20220531,1,8.0
8495,496,6251.5,19139.30964308078,1,3,False,0,20220531,1,8.0
8496,497,6251.5,19675.12701733413,0,0,False,0,20220531,1,8.0
8497,498,6251.5,20211.30964308078,6,3,False,0,20220531,1,8.0
8498,499,6251.399874843554,20755.40488110137,6,2,True,0,20220531,1,8.0
8499,500,6251.600250626567,21283.404761904763,10,8,True,0,20220531,1,8.0
8500,1,899.004835589942,1464.1473243068988,1,0,True,1,20220531,2,8.0
8501,2,898.7570725707257,2000.5971709717096,1,0,False,1,20220531,2,8.0
8502,3,899.2132075471698,2532.3352201257862,0,0,False,1,20220531,2,8.0
8503,4,899.2132075471698,3068.3352201257862,0,0,False,1,20220531,2,8.0
8504,5,899.4020208205757,3607.967850581752,0,0,True,1,20220531,2,8.0
8505,6,899.2204169221336,4136.33629675046,0,0,False,1,20220531,2,8.0
8506,7,899.4020208205757,4679.967850581751,1,0,False,1,20220531,2,8.0
8507,8,899.7795830778664,5208.33629675046,2,0,False,1,20220531,2,8.0
8508,9,899.6956112852664,5747.876175548589,1,1,False,1,20220531,2,8.0
8509,10,899.204260651629,6275.7807017543855,5,0,False,1,20220531,2,8.0
8510,11,899.8779141104294,6816.241104294479,3,0,True,1,20220531,2,8.0
8511,12,900.0686274509804,7352.053921568628,0,0,False,1,20220531,2,8.0
8512,13,900.3051612903225,7887.866451612903,0,0,False,1,20220531,2,8.0
8513,14,900.6003003003003,8428.206306306307,1,0,False,1,20220531,2,8.0
8514,15,900.0979381443299,8952.051546391753,0,0,False,1,20220531,2,8.0
8515,16,900.2429274292743,9488.59717097171,0,0,False,1,20220531,2,8.0
8516,17,901.4233621755252,10024.187268232386,2,0,False,1,20220531,2,8.0
8517,18,901.0743368291178,10560.657310302282,0,0,False,1,20220531,2,8.0
8518,19,900.5989802039592,11100.224655068989,0,0,False,1,20220531,2,8.0
8519,20,899.7005141388174,11639.690231362469,0,0,False,1,20220531,2,8.0
8520,21,901.428306551298,12176.889369592089,1,3,False,1,20220531,2,8.0
8521,22,900.3805031446541,12707.771698113207,3,6,False,1,20220531,2,8.0
8522,23,900.3564231738035,13236.502518891688,1,2,False,1,20220531,2,8.0
8523,24,899.9824120603015,13772.14824120603,1,0,False,1,20220531,2,8.0
8524,25,900.1607818411097,14308.690416141237,0,0,False,1,20220531,2,8.0
8525,26,899.896238244514,14851.685579937304,0,1,False,1,20220531,2,8.0
8526,27,899.9824120603015,15380.14824120603,0,0,False,1,20220531,2,8.0
8527,28,899.7795830778664,15920.33629675046,0,0,False,1,20220531,2,8.0
8528,29,899.6909424724602,16463.68604651163,0,0,False,1,20220531,2,8.0
8529,30,899.6956112852664,16995.87617554859,0,1,False,1,20220531,2,8.0
8530,31,899.6055408970976,17531.594986807388,2,0,False,1,20220531,2,8.0
8531,32,899.5,18067.5,4,0,False,1,20220531,2,8.0
8532,33,899.5,18599.690231362467,0,0,False,1,20220531,2,8.0
8533,34,899.6002506265664,19139.404761904763,0,0,False,1,20220531,2,8.0
8534,35,900.1467065868263,19675.226946107785,2,1,False,1,20220531,2,8.0
8535,36,900.0925925925926,20211.5,4,2,False,1,20220531,2,8.0
8536,37,900.1842767295598,20754.86603773585,1,0,False,1,20220531,2,8.0
8537,38,903.89588688946,21283.309768637533,1,0,True,1,20220531,2,8.0
8538,39,1342.8345888261142,1199.9695543000628,0,0,False,1,20220531,2,8.0
8539,40,1343.293710691824,1728.4610062893082,1,1,False,1,20220531,2,8.0
8540,41,1343.1967699406723,2263.78740936058,0,0,False,1,20220531,2,8.0
8541,42,1343.2115987460816,2799.7884012539184,1,0,True,1,20220531,2,8.0
8542,43,1343.211959924859,3335.788040075141,0,0,True,1,20220531,2,8.0
8543,44,1343.5,3871.694993412385,0,0,True,1,20220531,2,8.0
8544,45,1343.5,4407.6952440550685,0,0,False,1,20220531,2,8.0
8545,46,1343.5,4943.5,0,0,False,1,20220531,2,8.0
8546,47,1343.5975609756097,5479.59756097561,1,0,False,1,20220531,2,8.0
8547,48,1343.5951768488746,6011.788102893891,4,1,True,1,20220531,2,8.0
8548,49,1343.7790697674418,6544.357322438717,1,0,False,1,20220531,2,8.0
8549,50,1343.7002567394095,7083.5,2,0,True,1,20220531,2,8.0
8550,51,1344.0771643663738,7623.5,0,0,False,1,20220531,2,8.0
8551,52,1343.7884012539184,8151.788401253919,7,20,False,1,20220531,2,8.0
8552,53,1343.705533596838,8695.5,0,0,False,1,20220531,2,8.0
8553,54,1343.6953727506427,9219.885604113111,1,0,False,1,20220531,2,8.0
8554,55,1343.89588688946,9755.690231362469,0,1,False,1,20220531,2,8.0
8555,56,1343.399935856318,10291.597498396408,0,0,False,1,20220531,2,8.0
8556,57,1344.0824742268042,10828.067010309278,0,0,False,1,20220531,2,8.0
8557,58,1344.4319899244333,11374.568010075567,1,0,False,1,20220531,2,8.0
8558,59,1343.8859649122808,11903.690476190475,2,2,False,1,20220531,2,8.0
8559,60,1343.89588688946,12443.309768637531,2,0,False,1,20220531,2,8.0
8560,61,1343.89588688946,12971.690231362469,1,0,False,1,20220531,2,8.0
8561,62,1343.690476190476,13503.88596491228,2,1,False,1,20220531,2,8.0
8562,63,1343.8859649122808,14039.690476190475,1,0,False,1,20220531,2,8.0
8563,64,1343.4044703000611,14579.402020820577,0,0,False,1,20220531,2,8.0
8564,65,1343.6953727506427,15115.885604113111,0,0,False,1,20220531,2,8.0
8565,66,1343.690476190476,15647.88596491228,1,0,False,1,20220531,2,8.0
8566,67,1343.7884012539184,16191.788401253918,2,1,False,1,20220531,2,8.0
8567,68,1343.399935856318,16731.402501603592,0,0,False,1,20220531,2,8.0
8568,69,1343.6865030674846,17267.308588957054,2,0,False,1,20220531,2,8.0
8569,70,1343.5955296999389,17795.98009797918,0,0,False,1,20220531,2,8.0
8570,71,1343.5975609756097,18335.40243902439,1,0,False,1,20220531,2,8.0
8571,72,1343.5,18867.88235294117,1,0,False,1,20220531,2,8.0
8572,73,1343.5,19403.5,1,0,False,1,20220531,2,8.0
8573,74,1343.89588688946,19947.309768637533,2,0,False,1,20220531,2,8.0
8574,75,1344.0539215686274,20482.93137254902,0,0,False,1,20220531,2,8.0
8575,76,1344.1825499034128,21019.03122987765,0,0,False,1,20220531,2,8.0
8576,77,1786.8558696988323,928.6923786109404,1,1,False,1,20220531,2,8.0
8577,78,1786.6937984496124,1464.37338501292,2,1,False,1,20220531,2,8.0
8578,79,1786.9313725490197,2000.053921568628,1,0,False,1,20220531,2,8.0
8579,80,1787.2038895859473,2531.781053952321,0,1,False,1,20220531,2,8.0
8580,81,1786.442065491184,3068.3110831234258,0,0,False,1,20220531,2,8.0
8581,82,1787.970300061237,3608.149112063688,0,0,True,1,20220531,2,8.0
8582,83,1787.5979791794243,4135.967850581751,0,0,False,1,20220531,2,8.0
8583,84,1787.2204169221336,4679.772225628449,0,0,False,1,20220531,2,8.0
8584,85,1787.029699938763,5208.149112063687,2,0,False,1,20220531,2,8.0
8585,86,1787.882149591452,5748.053111250786,0,0,False,1,20220531,2,8.0
8586,87,1787.9753476611884,6276.870417193426,2,0,True,1,20220531,2,8.0
8587,88,1788.0700245700243,6816.055282555282,3,0,False,1,20220531,2,8.0
8588,89,1788.0686274509803,7352.053921568628,2,0,False,1,20220531,2,8.0
8589,90,1787.9066924066924,7887.685328185328,1,0,False,1,20220531,2,8.0
8590,91,1788.4214157168567,8427.5,3,0,False,1,20220531,2,8.0
8591,92,1788.8411003236247,8951.057281553398,1,1,False,1,20220531,2,8.0
8592,93,1788.9590264941469,9488.74460874923,0,0,False,1,20220531,2,8.0
8593,94,1788.5325752919484,10024.31868469576,0,0,False,1,20220531,2,8.0
8594,95,1789.3282890673256,10560.925571340333,0,0,False,1,20220531,2,8.0
8595,96,1788.2420706163973,11099.868641532015,0,0,False,1,20220531,2,8.0
8596,97,1788.1082474226805,11639.5,1,0,False,1,20220531,2,8.0
8597,98,1788.8382533825338,12175.657441574416,0,0,False,1,20220531,2,8.0
8598,99,1788.3636363636365,13236.671717171715,2,0,False,1,20220531,2,8.0
8599,100,1788.083280955374,13772.053111250783,5,0,False,1,20220531,2,8.0
8600,101,1788.26214511041,14308.5952681388,2,0,False,1,20220531,2,8.0
8601,102,1788.0925925925926,14851.5,3,0,False,1,20220531,2,8.0
8602,103,1787.887665198238,15380.240088105727,2,0,False,1,20220531,2,8.0
8603,104,1787.8779141104294,15920.24110429448,0,0,False,1,20220531,2,8.0
8604,105,1787.7886850152904,16463.409480122325,3,0,False,1,20220531,2,8.0
8605,106,1787.795739348371,16995.780701754386,0,0,False,1,20220531,2,8.0
8606,107,1787.9177131526767,17531.68506278916,2,0,False,1,20220531,2,8.0
8607,108,1787.7003757044458,18067.5,1,0,False,1,20220531,2,8.0
8608,109,1787.6027617212587,18599.59505459217,0,0,False,1,20220531,2,8.0
8609,110,1787.896238244514,19139.314420062696,1,0,False,1,20220531,2,8.0
8610,111,1788.4214157168567,19675.5,5,0,False,1,20220531,2,8.0
8611,112,1788.0925925925926,20211.5,0,1,False,1,20220531,2,8.0
8612,113,1788.083280955374,20754.94688874921,1,0,False,1,20220531,2,8.0
8613,114,1788.294468887492,21283.5,0,0,True,1,20220531,2,8.0
8614,115,1791.89588688946,12707.309768637531,2,0,False,1,20220531,2,8.0
8615,116,2231.304755944931,1199.5,0,0,True,1,20220531,2,8.0
8616,117,2231.6907151819323,1727.8764115432873,4,0,False,1,20220531,2,8.0
8617,118,2231.5,2263.5,2,0,False,1,20220531,2,8.0
8618,119,2231.5,2799.5,0,0,False,1,20220531,2,8.0
8619,120,2231.5,3335.5,1,0,False,1,20220531,2,8.0
8620,121,2231.5,3871.5,0,0,False,1,20220531,2,8.0
8621,122,2231.695244055069,4407.5,2,2,False,1,20220531,2,8.0
8622,123,2231.5,4943.5,1,0,True,1,20220531,2,8.0
8623,124,2231.5,5479.5,0,0,False,1,20220531,2,8.0
8624,125,2231.6000641436817,6011.402501603592,0,0,False,1,20220531,2,8.0
8625,126,2231.690476190476,6543.8859649122805,0,0,False,1,20220531,2,8.0
8626,127,2231.89588688946,7083.690231362468,2,0,False,1,20220531,2,8.0
8627,128,2232.077164366374,7623.5,0,0,False,1,20220531,2,8.0
8628,129,2231.8859649122805,8151.690476190476,0,0,False,1,20220531,2,8.0
8629,130,2232.1076618229854,8695.5,1,1,True,1,20220531,2,8.0
8630,131,2231.79543994862,9219.787732819525,0,0,False,1,20220531,2,8.0
8631,132,2232.182549903413,9755.968770122345,2,0,False,1,20220531,2,8.0
8632,133,2232.182549903413,10291.968770122345,2,0,True,1,20220531,2,8.0
8633,134,2232.082474226804,10828.067010309278,1,0,True,1,20220531,2,8.0
8634,135,2231.6902377972465,11375.304755944931,0,0,False,1,20220531,2,8.0
8635,136,2232.165411173886,11903.969554300063,2,1,False,1,20220531,2,8.0
8636,137,2231.7002567394097,12443.5,1,0,False,1,20220531,2,8.0
8637,138,2232.0817245817248,12972.06628056628,3,0,False,1,20220531,2,8.0
8638,139,2232.3332284455632,13504.529578351165,4,30,False,1,20220531,2,8.0
8639,140,2232.3332284455632,14040.529578351165,4,0,False,1,20220531,2,8.0
8640,141,2232.241104294478,14579.87791411043,0,0,False,1,20220531,2,8.0
8641,142,2232.0817245817248,15116.06628056628,2,0,False,1,20220531,2,8.0
8642,143,2231.9695543000626,15648.165411173886,0,0,False,1,20220531,2,8.0
8643,144,2231.8859649122805,16191.690476190475,0,0,False,1,20220531,2,8.0
8644,145,2231.7002567394097,16731.5,0,0,False,1,20220531,2,8.0
8645,146,2232.241104294478,17267.681595092025,1,0,False,1,20220531,2,8.0
8646,147,2232.053921568628,17796.06862745098,0,0,False,1,20220531,2,8.0
8647,148,2231.8859649122805,18335.69047619048,0,0,False,1,20220531,2,8.0
8648,149,2232.33629675046,18867.220416922133,1,0,False,1,20220531,2,8.0
8649,150,2231.79543994862,19403.787732819525,1,0,False,1,20220531,2,8.0
8650,151,2231.89588688946,19947.309768637533,0,0,False,1,20220531,2,8.0
8651,152,2232.33629675046,20483.220416922133,1,0,False,1,20220531,2,8.0
8652,153,2231.89588688946,21019.309768637533,2,2,False,1,20220531,2,8.0
8653,154,2674.93137254902,928.0539215686274,1,3,False,1,20220531,2,8.0
8654,155,2677.859493670886,1462.4012658227848,0,0,False,1,20220531,2,8.0
8655,156,2675.406919779547,1999.776791181874,0,0,False,1,20220531,2,8.0
8656,157,2674.90666247643,2531.489943431804,0,0,False,1,20220531,2,8.0
8657,158,2675.1173694147265,3068.04877281309,0,0,False,1,20220531,2,8.0
8658,159,2674.6416309012875,3607.7722256284487,0,0,False,1,20220531,2,8.0
8659,160,2678.221252257676,4135.150812763395,0,0,False,1,20220531,2,8.0
8660,161,2679.5,4679.5,0,0,False,1,20220531,2,8.0
8661,162,2678.2738452309536,5208.111877624475,0,0,False,1,20220531,2,8.0
8662,163,2679.5,5747.5,0,0,False,1,20220531,2,8.0
8663,164,2680.4987699877,6275.849323493235,3,0,False,1,20220531,2,8.0
8664,165,2679.882775119617,6815.5,1,0,False,1,20220531,2,8.0
8665,166,2680.2616766467067,7351.859281437126,0,0,False,1,20220531,2,8.0
8666,167,2680.236225087925,8427.317116060962,1,0,False,1,20220531,2,8.0
8667,168,2679.907035175879,8951.680904522613,1,0,False,1,20220531,2,8.0
8668,169,2679.211389385808,9487.774299344066,4,1,False,1,20220531,2,8.0
8669,170,2680.0693779904304,10024.04066985646,2,0,False,1,20220531,2,8.0
8670,171,2681.5253470126736,10560.709414604707,1,0,False,1,20220531,2,8.0
8671,172,2680.147574517826,11099.766510812393,0,0,True,1,20220531,2,8.0
8672,173,2680.1638705811865,12175.766027561414,0,0,False,1,20220531,2,8.0
8673,174,2680.093137254902,12707.5,3,0,False,1,20220531,2,8.0
8674,175,2680.0840490797545,13236.039877300613,0,0,False,1,20220531,2,8.0
8675,176,2679.796024464832,13771.774006116208,0,0,False,1,20220531,2,8.0
8676,177,2680.459409594096,14308.385608856088,0,0,False,1,20220531,2,8.0
8677,178,2679.896572827417,14851.681150550796,0,6,False,1,20220531,2,8.0
8678,179,2680.0840490797545,15380.039877300613,0,0,False,1,20220531,2,8.0
8679,180,2680.0693779904304,15920.04066985646,0,0,False,1,20220531,2,8.0
8680,181,2679.980573819486,16463.406754333533,0,0,False,1,20220531,2,8.0
8681,182,2679.896572827417,16995.681150550794,1,0,False,1,20220531,2,8.0
8682,183,2679.605602060528,17531.592723760463,0,0,False,1,20220531,2,8.0
8683,184,2679.9935543278084,18067.58348680172,0,0,False,1,20220531,2,8.0
8684,185,2679.80923947203,18599.42206159648,0,0,False,1,20220531,2,8.0
8685,186,2680.1876155268023,19139.214109673445,0,0,False,1,20220531,2,8.0
8686,187,2680.4227166276346,19675.5,2,0,False,1,20220531,2,8.0
8687,188,2679.700488997555,20211.5,1,0,False,1,20220531,2,8.0
8688,189,2679.7963870177587,20755.22565829761,1,0,False,1,20220531,2,8.0
8689,190,2680.093137254902,21283.5,2,2,False,1,20220531,2,8.0
8690,191,2683.602761721259,7887.595054592164,0,0,False,1,20220531,2,8.0
8691,192,2683.9025806451614,11639.5,1,0,False,1,20220531,2,8.0
8692,193,3130.359950859951,1199.5,0,0,False,1,20220531,2,8.0
8693,194,3125.668888888889,1728.9653968253967,1,0,False,1,20220531,2,8.0
8694,195,3131.397238278741,2263.5950545921646,2,0,False,1,20220531,2,8.0
8695,196,3127.2105097545627,2799.7794210195093,1,1,False,1,20220531,2,8.0
8696,197,3129.775092936803,3336.6995043370507,0,0,False,1,20220531,2,8.0
8697,198,3131.397238278741,3871.5950545921646,0,0,True,1,20220531,2,8.0
8698,199,3130.726600985221,4406.869458128079,2,0,False,1,20220531,2,8.0
8699,200,3130.9945196647323,4943.595422308188,0,0,False,1,20220531,2,8.0
8700,201,3131.402260232132,5479.404703726329,0,0,True,1,20220531,2,8.0
8701,202,3131.203889585948,6011.781053952322,1,0,False,1,20220531,2,8.0
8702,203,3131.1220858895704,6544.241104294479,3,0,False,1,20220531,2,8.0
8703,204,3131.6001251564458,7083.595118898624,0,0,False,1,20220531,2,8.0
8704,205,3131.5,7623.127450980392,2,0,False,1,20220531,2,8.0
8705,206,3131.5,8151.872549019607,0,0,False,1,20220531,2,8.0
8706,207,3131.5,8695.309768637531,3,0,False,1,20220531,2,8.0
8707,208,3131.6956112852663,9219.876175548588,0,0,False,1,20220531,2,8.0
8708,209,3131.7961104140527,9755.781053952322,0,0,False,1,20220531,2,8.0
8709,210,3131.7961104140527,10291.781053952322,1,0,False,1,20220531,2,8.0
8710,211,3131.5,10828.06246076585,1,0,False,1,20220531,2,8.0
8711,212,3131.779926335175,11374.854205033764,3,0,False,1,20220531,2,8.0
8712,213,3131.6909424724604,11903.686046511628,2,0,False,1,20220531,2,8.0
8713,214,3131.6002506265663,12443.40476190476,1,0,False,1,20220531,2,8.0
8714,215,3131.7961104140527,12971.781053952322,1,0,True,1,20220531,2,8.0
8715,216,3131.7795830778664,13504.33629675046,3,0,False,1,20220531,2,8.0
8716,217,3131.7795830778664,14040.33629675046,0,0,False,1,20220531,2,8.0
8717,218,3131.960431654676,14579.960431654676,1,0,False,1,20220531,2,8.0
8718,219,3131.6956112852663,15115.876175548588,0,0,False,1,20220531,2,8.0
8719,220,3131.5,15648.063035495716,2,0,False,1,20220531,2,8.0
8720,221,3131.8823529411766,16191.5,1,1,False,1,20220531,2,8.0
8721,222,3131.5,16731.30964308078,0,0,True,1,20220531,2,8.0
8722,223,3131.6862686567165,17267.313731343285,2,2,False,1,20220531,2,8.0
8723,224,3131.313953488372,17795.68604651163,2,0,False,1,20220531,2,8.0
8724,225,3131.6909424724604,18335.31395348837,1,0,False,1,20220531,2,8.0
8725,226,3131.68671454219,18867.68671454219,0,0,False,1,20220531,2,8.0
8726,227,3131.700375704446,19403.5,1,0,False,1,20220531,2,8.0
8727,228,3131.5,19947.5,0,0,False,1,20220531,2,8.0
8728,229,3131.782634730539,20482.661676646705,0,0,False,1,20220531,2,8.0
8729,230,3131.7961104140527,21019.21894604768,2,0,False,1,20220531,2,8.0
8730,231,3570.6416309012875,927.7722256284488,3,2,False,1,20220531,2,8.0
8731,232,3571.5,1463.5,0,0,True,1,20220531,2,8.0
8732,233,3569.9433497536947,2000.5147783251232,3,0,False,1,20220531,2,8.0
8733,234,3571.3043887147337,2531.1238244514107,0,0,False,1,20220531,2,8.0
8734,235,3571.8962382445143,3067.6855799373043,0,0,False,1,20220531,2,8.0
8735,236,3571.5,3607.309523809524,0,0,True,1,20220531,2,8.0
8736,237,3571.597620500305,4135.595179987798,0,0,False,1,20220531,2,8.0
8737,238,3571.5,4679.5,4,12,False,1,20220531,2,8.0
8738,239,3571.88630806846,5207.6858190709045,0,0,True,1,20220531,2,8.0
8739,240,3571.7961104140527,5747.590338770389,0,0,False,1,20220531,2,8.0
8740,241,3571.8962382445143,6275.314420062696,0,0,True,1,20220531,2,8.0
8741,242,3571.69536019536,6815.5,0,0,False,1,20220531,2,8.0
8742,243,3572.166258420086,7351.041947336191,0,0,False,1,20220531,2,8.0
8743,244,3571.7056555269924,7887.5,0,0,False,1,20220531,2,8.0
8744,245,3572.5167865707435,8427.404076738609,0,0,False,1,20220531,2,8.0
8745,246,3571.9066924066924,8951.685328185327,0,0,True,1,20220531,2,8.0
8746,247,3572.260736196319,9487.86809815951,3,0,False,1,20220531,2,8.0
8747,248,3572.260736196319,10023.86809815951,1,0,False,1,20220531,2,8.0
8748,249,3572.0686274509803,10560.053921568628,2,1,False,1,20220531,2,8.0
8749,250,3574.511180124224,11097.66645962733,2,0,False,1,20220531,2,8.0
8750,251,3572.00998068255,11639.404700579524,1,0,False,1,20220531,2,8.0
8751,252,3572.3583690987125,12175.227774371551,1,0,False,1,20220531,2,8.0
8752,253,3572.0925925925926,12707.5,0,0,False,1,20220531,2,8.0
8753,254,3572.0825486503454,13236.052416823602,0,0,False,1,20220531,2,8.0
8754,255,3571.8962382445143,13771.685579937304,0,0,False,1,20220531,2,8.0
8755,256,3572.183417085427,14307.957286432162,4,2,True,1,20220531,2,8.0
8756,257,3571.700375704446,14851.5,0,0,False,1,20220531,2,8.0
8757,258,3572.183417085427,15379.957286432162,1,0,False,1,20220531,2,8.0
8758,259,3572.3583690987125,15919.772225628449,1,0,False,1,20220531,2,8.0
8759,260,3571.88630806846,16463.314180929094,0,1,False,1,20220531,2,8.0
8760,261,3572.0925925925926,16995.5,0,0,False,1,20220531,2,8.0
8761,262,3571.6055408970974,17531.594986807388,0,0,False,1,20220531,2,8.0
8762,263,3571.6001251564458,18067.40488110137,1,0,False,1,20220531,2,8.0
8763,264,3571.602761721259,18599.59505459217,0,0,False,1,20220531,2,8.0
8764,265,3572.0925925925926,19139.5,3,0,False,1,20220531,2,8.0
8765,266,3572.5167865707435,19675.59592326139,1,0,False,1,20220531,2,8.0
8766,267,3572.0925925925926,20211.5,1,1,False,1,20220531,2,8.0
8767,268,3572.183417085427,20755.04271356784,1,1,False,1,20220531,2,8.0
8768,269,3572.0925925925926,21283.5,0,0,False,1,20220531,2,8.0
8769,270,4023.1235884567127,1199.1135508155585,0,0,False,1,20220531,2,8.0
8770,271,4023.4024390243903,1727.5975609756097,0,0,False,1,20220531,2,8.0
8771,272,4023.5,2263.5,5,0,False,1,20220531,2,8.0
8772,273,4023.5,2799.304755944931,0,0,False,1,20220531,2,8.0
8773,274,4023.22057898049,3335.7794210195093,0,1,False,1,20220531,2,8.0
8774,275,4023.6026991441736,3871.597432521396,2,0,False,1,20220531,2,8.0
8775,276,4023.6911949685536,4407.308805031446,3,0,False,1,20220531,2,8.0
8776,277,4023.3973008558255,4943.597432521396,2,0,False,1,20220531,2,8.0
8777,278,4023.690476190476,5479.11403508772,1,0,False,1,20220531,2,8.0
8778,279,4023.6000641436817,6011.597498396408,0,0,False,1,20220531,2,8.0
8779,280,4023.690476190476,6543.8859649122805,0,0,False,1,20220531,2,8.0
8780,281,4023.7002567394097,7083.5,0,0,False,1,20220531,2,8.0
8781,282,4023.7884012539184,7623.211598746081,0,0,False,1,20220531,2,8.0
8782,283,4023.885964912281,8151.690476190476,1,0,False,1,20220531,2,8.0
8783,284,4023.6026991441736,8695.402567478604,0,0,False,1,20220531,2,8.0
8784,285,4023.7954399486193,9219.787732819525,1,0,False,1,20220531,2,8.0
8785,286,4023.89588688946,9755.690231362469,0,0,False,1,20220531,2,8.0
8786,287,4023.89588688946,10291.690231362469,0,0,False,1,20220531,2,8.0
8787,288,4023.6953727506425,10827.885604113111,0,0,False,1,20220531,2,8.0
8788,289,4023.7884012539184,11375.211598746082,0,0,False,1,20220531,2,8.0
8789,290,4023.885964912281,11903.690476190475,0,0,False,1,20220531,2,8.0
8790,291,4023.7002567394097,12443.5,1,0,True,1,20220531,2,8.0
8791,292,4023.7954399486193,12971.787732819525,0,0,False,1,20220531,2,8.0
8792,293,4023.969554300063,13504.165411173886,2,0,False,1,20220531,2,8.0
8793,294,4023.885964912281,14039.690476190475,0,0,False,1,20220531,2,8.0
8794,295,4023.87652811736,14579.690709046456,2,0,False,1,20220531,2,8.0
8795,296,4023.7954399486193,15115.787732819525,1,1,False,1,20220531,2,8.0
8796,297,4023.5975609756097,15647.40243902439,1,0,False,1,20220531,2,8.0
8797,298,4023.5,16191.5,2,1,False,1,20220531,2,8.0
8798,299,4023.6000641436817,16731.402501603592,0,0,False,1,20220531,2,8.0
8799,300,4023.4048200122015,17267.402379499694,1,0,False,1,20220531,2,8.0
8800,301,4024.053921568628,17796.06862745098,2,1,False,1,20220531,2,8.0
8801,302,4023.695244055069,18335.5,0,1,False,1,20220531,2,8.0
8802,303,4023.5,18867.5,5,1,False,1,20220531,2,8.0
8803,304,4023.6000641436817,19403.597498396408,1,0,False,1,20220531,2,8.0
8804,305,4023.89588688946,19947.309768637533,0,0,False,1,20220531,2,8.0
8805,306,4023.314180929096,20483.11369193154,4,1,False,1,20220531,2,8.0
8806,307,4023.6000641436817,21019.402501603592,0,0,False,1,20220531,2,8.0
8807,308,4467.308588957055,927.6865030674846,0,0,False,1,20220531,2,8.0
8808,309,4467.6027617212585,1463.5950545921644,0,0,False,1,20220531,2,8.0
8809,310,4467.69094247246,1999.686046511628,2,2,False,1,20220531,2,8.0
8810,311,4467.5,2531.5,0,0,False,1,20220531,2,8.0
8811,312,4467.103264281231,3067.133396107972,0,0,False,1,20220531,2,8.0
8812,313,4467.597620500305,3607.5951799877976,0,0,False,1,20220531,2,8.0
8813,314,4468.0700245700245,4135.490171990172,0,0,False,1,20220531,2,8.0
8814,315,4467.790461538461,4678.6704615384615,2,0,False,1,20220531,2,8.0
8815,316,4467.220416922134,5207.772225628449,0,0,False,1,20220531,2,8.0
8816,317,4467.600250626567,5747.4047619047615,1,1,False,1,20220531,2,8.0
8817,318,4467.695611285267,6275.876175548589,0,0,False,1,20220531,2,8.0
8818,319,4468.067931456549,6814.9467564259485,2,0,False,1,20220531,2,8.0
8819,320,4467.69094247246,7351.686046511628,1,0,False,1,20220531,2,8.0
8820,321,4467.705655526992,7887.5,1,0,False,1,20220531,2,8.0
8821,322,4467.9604316546765,8427.039568345324,0,0,False,1,20220531,2,8.0
8822,323,4467.803536977492,8951.78038585209,3,0,False,1,20220531,2,8.0
8823,324,4467.779926335175,9488.145794966236,0,0,False,1,20220531,2,8.0
8824,325,4467.970876762723,10023.958614347026,0,0,False,1,20220531,2,8.0
8825,326,4467.779926335175,10560.145794966236,0,0,False,1,20220531,2,8.0
8826,327,4467.773709483794,11099.773709483794,0,0,False,1,20220531,2,8.0
8827,328,4467.705655526992,11639.5,1,1,False,1,20220531,2,8.0
8828,329,4467.691411042945,12175.313496932517,5,0,False,1,20220531,2,8.0
8829,330,4467.992462311558,12707.404522613066,2,0,False,1,20220531,2,8.0
8830,331,4467.982412060302,13236.14824120603,0,0,False,1,20220531,2,8.0
8831,332,4467.695611285267,13771.876175548588,0,0,False,1,20220531,2,8.0
8832,333,4467.78679245283,14308.335220125786,1,0,False,1,20220531,2,8.0
8833,334,4467.700375704446,14851.5,0,0,False,1,20220531,2,8.0
8834,335,4467.695611285267,15379.876175548588,0,0,False,1,20220531,2,8.0
8835,336,4467.69094247246,15919.686046511628,0,0,False,1,20220531,2,8.0
8836,337,4467.597979179424,16463.03214941825,0,0,False,1,20220531,2,8.0
8837,338,4467.796110414053,16995.590338770387,0,0,False,1,20220531,2,8.0
8838,339,4467.812169312169,17531.589947089946,0,0,False,1,20220531,2,8.0
8839,340,4467.304143126177,18067.314187068423,0,0,False,1,20220531,2,8.0
8840,341,4467.6027617212585,18599.59505459217,0,0,False,1,20220531,2,8.0
8841,342,4467.992462311558,19139.59547738693,0,0,False,1,20220531,2,8.0
8842,343,4467.9604316546765,19675.586330935253,1,0,False,1,20220531,2,8.0
8843,344,4467.992462311558,20211.404522613066,2,3,False,1,20220531,2,8.0
8844,345,4467.695611285267,20755.87617554859,0,0,False,1,20220531,2,8.0
8845,346,4467.600250626567,21283.404761904763,0,0,False,1,20220531,2,8.0
8846,347,4910.279048765804,1198.8762793497892,0,0,False,1,20220531,2,8.0
8847,348,4909.975961538462,1726.3557692307693,1,0,False,1,20220531,2,8.0
8848,349,4911.294228356336,2263.5,5,2,False,1,20220531,2,8.0
8849,350,4910.738323353294,2799.859281437126,2,0,False,1,20220531,2,8.0
8850,351,4910.551497005988,3335.32754491018,0,0,False,1,20220531,2,8.0
8851,352,4911.092964824121,3871.680904522613,0,0,True,1,20220531,2,8.0
8852,353,4911.308383233533,4407.317964071856,2,0,False,1,20220531,2,8.0
8853,354,4911.298994974874,4943.133165829146,0,0,False,1,20220531,2,8.0
8854,355,4911.308841099164,5479.318399044206,1,0,False,1,20220531,2,8.0
8855,356,4911.696078431372,6011.318627450981,1,0,False,1,20220531,2,8.0
8856,357,4911.308383233533,6543.682035928144,4,1,False,1,20220531,2,8.0
8857,358,4911.796387017759,7083.225658297612,3,0,False,1,20220531,2,8.0
8858,359,4912.070743405276,7622.958033573142,0,0,False,1,20220531,2,8.0
8859,360,4911.5,8151.5,0,0,False,1,20220531,2,8.0
8860,361,4911.5,8694.951572327043,0,0,False,1,20220531,2,8.0
8861,362,4911.696078431372,9219.68137254902,4,0,False,1,20220531,2,8.0
8862,363,4911.69656019656,9755.681818181818,0,0,False,1,20220531,2,8.0
8863,364,4911.5,10291.863190184047,2,0,False,1,20220531,2,8.0
8864,365,4911.5,10827.863190184047,0,0,False,1,20220531,2,8.0
8865,366,4911.5,11374.602040816326,1,0,False,1,20220531,2,8.0
8866,367,4911.780407429598,11902.869682444578,0,0,False,1,20220531,2,8.0
8867,368,4911.600551808707,12443.043838136113,0,0,False,1,20220531,2,8.0
8868,369,4911.696078431372,12971.68137254902,1,0,False,1,20220531,2,8.0
8869,370,4911.780407429598,13504.130317555422,1,0,False,1,20220531,2,8.0
8870,371,4911.780407429598,14040.130317555422,0,0,False,1,20220531,2,8.0
8871,372,4911.774165202109,14579.232864674868,1,0,False,1,20220531,2,8.0
8872,373,4911.696078431372,15115.68137254902,0,0,False,1,20220531,2,8.0
8873,374,4911.780407429598,15648.130317555422,0,0,False,1,20220531,2,8.0
8874,375,4911.5,16191.136363636364,2,0,False,1,20220531,2,8.0
8875,376,4911.5,16731.5,1,0,False,1,20220531,2,8.0
8876,377,4911.869158878505,17266.77570093458,2,0,False,1,20220531,2,8.0
8877,378,4911.877182770663,17795.681606519207,2,0,False,1,20220531,2,8.0
8878,379,4912.261676646706,18335.32754491018,2,0,False,1,20220531,2,8.0
8879,380,4912.056725146199,18867.49064327485,3,1,False,1,20220531,2,8.0
8880,381,4911.696078431372,19403.68137254902,1,0,False,1,20220531,2,8.0
8881,382,4911.796387017759,19947.22565829761,1,0,False,1,20220531,2,8.0
8882,383,4911.961088355763,20483.050614394386,0,0,False,1,20220531,2,8.0
8883,384,4911.888206388207,21018.77764127764,0,0,False,1,20220531,2,8.0
8884,385,5354.359950859951,927.5,1,0,False,1,20220531,2,8.0
8885,386,5355.3972382787415,1463.4049454078356,0,0,True,1,20220531,2,8.0
8886,387,5354.355036855037,1999.8341523341523,1,0,False,1,20220531,2,8.0
8887,388,5355.103761755486,2531.314420062696,0,0,False,1,20220531,2,8.0
8888,389,5355.299624295554,3067.5,1,0,False,1,20220531,2,8.0
8889,390,5355.5,3607.309523809524,0,0,False,1,20220531,2,8.0
8890,391,5355.5,4135.5,0,0,False,1,20220531,2,8.0
8891,392,5355.87791411043,4678.758895705521,0,0,False,1,20220531,2,8.0
8892,393,5355.69094247246,5207.313953488372,0,0,False,1,20220531,2,8.0
8893,394,5355.695611285267,5747.123824451411,0,0,False,1,20220531,2,8.0
8894,395,5355.600250626567,6275.4047619047615,1,2,False,1,20220531,2,8.0
8895,396,5355.5,6815.1274509803925,25,12,True,1,20220531,2,8.0
8896,397,5355.597739767868,7351.404703726329,0,0,False,1,20220531,2,8.0
8897,398,5355.6027617212585,7887.404945407836,0,0,False,1,20220531,2,8.0
8898,399,5355.868641532017,8426.757929383602,1,0,False,1,20220531,2,8.0
8899,400,5355.6027617212585,8951.595054592164,1,0,False,1,20220531,2,8.0
8900,401,5355.69094247246,9487.686046511628,0,0,True,1,20220531,2,8.0
8901,402,5355.882352941177,10023.5,0,0,False,1,20220531,2,8.0
8902,403,5355.788685015291,10559.781345565749,2,1,False,1,20220531,2,8.0
8903,404,5355.87298266587,11099.5,1,0,False,1,20220531,2,8.0
8904,405,5355.803536977492,11639.21961414791,0,0,False,1,20220531,2,8.0
8905,406,5355.788685015291,12175.218654434251,1,0,False,1,20220531,2,8.0
8906,407,5355.796110414053,12707.218946047678,1,1,False,1,20220531,2,8.0
8907,408,5355.896238244514,13235.685579937304,1,0,False,1,20220531,2,8.0
8908,409,5355.700375704446,13771.5,1,0,False,1,20220531,2,8.0
8909,410,5355.796110414053,14307.781053952322,1,0,False,1,20220531,2,8.0
8910,411,5355.600125156446,14851.404881101376,1,0,False,1,20220531,2,8.0
8911,412,5355.700375704446,15379.5,0,0,False,1,20220531,2,8.0
8912,413,5355.88630806846,15919.685819070904,0,0,False,1,20220531,2,8.0
8913,414,5355.5,16462.936964504283,0,0,False,1,20220531,2,8.0
8914,415,5355.896238244514,16995.314420062696,0,0,False,1,20220531,2,8.0
8915,416,5355.917713152677,17531.31493721084,2,1,True,1,20220531,2,8.0
8916,417,5355.795739348371,18067.21929824561,0,0,False,1,20220531,2,8.0
8917,418,5355.6027617212585,18599.59505459217,0,0,False,1,20220531,2,8.0
8918,419,5355.700375704446,19139.5,1,0,False,1,20220531,2,8.0
8919,420,5355.968339307049,19675.40442054958,0,0,False,1,20220531,2,8.0
8920,421,5355.600125156446,20211.40488110137,1,0,False,1,20220531,2,8.0
8921,422,5355.795739348371,20755.21929824561,0,0,False,1,20220531,2,8.0
8922,423,5355.700375704446,21283.5,0,0,False,1,20220531,2,8.0
8923,424,5806.541916167665,1199.3179640718563,2,1,False,1,20220531,2,8.0
8924,425,5806.328331332533,1727.2454981992796,4,0,False,1,20220531,2,8.0
8925,426,5806.901257861635,2262.9616352201256,1,0,False,1,20220531,2,8.0
8926,427,5807.019426180514,2799.4067543335327,1,0,False,1,20220531,2,8.0
8927,428,5807.204504504504,3335.262162162162,0,0,False,1,20220531,2,8.0
8928,429,5807.705771643664,3871.5,1,0,False,1,20220531,2,8.0
8929,430,5807.308383233533,4407.317964071856,2,1,False,1,20220531,2,8.0
8930,431,5807.397049591965,4943.407093534212,1,0,False,1,20220531,2,8.0
8931,432,5807.5,5479.136363636364,2,0,False,1,20220531,2,8.0
8932,433,5807.5,6011.5,2,0,False,1,20220531,2,8.0
8933,434,5807.317964071856,6544.223353293413,1,0,False,1,20220531,2,8.0
8934,435,5807.303921568628,7083.318627450981,1,0,True,1,20220531,2,8.0
8935,436,5807.5,7623.136363636364,0,0,False,1,20220531,2,8.0
8936,437,5807.5,8151.5,0,1,False,1,20220531,2,8.0
8937,438,5807.5,8694.951572327043,0,0,False,1,20220531,2,8.0
8938,439,5807.399448191293,9219.956161863887,1,0,False,1,20220531,2,8.0
8939,440,5807.303921568628,9755.68137254902,0,0,True,1,20220531,2,8.0
8940,441,5807.5,10291.863190184047,0,0,False,1,20220531,2,8.0
8941,442,5807.5,10827.863190184047,2,1,False,1,20220531,2,8.0
8942,443,5807.5,11374.602040816326,0,0,False,1,20220531,2,8.0
8943,444,5807.691616766467,11903.317964071855,1,0,False,1,20220531,2,8.0
8944,445,5807.600551808707,12443.043838136113,1,0,False,1,20220531,2,8.0
8945,446,5807.696078431372,12971.68137254902,1,0,True,1,20220531,2,8.0
8946,447,5807.5,13503.863636363636,1,0,False,1,20220531,2,8.0
8947,448,5807.780407429598,14040.130317555422,2,1,False,1,20220531,2,8.0
8948,449,5807.5,14579.5,0,0,False,1,20220531,2,8.0
8949,450,5807.5,15115.5,3,0,False,1,20220531,2,8.0
8950,451,5807.308383233533,15647.682035928145,2,2,False,1,20220531,2,8.0
8951,452,5807.219592570402,16190.869682444578,4,0,False,1,20220531,2,8.0
8952,453,5807.203975535168,16731.225993883792,0,0,False,1,20220531,2,8.0
8953,454,5808.315897136177,17266.518118059616,0,0,False,1,20220531,2,8.0
8954,455,5807.5,17795.5,2,1,False,1,20220531,2,8.0
8955,456,5807.598027495517,18335.04333532576,0,0,False,1,20220531,2,8.0
8956,457,5807.686915887851,18867.317757009347,0,0,False,1,20220531,2,8.0
8957,458,5807.399694189602,19403.59296636085,1,0,False,1,20220531,2,8.0
8958,459,5807.600551808707,19947.04383813612,0,0,False,1,20220531,2,8.0
8959,460,5807.322429906542,20482.59813084112,0,0,False,1,20220531,2,8.0
8960,461,5807.600551808707,21019.04383813612,0,0,False,1,20220531,2,8.0
8961,462,6248.491920447483,929.41671845867,1,0,True,1,20220531,2,8.0
8962,463,6250.684516129032,1463.5,1,0,True,1,20220531,2,8.0
8963,464,6250.062461538461,1999.2710769230769,1,0,True,1,20220531,2,8.0
8964,465,6246.90797940798,2531.5,1,0,False,1,20220531,2,8.0
8965,466,6251.103761755486,3067.6855799373043,2,0,False,1,20220531,2,8.0
8966,467,6251.402379499695,3607.4048200122015,0,0,True,1,20220531,2,8.0
8967,468,6251.30905752754,4135.686046511628,0,0,False,1,20220531,2,8.0
8968,469,6251.788685015291,4679.21865443425,2,0,False,1,20220531,2,8.0
8969,470,6251.882352941177,5207.5,2,0,False,1,20220531,2,8.0
8970,471,6251.600250626567,5747.4047619047615,0,0,False,1,20220531,2,8.0
8971,472,6251.600250626567,6275.595238095239,0,0,False,1,20220531,2,8.0
8972,473,6251.5,6815.1274509803925,2,1,False,1,20220531,2,8.0
8973,474,6251.5,7351.5,0,0,False,1,20220531,2,8.0
8974,475,6251.6027617212585,7887.404945407836,4,0,False,1,20220531,2,8.0
8975,476,6251.773053892216,8426.853293413174,0,0,False,1,20220531,2,8.0
8976,477,6251.5,8951.690231362469,0,0,False,1,20220531,2,8.0
8977,478,6251.5,9487.872549019608,0,0,False,1,20220531,2,8.0
8978,479,6251.5,10023.872549019608,1,0,False,1,20220531,2,8.0
8979,480,6251.69094247246,10559.686046511628,0,0,True,1,20220531,2,8.0
8980,481,6251.87298266587,11099.5,0,0,False,1,20220531,2,8.0
8981,482,6251.6027617212585,11639.404945407836,0,0,False,1,20220531,2,8.0
8982,483,6251.597979179424,12175.032149418248,0,0,False,1,20220531,2,8.0
8983,484,6251.796110414053,12707.218946047678,0,0,False,1,20220531,2,8.0
8984,485,6251.896238244514,13235.685579937304,2,1,False,1,20220531,2,8.0
8985,486,6251.600125156446,13771.595118898624,0,0,False,1,20220531,2,8.0
8986,487,6251.795739348371,14307.780701754386,0,0,False,1,20220531,2,8.0
8987,488,6251.5,14851.309643080776,0,0,False,1,20220531,2,8.0
8988,489,6251.600250626567,15379.40476190476,3,0,False,1,20220531,2,8.0
8989,490,6251.5,15919.5,1,0,False,1,20220531,2,8.0
8990,491,6251.5,16462.389434889436,0,0,False,1,20220531,2,8.0
8991,492,6251.5,16995.30964308078,1,1,False,1,20220531,2,8.0
8992,493,6251.605540897098,17531.405013192612,0,0,False,1,20220531,2,8.0
8993,494,6251.5,18066.93753923415,0,0,False,1,20220531,2,8.0
8994,495,6251.5,18599.5,0,0,False,1,20220531,2,8.0
8995,496,6251.5,19139.30964308078,3,1,False,1,20220531,2,8.0
8996,497,6251.5,19675.12701733413,0,0,False,1,20220531,2,8.0
8997,498,6251.5,20211.30964308078,3,2,False,1,20220531,2,8.0
8998,499,6251.399874843554,20755.40488110137,2,1,False,1,20220531,2,8.0
8999,500,6251.600250626567,21283.404761904763,0,0,True,1,20220531,2,8.0
9000,1,899.004835589942,1464.1473243068988,4,5,False,3,20230131,2,8.0
9001,2,898.7570725707257,2000.5971709717096,1,1,True,3,20230131,2,8.0
9002,3,899.2132075471698,2532.3352201257862,0,0,False,3,20230131,2,8.0
9003,4,899.2132075471698,3068.3352201257862,1,0,False,3,20230131,2,8.0
9004,5,899.4020208205757,3607.967850581752,1,0,False,3,20230131,2,8.0
9005,6,899.2204169221336,4136.33629675046,1,1,False,3,20230131,2,8.0
9006,7,899.4020208205757,4679.967850581751,3,1,True,3,20230131,2,8.0
9007,8,899.7795830778664,5208.33629675046,1,2,False,3,20230131,2,8.0
9008,9,899.6956112852664,5747.876175548589,2,0,False,3,20230131,2,8.0
9009,10,899.204260651629,6275.7807017543855,1,0,False,3,20230131,2,8.0
9010,11,899.8779141104294,6816.241104294479,2,5,False,3,20230131,2,8.0
9011,12,900.0686274509804,7352.053921568628,2,3,False,3,20230131,2,8.0
9012,13,900.3051612903225,7887.866451612903,4,5,False,3,20230131,2,8.0
9013,14,900.6003003003003,8428.206306306307,0,0,False,3,20230131,2,8.0
9014,15,900.0979381443299,8952.051546391753,4,0,False,3,20230131,2,8.0
9015,16,900.2429274292743,9488.59717097171,2,1,False,3,20230131,2,8.0
9016,17,901.4233621755252,10024.187268232386,0,0,False,3,20230131,2,8.0
9017,18,901.0743368291178,10560.657310302282,1,1,False,3,20230131,2,8.0
9018,19,900.5989802039592,11100.224655068989,0,0,False,3,20230131,2,8.0
9019,20,899.7005141388174,11639.690231362469,0,0,False,3,20230131,2,8.0
9020,21,901.428306551298,12176.889369592089,2,1,False,3,20230131,2,8.0
9021,22,900.3805031446541,12707.771698113207,1,3,False,3,20230131,2,8.0
9022,23,900.3564231738035,13236.502518891688,0,0,False,3,20230131,2,8.0
9023,24,899.9824120603015,13772.14824120603,3,2,False,3,20230131,2,8.0
9024,25,900.1607818411097,14308.690416141237,1,1,False,3,20230131,2,8.0
9025,26,899.896238244514,14851.685579937304,1,0,False,3,20230131,2,8.0
9026,27,899.9824120603015,15380.14824120603,3,1,False,3,20230131,2,8.0
9027,28,899.7795830778664,15920.33629675046,3,1,False,3,20230131,2,8.0
9028,29,899.6909424724602,16463.68604651163,2,1,False,3,20230131,2,8.0
9029,30,899.6956112852664,16995.87617554859,0,0,False,3,20230131,2,8.0
9030,31,899.6055408970976,17531.594986807388,1,0,False,3,20230131,2,8.0
9031,32,899.5,18067.5,0,2,False,3,20230131,2,8.0
9032,33,899.5,18599.690231362467,6,8,False,3,20230131,2,8.0
9033,34,899.6002506265664,19139.404761904763,5,5,False,3,20230131,2,8.0
9034,35,900.1467065868263,19675.226946107785,1,7,False,3,20230131,2,8.0
9035,36,900.0925925925926,20211.5,1,1,False,3,20230131,2,8.0
9036,37,900.1842767295598,20754.86603773585,2,0,False,3,20230131,2,8.0
9037,38,903.89588688946,21283.309768637533,4,4,False,3,20230131,2,8.0
9038,39,1342.8345888261142,1199.9695543000628,3,3,True,3,20230131,2,8.0
9039,40,1343.293710691824,1728.4610062893082,1,1,False,3,20230131,2,8.0
9040,41,1343.1967699406723,2263.78740936058,1,0,False,3,20230131,2,8.0
9041,42,1343.2115987460816,2799.7884012539184,3,6,True,3,20230131,2,8.0
9042,43,1343.211959924859,3335.788040075141,3,2,True,3,20230131,2,8.0
9043,44,1343.5,3871.694993412385,1,5,False,3,20230131,2,8.0
9044,45,1343.5,4407.6952440550685,4,0,False,3,20230131,2,8.0
9045,46,1343.5,4943.5,0,0,False,3,20230131,2,8.0
9046,47,1343.5975609756097,5479.59756097561,5,3,False,3,20230131,2,8.0
9047,48,1343.5951768488746,6011.788102893891,2,1,False,3,20230131,2,8.0
9048,49,1343.7790697674418,6544.357322438717,1,0,False,3,20230131,2,8.0
9049,50,1343.7002567394095,7083.5,0,0,False,3,20230131,2,8.0
9050,51,1344.0771643663738,7623.5,5,2,False,3,20230131,2,8.0
9051,52,1343.7884012539184,8151.788401253919,1,1,False,3,20230131,2,8.0
9052,53,1343.705533596838,8695.5,3,2,False,3,20230131,2,8.0
9053,54,1343.6953727506427,9219.885604113111,0,0,False,3,20230131,2,8.0
9054,55,1343.89588688946,9755.690231362469,1,0,False,3,20230131,2,8.0
9055,56,1343.399935856318,10291.597498396408,1,2,False,3,20230131,2,8.0
9056,57,1344.0824742268042,10828.067010309278,0,0,False,3,20230131,2,8.0
9057,58,1344.4319899244333,11374.568010075567,0,0,False,3,20230131,2,8.0
9058,59,1343.8859649122808,11903.690476190475,2,0,False,3,20230131,2,8.0
9059,60,1343.89588688946,12443.309768637531,2,0,False,3,20230131,2,8.0
9060,61,1343.89588688946,12971.690231362469,4,3,False,3,20230131,2,8.0
9061,62,1343.690476190476,13503.88596491228,2,4,True,3,20230131,2,8.0
9062,63,1343.8859649122808,14039.690476190475,0,0,False,3,20230131,2,8.0
9063,64,1343.4044703000611,14579.402020820577,1,1,False,3,20230131,2,8.0
9064,65,1343.6953727506427,15115.885604113111,1,1,False,3,20230131,2,8.0
9065,66,1343.690476190476,15647.88596491228,0,0,True,3,20230131,2,8.0
9066,67,1343.7884012539184,16191.788401253918,5,5,True,3,20230131,2,8.0
9067,68,1343.399935856318,16731.402501603592,2,1,False,3,20230131,2,8.0
9068,69,1343.6865030674846,17267.308588957054,2,1,False,3,20230131,2,8.0
9069,70,1343.5955296999389,17795.98009797918,4,1,False,3,20230131,2,8.0
9070,71,1343.5975609756097,18335.40243902439,1,0,False,3,20230131,2,8.0
9071,72,1343.5,18867.88235294117,3,2,True,3,20230131,2,8.0
9072,73,1343.5,19403.5,4,0,False,3,20230131,2,8.0
9073,74,1343.89588688946,19947.309768637533,1,9,False,3,20230131,2,8.0
9074,75,1344.0539215686274,20482.93137254902,8,5,False,3,20230131,2,8.0
9075,76,1344.1825499034128,21019.03122987765,6,13,False,3,20230131,2,8.0
9076,77,1786.8558696988323,928.6923786109404,2,0,True,3,20230131,2,8.0
9077,78,1786.6937984496124,1464.37338501292,0,1,True,3,20230131,2,8.0
9078,79,1786.9313725490197,2000.053921568628,0,0,False,3,20230131,2,8.0
9079,80,1787.2038895859473,2531.781053952321,3,2,False,3,20230131,2,8.0
9080,81,1786.442065491184,3068.3110831234258,0,0,False,3,20230131,2,8.0
9081,82,1787.970300061237,3608.149112063688,4,0,True,3,20230131,2,8.0
9082,83,1787.5979791794243,4135.967850581751,3,5,True,3,20230131,2,8.0
9083,84,1787.2204169221336,4679.772225628449,0,0,False,3,20230131,2,8.0
9084,85,1787.029699938763,5208.149112063687,1,0,False,3,20230131,2,8.0
9085,86,1787.882149591452,5748.053111250786,1,0,False,3,20230131,2,8.0
9086,87,1787.9753476611884,6276.870417193426,0,1,False,3,20230131,2,8.0
9087,88,1788.0700245700243,6816.055282555282,8,1,True,3,20230131,2,8.0
9088,89,1788.0686274509803,7352.053921568628,1,1,False,3,20230131,2,8.0
9089,90,1787.9066924066924,7887.685328185328,7,13,False,3,20230131,2,8.0
9090,91,1788.4214157168567,8427.5,2,0,False,3,20230131,2,8.0
9091,92,1788.8411003236247,8951.057281553398,4,3,False,3,20230131,2,8.0
9092,93,1788.9590264941469,9488.74460874923,2,61,False,3,20230131,2,8.0
9093,94,1788.5325752919484,10024.31868469576,4,0,False,3,20230131,2,8.0
9094,95,1789.3282890673256,10560.925571340333,3,1,False,3,20230131,2,8.0
9095,96,1788.2420706163973,11099.868641532015,0,0,True,3,20230131,2,8.0
9096,97,1788.1082474226805,11639.5,3,0,False,3,20230131,2,8.0
9097,98,1788.8382533825338,12175.657441574416,1,1,False,3,20230131,2,8.0
9098,99,1788.3636363636365,13236.671717171715,2,0,True,3,20230131,2,8.0
9099,100,1788.083280955374,13772.053111250783,6,4,True,3,20230131,2,8.0
9100,101,1788.26214511041,14308.5952681388,3,2,False,3,20230131,2,8.0
9101,102,1788.0925925925926,14851.5,5,13,False,3,20230131,2,8.0
9102,103,1787.887665198238,15380.240088105727,1,1,False,3,20230131,2,8.0
9103,104,1787.8779141104294,15920.24110429448,2,2,False,3,20230131,2,8.0
9104,105,1787.7886850152904,16463.409480122325,1,2,False,3,20230131,2,8.0
9105,106,1787.795739348371,16995.780701754386,1,0,False,3,20230131,2,8.0
9106,107,1787.9177131526767,17531.68506278916,6,3,False,3,20230131,2,8.0
9107,108,1787.7003757044458,18067.5,2,2,False,3,20230131,2,8.0
9108,109,1787.6027617212587,18599.59505459217,1,16,False,3,20230131,2,8.0
9109,110,1787.896238244514,19139.314420062696,1,0,False,3,20230131,2,8.0
9110,111,1788.4214157168567,19675.5,3,4,False,3,20230131,2,8.0
9111,112,1788.0925925925926,20211.5,3,3,False,3,20230131,2,8.0
9112,113,1788.083280955374,20754.94688874921,0,0,False,3,20230131,2,8.0
9113,114,1788.294468887492,21283.5,0,0,False,3,20230131,2,8.0
9114,115,1791.89588688946,12707.309768637531,2,1,False,3,20230131,2,8.0
9115,116,2231.304755944931,1199.5,4,2,False,3,20230131,2,8.0
9116,117,2231.6907151819323,1727.8764115432873,3,1,False,3,20230131,2,8.0
9117,118,2231.5,2263.5,7,3,False,3,20230131,2,8.0
9118,119,2231.5,2799.5,0,0,False,3,20230131,2,8.0
9119,120,2231.5,3335.5,1,0,False,3,20230131,2,8.0
9120,121,2231.5,3871.5,2,0,False,3,20230131,2,8.0
9121,122,2231.695244055069,4407.5,2,2,False,3,20230131,2,8.0
9122,123,2231.5,4943.5,0,0,False,3,20230131,2,8.0
9123,124,2231.5,5479.5,6,0,False,3,20230131,2,8.0
9124,125,2231.6000641436817,6011.402501603592,2,1,False,3,20230131,2,8.0
9125,126,2231.690476190476,6543.8859649122805,1,0,False,3,20230131,2,8.0
9126,127,2231.89588688946,7083.690231362468,8,8,True,3,20230131,2,8.0
9127,128,2232.077164366374,7623.5,2,0,False,3,20230131,2,8.0
9128,129,2231.8859649122805,8151.690476190476,7,1,False,3,20230131,2,8.0
9129,130,2232.1076618229854,8695.5,5,1,False,3,20230131,2,8.0
9130,131,2231.79543994862,9219.787732819525,6,5,False,3,20230131,2,8.0
9131,132,2232.182549903413,9755.968770122345,4,2,False,3,20230131,2,8.0
9132,133,2232.182549903413,10291.968770122345,3,1,False,3,20230131,2,8.0
9133,134,2232.082474226804,10828.067010309278,0,2,False,3,20230131,2,8.0
9134,135,2231.6902377972465,11375.304755944931,10,0,False,3,20230131,2,8.0
9135,136,2232.165411173886,11903.969554300063,9,3,False,3,20230131,2,8.0
9136,137,2231.7002567394097,12443.5,4,0,False,3,20230131,2,8.0
9137,138,2232.0817245817248,12972.06628056628,3,2,False,3,20230131,2,8.0
9138,139,2232.3332284455632,13504.529578351165,2,0,False,3,20230131,2,8.0
9139,140,2232.3332284455632,14040.529578351165,5,3,False,3,20230131,2,8.0
9140,141,2232.241104294478,14579.87791411043,8,0,False,3,20230131,2,8.0
9141,142,2232.0817245817248,15116.06628056628,0,2,False,3,20230131,2,8.0
9142,143,2231.9695543000626,15648.165411173886,5,2,False,3,20230131,2,8.0
9143,144,2231.8859649122805,16191.690476190475,1,5,False,3,20230131,2,8.0
9144,145,2231.7002567394097,16731.5,4,2,False,3,20230131,2,8.0
9145,146,2232.241104294478,17267.681595092025,3,9,False,3,20230131,2,8.0
9146,147,2232.053921568628,17796.06862745098,3,2,False,3,20230131,2,8.0
9147,148,2231.8859649122805,18335.69047619048,1,2,False,3,20230131,2,8.0
9148,149,2232.33629675046,18867.220416922133,2,0,False,3,20230131,2,8.0
9149,150,2231.79543994862,19403.787732819525,0,0,False,3,20230131,2,8.0
9150,151,2231.89588688946,19947.309768637533,0,0,False,3,20230131,2,8.0
9151,152,2232.33629675046,20483.220416922133,0,0,False,3,20230131,2,8.0
9152,153,2231.89588688946,21019.309768637533,1,4,True,3,20230131,2,8.0
9153,154,2674.93137254902,928.0539215686274,0,0,False,3,20230131,2,8.0
9154,155,2677.859493670886,1462.4012658227848,4,1,False,3,20230131,2,8.0
9155,156,2675.406919779547,1999.776791181874,1,0,False,3,20230131,2,8.0
9156,157,2674.90666247643,2531.489943431804,0,0,False,3,20230131,2,8.0
9157,158,2675.1173694147265,3068.04877281309,3,0,False,3,20230131,2,8.0
9158,159,2674.6416309012875,3607.7722256284487,5,1,False,3,20230131,2,8.0
9159,160,2678.221252257676,4135.150812763395,4,5,False,3,20230131,2,8.0
9160,161,2679.5,4679.5,3,1,False,3,20230131,2,8.0
9161,162,2678.2738452309536,5208.111877624475,7,5,False,3,20230131,2,8.0
9162,163,2679.5,5747.5,8,37,False,3,20230131,2,8.0
9163,164,2680.4987699877,6275.849323493235,5,4,False,3,20230131,2,8.0
9164,165,2679.882775119617,6815.5,6,0,True,3,20230131,2,8.0
9165,166,2680.2616766467067,7351.859281437126,9,7,True,3,20230131,2,8.0
9166,167,2680.236225087925,8427.317116060962,6,10,False,3,20230131,2,8.0
9167,168,2679.907035175879,8951.680904522613,10,0,False,3,20230131,2,8.0
9168,169,2679.211389385808,9487.774299344066,5,5,False,3,20230131,2,8.0
9169,170,2680.0693779904304,10024.04066985646,2,1,False,3,20230131,2,8.0
9170,171,2681.5253470126736,10560.709414604707,4,3,False,3,20230131,2,8.0
9171,172,2680.147574517826,11099.766510812393,5,0,False,3,20230131,2,8.0
9172,173,2680.1638705811865,12175.766027561414,3,3,False,3,20230131,2,8.0
9173,174,2680.093137254902,12707.5,4,1,False,3,20230131,2,8.0
9174,175,2680.0840490797545,13236.039877300613,2,2,True,3,20230131,2,8.0
9175,176,2679.796024464832,13771.774006116208,5,8,False,3,20230131,2,8.0
9176,177,2680.459409594096,14308.385608856088,4,1,False,3,20230131,2,8.0
9177,178,2679.896572827417,14851.681150550796,4,0,False,3,20230131,2,8.0
9178,179,2680.0840490797545,15380.039877300613,16,15,False,3,20230131,2,8.0
9179,180,2680.0693779904304,15920.04066985646,8,7,False,3,20230131,2,8.0
9180,181,2679.980573819486,16463.406754333533,7,2,False,3,20230131,2,8.0
9181,182,2679.896572827417,16995.681150550794,1,2,False,3,20230131,2,8.0
9182,183,2679.605602060528,17531.592723760463,0,0,False,3,20230131,2,8.0
9183,184,2679.9935543278084,18067.58348680172,5,5,False,3,20230131,2,8.0
9184,185,2679.80923947203,18599.42206159648,2,0,False,3,20230131,2,8.0
9185,186,2680.1876155268023,19139.214109673445,5,2,False,3,20230131,2,8.0
9186,187,2680.4227166276346,19675.5,4,12,True,3,20230131,2,8.0
9187,188,2679.700488997555,20211.5,0,0,False,3,20230131,2,8.0
9188,189,2679.7963870177587,20755.22565829761,1,4,False,3,20230131,2,8.0
9189,190,2680.093137254902,21283.5,1,0,True,3,20230131,2,8.0
9190,191,2683.602761721259,7887.595054592164,12,12,False,3,20230131,2,8.0
9191,192,2683.9025806451614,11639.5,2,3,False,3,20230131,2,8.0
9192,193,3130.359950859951,1199.5,3,3,False,3,20230131,2,8.0
9193,194,3125.668888888889,1728.9653968253967,3,0,False,3,20230131,2,8.0
9194,195,3131.397238278741,2263.5950545921646,3,4,False,3,20230131,2,8.0
9195,196,3127.2105097545627,2799.7794210195093,7,0,False,3,20230131,2,8.0
9196,197,3129.775092936803,3336.6995043370507,6,44,False,3,20230131,2,8.0
9197,198,3131.397238278741,3871.5950545921646,4,0,False,3,20230131,2,8.0
9198,199,3130.726600985221,4406.869458128079,8,12,False,3,20230131,2,8.0
9199,200,3130.9945196647323,4943.595422308188,1,0,False,3,20230131,2,8.0
9200,201,3131.402260232132,5479.404703726329,1,2,False,3,20230131,2,8.0
9201,202,3131.203889585948,6011.781053952322,2,2,False,3,20230131,2,8.0
9202,203,3131.1220858895704,6544.241104294479,0,1,False,3,20230131,2,8.0
9203,204,3131.6001251564458,7083.595118898624,4,3,False,3,20230131,2,8.0
9204,205,3131.5,7623.127450980392,3,0,False,3,20230131,2,8.0
9205,206,3131.5,8151.872549019607,6,3,False,3,20230131,2,8.0
9206,207,3131.5,8695.309768637531,5,4,False,3,20230131,2,8.0
9207,208,3131.6956112852663,9219.876175548588,3,0,False,3,20230131,2,8.0
9208,209,3131.7961104140527,9755.781053952322,1,0,False,3,20230131,2,8.0
9209,210,3131.7961104140527,10291.781053952322,7,48,False,3,20230131,2,8.0
9210,211,3131.5,10828.06246076585,9,117,False,3,20230131,2,8.0
9211,212,3131.779926335175,11374.854205033764,1,0,False,3,20230131,2,8.0
9212,213,3131.6909424724604,11903.686046511628,2,5,False,3,20230131,2,8.0
9213,214,3131.6002506265663,12443.40476190476,9,9,False,3,20230131,2,8.0
9214,215,3131.7961104140527,12971.781053952322,3,2,False,3,20230131,2,8.0
9215,216,3131.7795830778664,13504.33629675046,1,1,False,3,20230131,2,8.0
9216,217,3131.7795830778664,14040.33629675046,6,6,False,3,20230131,2,8.0
9217,218,3131.960431654676,14579.960431654676,2,1,False,3,20230131,2,8.0
9218,219,3131.6956112852663,15115.876175548588,12,8,False,3,20230131,2,8.0
9219,220,3131.5,15648.063035495716,4,2,False,3,20230131,2,8.0
9220,221,3131.8823529411766,16191.5,0,0,False,3,20230131,2,8.0
9221,222,3131.5,16731.30964308078,17,14,False,3,20230131,2,8.0
9222,223,3131.6862686567165,17267.313731343285,4,5,False,3,20230131,2,8.0
9223,224,3131.313953488372,17795.68604651163,12,31,False,3,20230131,2,8.0
9224,225,3131.6909424724604,18335.31395348837,8,4,False,3,20230131,2,8.0
9225,226,3131.68671454219,18867.68671454219,11,11,False,3,20230131,2,8.0
9226,227,3131.700375704446,19403.5,6,4,False,3,20230131,2,8.0
9227,228,3131.5,19947.5,8,2,True,3,20230131,2,8.0
9228,229,3131.782634730539,20482.661676646705,2,2,False,3,20230131,2,8.0
9229,230,3131.7961104140527,21019.21894604768,4,2,True,3,20230131,2,8.0
9230,231,3570.6416309012875,927.7722256284488,1,3,False,3,20230131,2,8.0
9231,232,3571.5,1463.5,2,1,False,3,20230131,2,8.0
9232,233,3569.9433497536947,2000.5147783251232,6,4,False,3,20230131,2,8.0
9233,234,3571.3043887147337,2531.1238244514107,1,2,False,3,20230131,2,8.0
9234,235,3571.8962382445143,3067.6855799373043,4,5,False,3,20230131,2,8.0
9235,236,3571.5,3607.309523809524,4,17,False,3,20230131,2,8.0
9236,237,3571.597620500305,4135.595179987798,5,4,False,3,20230131,2,8.0
9237,238,3571.5,4679.5,2,3,False,3,20230131,2,8.0
9238,239,3571.88630806846,5207.6858190709045,4,3,False,3,20230131,2,8.0
9239,240,3571.7961104140527,5747.590338770389,4,2,False,3,20230131,2,8.0
9240,241,3571.8962382445143,6275.314420062696,4,2,False,3,20230131,2,8.0
9241,242,3571.69536019536,6815.5,4,4,False,3,20230131,2,8.0
9242,243,3572.166258420086,7351.041947336191,5,6,False,3,20230131,2,8.0
9243,244,3571.7056555269924,7887.5,7,2,False,3,20230131,2,8.0
9244,245,3572.5167865707435,8427.404076738609,2,1,True,3,20230131,2,8.0
9245,246,3571.9066924066924,8951.685328185327,5,1,False,3,20230131,2,8.0
9246,247,3572.260736196319,9487.86809815951,3,2,False,3,20230131,2,8.0
9247,248,3572.260736196319,10023.86809815951,6,3,False,3,20230131,2,8.0
9248,249,3572.0686274509803,10560.053921568628,6,13,False,3,20230131,2,8.0
9249,250,3574.511180124224,11097.66645962733,1,1,True,3,20230131,2,8.0
9250,251,3572.00998068255,11639.404700579524,2,0,False,3,20230131,2,8.0
9251,252,3572.3583690987125,12175.227774371551,4,2,False,3,20230131,2,8.0
9252,253,3572.0925925925926,12707.5,14,8,False,3,20230131,2,8.0
9253,254,3572.0825486503454,13236.052416823602,4,2,False,3,20230131,2,8.0
9254,255,3571.8962382445143,13771.685579937304,4,5,False,3,20230131,2,8.0
9255,256,3572.183417085427,14307.957286432162,8,2,False,3,20230131,2,8.0
9256,257,3571.700375704446,14851.5,3,2,False,3,20230131,2,8.0
9257,258,3572.183417085427,15379.957286432162,2,0,False,3,20230131,2,8.0
9258,259,3572.3583690987125,15919.772225628449,6,6,False,3,20230131,2,8.0
9259,260,3571.88630806846,16463.314180929094,3,3,False,3,20230131,2,8.0
9260,261,3572.0925925925926,16995.5,8,2,False,3,20230131,2,8.0
9261,262,3571.6055408970974,17531.594986807388,7,1,False,3,20230131,2,8.0
9262,263,3571.6001251564458,18067.40488110137,3,1,False,3,20230131,2,8.0
9263,264,3571.602761721259,18599.59505459217,0,0,False,3,20230131,2,8.0
9264,265,3572.0925925925926,19139.5,8,0,False,3,20230131,2,8.0
9265,266,3572.5167865707435,19675.59592326139,8,5,False,3,20230131,2,8.0
9266,267,3572.0925925925926,20211.5,13,12,False,3,20230131,2,8.0
9267,268,3572.183417085427,20755.04271356784,7,1,False,3,20230131,2,8.0
9268,269,3572.0925925925926,21283.5,2,0,False,3,20230131,2,8.0
9269,270,4023.1235884567127,1199.1135508155585,6,5,False,3,20230131,2,8.0
9270,271,4023.4024390243903,1727.5975609756097,2,0,False,3,20230131,2,8.0
9271,272,4023.5,2263.5,3,1,False,3,20230131,2,8.0
9272,273,4023.5,2799.304755944931,3,1,True,3,20230131,2,8.0
9273,274,4023.22057898049,3335.7794210195093,1,0,False,3,20230131,2,8.0
9274,275,4023.6026991441736,3871.597432521396,5,0,False,3,20230131,2,8.0
9275,276,4023.6911949685536,4407.308805031446,1,0,False,3,20230131,2,8.0
9276,277,4023.3973008558255,4943.597432521396,7,1,False,3,20230131,2,8.0
9277,278,4023.690476190476,5479.11403508772,8,1,False,3,20230131,2,8.0
9278,279,4023.6000641436817,6011.597498396408,8,67,False,3,20230131,2,8.0
9279,280,4023.690476190476,6543.8859649122805,3,1,False,3,20230131,2,8.0
9280,281,4023.7002567394097,7083.5,4,2,False,3,20230131,2,8.0
9281,282,4023.7884012539184,7623.211598746081,2,56,False,3,20230131,2,8.0
9282,283,4023.885964912281,8151.690476190476,4,4,False,3,20230131,2,8.0
9283,284,4023.6026991441736,8695.402567478604,2,1,True,3,20230131,2,8.0
9284,285,4023.7954399486193,9219.787732819525,7,2,False,3,20230131,2,8.0
9285,286,4023.89588688946,9755.690231362469,10,18,False,3,20230131,2,8.0
9286,287,4023.89588688946,10291.690231362469,7,4,False,3,20230131,2,8.0
9287,288,4023.6953727506425,10827.885604113111,6,5,False,3,20230131,2,8.0
9288,289,4023.7884012539184,11375.211598746082,13,80,False,3,20230131,2,8.0
9289,290,4023.885964912281,11903.690476190475,8,8,False,3,20230131,2,8.0
9290,291,4023.7002567394097,12443.5,0,0,False,3,20230131,2,8.0
9291,292,4023.7954399486193,12971.787732819525,3,1,False,3,20230131,2,8.0
9292,293,4023.969554300063,13504.165411173886,7,20,False,3,20230131,2,8.0
9293,294,4023.885964912281,14039.690476190475,6,2,True,3,20230131,2,8.0
9294,295,4023.87652811736,14579.690709046456,10,12,False,3,20230131,2,8.0
9295,296,4023.7954399486193,15115.787732819525,0,0,False,3,20230131,2,8.0
9296,297,4023.5975609756097,15647.40243902439,4,1,False,3,20230131,2,8.0
9297,298,4023.5,16191.5,10,6,False,3,20230131,2,8.0
9298,299,4023.6000641436817,16731.402501603592,5,3,False,3,20230131,2,8.0
9299,300,4023.4048200122015,17267.402379499694,7,5,False,3,20230131,2,8.0
9300,301,4024.053921568628,17796.06862745098,14,8,False,3,20230131,2,8.0
9301,302,4023.695244055069,18335.5,5,1,False,3,20230131,2,8.0
9302,303,4023.5,18867.5,6,22,False,3,20230131,2,8.0
9303,304,4023.6000641436817,19403.597498396408,10,5,False,3,20230131,2,8.0
9304,305,4023.89588688946,19947.309768637533,15,7,False,3,20230131,2,8.0
9305,306,4023.314180929096,20483.11369193154,9,9,False,3,20230131,2,8.0
9306,307,4023.6000641436817,21019.402501603592,11,6,False,3,20230131,2,8.0
9307,308,4467.308588957055,927.6865030674846,4,7,False,3,20230131,2,8.0
9308,309,4467.6027617212585,1463.5950545921644,2,1,False,3,20230131,2,8.0
9309,310,4467.69094247246,1999.686046511628,3,0,True,3,20230131,2,8.0
9310,311,4467.5,2531.5,3,3,False,3,20230131,2,8.0
9311,312,4467.103264281231,3067.133396107972,3,3,True,3,20230131,2,8.0
9312,313,4467.597620500305,3607.5951799877976,0,0,True,3,20230131,2,8.0
9313,314,4468.0700245700245,4135.490171990172,1,0,False,3,20230131,2,8.0
9314,315,4467.790461538461,4678.6704615384615,2,2,False,3,20230131,2,8.0
9315,316,4467.220416922134,5207.772225628449,7,3,False,3,20230131,2,8.0
9316,317,4467.600250626567,5747.4047619047615,4,7,False,3,20230131,2,8.0
9317,318,4467.695611285267,6275.876175548589,2,0,False,3,20230131,2,8.0
9318,319,4468.067931456549,6814.9467564259485,3,1,False,3,20230131,2,8.0
9319,320,4467.69094247246,7351.686046511628,2,2,False,3,20230131,2,8.0
9320,321,4467.705655526992,7887.5,2,1,False,3,20230131,2,8.0
9321,322,4467.9604316546765,8427.039568345324,3,1,False,3,20230131,2,8.0
9322,323,4467.803536977492,8951.78038585209,0,0,False,3,20230131,2,8.0
9323,324,4467.779926335175,9488.145794966236,5,5,False,3,20230131,2,8.0
9324,325,4467.970876762723,10023.958614347026,5,2,False,3,20230131,2,8.0
9325,326,4467.779926335175,10560.145794966236,5,0,False,3,20230131,2,8.0
9326,327,4467.773709483794,11099.773709483794,8,3,False,3,20230131,2,8.0
9327,328,4467.705655526992,11639.5,4,3,False,3,20230131,2,8.0
9328,329,4467.691411042945,12175.313496932517,3,0,False,3,20230131,2,8.0
9329,330,4467.992462311558,12707.404522613066,9,4,False,3,20230131,2,8.0
9330,331,4467.982412060302,13236.14824120603,12,5,False,3,20230131,2,8.0
9331,332,4467.695611285267,13771.876175548588,8,3,True,3,20230131,2,8.0
9332,333,4467.78679245283,14308.335220125786,7,5,False,3,20230131,2,8.0
9333,334,4467.700375704446,14851.5,4,1,False,3,20230131,2,8.0
9334,335,4467.695611285267,15379.876175548588,4,1,False,3,20230131,2,8.0
9335,336,4467.69094247246,15919.686046511628,5,1,False,3,20230131,2,8.0
9336,337,4467.597979179424,16463.03214941825,13,12,False,3,20230131,2,8.0
9337,338,4467.796110414053,16995.590338770387,7,5,False,3,20230131,2,8.0
9338,339,4467.812169312169,17531.589947089946,9,6,False,3,20230131,2,8.0
9339,340,4467.304143126177,18067.314187068423,7,3,False,3,20230131,2,8.0
9340,341,4467.6027617212585,18599.59505459217,6,1,False,3,20230131,2,8.0
9341,342,4467.992462311558,19139.59547738693,7,0,False,3,20230131,2,8.0
9342,343,4467.9604316546765,19675.586330935253,1,0,False,3,20230131,2,8.0
9343,344,4467.992462311558,20211.404522613066,6,1,False,3,20230131,2,8.0
9344,345,4467.695611285267,20755.87617554859,4,2,False,3,20230131,2,8.0
9345,346,4467.600250626567,21283.404761904763,5,6,False,3,20230131,2,8.0
9346,347,4910.279048765804,1198.8762793497892,5,4,False,3,20230131,2,8.0
9347,348,4909.975961538462,1726.3557692307693,1,1,False,3,20230131,2,8.0
9348,349,4911.294228356336,2263.5,1,1,True,3,20230131,2,8.0
9349,350,4910.738323353294,2799.859281437126,6,0,False,3,20230131,2,8.0
9350,351,4910.551497005988,3335.32754491018,0,0,False,3,20230131,2,8.0
9351,352,4911.092964824121,3871.680904522613,0,0,False,3,20230131,2,8.0
9352,353,4911.308383233533,4407.317964071856,2,0,True,3,20230131,2,8.0
9353,354,4911.298994974874,4943.133165829146,0,1,False,3,20230131,2,8.0
9354,355,4911.308841099164,5479.318399044206,3,0,False,3,20230131,2,8.0
9355,356,4911.696078431372,6011.318627450981,7,0,False,3,20230131,2,8.0
9356,357,4911.308383233533,6543.682035928144,6,7,False,3,20230131,2,8.0
9357,358,4911.796387017759,7083.225658297612,2,15,False,3,20230131,2,8.0
9358,359,4912.070743405276,7622.958033573142,5,1,False,3,20230131,2,8.0
9359,360,4911.5,8151.5,3,0,False,3,20230131,2,8.0
9360,361,4911.5,8694.951572327043,7,3,False,3,20230131,2,8.0
9361,362,4911.696078431372,9219.68137254902,4,2,False,3,20230131,2,8.0
9362,363,4911.69656019656,9755.681818181818,4,1,False,3,20230131,2,8.0
9363,364,4911.5,10291.863190184047,9,4,False,3,20230131,2,8.0
9364,365,4911.5,10827.863190184047,9,1,False,3,20230131,2,8.0
9365,366,4911.5,11374.602040816326,6,4,False,3,20230131,2,8.0
9366,367,4911.780407429598,11902.869682444578,5,13,False,3,20230131,2,8.0
9367,368,4911.600551808707,12443.043838136113,2,1,False,3,20230131,2,8.0
9368,369,4911.696078431372,12971.68137254902,7,6,False,3,20230131,2,8.0
9369,370,4911.780407429598,13504.130317555422,3,0,False,3,20230131,2,8.0
9370,371,4911.780407429598,14040.130317555422,3,0,True,3,20230131,2,8.0
9371,372,4911.774165202109,14579.232864674868,8,4,True,3,20230131,2,8.0
9372,373,4911.696078431372,15115.68137254902,7,4,True,3,20230131,2,8.0
9373,374,4911.780407429598,15648.130317555422,6,6,True,3,20230131,2,8.0
9374,375,4911.5,16191.136363636364,4,6,False,3,20230131,2,8.0
9375,376,4911.5,16731.5,9,8,False,3,20230131,2,8.0
9376,377,4911.869158878505,17266.77570093458,8,7,False,3,20230131,2,8.0
9377,378,4911.877182770663,17795.681606519207,3,2,False,3,20230131,2,8.0
9378,379,4912.261676646706,18335.32754491018,3,1,False,3,20230131,2,8.0
9379,380,4912.056725146199,18867.49064327485,12,56,False,3,20230131,2,8.0
9380,381,4911.696078431372,19403.68137254902,2,0,False,3,20230131,2,8.0
9381,382,4911.796387017759,19947.22565829761,2,2,False,3,20230131,2,8.0
9382,383,4911.961088355763,20483.050614394386,10,3,False,3,20230131,2,8.0
9383,384,4911.888206388207,21018.77764127764,3,0,False,3,20230131,2,8.0
9384,385,5354.359950859951,927.5,7,7,False,3,20230131,2,8.0
9385,386,5355.3972382787415,1463.4049454078356,3,2,False,3,20230131,2,8.0
9386,387,5354.355036855037,1999.8341523341523,2,2,True,3,20230131,2,8.0
9387,388,5355.103761755486,2531.314420062696,1,1,False,3,20230131,2,8.0
9388,389,5355.299624295554,3067.5,2,0,False,3,20230131,2,8.0
9389,390,5355.5,3607.309523809524,2,1,False,3,20230131,2,8.0
9390,391,5355.5,4135.5,2,3,False,3,20230131,2,8.0
9391,392,5355.87791411043,4678.758895705521,0,0,False,3,20230131,2,8.0
9392,393,5355.69094247246,5207.313953488372,4,2,False,3,20230131,2,8.0
9393,394,5355.695611285267,5747.123824451411,0,0,False,3,20230131,2,8.0
9394,395,5355.600250626567,6275.4047619047615,0,0,False,3,20230131,2,8.0
9395,396,5355.5,6815.1274509803925,1,0,False,3,20230131,2,8.0
9396,397,5355.597739767868,7351.404703726329,2,3,False,3,20230131,2,8.0
9397,398,5355.6027617212585,7887.404945407836,4,3,False,3,20230131,2,8.0
9398,399,5355.868641532017,8426.757929383602,1,0,False,3,20230131,2,8.0
9399,400,5355.6027617212585,8951.595054592164,4,3,False,3,20230131,2,8.0
9400,401,5355.69094247246,9487.686046511628,2,1,True,3,20230131,2,8.0
9401,402,5355.882352941177,10023.5,4,1,False,3,20230131,2,8.0
9402,403,5355.788685015291,10559.781345565749,3,1,False,3,20230131,2,8.0
9403,404,5355.87298266587,11099.5,1,1,False,3,20230131,2,8.0
9404,405,5355.803536977492,11639.21961414791,2,2,True,3,20230131,2,8.0
9405,406,5355.788685015291,12175.218654434251,3,0,False,3,20230131,2,8.0
9406,407,5355.796110414053,12707.218946047678,3,3,True,3,20230131,2,8.0
9407,408,5355.896238244514,13235.685579937304,6,8,True,3,20230131,2,8.0
9408,409,5355.700375704446,13771.5,1,0,False,3,20230131,2,8.0
9409,410,5355.796110414053,14307.781053952322,1,0,True,3,20230131,2,8.0
9410,411,5355.600125156446,14851.404881101376,2,0,False,3,20230131,2,8.0
9411,412,5355.700375704446,15379.5,12,0,True,3,20230131,2,8.0
9412,413,5355.88630806846,15919.685819070904,6,6,False,3,20230131,2,8.0
9413,414,5355.5,16462.936964504283,2,1,False,3,20230131,2,8.0
9414,415,5355.896238244514,16995.314420062696,0,0,False,3,20230131,2,8.0
9415,416,5355.917713152677,17531.31493721084,0,1,False,3,20230131,2,8.0
9416,417,5355.795739348371,18067.21929824561,8,0,True,3,20230131,2,8.0
9417,418,5355.6027617212585,18599.59505459217,3,3,True,3,20230131,2,8.0
9418,419,5355.700375704446,19139.5,9,62,False,3,20230131,2,8.0
9419,420,5355.968339307049,19675.40442054958,5,4,False,3,20230131,2,8.0
9420,421,5355.600125156446,20211.40488110137,4,2,False,3,20230131,2,8.0
9421,422,5355.795739348371,20755.21929824561,6,1,False,3,20230131,2,8.0
9422,423,5355.700375704446,21283.5,20,12,False,3,20230131,2,8.0
9423,424,5806.541916167665,1199.3179640718563,2,0,False,3,20230131,2,8.0
9424,425,5806.328331332533,1727.2454981992796,3,1,True,3,20230131,2,8.0
9425,426,5806.901257861635,2262.9616352201256,1,0,False,3,20230131,2,8.0
9426,427,5807.019426180514,2799.4067543335327,3,13,False,3,20230131,2,8.0
9427,428,5807.204504504504,3335.262162162162,4,2,False,3,20230131,2,8.0
9428,429,5807.705771643664,3871.5,5,4,False,3,20230131,2,8.0
9429,430,5807.308383233533,4407.317964071856,0,0,False,3,20230131,2,8.0
9430,431,5807.397049591965,4943.407093534212,1,4,False,3,20230131,2,8.0
9431,432,5807.5,5479.136363636364,9,24,False,3,20230131,2,8.0
9432,433,5807.5,6011.5,7,3,False,3,20230131,2,8.0
9433,434,5807.317964071856,6544.223353293413,3,0,False,3,20230131,2,8.0
9434,435,5807.303921568628,7083.318627450981,0,0,False,3,20230131,2,8.0
9435,436,5807.5,7623.136363636364,0,0,False,3,20230131,2,8.0
9436,437,5807.5,8151.5,3,3,False,3,20230131,2,8.0
9437,438,5807.5,8694.951572327043,4,1,False,3,20230131,2,8.0
9438,439,5807.399448191293,9219.956161863887,0,0,False,3,20230131,2,8.0
9439,440,5807.303921568628,9755.68137254902,2,6,True,3,20230131,2,8.0
9440,441,5807.5,10291.863190184047,0,0,False,3,20230131,2,8.0
9441,442,5807.5,10827.863190184047,7,1,False,3,20230131,2,8.0
9442,443,5807.5,11374.602040816326,1,0,False,3,20230131,2,8.0
9443,444,5807.691616766467,11903.317964071855,3,1,False,3,20230131,2,8.0
9444,445,5807.600551808707,12443.043838136113,0,0,False,3,20230131,2,8.0
9445,446,5807.696078431372,12971.68137254902,2,1,False,3,20230131,2,8.0
9446,447,5807.5,13503.863636363636,7,11,False,3,20230131,2,8.0
9447,448,5807.780407429598,14040.130317555422,3,0,False,3,20230131,2,8.0
9448,449,5807.5,14579.5,8,3,False,3,20230131,2,8.0
9449,450,5807.5,15115.5,2,3,False,3,20230131,2,8.0
9450,451,5807.308383233533,15647.682035928145,3,10,False,3,20230131,2,8.0
9451,452,5807.219592570402,16190.869682444578,9,4,False,3,20230131,2,8.0
9452,453,5807.203975535168,16731.225993883792,3,1,True,3,20230131,2,8.0
9453,454,5808.315897136177,17266.518118059616,6,2,True,3,20230131,2,8.0
9454,455,5807.5,17795.5,1,0,False,3,20230131,2,8.0
9455,456,5807.598027495517,18335.04333532576,1,0,False,3,20230131,2,8.0
9456,457,5807.686915887851,18867.317757009347,17,18,False,3,20230131,2,8.0
9457,458,5807.399694189602,19403.59296636085,2,1,False,3,20230131,2,8.0
9458,459,5807.600551808707,19947.04383813612,1,0,False,3,20230131,2,8.0
9459,460,5807.322429906542,20482.59813084112,1,0,True,3,20230131,2,8.0
9460,461,5807.600551808707,21019.04383813612,8,2,False,3,20230131,2,8.0
9461,462,6248.491920447483,929.41671845867,0,0,True,3,20230131,2,8.0
9462,463,6250.684516129032,1463.5,0,1,True,3,20230131,2,8.0
9463,464,6250.062461538461,1999.2710769230769,1,1,True,3,20230131,2,8.0
9464,465,6246.90797940798,2531.5,1,2,True,3,20230131,2,8.0
9465,466,6251.103761755486,3067.6855799373043,0,0,True,3,20230131,2,8.0
9466,467,6251.402379499695,3607.4048200122015,0,0,True,3,20230131,2,8.0
9467,468,6251.30905752754,4135.686046511628,0,0,False,3,20230131,2,8.0
9468,469,6251.788685015291,4679.21865443425,1,5,False,3,20230131,2,8.0
9469,470,6251.882352941177,5207.5,0,2,False,3,20230131,2,8.0
9470,471,6251.600250626567,5747.4047619047615,1,0,False,3,20230131,2,8.0
9471,472,6251.600250626567,6275.595238095239,2,4,False,3,20230131,2,8.0
9472,473,6251.5,6815.1274509803925,2,2,False,3,20230131,2,8.0
9473,474,6251.5,7351.5,0,0,False,3,20230131,2,8.0
9474,475,6251.6027617212585,7887.404945407836,0,0,False,3,20230131,2,8.0
9475,476,6251.773053892216,8426.853293413174,0,0,False,3,20230131,2,8.0
9476,477,6251.5,8951.690231362469,0,0,True,3,20230131,2,8.0
9477,478,6251.5,9487.872549019608,5,1,False,3,20230131,2,8.0
9478,479,6251.5,10023.872549019608,0,0,False,3,20230131,2,8.0
9479,480,6251.69094247246,10559.686046511628,0,0,False,3,20230131,2,8.0
9480,481,6251.87298266587,11099.5,2,1,False,3,20230131,2,8.0
9481,482,6251.6027617212585,11639.404945407836,4,2,False,3,20230131,2,8.0
9482,483,6251.597979179424,12175.032149418248,11,5,False,3,20230131,2,8.0
9483,484,6251.796110414053,12707.218946047678,2,0,False,3,20230131,2,8.0
9484,485,6251.896238244514,13235.685579937304,5,0,True,3,20230131,2,8.0
9485,486,6251.600125156446,13771.595118898624,3,0,False,3,20230131,2,8.0
9486,487,6251.795739348371,14307.780701754386,2,2,True,3,20230131,2,8.0
9487,488,6251.5,14851.309643080776,2,4,False,3,20230131,2,8.0
9488,489,6251.600250626567,15379.40476190476,2,1,True,3,20230131,2,8.0
9489,490,6251.5,15919.5,1,0,False,3,20230131,2,8.0
9490,491,6251.5,16462.389434889436,25,28,True,3,20230131,2,8.0
9491,492,6251.5,16995.30964308078,1,2,False,3,20230131,2,8.0
9492,493,6251.605540897098,17531.405013192612,3,2,False,3,20230131,2,8.0
9493,494,6251.5,18066.93753923415,5,6,False,3,20230131,2,8.0
9494,495,6251.5,18599.5,0,0,False,3,20230131,2,8.0
9495,496,6251.5,19139.30964308078,0,0,False,3,20230131,2,8.0
9496,497,6251.5,19675.12701733413,3,3,False,3,20230131,2,8.0
9497,498,6251.5,20211.30964308078,1,3,True,3,20230131,2,8.0
9498,499,6251.399874843554,20755.40488110137,0,0,True,3,20230131,2,8.0
9499,500,6251.600250626567,21283.404761904763,4,5,True,3,20230131,2,8.0
9500,1,899.004835589942,1464.1473243068988,1,0,True,0,20220531,1,16.0
9501,2,898.7570725707257,2000.5971709717096,0,0,False,0,20220531,1,16.0
9502,3,899.2132075471698,2532.3352201257862,3,0,False,0,20220531,1,16.0
9503,4,899.2132075471698,3068.3352201257862,0,0,False,0,20220531,1,16.0
9504,5,899.4020208205757,3607.967850581752,0,0,False,0,20220531,1,16.0
9505,6,899.2204169221336,4136.33629675046,3,1,False,0,20220531,1,16.0
9506,7,899.4020208205757,4679.967850581751,0,0,False,0,20220531,1,16.0
9507,8,899.7795830778664,5208.33629675046,0,4,False,0,20220531,1,16.0
9508,9,899.6956112852664,5747.876175548589,0,0,False,0,20220531,1,16.0
9509,10,899.204260651629,6275.7807017543855,0,0,False,0,20220531,1,16.0
9510,11,899.8779141104294,6816.241104294479,1,3,False,0,20220531,1,16.0
9511,12,900.0686274509804,7352.053921568628,1,0,False,0,20220531,1,16.0
9512,13,900.3051612903225,7887.866451612903,3,1,False,0,20220531,1,16.0
9513,14,900.6003003003003,8428.206306306307,2,3,False,0,20220531,1,16.0
9514,15,900.0979381443299,8952.051546391753,1,0,False,0,20220531,1,16.0
9515,16,900.2429274292743,9488.59717097171,0,0,False,0,20220531,1,16.0
9516,17,901.4233621755252,10024.187268232386,0,0,False,0,20220531,1,16.0
9517,18,901.0743368291178,10560.657310302282,22,15,False,0,20220531,1,16.0
9518,19,900.5989802039592,11100.224655068989,0,0,False,0,20220531,1,16.0
9519,20,899.7005141388174,11639.690231362469,5,1,False,0,20220531,1,16.0
9520,21,901.428306551298,12176.889369592089,0,1,False,0,20220531,1,16.0
9521,22,900.3805031446541,12707.771698113207,1,0,False,0,20220531,1,16.0
9522,23,900.3564231738035,13236.502518891688,0,0,False,0,20220531,1,16.0
9523,24,899.9824120603015,13772.14824120603,1,0,False,0,20220531,1,16.0
9524,25,900.1607818411097,14308.690416141237,0,0,False,0,20220531,1,16.0
9525,26,899.896238244514,14851.685579937304,2,1,False,0,20220531,1,16.0
9526,27,899.9824120603015,15380.14824120603,0,2,False,0,20220531,1,16.0
9527,28,899.7795830778664,15920.33629675046,2,0,False,0,20220531,1,16.0
9528,29,899.6909424724602,16463.68604651163,2,4,False,0,20220531,1,16.0
9529,30,899.6956112852664,16995.87617554859,2,3,False,0,20220531,1,16.0
9530,31,899.6055408970976,17531.594986807388,1,0,False,0,20220531,1,16.0
9531,32,899.5,18067.5,2,0,False,0,20220531,1,16.0
9532,33,899.5,18599.690231362467,1,0,False,0,20220531,1,16.0
9533,34,899.6002506265664,19139.404761904763,1,1,False,0,20220531,1,16.0
9534,35,900.1467065868263,19675.226946107785,2,2,False,0,20220531,1,16.0
9535,36,900.0925925925926,20211.5,2,0,False,0,20220531,1,16.0
9536,37,900.1842767295598,20754.86603773585,3,4,False,0,20220531,1,16.0
9537,38,903.89588688946,21283.309768637533,1,0,True,0,20220531,1,16.0
9538,39,1342.8345888261142,1199.9695543000628,1,0,False,0,20220531,1,16.0
9539,40,1343.293710691824,1728.4610062893082,1,0,False,0,20220531,1,16.0
9540,41,1343.1967699406723,2263.78740936058,7,3,False,0,20220531,1,16.0
9541,42,1343.2115987460816,2799.7884012539184,2,1,False,0,20220531,1,16.0
9542,43,1343.211959924859,3335.788040075141,4,1,False,0,20220531,1,16.0
9543,44,1343.5,3871.694993412385,0,0,False,0,20220531,1,16.0
9544,45,1343.5,4407.6952440550685,2,0,False,0,20220531,1,16.0
9545,46,1343.5,4943.5,2,0,False,0,20220531,1,16.0
9546,47,1343.5975609756097,5479.59756097561,0,0,False,0,20220531,1,16.0
9547,48,1343.5951768488746,6011.788102893891,1,0,False,0,20220531,1,16.0
9548,49,1343.7790697674418,6544.357322438717,1,0,False,0,20220531,1,16.0
9549,50,1343.7002567394095,7083.5,4,0,False,0,20220531,1,16.0
9550,51,1344.0771643663738,7623.5,1,3,False,0,20220531,1,16.0
9551,52,1343.7884012539184,8151.788401253919,1,0,False,0,20220531,1,16.0
9552,53,1343.705533596838,8695.5,0,0,False,0,20220531,1,16.0
9553,54,1343.6953727506427,9219.885604113111,0,0,False,0,20220531,1,16.0
9554,55,1343.89588688946,9755.690231362469,0,0,False,0,20220531,1,16.0
9555,56,1343.399935856318,10291.597498396408,3,0,False,0,20220531,1,16.0
9556,57,1344.0824742268042,10828.067010309278,3,0,False,0,20220531,1,16.0
9557,58,1344.4319899244333,11374.568010075567,2,0,False,0,20220531,1,16.0
9558,59,1343.8859649122808,11903.690476190475,2,1,False,0,20220531,1,16.0
9559,60,1343.89588688946,12443.309768637531,0,0,False,0,20220531,1,16.0
9560,61,1343.89588688946,12971.690231362469,0,0,False,0,20220531,1,16.0
9561,62,1343.690476190476,13503.88596491228,1,0,False,0,20220531,1,16.0
9562,63,1343.8859649122808,14039.690476190475,2,1,False,0,20220531,1,16.0
9563,64,1343.4044703000611,14579.402020820577,5,1,False,0,20220531,1,16.0
9564,65,1343.6953727506427,15115.885604113111,1,0,False,0,20220531,1,16.0
9565,66,1343.690476190476,15647.88596491228,4,1,False,0,20220531,1,16.0
9566,67,1343.7884012539184,16191.788401253918,1,0,False,0,20220531,1,16.0
9567,68,1343.399935856318,16731.402501603592,0,0,False,0,20220531,1,16.0
9568,69,1343.6865030674846,17267.308588957054,1,0,False,0,20220531,1,16.0
9569,70,1343.5955296999389,17795.98009797918,1,0,False,0,20220531,1,16.0
9570,71,1343.5975609756097,18335.40243902439,1,0,False,0,20220531,1,16.0
9571,72,1343.5,18867.88235294117,1,1,False,0,20220531,1,16.0
9572,73,1343.5,19403.5,1,1,False,0,20220531,1,16.0
9573,74,1343.89588688946,19947.309768637533,1,0,False,0,20220531,1,16.0
9574,75,1344.0539215686274,20482.93137254902,2,2,False,0,20220531,1,16.0
9575,76,1344.1825499034128,21019.03122987765,2,1,False,0,20220531,1,16.0
9576,77,1786.8558696988323,928.6923786109404,4,0,False,0,20220531,1,16.0
9577,78,1786.6937984496124,1464.37338501292,2,0,False,0,20220531,1,16.0
9578,79,1786.9313725490197,2000.053921568628,4,0,False,0,20220531,1,16.0
9579,80,1787.2038895859473,2531.781053952321,1,0,False,0,20220531,1,16.0
9580,81,1786.442065491184,3068.3110831234258,1,0,False,0,20220531,1,16.0
9581,82,1787.970300061237,3608.149112063688,3,0,False,0,20220531,1,16.0
9582,83,1787.5979791794243,4135.967850581751,2,0,False,0,20220531,1,16.0
9583,84,1787.2204169221336,4679.772225628449,0,0,False,0,20220531,1,16.0
9584,85,1787.029699938763,5208.149112063687,2,2,False,0,20220531,1,16.0
9585,86,1787.882149591452,5748.053111250786,0,0,False,0,20220531,1,16.0
9586,87,1787.9753476611884,6276.870417193426,1,1,False,0,20220531,1,16.0
9587,88,1788.0700245700243,6816.055282555282,0,0,False,0,20220531,1,16.0
9588,89,1788.0686274509803,7352.053921568628,0,0,False,0,20220531,1,16.0
9589,90,1787.9066924066924,7887.685328185328,2,0,False,0,20220531,1,16.0
9590,91,1788.4214157168567,8427.5,1,0,False,0,20220531,1,16.0
9591,92,1788.8411003236247,8951.057281553398,0,0,False,0,20220531,1,16.0
9592,93,1788.9590264941469,9488.74460874923,2,0,False,0,20220531,1,16.0
9593,94,1788.5325752919484,10024.31868469576,1,2,False,0,20220531,1,16.0
9594,95,1789.3282890673256,10560.925571340333,2,1,True,0,20220531,1,16.0
9595,96,1788.2420706163973,11099.868641532015,1,0,False,0,20220531,1,16.0
9596,97,1788.1082474226805,11639.5,0,0,False,0,20220531,1,16.0
9597,98,1788.8382533825338,12175.657441574416,1,0,False,0,20220531,1,16.0
9598,99,1788.3636363636365,13236.671717171715,0,0,False,0,20220531,1,16.0
9599,100,1788.083280955374,13772.053111250783,5,1,False,0,20220531,1,16.0
9600,101,1788.26214511041,14308.5952681388,2,0,True,0,20220531,1,16.0
9601,102,1788.0925925925926,14851.5,0,0,False,0,20220531,1,16.0
9602,103,1787.887665198238,15380.240088105727,0,0,False,0,20220531,1,16.0
9603,104,1787.8779141104294,15920.24110429448,1,1,False,0,20220531,1,16.0
9604,105,1787.7886850152904,16463.409480122325,2,1,False,0,20220531,1,16.0
9605,106,1787.795739348371,16995.780701754386,1,0,False,0,20220531,1,16.0
9606,107,1787.9177131526767,17531.68506278916,8,1,False,0,20220531,1,16.0
9607,108,1787.7003757044458,18067.5,4,0,False,0,20220531,1,16.0
9608,109,1787.6027617212587,18599.59505459217,1,0,False,0,20220531,1,16.0
9609,110,1787.896238244514,19139.314420062696,0,0,False,0,20220531,1,16.0
9610,111,1788.4214157168567,19675.5,2,0,False,0,20220531,1,16.0
9611,112,1788.0925925925926,20211.5,5,2,False,0,20220531,1,16.0
9612,113,1788.083280955374,20754.94688874921,2,0,False,0,20220531,1,16.0
9613,114,1788.294468887492,21283.5,5,1,False,0,20220531,1,16.0
9614,115,1791.89588688946,12707.309768637531,3,1,False,0,20220531,1,16.0
9615,116,2231.304755944931,1199.5,4,2,False,0,20220531,1,16.0
9616,117,2231.6907151819323,1727.8764115432873,0,0,False,0,20220531,1,16.0
9617,118,2231.5,2263.5,0,0,False,0,20220531,1,16.0
9618,119,2231.5,2799.5,1,2,False,0,20220531,1,16.0
9619,120,2231.5,3335.5,4,1,False,0,20220531,1,16.0
9620,121,2231.5,3871.5,2,2,False,0,20220531,1,16.0
9621,122,2231.695244055069,4407.5,1,0,False,0,20220531,1,16.0
9622,123,2231.5,4943.5,3,1,False,0,20220531,1,16.0
9623,124,2231.5,5479.5,0,0,False,0,20220531,1,16.0
9624,125,2231.6000641436817,6011.402501603592,0,0,False,0,20220531,1,16.0
9625,126,2231.690476190476,6543.8859649122805,1,0,False,0,20220531,1,16.0
9626,127,2231.89588688946,7083.690231362468,1,0,False,0,20220531,1,16.0
9627,128,2232.077164366374,7623.5,3,0,False,0,20220531,1,16.0
9628,129,2231.8859649122805,8151.690476190476,1,0,False,0,20220531,1,16.0
9629,130,2232.1076618229854,8695.5,0,0,False,0,20220531,1,16.0
9630,131,2231.79543994862,9219.787732819525,0,0,False,0,20220531,1,16.0
9631,132,2232.182549903413,9755.968770122345,0,0,False,0,20220531,1,16.0
9632,133,2232.182549903413,10291.968770122345,0,0,False,0,20220531,1,16.0
9633,134,2232.082474226804,10828.067010309278,4,0,False,0,20220531,1,16.0
9634,135,2231.6902377972465,11375.304755944931,3,0,False,0,20220531,1,16.0
9635,136,2232.165411173886,11903.969554300063,0,0,False,0,20220531,1,16.0
9636,137,2231.7002567394097,12443.5,1,0,False,0,20220531,1,16.0
9637,138,2232.0817245817248,12972.06628056628,4,0,False,0,20220531,1,16.0
9638,139,2232.3332284455632,13504.529578351165,1,0,False,0,20220531,1,16.0
9639,140,2232.3332284455632,14040.529578351165,1,0,False,0,20220531,1,16.0
9640,141,2232.241104294478,14579.87791411043,1,0,False,0,20220531,1,16.0
9641,142,2232.0817245817248,15116.06628056628,0,0,False,0,20220531,1,16.0
9642,143,2231.9695543000626,15648.165411173886,4,0,False,0,20220531,1,16.0
9643,144,2231.8859649122805,16191.690476190475,6,0,False,0,20220531,1,16.0
9644,145,2231.7002567394097,16731.5,0,0,False,0,20220531,1,16.0
9645,146,2232.241104294478,17267.681595092025,2,1,False,0,20220531,1,16.0
9646,147,2232.053921568628,17796.06862745098,1,0,False,0,20220531,1,16.0
9647,148,2231.8859649122805,18335.69047619048,0,0,False,0,20220531,1,16.0
9648,149,2232.33629675046,18867.220416922133,1,0,False,0,20220531,1,16.0
9649,150,2231.79543994862,19403.787732819525,1,0,False,0,20220531,1,16.0
9650,151,2231.89588688946,19947.309768637533,1,0,False,0,20220531,1,16.0
9651,152,2232.33629675046,20483.220416922133,1,0,False,0,20220531,1,16.0
9652,153,2231.89588688946,21019.309768637533,5,3,False,0,20220531,1,16.0
9653,154,2674.93137254902,928.0539215686274,1,3,False,0,20220531,1,16.0
9654,155,2677.859493670886,1462.4012658227848,2,0,False,0,20220531,1,16.0
9655,156,2675.406919779547,1999.776791181874,1,0,False,0,20220531,1,16.0
9656,157,2674.90666247643,2531.489943431804,11,1,True,0,20220531,1,16.0
9657,158,2675.1173694147265,3068.04877281309,11,2,True,0,20220531,1,16.0
9658,159,2674.6416309012875,3607.7722256284487,1,0,False,0,20220531,1,16.0
9659,160,2678.221252257676,4135.150812763395,0,0,False,0,20220531,1,16.0
9660,161,2679.5,4679.5,1,0,False,0,20220531,1,16.0
9661,162,2678.2738452309536,5208.111877624475,2,0,False,0,20220531,1,16.0
9662,163,2679.5,5747.5,2,0,False,0,20220531,1,16.0
9663,164,2680.4987699877,6275.849323493235,3,0,False,0,20220531,1,16.0
9664,165,2679.882775119617,6815.5,1,0,False,0,20220531,1,16.0
9665,166,2680.2616766467067,7351.859281437126,0,0,False,0,20220531,1,16.0
9666,167,2680.236225087925,8427.317116060962,0,0,False,0,20220531,1,16.0
9667,168,2679.907035175879,8951.680904522613,0,0,False,0,20220531,1,16.0
9668,169,2679.211389385808,9487.774299344066,5,0,False,0,20220531,1,16.0
9669,170,2680.0693779904304,10024.04066985646,0,0,False,0,20220531,1,16.0
9670,171,2681.5253470126736,10560.709414604707,1,0,False,0,20220531,1,16.0
9671,172,2680.147574517826,11099.766510812393,0,0,False,0,20220531,1,16.0
9672,173,2680.1638705811865,12175.766027561414,0,0,False,0,20220531,1,16.0
9673,174,2680.093137254902,12707.5,5,0,False,0,20220531,1,16.0
9674,175,2680.0840490797545,13236.039877300613,0,0,False,0,20220531,1,16.0
9675,176,2679.796024464832,13771.774006116208,4,0,False,0,20220531,1,16.0
9676,177,2680.459409594096,14308.385608856088,1,0,False,0,20220531,1,16.0
9677,178,2679.896572827417,14851.681150550796,1,0,False,0,20220531,1,16.0
9678,179,2680.0840490797545,15380.039877300613,1,1,False,0,20220531,1,16.0
9679,180,2680.0693779904304,15920.04066985646,2,0,False,0,20220531,1,16.0
9680,181,2679.980573819486,16463.406754333533,6,0,False,0,20220531,1,16.0
9681,182,2679.896572827417,16995.681150550794,0,0,False,0,20220531,1,16.0
9682,183,2679.605602060528,17531.592723760463,2,0,False,0,20220531,1,16.0
9683,184,2679.9935543278084,18067.58348680172,2,1,False,0,20220531,1,16.0
9684,185,2679.80923947203,18599.42206159648,3,0,False,0,20220531,1,16.0
9685,186,2680.1876155268023,19139.214109673445,1,0,False,0,20220531,1,16.0
9686,187,2680.4227166276346,19675.5,0,1,False,0,20220531,1,16.0
9687,188,2679.700488997555,20211.5,1,0,False,0,20220531,1,16.0
9688,189,2679.7963870177587,20755.22565829761,0,0,False,0,20220531,1,16.0
9689,190,2680.093137254902,21283.5,3,4,False,0,20220531,1,16.0
9690,191,2683.602761721259,7887.595054592164,4,0,False,0,20220531,1,16.0
9691,192,2683.9025806451614,11639.5,1,1,False,0,20220531,1,16.0
9692,193,3130.359950859951,1199.5,3,3,False,0,20220531,1,16.0
9693,194,3125.668888888889,1728.9653968253967,1,0,False,0,20220531,1,16.0
9694,195,3131.397238278741,2263.5950545921646,2,0,False,0,20220531,1,16.0
9695,196,3127.2105097545627,2799.7794210195093,2,0,False,0,20220531,1,16.0
9696,197,3129.775092936803,3336.6995043370507,0,0,False,0,20220531,1,16.0
9697,198,3131.397238278741,3871.5950545921646,1,1,False,0,20220531,1,16.0
9698,199,3130.726600985221,4406.869458128079,0,0,False,0,20220531,1,16.0
9699,200,3130.9945196647323,4943.595422308188,4,0,False,0,20220531,1,16.0
9700,201,3131.402260232132,5479.404703726329,0,1,False,0,20220531,1,16.0
9701,202,3131.203889585948,6011.781053952322,2,2,False,0,20220531,1,16.0
9702,203,3131.1220858895704,6544.241104294479,1,1,False,0,20220531,1,16.0
9703,204,3131.6001251564458,7083.595118898624,1,0,False,0,20220531,1,16.0
9704,205,3131.5,7623.127450980392,2,0,False,0,20220531,1,16.0
9705,206,3131.5,8151.872549019607,0,0,False,0,20220531,1,16.0
9706,207,3131.5,8695.309768637531,0,0,False,0,20220531,1,16.0
9707,208,3131.6956112852663,9219.876175548588,1,0,False,0,20220531,1,16.0
9708,209,3131.7961104140527,9755.781053952322,1,0,False,0,20220531,1,16.0
9709,210,3131.7961104140527,10291.781053952322,2,0,False,0,20220531,1,16.0
9710,211,3131.5,10828.06246076585,0,0,False,0,20220531,1,16.0
9711,212,3131.779926335175,11374.854205033764,3,0,False,0,20220531,1,16.0
9712,213,3131.6909424724604,11903.686046511628,1,1,False,0,20220531,1,16.0
9713,214,3131.6002506265663,12443.40476190476,0,0,False,0,20220531,1,16.0
9714,215,3131.7961104140527,12971.781053952322,0,0,False,0,20220531,1,16.0
9715,216,3131.7795830778664,13504.33629675046,1,0,False,0,20220531,1,16.0
9716,217,3131.7795830778664,14040.33629675046,2,0,False,0,20220531,1,16.0
9717,218,3131.960431654676,14579.960431654676,3,0,False,0,20220531,1,16.0
9718,219,3131.6956112852663,15115.876175548588,1,0,False,0,20220531,1,16.0
9719,220,3131.5,15648.063035495716,3,0,False,0,20220531,1,16.0
9720,221,3131.8823529411766,16191.5,2,1,False,0,20220531,1,16.0
9721,222,3131.5,16731.30964308078,4,0,False,0,20220531,1,16.0
9722,223,3131.6862686567165,17267.313731343285,3,0,False,0,20220531,1,16.0
9723,224,3131.313953488372,17795.68604651163,4,0,False,0,20220531,1,16.0
9724,225,3131.6909424724604,18335.31395348837,0,1,False,0,20220531,1,16.0
9725,226,3131.68671454219,18867.68671454219,2,2,False,0,20220531,1,16.0
9726,227,3131.700375704446,19403.5,3,0,False,0,20220531,1,16.0
9727,228,3131.5,19947.5,1,0,False,0,20220531,1,16.0
9728,229,3131.782634730539,20482.661676646705,0,0,False,0,20220531,1,16.0
9729,230,3131.7961104140527,21019.21894604768,2,1,False,0,20220531,1,16.0
9730,231,3570.6416309012875,927.7722256284488,0,0,False,0,20220531,1,16.0
9731,232,3571.5,1463.5,3,1,False,0,20220531,1,16.0
9732,233,3569.9433497536947,2000.5147783251232,1,0,False,0,20220531,1,16.0
9733,234,3571.3043887147337,2531.1238244514107,1,1,False,0,20220531,1,16.0
9734,235,3571.8962382445143,3067.6855799373043,3,0,False,0,20220531,1,16.0
9735,236,3571.5,3607.309523809524,4,0,False,0,20220531,1,16.0
9736,237,3571.597620500305,4135.595179987798,0,0,False,0,20220531,1,16.0
9737,238,3571.5,4679.5,0,0,False,0,20220531,1,16.0
9738,239,3571.88630806846,5207.6858190709045,4,0,False,0,20220531,1,16.0
9739,240,3571.7961104140527,5747.590338770389,3,0,False,0,20220531,1,16.0
9740,241,3571.8962382445143,6275.314420062696,3,1,False,0,20220531,1,16.0
9741,242,3571.69536019536,6815.5,3,0,False,0,20220531,1,16.0
9742,243,3572.166258420086,7351.041947336191,2,1,False,0,20220531,1,16.0
9743,244,3571.7056555269924,7887.5,2,0,False,0,20220531,1,16.0
9744,245,3572.5167865707435,8427.404076738609,1,0,False,0,20220531,1,16.0
9745,246,3571.9066924066924,8951.685328185327,0,0,False,0,20220531,1,16.0
9746,247,3572.260736196319,9487.86809815951,2,0,False,0,20220531,1,16.0
9747,248,3572.260736196319,10023.86809815951,7,0,False,0,20220531,1,16.0
9748,249,3572.0686274509803,10560.053921568628,1,0,False,0,20220531,1,16.0
9749,250,3574.511180124224,11097.66645962733,0,0,True,0,20220531,1,16.0
9750,251,3572.00998068255,11639.404700579524,2,0,False,0,20220531,1,16.0
9751,252,3572.3583690987125,12175.227774371551,0,0,False,0,20220531,1,16.0
9752,253,3572.0925925925926,12707.5,2,0,False,0,20220531,1,16.0
9753,254,3572.0825486503454,13236.052416823602,1,0,False,0,20220531,1,16.0
9754,255,3571.8962382445143,13771.685579937304,2,0,False,0,20220531,1,16.0
9755,256,3572.183417085427,14307.957286432162,2,2,False,0,20220531,1,16.0
9756,257,3571.700375704446,14851.5,3,0,False,0,20220531,1,16.0
9757,258,3572.183417085427,15379.957286432162,0,0,False,0,20220531,1,16.0
9758,259,3572.3583690987125,15919.772225628449,0,0,False,0,20220531,1,16.0
9759,260,3571.88630806846,16463.314180929094,0,0,False,0,20220531,1,16.0
9760,261,3572.0925925925926,16995.5,6,1,False,0,20220531,1,16.0
9761,262,3571.6055408970974,17531.594986807388,1,0,False,0,20220531,1,16.0
9762,263,3571.6001251564458,18067.40488110137,0,0,False,0,20220531,1,16.0
9763,264,3571.602761721259,18599.59505459217,0,0,False,0,20220531,1,16.0
9764,265,3572.0925925925926,19139.5,3,0,False,0,20220531,1,16.0
9765,266,3572.5167865707435,19675.59592326139,4,1,False,0,20220531,1,16.0
9766,267,3572.0925925925926,20211.5,5,0,False,0,20220531,1,16.0
9767,268,3572.183417085427,20755.04271356784,0,0,False,0,20220531,1,16.0
9768,269,3572.0925925925926,21283.5,3,0,False,0,20220531,1,16.0
9769,270,4023.1235884567127,1199.1135508155585,1,1,False,0,20220531,1,16.0
9770,271,4023.4024390243903,1727.5975609756097,0,2,False,0,20220531,1,16.0
9771,272,4023.5,2263.5,0,0,False,0,20220531,1,16.0
9772,273,4023.5,2799.304755944931,1,0,False,0,20220531,1,16.0
9773,274,4023.22057898049,3335.7794210195093,2,0,False,0,20220531,1,16.0
9774,275,4023.6026991441736,3871.597432521396,0,0,True,0,20220531,1,16.0
9775,276,4023.6911949685536,4407.308805031446,1,0,False,0,20220531,1,16.0
9776,277,4023.3973008558255,4943.597432521396,3,7,False,0,20220531,1,16.0
9777,278,4023.690476190476,5479.11403508772,3,1,False,0,20220531,1,16.0
9778,279,4023.6000641436817,6011.597498396408,1,0,False,0,20220531,1,16.0
9779,280,4023.690476190476,6543.8859649122805,3,0,False,0,20220531,1,16.0
9780,281,4023.7002567394097,7083.5,0,0,False,0,20220531,1,16.0
9781,282,4023.7884012539184,7623.211598746081,0,0,False,0,20220531,1,16.0
9782,283,4023.885964912281,8151.690476190476,0,0,False,0,20220531,1,16.0
9783,284,4023.6026991441736,8695.402567478604,4,1,False,0,20220531,1,16.0
9784,285,4023.7954399486193,9219.787732819525,1,0,False,0,20220531,1,16.0
9785,286,4023.89588688946,9755.690231362469,0,0,False,0,20220531,1,16.0
9786,287,4023.89588688946,10291.690231362469,0,0,False,0,20220531,1,16.0
9787,288,4023.6953727506425,10827.885604113111,0,0,False,0,20220531,1,16.0
9788,289,4023.7884012539184,11375.211598746082,1,0,False,0,20220531,1,16.0
9789,290,4023.885964912281,11903.690476190475,2,0,False,0,20220531,1,16.0
9790,291,4023.7002567394097,12443.5,1,1,False,0,20220531,1,16.0
9791,292,4023.7954399486193,12971.787732819525,3,0,False,0,20220531,1,16.0
9792,293,4023.969554300063,13504.165411173886,1,0,False,0,20220531,1,16.0
9793,294,4023.885964912281,14039.690476190475,3,0,False,0,20220531,1,16.0
9794,295,4023.87652811736,14579.690709046456,0,0,False,0,20220531,1,16.0
9795,296,4023.7954399486193,15115.787732819525,0,0,False,0,20220531,1,16.0
9796,297,4023.5975609756097,15647.40243902439,0,0,False,0,20220531,1,16.0
9797,298,4023.5,16191.5,7,1,False,0,20220531,1,16.0
9798,299,4023.6000641436817,16731.402501603592,0,0,False,0,20220531,1,16.0
9799,300,4023.4048200122015,17267.402379499694,3,0,False,0,20220531,1,16.0
9800,301,4024.053921568628,17796.06862745098,2,0,False,0,20220531,1,16.0
9801,302,4023.695244055069,18335.5,2,0,False,0,20220531,1,16.0
9802,303,4023.5,18867.5,3,0,False,0,20220531,1,16.0
9803,304,4023.6000641436817,19403.597498396408,1,1,False,0,20220531,1,16.0
9804,305,4023.89588688946,19947.309768637533,8,1,False,0,20220531,1,16.0
9805,306,4023.314180929096,20483.11369193154,1,0,False,0,20220531,1,16.0
9806,307,4023.6000641436817,21019.402501603592,0,0,False,0,20220531,1,16.0
9807,308,4467.308588957055,927.6865030674846,0,0,False,0,20220531,1,16.0
9808,309,4467.6027617212585,1463.5950545921644,1,0,False,0,20220531,1,16.0
9809,310,4467.69094247246,1999.686046511628,6,0,False,0,20220531,1,16.0
9810,311,4467.5,2531.5,1,0,False,0,20220531,1,16.0
9811,312,4467.103264281231,3067.133396107972,3,0,False,0,20220531,1,16.0
9812,313,4467.597620500305,3607.5951799877976,3,0,False,0,20220531,1,16.0
9813,314,4468.0700245700245,4135.490171990172,1,0,False,0,20220531,1,16.0
9814,315,4467.790461538461,4678.6704615384615,1,0,False,0,20220531,1,16.0
9815,316,4467.220416922134,5207.772225628449,0,0,False,0,20220531,1,16.0
9816,317,4467.600250626567,5747.4047619047615,1,1,False,0,20220531,1,16.0
9817,318,4467.695611285267,6275.876175548589,4,0,False,0,20220531,1,16.0
9818,319,4468.067931456549,6814.9467564259485,1,0,False,0,20220531,1,16.0
9819,320,4467.69094247246,7351.686046511628,6,0,False,0,20220531,1,16.0
9820,321,4467.705655526992,7887.5,1,0,False,0,20220531,1,16.0
9821,322,4467.9604316546765,8427.039568345324,0,0,False,0,20220531,1,16.0
9822,323,4467.803536977492,8951.78038585209,1,0,False,0,20220531,1,16.0
9823,324,4467.779926335175,9488.145794966236,2,0,False,0,20220531,1,16.0
9824,325,4467.970876762723,10023.958614347026,2,0,False,0,20220531,1,16.0
9825,326,4467.779926335175,10560.145794966236,0,0,False,0,20220531,1,16.0
9826,327,4467.773709483794,11099.773709483794,0,0,False,0,20220531,1,16.0
9827,328,4467.705655526992,11639.5,0,0,False,0,20220531,1,16.0
9828,329,4467.691411042945,12175.313496932517,3,2,False,0,20220531,1,16.0
9829,330,4467.992462311558,12707.404522613066,1,0,False,0,20220531,1,16.0
9830,331,4467.982412060302,13236.14824120603,2,0,False,0,20220531,1,16.0
9831,332,4467.695611285267,13771.876175548588,4,0,False,0,20220531,1,16.0
9832,333,4467.78679245283,14308.335220125786,3,0,False,0,20220531,1,16.0
9833,334,4467.700375704446,14851.5,3,0,False,0,20220531,1,16.0
9834,335,4467.695611285267,15379.876175548588,2,1,False,0,20220531,1,16.0
9835,336,4467.69094247246,15919.686046511628,4,0,False,0,20220531,1,16.0
9836,337,4467.597979179424,16463.03214941825,1,0,False,0,20220531,1,16.0
9837,338,4467.796110414053,16995.590338770387,0,0,False,0,20220531,1,16.0
9838,339,4467.812169312169,17531.589947089946,2,0,False,0,20220531,1,16.0
9839,340,4467.304143126177,18067.314187068423,1,0,False,0,20220531,1,16.0
9840,341,4467.6027617212585,18599.59505459217,0,0,False,0,20220531,1,16.0
9841,342,4467.992462311558,19139.59547738693,5,1,False,0,20220531,1,16.0
9842,343,4467.9604316546765,19675.586330935253,1,0,False,0,20220531,1,16.0
9843,344,4467.992462311558,20211.404522613066,4,0,False,0,20220531,1,16.0
9844,345,4467.695611285267,20755.87617554859,0,0,False,0,20220531,1,16.0
9845,346,4467.600250626567,21283.404761904763,2,0,False,0,20220531,1,16.0
9846,347,4910.279048765804,1198.8762793497892,0,0,False,0,20220531,1,16.0
9847,348,4909.975961538462,1726.3557692307693,3,0,True,0,20220531,1,16.0
9848,349,4911.294228356336,2263.5,5,0,True,0,20220531,1,16.0
9849,350,4910.738323353294,2799.859281437126,2,1,False,0,20220531,1,16.0
9850,351,4910.551497005988,3335.32754491018,1,0,False,0,20220531,1,16.0
9851,352,4911.092964824121,3871.680904522613,1,1,False,0,20220531,1,16.0
9852,353,4911.308383233533,4407.317964071856,0,0,False,0,20220531,1,16.0
9853,354,4911.298994974874,4943.133165829146,2,0,False,0,20220531,1,16.0
9854,355,4911.308841099164,5479.318399044206,4,0,False,0,20220531,1,16.0
9855,356,4911.696078431372,6011.318627450981,1,0,False,0,20220531,1,16.0
9856,357,4911.308383233533,6543.682035928144,1,0,False,0,20220531,1,16.0
9857,358,4911.796387017759,7083.225658297612,1,0,False,0,20220531,1,16.0
9858,359,4912.070743405276,7622.958033573142,2,0,False,0,20220531,1,16.0
9859,360,4911.5,8151.5,1,0,False,0,20220531,1,16.0
9860,361,4911.5,8694.951572327043,0,0,False,0,20220531,1,16.0
9861,362,4911.696078431372,9219.68137254902,0,0,False,0,20220531,1,16.0
9862,363,4911.69656019656,9755.681818181818,0,0,False,0,20220531,1,16.0
9863,364,4911.5,10291.863190184047,0,0,False,0,20220531,1,16.0
9864,365,4911.5,10827.863190184047,3,2,False,0,20220531,1,16.0
9865,366,4911.5,11374.602040816326,1,0,False,0,20220531,1,16.0
9866,367,4911.780407429598,11902.869682444578,6,0,False,0,20220531,1,16.0
9867,368,4911.600551808707,12443.043838136113,3,0,False,0,20220531,1,16.0
9868,369,4911.696078431372,12971.68137254902,2,0,False,0,20220531,1,16.0
9869,370,4911.780407429598,13504.130317555422,1,0,False,0,20220531,1,16.0
9870,371,4911.780407429598,14040.130317555422,2,0,False,0,20220531,1,16.0
9871,372,4911.774165202109,14579.232864674868,3,0,False,0,20220531,1,16.0
9872,373,4911.696078431372,15115.68137254902,2,0,False,0,20220531,1,16.0
9873,374,4911.780407429598,15648.130317555422,3,1,False,0,20220531,1,16.0
9874,375,4911.5,16191.136363636364,0,0,False,0,20220531,1,16.0
9875,376,4911.5,16731.5,1,0,False,0,20220531,1,16.0
9876,377,4911.869158878505,17266.77570093458,2,0,False,0,20220531,1,16.0
9877,378,4911.877182770663,17795.681606519207,4,0,False,0,20220531,1,16.0
9878,379,4912.261676646706,18335.32754491018,1,1,False,0,20220531,1,16.0
9879,380,4912.056725146199,18867.49064327485,1,0,False,0,20220531,1,16.0
9880,381,4911.696078431372,19403.68137254902,1,0,False,0,20220531,1,16.0
9881,382,4911.796387017759,19947.22565829761,2,0,False,0,20220531,1,16.0
9882,383,4911.961088355763,20483.050614394386,2,0,False,0,20220531,1,16.0
9883,384,4911.888206388207,21018.77764127764,2,1,True,0,20220531,1,16.0
9884,385,5354.359950859951,927.5,1,0,False,0,20220531,1,16.0
9885,386,5355.3972382787415,1463.4049454078356,0,0,False,0,20220531,1,16.0
9886,387,5354.355036855037,1999.8341523341523,1,0,True,0,20220531,1,16.0
9887,388,5355.103761755486,2531.314420062696,3,0,False,0,20220531,1,16.0
9888,389,5355.299624295554,3067.5,0,0,False,0,20220531,1,16.0
9889,390,5355.5,3607.309523809524,0,0,False,0,20220531,1,16.0
9890,391,5355.5,4135.5,1,0,False,0,20220531,1,16.0
9891,392,5355.87791411043,4678.758895705521,0,0,False,0,20220531,1,16.0
9892,393,5355.69094247246,5207.313953488372,4,0,False,0,20220531,1,16.0
9893,394,5355.695611285267,5747.123824451411,2,0,False,0,20220531,1,16.0
9894,395,5355.600250626567,6275.4047619047615,2,0,False,0,20220531,1,16.0
9895,396,5355.5,6815.1274509803925,1,0,False,0,20220531,1,16.0
9896,397,5355.597739767868,7351.404703726329,0,0,False,0,20220531,1,16.0
9897,398,5355.6027617212585,7887.404945407836,1,0,False,0,20220531,1,16.0
9898,399,5355.868641532017,8426.757929383602,0,0,False,0,20220531,1,16.0
9899,400,5355.6027617212585,8951.595054592164,2,0,False,0,20220531,1,16.0
9900,401,5355.69094247246,9487.686046511628,0,0,False,0,20220531,1,16.0
9901,402,5355.882352941177,10023.5,0,0,False,0,20220531,1,16.0
9902,403,5355.788685015291,10559.781345565749,1,0,False,0,20220531,1,16.0
9903,404,5355.87298266587,11099.5,0,0,False,0,20220531,1,16.0
9904,405,5355.803536977492,11639.21961414791,0,0,False,0,20220531,1,16.0
9905,406,5355.788685015291,12175.218654434251,1,1,False,0,20220531,1,16.0
9906,407,5355.796110414053,12707.218946047678,0,0,False,0,20220531,1,16.0
9907,408,5355.896238244514,13235.685579937304,1,0,False,0,20220531,1,16.0
9908,409,5355.700375704446,13771.5,2,0,False,0,20220531,1,16.0
9909,410,5355.796110414053,14307.781053952322,2,1,False,0,20220531,1,16.0
9910,411,5355.600125156446,14851.404881101376,0,0,False,0,20220531,1,16.0
9911,412,5355.700375704446,15379.5,0,0,False,0,20220531,1,16.0
9912,413,5355.88630806846,15919.685819070904,0,0,False,0,20220531,1,16.0
9913,414,5355.5,16462.936964504283,4,1,False,0,20220531,1,16.0
9914,415,5355.896238244514,16995.314420062696,0,0,False,0,20220531,1,16.0
9915,416,5355.917713152677,17531.31493721084,1,0,False,0,20220531,1,16.0
9916,417,5355.795739348371,18067.21929824561,2,0,False,0,20220531,1,16.0
9917,418,5355.6027617212585,18599.59505459217,1,0,False,0,20220531,1,16.0
9918,419,5355.700375704446,19139.5,1,0,False,0,20220531,1,16.0
9919,420,5355.968339307049,19675.40442054958,0,0,False,0,20220531,1,16.0
9920,421,5355.600125156446,20211.40488110137,1,1,False,0,20220531,1,16.0
9921,422,5355.795739348371,20755.21929824561,0,0,False,0,20220531,1,16.0
9922,423,5355.700375704446,21283.5,0,0,False,0,20220531,1,16.0
9923,424,5806.541916167665,1199.3179640718563,0,0,False,0,20220531,1,16.0
9924,425,5806.328331332533,1727.2454981992796,0,0,False,0,20220531,1,16.0
9925,426,5806.901257861635,2262.9616352201256,1,0,False,0,20220531,1,16.0
9926,427,5807.019426180514,2799.4067543335327,0,0,False,0,20220531,1,16.0
9927,428,5807.204504504504,3335.262162162162,0,0,False,0,20220531,1,16.0
9928,429,5807.705771643664,3871.5,1,0,False,0,20220531,1,16.0
9929,430,5807.308383233533,4407.317964071856,0,0,False,0,20220531,1,16.0
9930,431,5807.397049591965,4943.407093534212,0,0,False,0,20220531,1,16.0
9931,432,5807.5,5479.136363636364,1,0,False,0,20220531,1,16.0
9932,433,5807.5,6011.5,1,0,True,0,20220531,1,16.0
9933,434,5807.317964071856,6544.223353293413,3,0,True,0,20220531,1,16.0
9934,435,5807.303921568628,7083.318627450981,1,0,False,0,20220531,1,16.0
9935,436,5807.5,7623.136363636364,1,0,False,0,20220531,1,16.0
9936,437,5807.5,8151.5,1,0,False,0,20220531,1,16.0
9937,438,5807.5,8694.951572327043,2,0,False,0,20220531,1,16.0
9938,439,5807.399448191293,9219.956161863887,3,0,False,0,20220531,1,16.0
9939,440,5807.303921568628,9755.68137254902,4,1,False,0,20220531,1,16.0
9940,441,5807.5,10291.863190184047,3,0,False,0,20220531,1,16.0
9941,442,5807.5,10827.863190184047,3,1,False,0,20220531,1,16.0
9942,443,5807.5,11374.602040816326,2,0,False,0,20220531,1,16.0
9943,444,5807.691616766467,11903.317964071855,0,0,False,0,20220531,1,16.0
9944,445,5807.600551808707,12443.043838136113,0,0,False,0,20220531,1,16.0
9945,446,5807.696078431372,12971.68137254902,1,0,False,0,20220531,1,16.0
9946,447,5807.5,13503.863636363636,0,0,False,0,20220531,1,16.0
9947,448,5807.780407429598,14040.130317555422,3,0,False,0,20220531,1,16.0
9948,449,5807.5,14579.5,3,1,True,0,20220531,1,16.0
9949,450,5807.5,15115.5,0,0,False,0,20220531,1,16.0
9950,451,5807.308383233533,15647.682035928145,2,0,False,0,20220531,1,16.0
9951,452,5807.219592570402,16190.869682444578,0,0,False,0,20220531,1,16.0
9952,453,5807.203975535168,16731.225993883792,2,0,False,0,20220531,1,16.0
9953,454,5808.315897136177,17266.518118059616,0,0,False,0,20220531,1,16.0
9954,455,5807.5,17795.5,1,0,False,0,20220531,1,16.0
9955,456,5807.598027495517,18335.04333532576,0,0,False,0,20220531,1,16.0
9956,457,5807.686915887851,18867.317757009347,0,0,False,0,20220531,1,16.0
9957,458,5807.399694189602,19403.59296636085,1,0,False,0,20220531,1,16.0
9958,459,5807.600551808707,19947.04383813612,1,0,True,0,20220531,1,16.0
9959,460,5807.322429906542,20482.59813084112,3,0,True,0,20220531,1,16.0
9960,461,5807.600551808707,21019.04383813612,1,0,True,0,20220531,1,16.0
9961,462,6248.491920447483,929.41671845867,3,2,True,0,20220531,1,16.0
9962,463,6250.684516129032,1463.5,2,2,True,0,20220531,1,16.0
9963,464,6250.062461538461,1999.2710769230769,4,4,False,0,20220531,1,16.0
9964,465,6246.90797940798,2531.5,0,0,False,0,20220531,1,16.0
9965,466,6251.103761755486,3067.6855799373043,2,0,False,0,20220531,1,16.0
9966,467,6251.402379499695,3607.4048200122015,1,0,False,0,20220531,1,16.0
9967,468,6251.30905752754,4135.686046511628,0,1,False,0,20220531,1,16.0
9968,469,6251.788685015291,4679.21865443425,1,0,False,0,20220531,1,16.0
9969,470,6251.882352941177,5207.5,2,0,False,0,20220531,1,16.0
9970,471,6251.600250626567,5747.4047619047615,0,0,False,0,20220531,1,16.0
9971,472,6251.600250626567,6275.595238095239,0,0,False,0,20220531,1,16.0
9972,473,6251.5,6815.1274509803925,0,0,False,0,20220531,1,16.0
9973,474,6251.5,7351.5,1,0,False,0,20220531,1,16.0
9974,475,6251.6027617212585,7887.404945407836,1,0,False,0,20220531,1,16.0
9975,476,6251.773053892216,8426.853293413174,1,0,False,0,20220531,1,16.0
9976,477,6251.5,8951.690231362469,2,1,False,0,20220531,1,16.0
9977,478,6251.5,9487.872549019608,0,0,False,0,20220531,1,16.0
9978,479,6251.5,10023.872549019608,0,0,False,0,20220531,1,16.0
9979,480,6251.69094247246,10559.686046511628,1,0,True,0,20220531,1,16.0
9980,481,6251.87298266587,11099.5,1,0,False,0,20220531,1,16.0
9981,482,6251.6027617212585,11639.404945407836,5,0,False,0,20220531,1,16.0
9982,483,6251.597979179424,12175.032149418248,0,0,False,0,20220531,1,16.0
9983,484,6251.796110414053,12707.218946047678,0,0,False,0,20220531,1,16.0
9984,485,6251.896238244514,13235.685579937304,0,0,False,0,20220531,1,16.0
9985,486,6251.600125156446,13771.595118898624,0,0,False,0,20220531,1,16.0
9986,487,6251.795739348371,14307.780701754386,2,2,False,0,20220531,1,16.0
9987,488,6251.5,14851.309643080776,1,2,False,0,20220531,1,16.0
9988,489,6251.600250626567,15379.40476190476,0,0,True,0,20220531,1,16.0
9989,490,6251.5,15919.5,1,2,False,0,20220531,1,16.0
9990,491,6251.5,16462.389434889436,5,1,False,0,20220531,1,16.0
9991,492,6251.5,16995.30964308078,0,0,False,0,20220531,1,16.0
9992,493,6251.605540897098,17531.405013192612,1,1,False,0,20220531,1,16.0
9993,494,6251.5,18066.93753923415,0,0,False,0,20220531,1,16.0
9994,495,6251.5,18599.5,0,0,False,0,20220531,1,16.0
9995,496,6251.5,19139.30964308078,0,0,False,0,20220531,1,16.0
9996,497,6251.5,19675.12701733413,0,0,False,0,20220531,1,16.0
9997,498,6251.5,20211.30964308078,2,3,False,0,20220531,1,16.0
9998,499,6251.399874843554,20755.40488110137,0,0,True,0,20220531,1,16.0
9999,500,6251.600250626567,21283.404761904763,2,0,True,0,20220531,1,16.0
10000,1,899.004835589942,1464.1473243068988,3,0,False,1,20220531,2,16.0
10001,2,898.7570725707257,2000.5971709717096,0,0,False,1,20220531,2,16.0
10002,3,899.2132075471698,2532.3352201257862,0,0,False,1,20220531,2,16.0
10003,4,899.2132075471698,3068.3352201257862,7,1,False,1,20220531,2,16.0
10004,5,899.4020208205757,3607.967850581752,4,2,False,1,20220531,2,16.0
10005,6,899.2204169221336,4136.33629675046,0,0,False,1,20220531,2,16.0
10006,7,899.4020208205757,4679.967850581751,2,1,False,1,20220531,2,16.0
10007,8,899.7795830778664,5208.33629675046,1,1,False,1,20220531,2,16.0
10008,9,899.6956112852664,5747.876175548589,3,5,False,1,20220531,2,16.0
10009,10,899.204260651629,6275.7807017543855,1,2,False,1,20220531,2,16.0
10010,11,899.8779141104294,6816.241104294479,2,0,False,1,20220531,2,16.0
10011,12,900.0686274509804,7352.053921568628,1,2,False,1,20220531,2,16.0
10012,13,900.3051612903225,7887.866451612903,1,1,False,1,20220531,2,16.0
10013,14,900.6003003003003,8428.206306306307,1,1,False,1,20220531,2,16.0
10014,15,900.0979381443299,8952.051546391753,1,0,False,1,20220531,2,16.0
10015,16,900.2429274292743,9488.59717097171,0,0,False,1,20220531,2,16.0
10016,17,901.4233621755252,10024.187268232386,0,0,False,1,20220531,2,16.0
10017,18,901.0743368291178,10560.657310302282,0,0,False,1,20220531,2,16.0
10018,19,900.5989802039592,11100.224655068989,8,4,False,1,20220531,2,16.0
10019,20,899.7005141388174,11639.690231362469,1,2,True,1,20220531,2,16.0
10020,21,901.428306551298,12176.889369592089,1,0,True,1,20220531,2,16.0
10021,22,900.3805031446541,12707.771698113207,0,0,True,1,20220531,2,16.0
10022,23,900.3564231738035,13236.502518891688,2,1,True,1,20220531,2,16.0
10023,24,899.9824120603015,13772.14824120603,2,2,False,1,20220531,2,16.0
10024,25,900.1607818411097,14308.690416141237,0,0,False,1,20220531,2,16.0
10025,26,899.896238244514,14851.685579937304,1,0,False,1,20220531,2,16.0
10026,27,899.9824120603015,15380.14824120603,2,1,False,1,20220531,2,16.0
10027,28,899.7795830778664,15920.33629675046,1,2,False,1,20220531,2,16.0
10028,29,899.6909424724602,16463.68604651163,2,0,False,1,20220531,2,16.0
10029,30,899.6956112852664,16995.87617554859,3,2,False,1,20220531,2,16.0
10030,31,899.6055408970976,17531.594986807388,1,0,False,1,20220531,2,16.0
10031,32,899.5,18067.5,0,0,False,1,20220531,2,16.0
10032,33,899.5,18599.690231362467,2,0,False,1,20220531,2,16.0
10033,34,899.6002506265664,19139.404761904763,0,0,False,1,20220531,2,16.0
10034,35,900.1467065868263,19675.226946107785,4,5,False,1,20220531,2,16.0
10035,36,900.0925925925926,20211.5,0,2,False,1,20220531,2,16.0
10036,37,900.1842767295598,20754.86603773585,3,1,False,1,20220531,2,16.0
10037,38,903.89588688946,21283.309768637533,5,3,True,1,20220531,2,16.0
10038,39,1342.8345888261142,1199.9695543000628,0,0,False,1,20220531,2,16.0
10039,40,1343.293710691824,1728.4610062893082,1,0,False,1,20220531,2,16.0
10040,41,1343.1967699406723,2263.78740936058,1,0,False,1,20220531,2,16.0
10041,42,1343.2115987460816,2799.7884012539184,0,0,False,1,20220531,2,16.0
10042,43,1343.211959924859,3335.788040075141,1,1,False,1,20220531,2,16.0
10043,44,1343.5,3871.694993412385,0,1,False,1,20220531,2,16.0
10044,45,1343.5,4407.6952440550685,0,0,False,1,20220531,2,16.0
10045,46,1343.5,4943.5,3,0,False,1,20220531,2,16.0
10046,47,1343.5975609756097,5479.59756097561,0,0,False,1,20220531,2,16.0
10047,48,1343.5951768488746,6011.788102893891,0,0,False,1,20220531,2,16.0
10048,49,1343.7790697674418,6544.357322438717,0,0,False,1,20220531,2,16.0
10049,50,1343.7002567394095,7083.5,2,1,False,1,20220531,2,16.0
10050,51,1344.0771643663738,7623.5,4,2,False,1,20220531,2,16.0
10051,52,1343.7884012539184,8151.788401253919,2,2,False,1,20220531,2,16.0
10052,53,1343.705533596838,8695.5,2,0,False,1,20220531,2,16.0
10053,54,1343.6953727506427,9219.885604113111,1,1,False,1,20220531,2,16.0
10054,55,1343.89588688946,9755.690231362469,2,1,False,1,20220531,2,16.0
10055,56,1343.399935856318,10291.597498396408,1,1,False,1,20220531,2,16.0
10056,57,1344.0824742268042,10828.067010309278,0,0,False,1,20220531,2,16.0
10057,58,1344.4319899244333,11374.568010075567,1,3,False,1,20220531,2,16.0
10058,59,1343.8859649122808,11903.690476190475,1,0,False,1,20220531,2,16.0
10059,60,1343.89588688946,12443.309768637531,1,0,False,1,20220531,2,16.0
10060,61,1343.89588688946,12971.690231362469,0,0,False,1,20220531,2,16.0
10061,62,1343.690476190476,13503.88596491228,2,1,False,1,20220531,2,16.0
10062,63,1343.8859649122808,14039.690476190475,2,0,False,1,20220531,2,16.0
10063,64,1343.4044703000611,14579.402020820577,1,1,False,1,20220531,2,16.0
10064,65,1343.6953727506427,15115.885604113111,1,0,True,1,20220531,2,16.0
10065,66,1343.690476190476,15647.88596491228,1,2,False,1,20220531,2,16.0
10066,67,1343.7884012539184,16191.788401253918,4,1,True,1,20220531,2,16.0
10067,68,1343.399935856318,16731.402501603592,1,0,False,1,20220531,2,16.0
10068,69,1343.6865030674846,17267.308588957054,0,0,True,1,20220531,2,16.0
10069,70,1343.5955296999389,17795.98009797918,0,0,False,1,20220531,2,16.0
10070,71,1343.5975609756097,18335.40243902439,1,0,False,1,20220531,2,16.0
10071,72,1343.5,18867.88235294117,0,0,False,1,20220531,2,16.0
10072,73,1343.5,19403.5,0,0,False,1,20220531,2,16.0
10073,74,1343.89588688946,19947.309768637533,0,0,False,1,20220531,2,16.0
10074,75,1344.0539215686274,20482.93137254902,0,0,False,1,20220531,2,16.0
10075,76,1344.1825499034128,21019.03122987765,0,1,False,1,20220531,2,16.0
10076,77,1786.8558696988323,928.6923786109404,0,0,False,1,20220531,2,16.0
10077,78,1786.6937984496124,1464.37338501292,0,0,False,1,20220531,2,16.0
10078,79,1786.9313725490197,2000.053921568628,0,0,True,1,20220531,2,16.0
10079,80,1787.2038895859473,2531.781053952321,0,0,False,1,20220531,2,16.0
10080,81,1786.442065491184,3068.3110831234258,0,0,False,1,20220531,2,16.0
10081,82,1787.970300061237,3608.149112063688,0,0,True,1,20220531,2,16.0
10082,83,1787.5979791794243,4135.967850581751,0,0,False,1,20220531,2,16.0
10083,84,1787.2204169221336,4679.772225628449,0,0,False,1,20220531,2,16.0
10084,85,1787.029699938763,5208.149112063687,0,0,True,1,20220531,2,16.0
10085,86,1787.882149591452,5748.053111250786,0,0,False,1,20220531,2,16.0
10086,87,1787.9753476611884,6276.870417193426,0,0,False,1,20220531,2,16.0
10087,88,1788.0700245700243,6816.055282555282,0,0,False,1,20220531,2,16.0
10088,89,1788.0686274509803,7352.053921568628,3,0,False,1,20220531,2,16.0
10089,90,1787.9066924066924,7887.685328185328,2,1,False,1,20220531,2,16.0
10090,91,1788.4214157168567,8427.5,2,0,False,1,20220531,2,16.0
10091,92,1788.8411003236247,8951.057281553398,0,0,False,1,20220531,2,16.0
10092,93,1788.9590264941469,9488.74460874923,0,0,True,1,20220531,2,16.0
10093,94,1788.5325752919484,10024.31868469576,0,0,False,1,20220531,2,16.0
10094,95,1789.3282890673256,10560.925571340333,0,0,False,1,20220531,2,16.0
10095,96,1788.2420706163973,11099.868641532015,0,0,False,1,20220531,2,16.0
10096,97,1788.1082474226805,11639.5,1,0,False,1,20220531,2,16.0
10097,98,1788.8382533825338,12175.657441574416,2,1,False,1,20220531,2,16.0
10098,99,1788.3636363636365,13236.671717171715,1,0,False,1,20220531,2,16.0
10099,100,1788.083280955374,13772.053111250783,4,1,False,1,20220531,2,16.0
10100,101,1788.26214511041,14308.5952681388,2,0,False,1,20220531,2,16.0
10101,102,1788.0925925925926,14851.5,0,2,False,1,20220531,2,16.0
10102,103,1787.887665198238,15380.240088105727,3,1,False,1,20220531,2,16.0
10103,104,1787.8779141104294,15920.24110429448,0,0,False,1,20220531,2,16.0
10104,105,1787.7886850152904,16463.409480122325,0,0,False,1,20220531,2,16.0
10105,106,1787.795739348371,16995.780701754386,2,0,True,1,20220531,2,16.0
10106,107,1787.9177131526767,17531.68506278916,0,0,False,1,20220531,2,16.0
10107,108,1787.7003757044458,18067.5,0,0,False,1,20220531,2,16.0
10108,109,1787.6027617212587,18599.59505459217,2,1,False,1,20220531,2,16.0
10109,110,1787.896238244514,19139.314420062696,2,0,False,1,20220531,2,16.0
10110,111,1788.4214157168567,19675.5,0,1,False,1,20220531,2,16.0
10111,112,1788.0925925925926,20211.5,1,0,False,1,20220531,2,16.0
10112,113,1788.083280955374,20754.94688874921,2,3,False,1,20220531,2,16.0
10113,114,1788.294468887492,21283.5,4,0,False,1,20220531,2,16.0
10114,115,1791.89588688946,12707.309768637531,1,0,False,1,20220531,2,16.0
10115,116,2231.304755944931,1199.5,0,0,False,1,20220531,2,16.0
10116,117,2231.6907151819323,1727.8764115432873,0,0,False,1,20220531,2,16.0
10117,118,2231.5,2263.5,0,0,False,1,20220531,2,16.0
10118,119,2231.5,2799.5,1,0,False,1,20220531,2,16.0
10119,120,2231.5,3335.5,1,0,False,1,20220531,2,16.0
10120,121,2231.5,3871.5,2,1,True,1,20220531,2,16.0
10121,122,2231.695244055069,4407.5,1,1,True,1,20220531,2,16.0
10122,123,2231.5,4943.5,0,0,False,1,20220531,2,16.0
10123,124,2231.5,5479.5,2,0,True,1,20220531,2,16.0
10124,125,2231.6000641436817,6011.402501603592,0,0,False,1,20220531,2,16.0
10125,126,2231.690476190476,6543.8859649122805,2,0,False,1,20220531,2,16.0
10126,127,2231.89588688946,7083.690231362468,1,0,False,1,20220531,2,16.0
10127,128,2232.077164366374,7623.5,0,0,False,1,20220531,2,16.0
10128,129,2231.8859649122805,8151.690476190476,1,1,False,1,20220531,2,16.0
10129,130,2232.1076618229854,8695.5,0,0,False,1,20220531,2,16.0
10130,131,2231.79543994862,9219.787732819525,0,0,False,1,20220531,2,16.0
10131,132,2232.182549903413,9755.968770122345,1,1,False,1,20220531,2,16.0
10132,133,2232.182549903413,10291.968770122345,0,0,False,1,20220531,2,16.0
10133,134,2232.082474226804,10828.067010309278,0,0,False,1,20220531,2,16.0
10134,135,2231.6902377972465,11375.304755944931,0,0,False,1,20220531,2,16.0
10135,136,2232.165411173886,11903.969554300063,0,0,False,1,20220531,2,16.0
10136,137,2231.7002567394097,12443.5,2,1,False,1,20220531,2,16.0
10137,138,2232.0817245817248,12972.06628056628,1,0,False,1,20220531,2,16.0
10138,139,2232.3332284455632,13504.529578351165,0,0,False,1,20220531,2,16.0
10139,140,2232.3332284455632,14040.529578351165,0,0,False,1,20220531,2,16.0
10140,141,2232.241104294478,14579.87791411043,2,0,False,1,20220531,2,16.0
10141,142,2232.0817245817248,15116.06628056628,1,4,False,1,20220531,2,16.0
10142,143,2231.9695543000626,15648.165411173886,3,0,False,1,20220531,2,16.0
10143,144,2231.8859649122805,16191.690476190475,2,0,False,1,20220531,2,16.0
10144,145,2231.7002567394097,16731.5,3,1,False,1,20220531,2,16.0
10145,146,2232.241104294478,17267.681595092025,4,1,False,1,20220531,2,16.0
10146,147,2232.053921568628,17796.06862745098,2,0,False,1,20220531,2,16.0
10147,148,2231.8859649122805,18335.69047619048,2,1,False,1,20220531,2,16.0
10148,149,2232.33629675046,18867.220416922133,0,0,False,1,20220531,2,16.0
10149,150,2231.79543994862,19403.787732819525,0,3,False,1,20220531,2,16.0
10150,151,2231.89588688946,19947.309768637533,2,0,False,1,20220531,2,16.0
10151,152,2232.33629675046,20483.220416922133,4,0,False,1,20220531,2,16.0
10152,153,2231.89588688946,21019.309768637533,2,0,False,1,20220531,2,16.0
10153,154,2674.93137254902,928.0539215686274,0,0,False,1,20220531,2,16.0
10154,155,2677.859493670886,1462.4012658227848,4,1,False,1,20220531,2,16.0
10155,156,2675.406919779547,1999.776791181874,1,1,False,1,20220531,2,16.0
10156,157,2674.90666247643,2531.489943431804,0,0,False,1,20220531,2,16.0
10157,158,2675.1173694147265,3068.04877281309,0,0,False,1,20220531,2,16.0
10158,159,2674.6416309012875,3607.7722256284487,1,0,False,1,20220531,2,16.0
10159,160,2678.221252257676,4135.150812763395,1,0,False,1,20220531,2,16.0
10160,161,2679.5,4679.5,1,2,False,1,20220531,2,16.0
10161,162,2678.2738452309536,5208.111877624475,1,1,False,1,20220531,2,16.0
10162,163,2679.5,5747.5,1,0,False,1,20220531,2,16.0
10163,164,2680.4987699877,6275.849323493235,0,0,False,1,20220531,2,16.0
10164,165,2679.882775119617,6815.5,0,0,False,1,20220531,2,16.0
10165,166,2680.2616766467067,7351.859281437126,2,3,False,1,20220531,2,16.0
10166,167,2680.236225087925,8427.317116060962,2,0,False,1,20220531,2,16.0
10167,168,2679.907035175879,8951.680904522613,1,6,False,1,20220531,2,16.0
10168,169,2679.211389385808,9487.774299344066,1,3,False,1,20220531,2,16.0
10169,170,2680.0693779904304,10024.04066985646,1,0,False,1,20220531,2,16.0
10170,171,2681.5253470126736,10560.709414604707,0,0,False,1,20220531,2,16.0
10171,172,2680.147574517826,11099.766510812393,2,1,False,1,20220531,2,16.0
10172,173,2680.1638705811865,12175.766027561414,0,0,False,1,20220531,2,16.0
10173,174,2680.093137254902,12707.5,0,0,False,1,20220531,2,16.0
10174,175,2680.0840490797545,13236.039877300613,3,0,False,1,20220531,2,16.0
10175,176,2679.796024464832,13771.774006116208,1,0,False,1,20220531,2,16.0
10176,177,2680.459409594096,14308.385608856088,0,0,False,1,20220531,2,16.0
10177,178,2679.896572827417,14851.681150550796,0,0,False,1,20220531,2,16.0
10178,179,2680.0840490797545,15380.039877300613,2,1,False,1,20220531,2,16.0
10179,180,2680.0693779904304,15920.04066985646,2,1,False,1,20220531,2,16.0
10180,181,2679.980573819486,16463.406754333533,5,0,False,1,20220531,2,16.0
10181,182,2679.896572827417,16995.681150550794,0,1,False,1,20220531,2,16.0
10182,183,2679.605602060528,17531.592723760463,2,0,False,1,20220531,2,16.0
10183,184,2679.9935543278084,18067.58348680172,1,3,False,1,20220531,2,16.0
10184,185,2679.80923947203,18599.42206159648,0,0,False,1,20220531,2,16.0
10185,186,2680.1876155268023,19139.214109673445,3,0,False,1,20220531,2,16.0
10186,187,2680.4227166276346,19675.5,1,2,False,1,20220531,2,16.0
10187,188,2679.700488997555,20211.5,6,3,False,1,20220531,2,16.0
10188,189,2679.7963870177587,20755.22565829761,6,0,False,1,20220531,2,16.0
10189,190,2680.093137254902,21283.5,2,3,False,1,20220531,2,16.0
10190,191,2683.602761721259,7887.595054592164,0,1,False,1,20220531,2,16.0
10191,192,2683.9025806451614,11639.5,1,3,False,1,20220531,2,16.0
10192,193,3130.359950859951,1199.5,1,1,False,1,20220531,2,16.0
10193,194,3125.668888888889,1728.9653968253967,0,0,False,1,20220531,2,16.0
10194,195,3131.397238278741,2263.5950545921646,1,0,False,1,20220531,2,16.0
10195,196,3127.2105097545627,2799.7794210195093,0,0,False,1,20220531,2,16.0
10196,197,3129.775092936803,3336.6995043370507,1,0,False,1,20220531,2,16.0
10197,198,3131.397238278741,3871.5950545921646,1,2,False,1,20220531,2,16.0
10198,199,3130.726600985221,4406.869458128079,1,1,False,1,20220531,2,16.0
10199,200,3130.9945196647323,4943.595422308188,2,1,False,1,20220531,2,16.0
10200,201,3131.402260232132,5479.404703726329,1,0,False,1,20220531,2,16.0
10201,202,3131.203889585948,6011.781053952322,0,0,False,1,20220531,2,16.0
10202,203,3131.1220858895704,6544.241104294479,1,0,False,1,20220531,2,16.0
10203,204,3131.6001251564458,7083.595118898624,0,0,False,1,20220531,2,16.0
10204,205,3131.5,7623.127450980392,0,1,False,1,20220531,2,16.0
10205,206,3131.5,8151.872549019607,0,0,False,1,20220531,2,16.0
10206,207,3131.5,8695.309768637531,2,0,False,1,20220531,2,16.0
10207,208,3131.6956112852663,9219.876175548588,0,0,False,1,20220531,2,16.0
10208,209,3131.7961104140527,9755.781053952322,1,1,False,1,20220531,2,16.0
10209,210,3131.7961104140527,10291.781053952322,0,0,False,1,20220531,2,16.0
10210,211,3131.5,10828.06246076585,0,0,False,1,20220531,2,16.0
10211,212,3131.779926335175,11374.854205033764,26,12,True,1,20220531,2,16.0
10212,213,3131.6909424724604,11903.686046511628,2,1,False,1,20220531,2,16.0
10213,214,3131.6002506265663,12443.40476190476,0,0,False,1,20220531,2,16.0
10214,215,3131.7961104140527,12971.781053952322,0,0,True,1,20220531,2,16.0
10215,216,3131.7795830778664,13504.33629675046,2,1,False,1,20220531,2,16.0
10216,217,3131.7795830778664,14040.33629675046,1,0,False,1,20220531,2,16.0
10217,218,3131.960431654676,14579.960431654676,0,0,False,1,20220531,2,16.0
10218,219,3131.6956112852663,15115.876175548588,3,1,False,1,20220531,2,16.0
10219,220,3131.5,15648.063035495716,0,0,False,1,20220531,2,16.0
10220,221,3131.8823529411766,16191.5,2,0,False,1,20220531,2,16.0
10221,222,3131.5,16731.30964308078,1,0,False,1,20220531,2,16.0
10222,223,3131.6862686567165,17267.313731343285,1,0,False,1,20220531,2,16.0
10223,224,3131.313953488372,17795.68604651163,1,1,False,1,20220531,2,16.0
10224,225,3131.6909424724604,18335.31395348837,4,0,False,1,20220531,2,16.0
10225,226,3131.68671454219,18867.68671454219,0,0,False,1,20220531,2,16.0
10226,227,3131.700375704446,19403.5,1,0,False,1,20220531,2,16.0
10227,228,3131.5,19947.5,0,0,False,1,20220531,2,16.0
10228,229,3131.782634730539,20482.661676646705,1,0,False,1,20220531,2,16.0
10229,230,3131.7961104140527,21019.21894604768,5,1,False,1,20220531,2,16.0
10230,231,3570.6416309012875,927.7722256284488,2,2,False,1,20220531,2,16.0
10231,232,3571.5,1463.5,2,0,False,1,20220531,2,16.0
10232,233,3569.9433497536947,2000.5147783251232,0,0,False,1,20220531,2,16.0
10233,234,3571.3043887147337,2531.1238244514107,2,0,False,1,20220531,2,16.0
10234,235,3571.8962382445143,3067.6855799373043,3,0,False,1,20220531,2,16.0
10235,236,3571.5,3607.309523809524,1,0,False,1,20220531,2,16.0
10236,237,3571.597620500305,4135.595179987798,2,0,False,1,20220531,2,16.0
10237,238,3571.5,4679.5,0,0,False,1,20220531,2,16.0
10238,239,3571.88630806846,5207.6858190709045,1,0,False,1,20220531,2,16.0
10239,240,3571.7961104140527,5747.590338770389,1,0,False,1,20220531,2,16.0
10240,241,3571.8962382445143,6275.314420062696,3,0,False,1,20220531,2,16.0
10241,242,3571.69536019536,6815.5,1,0,False,1,20220531,2,16.0
10242,243,3572.166258420086,7351.041947336191,2,0,True,1,20220531,2,16.0
10243,244,3571.7056555269924,7887.5,1,0,False,1,20220531,2,16.0
10244,245,3572.5167865707435,8427.404076738609,0,0,False,1,20220531,2,16.0
10245,246,3571.9066924066924,8951.685328185327,2,1,False,1,20220531,2,16.0
10246,247,3572.260736196319,9487.86809815951,0,0,False,1,20220531,2,16.0
10247,248,3572.260736196319,10023.86809815951,3,2,False,1,20220531,2,16.0
10248,249,3572.0686274509803,10560.053921568628,0,0,True,1,20220531,2,16.0
10249,250,3574.511180124224,11097.66645962733,0,0,False,1,20220531,2,16.0
10250,251,3572.00998068255,11639.404700579524,0,0,False,1,20220531,2,16.0
10251,252,3572.3583690987125,12175.227774371551,0,0,False,1,20220531,2,16.0
10252,253,3572.0925925925926,12707.5,1,0,True,1,20220531,2,16.0
10253,254,3572.0825486503454,13236.052416823602,1,0,False,1,20220531,2,16.0
10254,255,3571.8962382445143,13771.685579937304,1,4,True,1,20220531,2,16.0
10255,256,3572.183417085427,14307.957286432162,3,0,False,1,20220531,2,16.0
10256,257,3571.700375704446,14851.5,1,0,False,1,20220531,2,16.0
10257,258,3572.183417085427,15379.957286432162,5,0,False,1,20220531,2,16.0
10258,259,3572.3583690987125,15919.772225628449,0,0,False,1,20220531,2,16.0
10259,260,3571.88630806846,16463.314180929094,2,1,False,1,20220531,2,16.0
10260,261,3572.0925925925926,16995.5,2,0,False,1,20220531,2,16.0
10261,262,3571.6055408970974,17531.594986807388,1,2,False,1,20220531,2,16.0
10262,263,3571.6001251564458,18067.40488110137,3,0,False,1,20220531,2,16.0
10263,264,3571.602761721259,18599.59505459217,0,0,False,1,20220531,2,16.0
10264,265,3572.0925925925926,19139.5,4,1,False,1,20220531,2,16.0
10265,266,3572.5167865707435,19675.59592326139,4,1,False,1,20220531,2,16.0
10266,267,3572.0925925925926,20211.5,1,0,False,1,20220531,2,16.0
10267,268,3572.183417085427,20755.04271356784,6,3,False,1,20220531,2,16.0
10268,269,3572.0925925925926,21283.5,5,2,False,1,20220531,2,16.0
10269,270,4023.1235884567127,1199.1135508155585,0,0,False,1,20220531,2,16.0
10270,271,4023.4024390243903,1727.5975609756097,0,0,False,1,20220531,2,16.0
10271,272,4023.5,2263.5,0,0,False,1,20220531,2,16.0
10272,273,4023.5,2799.304755944931,3,0,False,1,20220531,2,16.0
10273,274,4023.22057898049,3335.7794210195093,0,1,False,1,20220531,2,16.0
10274,275,4023.6026991441736,3871.597432521396,1,2,False,1,20220531,2,16.0
10275,276,4023.6911949685536,4407.308805031446,1,2,False,1,20220531,2,16.0
10276,277,4023.3973008558255,4943.597432521396,2,1,False,1,20220531,2,16.0
10277,278,4023.690476190476,5479.11403508772,2,1,False,1,20220531,2,16.0
10278,279,4023.6000641436817,6011.597498396408,0,0,False,1,20220531,2,16.0
10279,280,4023.690476190476,6543.8859649122805,0,0,False,1,20220531,2,16.0
10280,281,4023.7002567394097,7083.5,0,0,False,1,20220531,2,16.0
10281,282,4023.7884012539184,7623.211598746081,0,0,False,1,20220531,2,16.0
10282,283,4023.885964912281,8151.690476190476,0,0,False,1,20220531,2,16.0
10283,284,4023.6026991441736,8695.402567478604,0,0,False,1,20220531,2,16.0
10284,285,4023.7954399486193,9219.787732819525,0,0,False,1,20220531,2,16.0
10285,286,4023.89588688946,9755.690231362469,2,0,False,1,20220531,2,16.0
10286,287,4023.89588688946,10291.690231362469,0,0,False,1,20220531,2,16.0
10287,288,4023.6953727506425,10827.885604113111,4,6,False,1,20220531,2,16.0
10288,289,4023.7884012539184,11375.211598746082,0,0,False,1,20220531,2,16.0
10289,290,4023.885964912281,11903.690476190475,0,0,False,1,20220531,2,16.0
10290,291,4023.7002567394097,12443.5,0,0,False,1,20220531,2,16.0
10291,292,4023.7954399486193,12971.787732819525,0,2,False,1,20220531,2,16.0
10292,293,4023.969554300063,13504.165411173886,0,0,False,1,20220531,2,16.0
10293,294,4023.885964912281,14039.690476190475,0,0,False,1,20220531,2,16.0
10294,295,4023.87652811736,14579.690709046456,1,0,False,1,20220531,2,16.0
10295,296,4023.7954399486193,15115.787732819525,2,2,False,1,20220531,2,16.0
10296,297,4023.5975609756097,15647.40243902439,4,2,False,1,20220531,2,16.0
10297,298,4023.5,16191.5,0,0,False,1,20220531,2,16.0
10298,299,4023.6000641436817,16731.402501603592,0,0,False,1,20220531,2,16.0
10299,300,4023.4048200122015,17267.402379499694,0,0,False,1,20220531,2,16.0
10300,301,4024.053921568628,17796.06862745098,1,0,False,1,20220531,2,16.0
10301,302,4023.695244055069,18335.5,2,3,False,1,20220531,2,16.0
10302,303,4023.5,18867.5,0,1,False,1,20220531,2,16.0
10303,304,4023.6000641436817,19403.597498396408,1,0,False,1,20220531,2,16.0
10304,305,4023.89588688946,19947.309768637533,6,0,False,1,20220531,2,16.0
10305,306,4023.314180929096,20483.11369193154,5,3,False,1,20220531,2,16.0
10306,307,4023.6000641436817,21019.402501603592,5,4,False,1,20220531,2,16.0
10307,308,4467.308588957055,927.6865030674846,1,0,False,1,20220531,2,16.0
10308,309,4467.6027617212585,1463.5950545921644,5,3,False,1,20220531,2,16.0
10309,310,4467.69094247246,1999.686046511628,1,1,False,1,20220531,2,16.0
10310,311,4467.5,2531.5,1,0,False,1,20220531,2,16.0
10311,312,4467.103264281231,3067.133396107972,2,0,False,1,20220531,2,16.0
10312,313,4467.597620500305,3607.5951799877976,1,0,False,1,20220531,2,16.0
10313,314,4468.0700245700245,4135.490171990172,1,1,False,1,20220531,2,16.0
10314,315,4467.790461538461,4678.6704615384615,2,2,False,1,20220531,2,16.0
10315,316,4467.220416922134,5207.772225628449,0,0,False,1,20220531,2,16.0
10316,317,4467.600250626567,5747.4047619047615,1,1,False,1,20220531,2,16.0
10317,318,4467.695611285267,6275.876175548589,1,1,False,1,20220531,2,16.0
10318,319,4468.067931456549,6814.9467564259485,1,0,False,1,20220531,2,16.0
10319,320,4467.69094247246,7351.686046511628,1,0,False,1,20220531,2,16.0
10320,321,4467.705655526992,7887.5,0,0,False,1,20220531,2,16.0
10321,322,4467.9604316546765,8427.039568345324,4,1,True,1,20220531,2,16.0
10322,323,4467.803536977492,8951.78038585209,0,0,False,1,20220531,2,16.0
10323,324,4467.779926335175,9488.145794966236,1,0,False,1,20220531,2,16.0
10324,325,4467.970876762723,10023.958614347026,3,1,False,1,20220531,2,16.0
10325,326,4467.779926335175,10560.145794966236,0,3,False,1,20220531,2,16.0
10326,327,4467.773709483794,11099.773709483794,0,0,False,1,20220531,2,16.0
10327,328,4467.705655526992,11639.5,1,1,False,1,20220531,2,16.0
10328,329,4467.691411042945,12175.313496932517,1,0,False,1,20220531,2,16.0
10329,330,4467.992462311558,12707.404522613066,0,0,False,1,20220531,2,16.0
10330,331,4467.982412060302,13236.14824120603,2,2,False,1,20220531,2,16.0
10331,332,4467.695611285267,13771.876175548588,0,0,False,1,20220531,2,16.0
10332,333,4467.78679245283,14308.335220125786,2,0,False,1,20220531,2,16.0
10333,334,4467.700375704446,14851.5,1,1,True,1,20220531,2,16.0
10334,335,4467.695611285267,15379.876175548588,3,0,True,1,20220531,2,16.0
10335,336,4467.69094247246,15919.686046511628,0,0,False,1,20220531,2,16.0
10336,337,4467.597979179424,16463.03214941825,2,0,False,1,20220531,2,16.0
10337,338,4467.796110414053,16995.590338770387,0,0,False,1,20220531,2,16.0
10338,339,4467.812169312169,17531.589947089946,2,1,False,1,20220531,2,16.0
10339,340,4467.304143126177,18067.314187068423,2,1,False,1,20220531,2,16.0
10340,341,4467.6027617212585,18599.59505459217,1,1,False,1,20220531,2,16.0
10341,342,4467.992462311558,19139.59547738693,1,0,False,1,20220531,2,16.0
10342,343,4467.9604316546765,19675.586330935253,2,1,False,1,20220531,2,16.0
10343,344,4467.992462311558,20211.404522613066,3,2,False,1,20220531,2,16.0
10344,345,4467.695611285267,20755.87617554859,4,3,False,1,20220531,2,16.0
10345,346,4467.600250626567,21283.404761904763,3,5,False,1,20220531,2,16.0
10346,347,4910.279048765804,1198.8762793497892,0,0,False,1,20220531,2,16.0
10347,348,4909.975961538462,1726.3557692307693,1,0,False,1,20220531,2,16.0
10348,349,4911.294228356336,2263.5,0,1,False,1,20220531,2,16.0
10349,350,4910.738323353294,2799.859281437126,3,2,False,1,20220531,2,16.0
10350,351,4910.551497005988,3335.32754491018,3,1,False,1,20220531,2,16.0
10351,352,4911.092964824121,3871.680904522613,2,1,False,1,20220531,2,16.0
10352,353,4911.308383233533,4407.317964071856,1,0,False,1,20220531,2,16.0
10353,354,4911.298994974874,4943.133165829146,1,0,False,1,20220531,2,16.0
10354,355,4911.308841099164,5479.318399044206,1,1,False,1,20220531,2,16.0
10355,356,4911.696078431372,6011.318627450981,0,0,False,1,20220531,2,16.0
10356,357,4911.308383233533,6543.682035928144,0,0,False,1,20220531,2,16.0
10357,358,4911.796387017759,7083.225658297612,0,0,False,1,20220531,2,16.0
10358,359,4912.070743405276,7622.958033573142,2,1,False,1,20220531,2,16.0
10359,360,4911.5,8151.5,0,0,False,1,20220531,2,16.0
10360,361,4911.5,8694.951572327043,3,0,False,1,20220531,2,16.0
10361,362,4911.696078431372,9219.68137254902,0,1,False,1,20220531,2,16.0
10362,363,4911.69656019656,9755.681818181818,2,0,True,1,20220531,2,16.0
10363,364,4911.5,10291.863190184047,2,4,False,1,20220531,2,16.0
10364,365,4911.5,10827.863190184047,1,0,False,1,20220531,2,16.0
10365,366,4911.5,11374.602040816326,3,2,False,1,20220531,2,16.0
10366,367,4911.780407429598,11902.869682444578,0,0,False,1,20220531,2,16.0
10367,368,4911.600551808707,12443.043838136113,2,1,False,1,20220531,2,16.0
10368,369,4911.696078431372,12971.68137254902,1,2,True,1,20220531,2,16.0
10369,370,4911.780407429598,13504.130317555422,2,1,False,1,20220531,2,16.0
10370,371,4911.780407429598,14040.130317555422,0,0,False,1,20220531,2,16.0
10371,372,4911.774165202109,14579.232864674868,1,0,False,1,20220531,2,16.0
10372,373,4911.696078431372,15115.68137254902,2,1,False,1,20220531,2,16.0
10373,374,4911.780407429598,15648.130317555422,0,0,False,1,20220531,2,16.0
10374,375,4911.5,16191.136363636364,1,1,False,1,20220531,2,16.0
10375,376,4911.5,16731.5,0,0,False,1,20220531,2,16.0
10376,377,4911.869158878505,17266.77570093458,1,0,False,1,20220531,2,16.0
10377,378,4911.877182770663,17795.681606519207,1,0,False,1,20220531,2,16.0
10378,379,4912.261676646706,18335.32754491018,0,0,False,1,20220531,2,16.0
10379,380,4912.056725146199,18867.49064327485,1,0,False,1,20220531,2,16.0
10380,381,4911.696078431372,19403.68137254902,4,3,False,1,20220531,2,16.0
10381,382,4911.796387017759,19947.22565829761,1,0,False,1,20220531,2,16.0
10382,383,4911.961088355763,20483.050614394386,0,0,False,1,20220531,2,16.0
10383,384,4911.888206388207,21018.77764127764,4,2,False,1,20220531,2,16.0
10384,385,5354.359950859951,927.5,0,0,False,1,20220531,2,16.0
10385,386,5355.3972382787415,1463.4049454078356,2,0,False,1,20220531,2,16.0
10386,387,5354.355036855037,1999.8341523341523,1,0,False,1,20220531,2,16.0
10387,388,5355.103761755486,2531.314420062696,1,0,False,1,20220531,2,16.0
10388,389,5355.299624295554,3067.5,1,0,False,1,20220531,2,16.0
10389,390,5355.5,3607.309523809524,2,0,False,1,20220531,2,16.0
10390,391,5355.5,4135.5,1,1,False,1,20220531,2,16.0
10391,392,5355.87791411043,4678.758895705521,2,0,False,1,20220531,2,16.0
10392,393,5355.69094247246,5207.313953488372,0,0,False,1,20220531,2,16.0
10393,394,5355.695611285267,5747.123824451411,0,0,False,1,20220531,2,16.0
10394,395,5355.600250626567,6275.4047619047615,4,1,False,1,20220531,2,16.0
10395,396,5355.5,6815.1274509803925,1,0,False,1,20220531,2,16.0
10396,397,5355.597739767868,7351.404703726329,1,0,False,1,20220531,2,16.0
10397,398,5355.6027617212585,7887.404945407836,0,0,False,1,20220531,2,16.0
10398,399,5355.868641532017,8426.757929383602,0,0,False,1,20220531,2,16.0
10399,400,5355.6027617212585,8951.595054592164,1,0,False,1,20220531,2,16.0
10400,401,5355.69094247246,9487.686046511628,1,2,False,1,20220531,2,16.0
10401,402,5355.882352941177,10023.5,2,2,False,1,20220531,2,16.0
10402,403,5355.788685015291,10559.781345565749,0,1,False,1,20220531,2,16.0
10403,404,5355.87298266587,11099.5,0,0,False,1,20220531,2,16.0
10404,405,5355.803536977492,11639.21961414791,1,0,False,1,20220531,2,16.0
10405,406,5355.788685015291,12175.218654434251,0,1,False,1,20220531,2,16.0
10406,407,5355.796110414053,12707.218946047678,0,0,False,1,20220531,2,16.0
10407,408,5355.896238244514,13235.685579937304,0,0,False,1,20220531,2,16.0
10408,409,5355.700375704446,13771.5,2,1,False,1,20220531,2,16.0
10409,410,5355.796110414053,14307.781053952322,6,1,False,1,20220531,2,16.0
10410,411,5355.600125156446,14851.404881101376,0,0,False,1,20220531,2,16.0
10411,412,5355.700375704446,15379.5,5,1,False,1,20220531,2,16.0
10412,413,5355.88630806846,15919.685819070904,0,0,False,1,20220531,2,16.0
10413,414,5355.5,16462.936964504283,0,0,False,1,20220531,2,16.0
10414,415,5355.896238244514,16995.314420062696,1,0,False,1,20220531,2,16.0
10415,416,5355.917713152677,17531.31493721084,3,0,False,1,20220531,2,16.0
10416,417,5355.795739348371,18067.21929824561,0,17,True,1,20220531,2,16.0
10417,418,5355.6027617212585,18599.59505459217,0,127,True,1,20220531,2,16.0
10418,419,5355.700375704446,19139.5,2,0,False,1,20220531,2,16.0
10419,420,5355.968339307049,19675.40442054958,1,1,False,1,20220531,2,16.0
10420,421,5355.600125156446,20211.40488110137,4,4,False,1,20220531,2,16.0
10421,422,5355.795739348371,20755.21929824561,2,1,False,1,20220531,2,16.0
10422,423,5355.700375704446,21283.5,0,0,False,1,20220531,2,16.0
10423,424,5806.541916167665,1199.3179640718563,0,1,False,1,20220531,2,16.0
10424,425,5806.328331332533,1727.2454981992796,0,0,False,1,20220531,2,16.0
10425,426,5806.901257861635,2262.9616352201256,1,1,False,1,20220531,2,16.0
10426,427,5807.019426180514,2799.4067543335327,1,2,False,1,20220531,2,16.0
10427,428,5807.204504504504,3335.262162162162,4,2,False,1,20220531,2,16.0
10428,429,5807.705771643664,3871.5,1,2,False,1,20220531,2,16.0
10429,430,5807.308383233533,4407.317964071856,0,0,False,1,20220531,2,16.0
10430,431,5807.397049591965,4943.407093534212,1,1,False,1,20220531,2,16.0
10431,432,5807.5,5479.136363636364,1,0,False,1,20220531,2,16.0
10432,433,5807.5,6011.5,3,1,False,1,20220531,2,16.0
10433,434,5807.317964071856,6544.223353293413,2,2,False,1,20220531,2,16.0
10434,435,5807.303921568628,7083.318627450981,0,0,False,1,20220531,2,16.0
10435,436,5807.5,7623.136363636364,1,1,False,1,20220531,2,16.0
10436,437,5807.5,8151.5,0,0,False,1,20220531,2,16.0
10437,438,5807.5,8694.951572327043,0,0,False,1,20220531,2,16.0
10438,439,5807.399448191293,9219.956161863887,1,0,False,1,20220531,2,16.0
10439,440,5807.303921568628,9755.68137254902,0,1,False,1,20220531,2,16.0
10440,441,5807.5,10291.863190184047,3,0,False,1,20220531,2,16.0
10441,442,5807.5,10827.863190184047,0,0,False,1,20220531,2,16.0
10442,443,5807.5,11374.602040816326,0,0,False,1,20220531,2,16.0
10443,444,5807.691616766467,11903.317964071855,0,0,False,1,20220531,2,16.0
10444,445,5807.600551808707,12443.043838136113,0,0,False,1,20220531,2,16.0
10445,446,5807.696078431372,12971.68137254902,1,0,False,1,20220531,2,16.0
10446,447,5807.5,13503.863636363636,1,0,True,1,20220531,2,16.0
10447,448,5807.780407429598,14040.130317555422,2,1,True,1,20220531,2,16.0
10448,449,5807.5,14579.5,2,0,False,1,20220531,2,16.0
10449,450,5807.5,15115.5,0,0,False,1,20220531,2,16.0
10450,451,5807.308383233533,15647.682035928145,0,0,False,1,20220531,2,16.0
10451,452,5807.219592570402,16190.869682444578,0,0,False,1,20220531,2,16.0
10452,453,5807.203975535168,16731.225993883792,0,0,False,1,20220531,2,16.0
10453,454,5808.315897136177,17266.518118059616,0,0,True,1,20220531,2,16.0
10454,455,5807.5,17795.5,0,0,False,1,20220531,2,16.0
10455,456,5807.598027495517,18335.04333532576,0,0,False,1,20220531,2,16.0
10456,457,5807.686915887851,18867.317757009347,0,75,True,1,20220531,2,16.0
10457,458,5807.399694189602,19403.59296636085,3,0,False,1,20220531,2,16.0
10458,459,5807.600551808707,19947.04383813612,0,0,False,1,20220531,2,16.0
10459,460,5807.322429906542,20482.59813084112,0,0,False,1,20220531,2,16.0
10460,461,5807.600551808707,21019.04383813612,1,1,False,1,20220531,2,16.0
10461,462,6248.491920447483,929.41671845867,2,5,False,1,20220531,2,16.0
10462,463,6250.684516129032,1463.5,1,1,False,1,20220531,2,16.0
10463,464,6250.062461538461,1999.2710769230769,2,1,False,1,20220531,2,16.0
10464,465,6246.90797940798,2531.5,3,0,False,1,20220531,2,16.0
10465,466,6251.103761755486,3067.6855799373043,1,0,False,1,20220531,2,16.0
10466,467,6251.402379499695,3607.4048200122015,2,0,False,1,20220531,2,16.0
10467,468,6251.30905752754,4135.686046511628,0,0,False,1,20220531,2,16.0
10468,469,6251.788685015291,4679.21865443425,0,0,False,1,20220531,2,16.0
10469,470,6251.882352941177,5207.5,1,0,False,1,20220531,2,16.0
10470,471,6251.600250626567,5747.4047619047615,0,0,False,1,20220531,2,16.0
10471,472,6251.600250626567,6275.595238095239,0,0,False,1,20220531,2,16.0
10472,473,6251.5,6815.1274509803925,0,0,False,1,20220531,2,16.0
10473,474,6251.5,7351.5,0,0,False,1,20220531,2,16.0
10474,475,6251.6027617212585,7887.404945407836,0,1,False,1,20220531,2,16.0
10475,476,6251.773053892216,8426.853293413174,1,2,False,1,20220531,2,16.0
10476,477,6251.5,8951.690231362469,4,2,False,1,20220531,2,16.0
10477,478,6251.5,9487.872549019608,2,0,False,1,20220531,2,16.0
10478,479,6251.5,10023.872549019608,0,0,False,1,20220531,2,16.0
10479,480,6251.69094247246,10559.686046511628,0,0,False,1,20220531,2,16.0
10480,481,6251.87298266587,11099.5,0,1,False,1,20220531,2,16.0
10481,482,6251.6027617212585,11639.404945407836,3,1,False,1,20220531,2,16.0
10482,483,6251.597979179424,12175.032149418248,0,0,False,1,20220531,2,16.0
10483,484,6251.796110414053,12707.218946047678,0,0,False,1,20220531,2,16.0
10484,485,6251.896238244514,13235.685579937304,1,2,False,1,20220531,2,16.0
10485,486,6251.600125156446,13771.595118898624,0,0,False,1,20220531,2,16.0
10486,487,6251.795739348371,14307.780701754386,3,3,False,1,20220531,2,16.0
10487,488,6251.5,14851.309643080776,1,0,False,1,20220531,2,16.0
10488,489,6251.600250626567,15379.40476190476,2,0,False,1,20220531,2,16.0
10489,490,6251.5,15919.5,0,0,False,1,20220531,2,16.0
10490,491,6251.5,16462.389434889436,0,0,False,1,20220531,2,16.0
10491,492,6251.5,16995.30964308078,1,1,False,1,20220531,2,16.0
10492,493,6251.605540897098,17531.405013192612,1,0,False,1,20220531,2,16.0
10493,494,6251.5,18066.93753923415,0,0,False,1,20220531,2,16.0
10494,495,6251.5,18599.5,0,0,False,1,20220531,2,16.0
10495,496,6251.5,19139.30964308078,0,0,False,1,20220531,2,16.0
10496,497,6251.5,19675.12701733413,0,0,False,1,20220531,2,16.0
10497,498,6251.5,20211.30964308078,0,0,False,1,20220531,2,16.0
10498,499,6251.399874843554,20755.40488110137,2,3,False,1,20220531,2,16.0
10499,500,6251.600250626567,21283.404761904763,1,0,False,1,20220531,2,16.0
10500,1,899.004835589942,1464.1473243068988,2,2,False,3,20230131,2,16.0
10501,2,898.7570725707257,2000.5971709717096,2,4,False,3,20230131,2,16.0
10502,3,899.2132075471698,2532.3352201257862,4,3,False,3,20230131,2,16.0
10503,4,899.2132075471698,3068.3352201257862,2,1,False,3,20230131,2,16.0
10504,5,899.4020208205757,3607.967850581752,3,2,False,3,20230131,2,16.0
10505,6,899.2204169221336,4136.33629675046,0,0,False,3,20230131,2,16.0
10506,7,899.4020208205757,4679.967850581751,3,4,False,3,20230131,2,16.0
10507,8,899.7795830778664,5208.33629675046,7,6,False,3,20230131,2,16.0
10508,9,899.6956112852664,5747.876175548589,4,4,False,3,20230131,2,16.0
10509,10,899.204260651629,6275.7807017543855,2,3,False,3,20230131,2,16.0
10510,11,899.8779141104294,6816.241104294479,3,2,False,3,20230131,2,16.0
10511,12,900.0686274509804,7352.053921568628,1,5,False,3,20230131,2,16.0
10512,13,900.3051612903225,7887.866451612903,4,5,False,3,20230131,2,16.0
10513,14,900.6003003003003,8428.206306306307,5,0,False,3,20230131,2,16.0
10514,15,900.0979381443299,8952.051546391753,6,10,False,3,20230131,2,16.0
10515,16,900.2429274292743,9488.59717097171,6,6,False,3,20230131,2,16.0
10516,17,901.4233621755252,10024.187268232386,6,10,False,3,20230131,2,16.0
10517,18,901.0743368291178,10560.657310302282,14,16,False,3,20230131,2,16.0
10518,19,900.5989802039592,11100.224655068989,8,7,False,3,20230131,2,16.0
10519,20,899.7005141388174,11639.690231362469,7,7,False,3,20230131,2,16.0
10520,21,901.428306551298,12176.889369592089,5,5,False,3,20230131,2,16.0
10521,22,900.3805031446541,12707.771698113207,5,2,False,3,20230131,2,16.0
10522,23,900.3564231738035,13236.502518891688,11,10,False,3,20230131,2,16.0
10523,24,899.9824120603015,13772.14824120603,6,7,False,3,20230131,2,16.0
10524,25,900.1607818411097,14308.690416141237,10,17,False,3,20230131,2,16.0
10525,26,899.896238244514,14851.685579937304,3,2,False,3,20230131,2,16.0
10526,27,899.9824120603015,15380.14824120603,4,6,True,3,20230131,2,16.0
10527,28,899.7795830778664,15920.33629675046,5,12,True,3,20230131,2,16.0
10528,29,899.6909424724602,16463.68604651163,4,3,False,3,20230131,2,16.0
10529,30,899.6956112852664,16995.87617554859,9,8,False,3,20230131,2,16.0
10530,31,899.6055408970976,17531.594986807388,5,3,False,3,20230131,2,16.0
10531,32,899.5,18067.5,2,3,False,3,20230131,2,16.0
10532,33,899.5,18599.690231362467,12,13,False,3,20230131,2,16.0
10533,34,899.6002506265664,19139.404761904763,19,20,False,3,20230131,2,16.0
10534,35,900.1467065868263,19675.226946107785,6,11,False,3,20230131,2,16.0
10535,36,900.0925925925926,20211.5,10,14,False,3,20230131,2,16.0
10536,37,900.1842767295598,20754.86603773585,23,16,False,3,20230131,2,16.0
10537,38,903.89588688946,21283.309768637533,50,17,False,3,20230131,2,16.0
10538,39,1342.8345888261142,1199.9695543000628,6,1,False,3,20230131,2,16.0
10539,40,1343.293710691824,1728.4610062893082,3,6,False,3,20230131,2,16.0
10540,41,1343.1967699406723,2263.78740936058,2,4,False,3,20230131,2,16.0
10541,42,1343.2115987460816,2799.7884012539184,5,8,False,3,20230131,2,16.0
10542,43,1343.211959924859,3335.788040075141,10,3,False,3,20230131,2,16.0
10543,44,1343.5,3871.694993412385,6,9,False,3,20230131,2,16.0
10544,45,1343.5,4407.6952440550685,5,4,False,3,20230131,2,16.0
10545,46,1343.5,4943.5,8,3,False,3,20230131,2,16.0
10546,47,1343.5975609756097,5479.59756097561,4,2,False,3,20230131,2,16.0
10547,48,1343.5951768488746,6011.788102893891,9,2,False,3,20230131,2,16.0
10548,49,1343.7790697674418,6544.357322438717,3,2,False,3,20230131,2,16.0
10549,50,1343.7002567394095,7083.5,3,2,False,3,20230131,2,16.0
10550,51,1344.0771643663738,7623.5,6,2,False,3,20230131,2,16.0
10551,52,1343.7884012539184,8151.788401253919,5,1,False,3,20230131,2,16.0
10552,53,1343.705533596838,8695.5,6,7,False,3,20230131,2,16.0
10553,54,1343.6953727506427,9219.885604113111,6,4,False,3,20230131,2,16.0
10554,55,1343.89588688946,9755.690231362469,7,13,False,3,20230131,2,16.0
10555,56,1343.399935856318,10291.597498396408,6,4,False,3,20230131,2,16.0
10556,57,1344.0824742268042,10828.067010309278,3,8,False,3,20230131,2,16.0
10557,58,1344.4319899244333,11374.568010075567,7,5,False,3,20230131,2,16.0
10558,59,1343.8859649122808,11903.690476190475,6,8,False,3,20230131,2,16.0
10559,60,1343.89588688946,12443.309768637531,8,10,False,3,20230131,2,16.0
10560,61,1343.89588688946,12971.690231362469,6,4,False,3,20230131,2,16.0
10561,62,1343.690476190476,13503.88596491228,2,0,False,3,20230131,2,16.0
10562,63,1343.8859649122808,14039.690476190475,6,6,False,3,20230131,2,16.0
10563,64,1343.4044703000611,14579.402020820577,6,4,False,3,20230131,2,16.0
10564,65,1343.6953727506427,15115.885604113111,4,5,False,3,20230131,2,16.0
10565,66,1343.690476190476,15647.88596491228,8,11,False,3,20230131,2,16.0
10566,67,1343.7884012539184,16191.788401253918,1,1,False,3,20230131,2,16.0
10567,68,1343.399935856318,16731.402501603592,9,7,False,3,20230131,2,16.0
10568,69,1343.6865030674846,17267.308588957054,3,7,False,3,20230131,2,16.0
10569,70,1343.5955296999389,17795.98009797918,9,7,False,3,20230131,2,16.0
10570,71,1343.5975609756097,18335.40243902439,9,12,False,3,20230131,2,16.0
10571,72,1343.5,18867.88235294117,5,7,False,3,20230131,2,16.0
10572,73,1343.5,19403.5,8,5,False,3,20230131,2,16.0
10573,74,1343.89588688946,19947.309768637533,10,5,False,3,20230131,2,16.0
10574,75,1344.0539215686274,20482.93137254902,5,5,False,3,20230131,2,16.0
10575,76,1344.1825499034128,21019.03122987765,0,1,False,3,20230131,2,16.0
10576,77,1786.8558696988323,928.6923786109404,1,7,True,3,20230131,2,16.0
10577,78,1786.6937984496124,1464.37338501292,5,1,False,3,20230131,2,16.0
10578,79,1786.9313725490197,2000.053921568628,4,2,False,3,20230131,2,16.0
10579,80,1787.2038895859473,2531.781053952321,7,7,False,3,20230131,2,16.0
10580,81,1786.442065491184,3068.3110831234258,4,3,False,3,20230131,2,16.0
10581,82,1787.970300061237,3608.149112063688,1,3,False,3,20230131,2,16.0
10582,83,1787.5979791794243,4135.967850581751,3,8,False,3,20230131,2,16.0
10583,84,1787.2204169221336,4679.772225628449,1,0,False,3,20230131,2,16.0
10584,85,1787.029699938763,5208.149112063687,9,7,False,3,20230131,2,16.0
10585,86,1787.882149591452,5748.053111250786,0,0,False,3,20230131,2,16.0
10586,87,1787.9753476611884,6276.870417193426,9,18,False,3,20230131,2,16.0
10587,88,1788.0700245700243,6816.055282555282,0,1,False,3,20230131,2,16.0
10588,89,1788.0686274509803,7352.053921568628,0,0,False,3,20230131,2,16.0
10589,90,1787.9066924066924,7887.685328185328,3,6,False,3,20230131,2,16.0
10590,91,1788.4214157168567,8427.5,8,11,False,3,20230131,2,16.0
10591,92,1788.8411003236247,8951.057281553398,5,3,False,3,20230131,2,16.0
10592,93,1788.9590264941469,9488.74460874923,1,2,False,3,20230131,2,16.0
10593,94,1788.5325752919484,10024.31868469576,9,10,False,3,20230131,2,16.0
10594,95,1789.3282890673256,10560.925571340333,7,8,False,3,20230131,2,16.0
10595,96,1788.2420706163973,11099.868641532015,10,6,False,3,20230131,2,16.0
10596,97,1788.1082474226805,11639.5,6,9,True,3,20230131,2,16.0
10597,98,1788.8382533825338,12175.657441574416,9,7,True,3,20230131,2,16.0
10598,99,1788.3636363636365,13236.671717171715,5,2,False,3,20230131,2,16.0
10599,100,1788.083280955374,13772.053111250783,5,10,False,3,20230131,2,16.0
10600,101,1788.26214511041,14308.5952681388,3,1,False,3,20230131,2,16.0
10601,102,1788.0925925925926,14851.5,4,0,False,3,20230131,2,16.0
10602,103,1787.887665198238,15380.240088105727,5,4,False,3,20230131,2,16.0
10603,104,1787.8779141104294,15920.24110429448,7,13,False,3,20230131,2,16.0
10604,105,1787.7886850152904,16463.409480122325,9,15,False,3,20230131,2,16.0
10605,106,1787.795739348371,16995.780701754386,5,2,False,3,20230131,2,16.0
10606,107,1787.9177131526767,17531.68506278916,4,2,False,3,20230131,2,16.0
10607,108,1787.7003757044458,18067.5,5,11,False,3,20230131,2,16.0
10608,109,1787.6027617212587,18599.59505459217,6,6,False,3,20230131,2,16.0
10609,110,1787.896238244514,19139.314420062696,3,6,False,3,20230131,2,16.0
10610,111,1788.4214157168567,19675.5,2,4,False,3,20230131,2,16.0
10611,112,1788.0925925925926,20211.5,3,4,True,3,20230131,2,16.0
10612,113,1788.083280955374,20754.94688874921,5,2,False,3,20230131,2,16.0
10613,114,1788.294468887492,21283.5,3,5,False,3,20230131,2,16.0
10614,115,1791.89588688946,12707.309768637531,4,5,False,3,20230131,2,16.0
10615,116,2231.304755944931,1199.5,1,2,False,3,20230131,2,16.0
10616,117,2231.6907151819323,1727.8764115432873,3,3,False,3,20230131,2,16.0
10617,118,2231.5,2263.5,1,1,False,3,20230131,2,16.0
10618,119,2231.5,2799.5,1,1,False,3,20230131,2,16.0
10619,120,2231.5,3335.5,4,6,False,3,20230131,2,16.0
10620,121,2231.5,3871.5,1,3,False,3,20230131,2,16.0
10621,122,2231.695244055069,4407.5,3,3,False,3,20230131,2,16.0
10622,123,2231.5,4943.5,2,3,False,3,20230131,2,16.0
10623,124,2231.5,5479.5,1,4,False,3,20230131,2,16.0
10624,125,2231.6000641436817,6011.402501603592,1,2,False,3,20230131,2,16.0
10625,126,2231.690476190476,6543.8859649122805,6,6,True,3,20230131,2,16.0
10626,127,2231.89588688946,7083.690231362468,4,2,False,3,20230131,2,16.0
10627,128,2232.077164366374,7623.5,0,5,False,3,20230131,2,16.0
10628,129,2231.8859649122805,8151.690476190476,0,0,False,3,20230131,2,16.0
10629,130,2232.1076618229854,8695.5,6,5,False,3,20230131,2,16.0
10630,131,2231.79543994862,9219.787732819525,0,0,False,3,20230131,2,16.0
10631,132,2232.182549903413,9755.968770122345,6,8,False,3,20230131,2,16.0
10632,133,2232.182549903413,10291.968770122345,5,7,False,3,20230131,2,16.0
10633,134,2232.082474226804,10828.067010309278,1,1,False,3,20230131,2,16.0
10634,135,2231.6902377972465,11375.304755944931,4,8,False,3,20230131,2,16.0
10635,136,2232.165411173886,11903.969554300063,0,0,False,3,20230131,2,16.0
10636,137,2231.7002567394097,12443.5,5,5,False,3,20230131,2,16.0
10637,138,2232.0817245817248,12972.06628056628,3,3,False,3,20230131,2,16.0
10638,139,2232.3332284455632,13504.529578351165,1,0,False,3,20230131,2,16.0
10639,140,2232.3332284455632,14040.529578351165,7,5,False,3,20230131,2,16.0
10640,141,2232.241104294478,14579.87791411043,1,0,False,3,20230131,2,16.0
10641,142,2232.0817245817248,15116.06628056628,6,3,True,3,20230131,2,16.0
10642,143,2231.9695543000626,15648.165411173886,6,4,True,3,20230131,2,16.0
10643,144,2231.8859649122805,16191.690476190475,13,0,True,3,20230131,2,16.0
10644,145,2231.7002567394097,16731.5,6,8,True,3,20230131,2,16.0
10645,146,2232.241104294478,17267.681595092025,2,2,False,3,20230131,2,16.0
10646,147,2232.053921568628,17796.06862745098,4,1,False,3,20230131,2,16.0
10647,148,2231.8859649122805,18335.69047619048,8,5,False,3,20230131,2,16.0
10648,149,2232.33629675046,18867.220416922133,5,0,False,3,20230131,2,16.0
10649,150,2231.79543994862,19403.787732819525,2,6,False,3,20230131,2,16.0
10650,151,2231.89588688946,19947.309768637533,9,3,False,3,20230131,2,16.0
10651,152,2232.33629675046,20483.220416922133,1,2,False,3,20230131,2,16.0
10652,153,2231.89588688946,21019.309768637533,6,7,False,3,20230131,2,16.0
10653,154,2674.93137254902,928.0539215686274,2,3,False,3,20230131,2,16.0
10654,155,2677.859493670886,1462.4012658227848,1,3,False,3,20230131,2,16.0
10655,156,2675.406919779547,1999.776791181874,4,4,False,3,20230131,2,16.0
10656,157,2674.90666247643,2531.489943431804,2,8,False,3,20230131,2,16.0
10657,158,2675.1173694147265,3068.04877281309,0,0,False,3,20230131,2,16.0
10658,159,2674.6416309012875,3607.7722256284487,1,3,False,3,20230131,2,16.0
10659,160,2678.221252257676,4135.150812763395,2,2,False,3,20230131,2,16.0
10660,161,2679.5,4679.5,4,8,False,3,20230131,2,16.0
10661,162,2678.2738452309536,5208.111877624475,1,1,False,3,20230131,2,16.0
10662,163,2679.5,5747.5,6,6,True,3,20230131,2,16.0
10663,164,2680.4987699877,6275.849323493235,4,4,False,3,20230131,2,16.0
10664,165,2679.882775119617,6815.5,1,2,True,3,20230131,2,16.0
10665,166,2680.2616766467067,7351.859281437126,1,1,False,3,20230131,2,16.0
10666,167,2680.236225087925,8427.317116060962,4,5,False,3,20230131,2,16.0
10667,168,2679.907035175879,8951.680904522613,7,11,False,3,20230131,2,16.0
10668,169,2679.211389385808,9487.774299344066,2,3,False,3,20230131,2,16.0
10669,170,2680.0693779904304,10024.04066985646,0,1,False,3,20230131,2,16.0
10670,171,2681.5253470126736,10560.709414604707,1,4,False,3,20230131,2,16.0
10671,172,2680.147574517826,11099.766510812393,9,7,False,3,20230131,2,16.0
10672,173,2680.1638705811865,12175.766027561414,1,5,False,3,20230131,2,16.0
10673,174,2680.093137254902,12707.5,2,2,False,3,20230131,2,16.0
10674,175,2680.0840490797545,13236.039877300613,3,4,False,3,20230131,2,16.0
10675,176,2679.796024464832,13771.774006116208,3,2,False,3,20230131,2,16.0
10676,177,2680.459409594096,14308.385608856088,1,0,False,3,20230131,2,16.0
10677,178,2679.896572827417,14851.681150550796,2,1,False,3,20230131,2,16.0
10678,179,2680.0840490797545,15380.039877300613,6,12,False,3,20230131,2,16.0
10679,180,2680.0693779904304,15920.04066985646,5,3,False,3,20230131,2,16.0
10680,181,2679.980573819486,16463.406754333533,5,4,False,3,20230131,2,16.0
10681,182,2679.896572827417,16995.681150550794,5,5,False,3,20230131,2,16.0
10682,183,2679.605602060528,17531.592723760463,2,1,False,3,20230131,2,16.0
10683,184,2679.9935543278084,18067.58348680172,4,3,False,3,20230131,2,16.0
10684,185,2679.80923947203,18599.42206159648,3,2,False,3,20230131,2,16.0
10685,186,2680.1876155268023,19139.214109673445,0,0,False,3,20230131,2,16.0
10686,187,2680.4227166276346,19675.5,2,4,False,3,20230131,2,16.0
10687,188,2679.700488997555,20211.5,6,4,False,3,20230131,2,16.0
10688,189,2679.7963870177587,20755.22565829761,5,9,False,3,20230131,2,16.0
10689,190,2680.093137254902,21283.5,5,4,False,3,20230131,2,16.0
10690,191,2683.602761721259,7887.595054592164,8,13,False,3,20230131,2,16.0
10691,192,2683.9025806451614,11639.5,6,6,False,3,20230131,2,16.0
10692,193,3130.359950859951,1199.5,3,3,False,3,20230131,2,16.0
10693,194,3125.668888888889,1728.9653968253967,5,9,False,3,20230131,2,16.0
10694,195,3131.397238278741,2263.5950545921646,4,8,False,3,20230131,2,16.0
10695,196,3127.2105097545627,2799.7794210195093,1,1,False,3,20230131,2,16.0
10696,197,3129.775092936803,3336.6995043370507,4,0,False,3,20230131,2,16.0
10697,198,3131.397238278741,3871.5950545921646,0,0,False,3,20230131,2,16.0
10698,199,3130.726600985221,4406.869458128079,1,1,False,3,20230131,2,16.0
10699,200,3130.9945196647323,4943.595422308188,1,1,False,3,20230131,2,16.0
10700,201,3131.402260232132,5479.404703726329,3,0,True,3,20230131,2,16.0
10701,202,3131.203889585948,6011.781053952322,4,4,False,3,20230131,2,16.0
10702,203,3131.1220858895704,6544.241104294479,2,7,True,3,20230131,2,16.0
10703,204,3131.6001251564458,7083.595118898624,6,4,False,3,20230131,2,16.0
10704,205,3131.5,7623.127450980392,4,4,False,3,20230131,2,16.0
10705,206,3131.5,8151.872549019607,0,0,False,3,20230131,2,16.0
10706,207,3131.5,8695.309768637531,5,8,False,3,20230131,2,16.0
10707,208,3131.6956112852663,9219.876175548588,5,0,False,3,20230131,2,16.0
10708,209,3131.7961104140527,9755.781053952322,4,2,False,3,20230131,2,16.0
10709,210,3131.7961104140527,10291.781053952322,1,2,False,3,20230131,2,16.0
10710,211,3131.5,10828.06246076585,1,2,False,3,20230131,2,16.0
10711,212,3131.779926335175,11374.854205033764,6,7,False,3,20230131,2,16.0
10712,213,3131.6909424724604,11903.686046511628,2,0,False,3,20230131,2,16.0
10713,214,3131.6002506265663,12443.40476190476,2,0,False,3,20230131,2,16.0
10714,215,3131.7961104140527,12971.781053952322,4,8,False,3,20230131,2,16.0
10715,216,3131.7795830778664,13504.33629675046,0,0,False,3,20230131,2,16.0
10716,217,3131.7795830778664,14040.33629675046,3,0,False,3,20230131,2,16.0
10717,218,3131.960431654676,14579.960431654676,2,2,False,3,20230131,2,16.0
10718,219,3131.6956112852663,15115.876175548588,0,0,False,3,20230131,2,16.0
10719,220,3131.5,15648.063035495716,6,6,False,3,20230131,2,16.0
10720,221,3131.8823529411766,16191.5,1,0,False,3,20230131,2,16.0
10721,222,3131.5,16731.30964308078,6,8,False,3,20230131,2,16.0
10722,223,3131.6862686567165,17267.313731343285,2,3,False,3,20230131,2,16.0
10723,224,3131.313953488372,17795.68604651163,2,1,False,3,20230131,2,16.0
10724,225,3131.6909424724604,18335.31395348837,4,7,False,3,20230131,2,16.0
10725,226,3131.68671454219,18867.68671454219,3,3,False,3,20230131,2,16.0
10726,227,3131.700375704446,19403.5,3,4,False,3,20230131,2,16.0
10727,228,3131.5,19947.5,0,0,False,3,20230131,2,16.0
10728,229,3131.782634730539,20482.661676646705,1,1,True,3,20230131,2,16.0
10729,230,3131.7961104140527,21019.21894604768,2,5,True,3,20230131,2,16.0
10730,231,3570.6416309012875,927.7722256284488,0,0,True,3,20230131,2,16.0
10731,232,3571.5,1463.5,6,2,False,3,20230131,2,16.0
10732,233,3569.9433497536947,2000.5147783251232,4,3,False,3,20230131,2,16.0
10733,234,3571.3043887147337,2531.1238244514107,3,4,False,3,20230131,2,16.0
10734,235,3571.8962382445143,3067.6855799373043,4,9,False,3,20230131,2,16.0
10735,236,3571.5,3607.309523809524,0,0,False,3,20230131,2,16.0
10736,237,3571.597620500305,4135.595179987798,2,3,False,3,20230131,2,16.0
10737,238,3571.5,4679.5,6,5,False,3,20230131,2,16.0
10738,239,3571.88630806846,5207.6858190709045,0,0,False,3,20230131,2,16.0
10739,240,3571.7961104140527,5747.590338770389,1,1,False,3,20230131,2,16.0
10740,241,3571.8962382445143,6275.314420062696,1,1,False,3,20230131,2,16.0
10741,242,3571.69536019536,6815.5,6,5,False,3,20230131,2,16.0
10742,243,3572.166258420086,7351.041947336191,1,0,False,3,20230131,2,16.0
10743,244,3571.7056555269924,7887.5,4,1,False,3,20230131,2,16.0
10744,245,3572.5167865707435,8427.404076738609,2,2,True,3,20230131,2,16.0
10745,246,3571.9066924066924,8951.685328185327,4,6,True,3,20230131,2,16.0
10746,247,3572.260736196319,9487.86809815951,3,1,False,3,20230131,2,16.0
10747,248,3572.260736196319,10023.86809815951,1,3,False,3,20230131,2,16.0
10748,249,3572.0686274509803,10560.053921568628,3,4,False,3,20230131,2,16.0
10749,250,3574.511180124224,11097.66645962733,6,8,False,3,20230131,2,16.0
10750,251,3572.00998068255,11639.404700579524,2,2,False,3,20230131,2,16.0
10751,252,3572.3583690987125,12175.227774371551,4,1,False,3,20230131,2,16.0
10752,253,3572.0925925925926,12707.5,0,0,False,3,20230131,2,16.0
10753,254,3572.0825486503454,13236.052416823602,0,0,False,3,20230131,2,16.0
10754,255,3571.8962382445143,13771.685579937304,1,1,False,3,20230131,2,16.0
10755,256,3572.183417085427,14307.957286432162,4,3,False,3,20230131,2,16.0
10756,257,3571.700375704446,14851.5,2,3,False,3,20230131,2,16.0
10757,258,3572.183417085427,15379.957286432162,1,1,False,3,20230131,2,16.0
10758,259,3572.3583690987125,15919.772225628449,1,4,False,3,20230131,2,16.0
10759,260,3571.88630806846,16463.314180929094,7,11,False,3,20230131,2,16.0
10760,261,3572.0925925925926,16995.5,1,1,False,3,20230131,2,16.0
10761,262,3571.6055408970974,17531.594986807388,3,3,False,3,20230131,2,16.0
10762,263,3571.6001251564458,18067.40488110137,0,0,False,3,20230131,2,16.0
10763,264,3571.602761721259,18599.59505459217,1,0,False,3,20230131,2,16.0
10764,265,3572.0925925925926,19139.5,4,2,False,3,20230131,2,16.0
10765,266,3572.5167865707435,19675.59592326139,2,1,False,3,20230131,2,16.0
10766,267,3572.0925925925926,20211.5,0,0,False,3,20230131,2,16.0
10767,268,3572.183417085427,20755.04271356784,2,3,False,3,20230131,2,16.0
10768,269,3572.0925925925926,21283.5,1,1,False,3,20230131,2,16.0
10769,270,4023.1235884567127,1199.1135508155585,5,4,False,3,20230131,2,16.0
10770,271,4023.4024390243903,1727.5975609756097,2,0,False,3,20230131,2,16.0
10771,272,4023.5,2263.5,2,3,False,3,20230131,2,16.0
10772,273,4023.5,2799.304755944931,1,3,False,3,20230131,2,16.0
10773,274,4023.22057898049,3335.7794210195093,3,5,False,3,20230131,2,16.0
10774,275,4023.6026991441736,3871.597432521396,1,6,False,3,20230131,2,16.0
10775,276,4023.6911949685536,4407.308805031446,3,6,False,3,20230131,2,16.0
10776,277,4023.3973008558255,4943.597432521396,1,1,False,3,20230131,2,16.0
10777,278,4023.690476190476,5479.11403508772,0,4,False,3,20230131,2,16.0
10778,279,4023.6000641436817,6011.597498396408,3,3,False,3,20230131,2,16.0
10779,280,4023.690476190476,6543.8859649122805,0,2,False,3,20230131,2,16.0
10780,281,4023.7002567394097,7083.5,2,1,False,3,20230131,2,16.0
10781,282,4023.7884012539184,7623.211598746081,0,1,False,3,20230131,2,16.0
10782,283,4023.885964912281,8151.690476190476,0,1,False,3,20230131,2,16.0
10783,284,4023.6026991441736,8695.402567478604,4,0,True,3,20230131,2,16.0
10784,285,4023.7954399486193,9219.787732819525,1,1,False,3,20230131,2,16.0
10785,286,4023.89588688946,9755.690231362469,2,3,False,3,20230131,2,16.0
10786,287,4023.89588688946,10291.690231362469,5,4,False,3,20230131,2,16.0
10787,288,4023.6953727506425,10827.885604113111,2,0,False,3,20230131,2,16.0
10788,289,4023.7884012539184,11375.211598746082,1,3,False,3,20230131,2,16.0
10789,290,4023.885964912281,11903.690476190475,0,0,False,3,20230131,2,16.0
10790,291,4023.7002567394097,12443.5,4,4,False,3,20230131,2,16.0
10791,292,4023.7954399486193,12971.787732819525,1,1,False,3,20230131,2,16.0
10792,293,4023.969554300063,13504.165411173886,3,2,False,3,20230131,2,16.0
10793,294,4023.885964912281,14039.690476190475,1,1,False,3,20230131,2,16.0
10794,295,4023.87652811736,14579.690709046456,2,0,False,3,20230131,2,16.0
10795,296,4023.7954399486193,15115.787732819525,3,3,False,3,20230131,2,16.0
10796,297,4023.5975609756097,15647.40243902439,0,0,False,3,20230131,2,16.0
10797,298,4023.5,16191.5,2,2,False,3,20230131,2,16.0
10798,299,4023.6000641436817,16731.402501603592,2,2,False,3,20230131,2,16.0
10799,300,4023.4048200122015,17267.402379499694,1,0,False,3,20230131,2,16.0
10800,301,4024.053921568628,17796.06862745098,2,4,False,3,20230131,2,16.0
10801,302,4023.695244055069,18335.5,2,2,False,3,20230131,2,16.0
10802,303,4023.5,18867.5,3,8,False,3,20230131,2,16.0
10803,304,4023.6000641436817,19403.597498396408,2,2,False,3,20230131,2,16.0
10804,305,4023.89588688946,19947.309768637533,5,5,False,3,20230131,2,16.0
10805,306,4023.314180929096,20483.11369193154,9,6,False,3,20230131,2,16.0
10806,307,4023.6000641436817,21019.402501603592,5,7,False,3,20230131,2,16.0
10807,308,4467.308588957055,927.6865030674846,5,9,False,3,20230131,2,16.0
10808,309,4467.6027617212585,1463.5950545921644,0,0,False,3,20230131,2,16.0
10809,310,4467.69094247246,1999.686046511628,1,0,False,3,20230131,2,16.0
10810,311,4467.5,2531.5,2,1,False,3,20230131,2,16.0
10811,312,4467.103264281231,3067.133396107972,3,5,False,3,20230131,2,16.0
10812,313,4467.597620500305,3607.5951799877976,4,6,False,3,20230131,2,16.0
10813,314,4468.0700245700245,4135.490171990172,5,7,False,3,20230131,2,16.0
10814,315,4467.790461538461,4678.6704615384615,2,2,False,3,20230131,2,16.0
10815,316,4467.220416922134,5207.772225628449,6,4,False,3,20230131,2,16.0
10816,317,4467.600250626567,5747.4047619047615,1,1,False,3,20230131,2,16.0
10817,318,4467.695611285267,6275.876175548589,2,3,False,3,20230131,2,16.0
10818,319,4468.067931456549,6814.9467564259485,3,2,False,3,20230131,2,16.0
10819,320,4467.69094247246,7351.686046511628,1,3,False,3,20230131,2,16.0
10820,321,4467.705655526992,7887.5,3,1,False,3,20230131,2,16.0
10821,322,4467.9604316546765,8427.039568345324,2,4,False,3,20230131,2,16.0
10822,323,4467.803536977492,8951.78038585209,1,3,False,3,20230131,2,16.0
10823,324,4467.779926335175,9488.145794966236,6,4,False,3,20230131,2,16.0
10824,325,4467.970876762723,10023.958614347026,0,0,False,3,20230131,2,16.0
10825,326,4467.779926335175,10560.145794966236,0,0,False,3,20230131,2,16.0
10826,327,4467.773709483794,11099.773709483794,6,3,False,3,20230131,2,16.0
10827,328,4467.705655526992,11639.5,1,0,False,3,20230131,2,16.0
10828,329,4467.691411042945,12175.313496932517,9,5,False,3,20230131,2,16.0
10829,330,4467.992462311558,12707.404522613066,0,0,False,3,20230131,2,16.0
10830,331,4467.982412060302,13236.14824120603,3,3,True,3,20230131,2,16.0
10831,332,4467.695611285267,13771.876175548588,8,7,True,3,20230131,2,16.0
10832,333,4467.78679245283,14308.335220125786,2,0,False,3,20230131,2,16.0
10833,334,4467.700375704446,14851.5,8,9,False,3,20230131,2,16.0
10834,335,4467.695611285267,15379.876175548588,0,0,False,3,20230131,2,16.0
10835,336,4467.69094247246,15919.686046511628,2,3,False,3,20230131,2,16.0
10836,337,4467.597979179424,16463.03214941825,1,4,False,3,20230131,2,16.0
10837,338,4467.796110414053,16995.590338770387,8,7,False,3,20230131,2,16.0
10838,339,4467.812169312169,17531.589947089946,2,2,False,3,20230131,2,16.0
10839,340,4467.304143126177,18067.314187068423,4,4,False,3,20230131,2,16.0
10840,341,4467.6027617212585,18599.59505459217,3,5,False,3,20230131,2,16.0
10841,342,4467.992462311558,19139.59547738693,5,3,False,3,20230131,2,16.0
10842,343,4467.9604316546765,19675.586330935253,0,0,False,3,20230131,2,16.0
10843,344,4467.992462311558,20211.404522613066,3,1,False,3,20230131,2,16.0
10844,345,4467.695611285267,20755.87617554859,6,4,False,3,20230131,2,16.0
10845,346,4467.600250626567,21283.404761904763,1,0,False,3,20230131,2,16.0
10846,347,4910.279048765804,1198.8762793497892,5,5,False,3,20230131,2,16.0
10847,348,4909.975961538462,1726.3557692307693,2,4,False,3,20230131,2,16.0
10848,349,4911.294228356336,2263.5,3,0,False,3,20230131,2,16.0
10849,350,4910.738323353294,2799.859281437126,2,5,False,3,20230131,2,16.0
10850,351,4910.551497005988,3335.32754491018,0,0,False,3,20230131,2,16.0
10851,352,4911.092964824121,3871.680904522613,3,1,False,3,20230131,2,16.0
10852,353,4911.308383233533,4407.317964071856,0,0,False,3,20230131,2,16.0
10853,354,4911.298994974874,4943.133165829146,1,0,False,3,20230131,2,16.0
10854,355,4911.308841099164,5479.318399044206,1,2,False,3,20230131,2,16.0
10855,356,4911.696078431372,6011.318627450981,3,4,False,3,20230131,2,16.0
10856,357,4911.308383233533,6543.682035928144,9,8,False,3,20230131,2,16.0
10857,358,4911.796387017759,7083.225658297612,0,0,False,3,20230131,2,16.0
10858,359,4912.070743405276,7622.958033573142,3,5,False,3,20230131,2,16.0
10859,360,4911.5,8151.5,1,2,False,3,20230131,2,16.0
10860,361,4911.5,8694.951572327043,4,2,False,3,20230131,2,16.0
10861,362,4911.696078431372,9219.68137254902,2,0,False,3,20230131,2,16.0
10862,363,4911.69656019656,9755.681818181818,4,0,False,3,20230131,2,16.0
10863,364,4911.5,10291.863190184047,1,1,False,3,20230131,2,16.0
10864,365,4911.5,10827.863190184047,7,5,False,3,20230131,2,16.0
10865,366,4911.5,11374.602040816326,0,0,False,3,20230131,2,16.0
10866,367,4911.780407429598,11902.869682444578,3,2,False,3,20230131,2,16.0
10867,368,4911.600551808707,12443.043838136113,1,0,False,3,20230131,2,16.0
10868,369,4911.696078431372,12971.68137254902,0,0,False,3,20230131,2,16.0
10869,370,4911.780407429598,13504.130317555422,0,0,False,3,20230131,2,16.0
10870,371,4911.780407429598,14040.130317555422,0,0,False,3,20230131,2,16.0
10871,372,4911.774165202109,14579.232864674868,1,2,False,3,20230131,2,16.0
10872,373,4911.696078431372,15115.68137254902,0,4,False,3,20230131,2,16.0
10873,374,4911.780407429598,15648.130317555422,8,6,False,3,20230131,2,16.0
10874,375,4911.5,16191.136363636364,0,2,False,3,20230131,2,16.0
10875,376,4911.5,16731.5,3,8,False,3,20230131,2,16.0
10876,377,4911.869158878505,17266.77570093458,2,0,True,3,20230131,2,16.0
10877,378,4911.877182770663,17795.681606519207,8,9,True,3,20230131,2,16.0
10878,379,4912.261676646706,18335.32754491018,0,1,False,3,20230131,2,16.0
10879,380,4912.056725146199,18867.49064327485,2,1,False,3,20230131,2,16.0
10880,381,4911.696078431372,19403.68137254902,1,1,False,3,20230131,2,16.0
10881,382,4911.796387017759,19947.22565829761,3,3,False,3,20230131,2,16.0
10882,383,4911.961088355763,20483.050614394386,3,3,False,3,20230131,2,16.0
10883,384,4911.888206388207,21018.77764127764,1,3,False,3,20230131,2,16.0
10884,385,5354.359950859951,927.5,2,1,False,3,20230131,2,16.0
10885,386,5355.3972382787415,1463.4049454078356,1,0,True,3,20230131,2,16.0
10886,387,5354.355036855037,1999.8341523341523,1,1,False,3,20230131,2,16.0
10887,388,5355.103761755486,2531.314420062696,4,2,False,3,20230131,2,16.0
10888,389,5355.299624295554,3067.5,4,3,False,3,20230131,2,16.0
10889,390,5355.5,3607.309523809524,2,0,False,3,20230131,2,16.0
10890,391,5355.5,4135.5,1,1,False,3,20230131,2,16.0
10891,392,5355.87791411043,4678.758895705521,5,5,False,3,20230131,2,16.0
10892,393,5355.69094247246,5207.313953488372,4,2,False,3,20230131,2,16.0
10893,394,5355.695611285267,5747.123824451411,1,5,False,3,20230131,2,16.0
10894,395,5355.600250626567,6275.4047619047615,0,0,False,3,20230131,2,16.0
10895,396,5355.5,6815.1274509803925,1,0,False,3,20230131,2,16.0
10896,397,5355.597739767868,7351.404703726329,1,1,False,3,20230131,2,16.0
10897,398,5355.6027617212585,7887.404945407836,6,4,False,3,20230131,2,16.0
10898,399,5355.868641532017,8426.757929383602,2,3,False,3,20230131,2,16.0
10899,400,5355.6027617212585,8951.595054592164,0,0,False,3,20230131,2,16.0
10900,401,5355.69094247246,9487.686046511628,3,4,False,3,20230131,2,16.0
10901,402,5355.882352941177,10023.5,1,1,False,3,20230131,2,16.0
10902,403,5355.788685015291,10559.781345565749,0,2,False,3,20230131,2,16.0
10903,404,5355.87298266587,11099.5,3,2,False,3,20230131,2,16.0
10904,405,5355.803536977492,11639.21961414791,2,3,False,3,20230131,2,16.0
10905,406,5355.788685015291,12175.218654434251,5,3,False,3,20230131,2,16.0
10906,407,5355.796110414053,12707.218946047678,1,1,False,3,20230131,2,16.0
10907,408,5355.896238244514,13235.685579937304,5,3,False,3,20230131,2,16.0
10908,409,5355.700375704446,13771.5,0,0,False,3,20230131,2,16.0
10909,410,5355.796110414053,14307.781053952322,4,2,False,3,20230131,2,16.0
10910,411,5355.600125156446,14851.404881101376,5,2,False,3,20230131,2,16.0
10911,412,5355.700375704446,15379.5,4,6,False,3,20230131,2,16.0
10912,413,5355.88630806846,15919.685819070904,2,2,False,3,20230131,2,16.0
10913,414,5355.5,16462.936964504283,0,3,False,3,20230131,2,16.0
10914,415,5355.896238244514,16995.314420062696,2,2,False,3,20230131,2,16.0
10915,416,5355.917713152677,17531.31493721084,2,2,False,3,20230131,2,16.0
10916,417,5355.795739348371,18067.21929824561,4,0,True,3,20230131,2,16.0
10917,418,5355.6027617212585,18599.59505459217,2,0,False,3,20230131,2,16.0
10918,419,5355.700375704446,19139.5,5,4,False,3,20230131,2,16.0
10919,420,5355.968339307049,19675.40442054958,1,1,False,3,20230131,2,16.0
10920,421,5355.600125156446,20211.40488110137,5,0,False,3,20230131,2,16.0
10921,422,5355.795739348371,20755.21929824561,1,0,False,3,20230131,2,16.0
10922,423,5355.700375704446,21283.5,0,1,False,3,20230131,2,16.0
10923,424,5806.541916167665,1199.3179640718563,0,0,False,3,20230131,2,16.0
10924,425,5806.328331332533,1727.2454981992796,0,2,True,3,20230131,2,16.0
10925,426,5806.901257861635,2262.9616352201256,1,2,False,3,20230131,2,16.0
10926,427,5807.019426180514,2799.4067543335327,2,2,False,3,20230131,2,16.0
10927,428,5807.204504504504,3335.262162162162,1,1,False,3,20230131,2,16.0
10928,429,5807.705771643664,3871.5,1,1,False,3,20230131,2,16.0
10929,430,5807.308383233533,4407.317964071856,2,1,False,3,20230131,2,16.0
10930,431,5807.397049591965,4943.407093534212,2,1,False,3,20230131,2,16.0
10931,432,5807.5,5479.136363636364,1,4,False,3,20230131,2,16.0
10932,433,5807.5,6011.5,0,0,False,3,20230131,2,16.0
10933,434,5807.317964071856,6544.223353293413,2,0,False,3,20230131,2,16.0
10934,435,5807.303921568628,7083.318627450981,1,3,False,3,20230131,2,16.0
10935,436,5807.5,7623.136363636364,0,0,False,3,20230131,2,16.0
10936,437,5807.5,8151.5,4,2,False,3,20230131,2,16.0
10937,438,5807.5,8694.951572327043,2,2,False,3,20230131,2,16.0
10938,439,5807.399448191293,9219.956161863887,1,0,False,3,20230131,2,16.0
10939,440,5807.303921568628,9755.68137254902,1,1,False,3,20230131,2,16.0
10940,441,5807.5,10291.863190184047,4,2,True,3,20230131,2,16.0
10941,442,5807.5,10827.863190184047,0,0,False,3,20230131,2,16.0
10942,443,5807.5,11374.602040816326,3,3,False,3,20230131,2,16.0
10943,444,5807.691616766467,11903.317964071855,7,1,False,3,20230131,2,16.0
10944,445,5807.600551808707,12443.043838136113,2,3,False,3,20230131,2,16.0
10945,446,5807.696078431372,12971.68137254902,1,2,False,3,20230131,2,16.0
10946,447,5807.5,13503.863636363636,1,0,True,3,20230131,2,16.0
10947,448,5807.780407429598,14040.130317555422,8,3,True,3,20230131,2,16.0
10948,449,5807.5,14579.5,4,0,False,3,20230131,2,16.0
10949,450,5807.5,15115.5,4,3,False,3,20230131,2,16.0
10950,451,5807.308383233533,15647.682035928145,4,3,False,3,20230131,2,16.0
10951,452,5807.219592570402,16190.869682444578,2,0,False,3,20230131,2,16.0
10952,453,5807.203975535168,16731.225993883792,3,0,False,3,20230131,2,16.0
10953,454,5808.315897136177,17266.518118059616,2,2,False,3,20230131,2,16.0
10954,455,5807.5,17795.5,0,0,False,3,20230131,2,16.0
10955,456,5807.598027495517,18335.04333532576,3,1,False,3,20230131,2,16.0
10956,457,5807.686915887851,18867.317757009347,1,3,False,3,20230131,2,16.0
10957,458,5807.399694189602,19403.59296636085,0,0,False,3,20230131,2,16.0
10958,459,5807.600551808707,19947.04383813612,2,0,False,3,20230131,2,16.0
10959,460,5807.322429906542,20482.59813084112,2,4,False,3,20230131,2,16.0
10960,461,5807.600551808707,21019.04383813612,5,5,False,3,20230131,2,16.0
10961,462,6248.491920447483,929.41671845867,2,4,True,3,20230131,2,16.0
10962,463,6250.684516129032,1463.5,1,2,False,3,20230131,2,16.0
10963,464,6250.062461538461,1999.2710769230769,2,2,False,3,20230131,2,16.0
10964,465,6246.90797940798,2531.5,0,0,False,3,20230131,2,16.0
10965,466,6251.103761755486,3067.6855799373043,0,0,False,3,20230131,2,16.0
10966,467,6251.402379499695,3607.4048200122015,4,3,False,3,20230131,2,16.0
10967,468,6251.30905752754,4135.686046511628,1,1,False,3,20230131,2,16.0
10968,469,6251.788685015291,4679.21865443425,3,2,False,3,20230131,2,16.0
10969,470,6251.882352941177,5207.5,0,0,True,3,20230131,2,16.0
10970,471,6251.600250626567,5747.4047619047615,1,3,True,3,20230131,2,16.0
10971,472,6251.600250626567,6275.595238095239,2,2,False,3,20230131,2,16.0
10972,473,6251.5,6815.1274509803925,1,0,False,3,20230131,2,16.0
10973,474,6251.5,7351.5,2,8,False,3,20230131,2,16.0
10974,475,6251.6027617212585,7887.404945407836,0,1,False,3,20230131,2,16.0
10975,476,6251.773053892216,8426.853293413174,1,1,False,3,20230131,2,16.0
10976,477,6251.5,8951.690231362469,0,0,False,3,20230131,2,16.0
10977,478,6251.5,9487.872549019608,2,2,False,3,20230131,2,16.0
10978,479,6251.5,10023.872549019608,1,1,False,3,20230131,2,16.0
10979,480,6251.69094247246,10559.686046511628,0,4,False,3,20230131,2,16.0
10980,481,6251.87298266587,11099.5,3,0,True,3,20230131,2,16.0
10981,482,6251.6027617212585,11639.404945407836,0,0,True,3,20230131,2,16.0
10982,483,6251.597979179424,12175.032149418248,3,6,False,3,20230131,2,16.0
10983,484,6251.796110414053,12707.218946047678,6,5,False,3,20230131,2,16.0
10984,485,6251.896238244514,13235.685579937304,3,2,True,3,20230131,2,16.0
10985,486,6251.600125156446,13771.595118898624,3,1,True,3,20230131,2,16.0
10986,487,6251.795739348371,14307.780701754386,8,12,True,3,20230131,2,16.0
10987,488,6251.5,14851.309643080776,5,3,False,3,20230131,2,16.0
10988,489,6251.600250626567,15379.40476190476,0,0,False,3,20230131,2,16.0
10989,490,6251.5,15919.5,2,2,False,3,20230131,2,16.0
10990,491,6251.5,16462.389434889436,4,1,False,3,20230131,2,16.0
10991,492,6251.5,16995.30964308078,1,1,True,3,20230131,2,16.0
10992,493,6251.605540897098,17531.405013192612,1,1,False,3,20230131,2,16.0
10993,494,6251.5,18066.93753923415,0,0,True,3,20230131,2,16.0
10994,495,6251.5,18599.5,2,0,False,3,20230131,2,16.0
10995,496,6251.5,19139.30964308078,3,2,True,3,20230131,2,16.0
10996,497,6251.5,19675.12701733413,4,2,True,3,20230131,2,16.0
10997,498,6251.5,20211.30964308078,4,5,False,3,20230131,2,16.0
10998,499,6251.399874843554,20755.40488110137,4,6,False,3,20230131,2,16.0
10999,500,6251.600250626567,21283.404761904763,4,4,False,3,20230131,2,16.0
11000,1,899.004835589942,1464.1473243068988,1,1,True,0,20220531,1,32.0
11001,2,898.7570725707257,2000.5971709717096,2,0,False,0,20220531,1,32.0
11002,3,899.2132075471698,2532.3352201257862,1,0,False,0,20220531,1,32.0
11003,4,899.2132075471698,3068.3352201257862,0,0,False,0,20220531,1,32.0
11004,5,899.4020208205757,3607.967850581752,3,2,False,0,20220531,1,32.0
11005,6,899.2204169221336,4136.33629675046,1,0,False,0,20220531,1,32.0
11006,7,899.4020208205757,4679.967850581751,2,0,False,0,20220531,1,32.0
11007,8,899.7795830778664,5208.33629675046,10,3,False,0,20220531,1,32.0
11008,9,899.6956112852664,5747.876175548589,2,1,False,0,20220531,1,32.0
11009,10,899.204260651629,6275.7807017543855,1,1,False,0,20220531,1,32.0
11010,11,899.8779141104294,6816.241104294479,3,1,False,0,20220531,1,32.0
11011,12,900.0686274509804,7352.053921568628,0,0,False,0,20220531,1,32.0
11012,13,900.3051612903225,7887.866451612903,2,1,False,0,20220531,1,32.0
11013,14,900.6003003003003,8428.206306306307,0,0,False,0,20220531,1,32.0
11014,15,900.0979381443299,8952.051546391753,0,1,False,0,20220531,1,32.0
11015,16,900.2429274292743,9488.59717097171,1,4,False,0,20220531,1,32.0
11016,17,901.4233621755252,10024.187268232386,1,1,False,0,20220531,1,32.0
11017,18,901.0743368291178,10560.657310302282,4,1,False,0,20220531,1,32.0
11018,19,900.5989802039592,11100.224655068989,1,0,False,0,20220531,1,32.0
11019,20,899.7005141388174,11639.690231362469,3,0,False,0,20220531,1,32.0
11020,21,901.428306551298,12176.889369592089,3,3,False,0,20220531,1,32.0
11021,22,900.3805031446541,12707.771698113207,1,2,False,0,20220531,1,32.0
11022,23,900.3564231738035,13236.502518891688,5,1,False,0,20220531,1,32.0
11023,24,899.9824120603015,13772.14824120603,3,1,False,0,20220531,1,32.0
11024,25,900.1607818411097,14308.690416141237,0,0,False,0,20220531,1,32.0
11025,26,899.896238244514,14851.685579937304,1,1,False,0,20220531,1,32.0
11026,27,899.9824120603015,15380.14824120603,0,0,False,0,20220531,1,32.0
11027,28,899.7795830778664,15920.33629675046,1,0,False,0,20220531,1,32.0
11028,29,899.6909424724602,16463.68604651163,1,0,False,0,20220531,1,32.0
11029,30,899.6956112852664,16995.87617554859,3,1,False,0,20220531,1,32.0
11030,31,899.6055408970976,17531.594986807388,0,0,False,0,20220531,1,32.0
11031,32,899.5,18067.5,4,1,False,0,20220531,1,32.0
11032,33,899.5,18599.690231362467,0,0,False,0,20220531,1,32.0
11033,34,899.6002506265664,19139.404761904763,1,1,False,0,20220531,1,32.0
11034,35,900.1467065868263,19675.226946107785,7,5,False,0,20220531,1,32.0
11035,36,900.0925925925926,20211.5,1,0,True,0,20220531,1,32.0
11036,37,900.1842767295598,20754.86603773585,2,0,False,0,20220531,1,32.0
11037,38,903.89588688946,21283.309768637533,1,0,True,0,20220531,1,32.0
11038,39,1342.8345888261142,1199.9695543000628,2,5,True,0,20220531,1,32.0
11039,40,1343.293710691824,1728.4610062893082,0,0,False,0,20220531,1,32.0
11040,41,1343.1967699406723,2263.78740936058,0,0,False,0,20220531,1,32.0
11041,42,1343.2115987460816,2799.7884012539184,0,0,False,0,20220531,1,32.0
11042,43,1343.211959924859,3335.788040075141,0,0,False,0,20220531,1,32.0
11043,44,1343.5,3871.694993412385,1,0,False,0,20220531,1,32.0
11044,45,1343.5,4407.6952440550685,3,1,False,0,20220531,1,32.0
11045,46,1343.5,4943.5,2,0,False,0,20220531,1,32.0
11046,47,1343.5975609756097,5479.59756097561,0,1,False,0,20220531,1,32.0
11047,48,1343.5951768488746,6011.788102893891,3,5,False,0,20220531,1,32.0
11048,49,1343.7790697674418,6544.357322438717,2,1,False,0,20220531,1,32.0
11049,50,1343.7002567394095,7083.5,2,2,False,0,20220531,1,32.0
11050,51,1344.0771643663738,7623.5,0,0,False,0,20220531,1,32.0
11051,52,1343.7884012539184,8151.788401253919,0,0,False,0,20220531,1,32.0
11052,53,1343.705533596838,8695.5,2,1,False,0,20220531,1,32.0
11053,54,1343.6953727506427,9219.885604113111,2,0,False,0,20220531,1,32.0
11054,55,1343.89588688946,9755.690231362469,2,0,False,0,20220531,1,32.0
11055,56,1343.399935856318,10291.597498396408,3,0,False,0,20220531,1,32.0
11056,57,1344.0824742268042,10828.067010309278,0,0,False,0,20220531,1,32.0
11057,58,1344.4319899244333,11374.568010075567,2,1,False,0,20220531,1,32.0
11058,59,1343.8859649122808,11903.690476190475,0,0,False,0,20220531,1,32.0
11059,60,1343.89588688946,12443.309768637531,4,2,False,0,20220531,1,32.0
11060,61,1343.89588688946,12971.690231362469,5,2,False,0,20220531,1,32.0
11061,62,1343.690476190476,13503.88596491228,0,0,False,0,20220531,1,32.0
11062,63,1343.8859649122808,14039.690476190475,1,0,False,0,20220531,1,32.0
11063,64,1343.4044703000611,14579.402020820577,2,4,False,0,20220531,1,32.0
11064,65,1343.6953727506427,15115.885604113111,3,1,False,0,20220531,1,32.0
11065,66,1343.690476190476,15647.88596491228,5,4,False,0,20220531,1,32.0
11066,67,1343.7884012539184,16191.788401253918,1,0,False,0,20220531,1,32.0
11067,68,1343.399935856318,16731.402501603592,3,0,False,0,20220531,1,32.0
11068,69,1343.6865030674846,17267.308588957054,3,4,False,0,20220531,1,32.0
11069,70,1343.5955296999389,17795.98009797918,0,1,True,0,20220531,1,32.0
11070,71,1343.5975609756097,18335.40243902439,3,1,False,0,20220531,1,32.0
11071,72,1343.5,18867.88235294117,4,4,False,0,20220531,1,32.0
11072,73,1343.5,19403.5,4,2,False,0,20220531,1,32.0
11073,74,1343.89588688946,19947.309768637533,6,1,False,0,20220531,1,32.0
11074,75,1344.0539215686274,20482.93137254902,4,3,False,0,20220531,1,32.0
11075,76,1344.1825499034128,21019.03122987765,0,0,False,0,20220531,1,32.0
11076,77,1786.8558696988323,928.6923786109404,1,0,True,0,20220531,1,32.0
11077,78,1786.6937984496124,1464.37338501292,1,1,False,0,20220531,1,32.0
11078,79,1786.9313725490197,2000.053921568628,1,0,False,0,20220531,1,32.0
11079,80,1787.2038895859473,2531.781053952321,1,0,False,0,20220531,1,32.0
11080,81,1786.442065491184,3068.3110831234258,1,2,False,0,20220531,1,32.0
11081,82,1787.970300061237,3608.149112063688,0,0,True,0,20220531,1,32.0
11082,83,1787.5979791794243,4135.967850581751,2,1,True,0,20220531,1,32.0
11083,84,1787.2204169221336,4679.772225628449,0,0,False,0,20220531,1,32.0
11084,85,1787.029699938763,5208.149112063687,1,0,False,0,20220531,1,32.0
11085,86,1787.882149591452,5748.053111250786,0,0,False,0,20220531,1,32.0
11086,87,1787.9753476611884,6276.870417193426,3,0,False,0,20220531,1,32.0
11087,88,1788.0700245700243,6816.055282555282,0,0,False,0,20220531,1,32.0
11088,89,1788.0686274509803,7352.053921568628,0,0,False,0,20220531,1,32.0
11089,90,1787.9066924066924,7887.685328185328,2,0,False,0,20220531,1,32.0
11090,91,1788.4214157168567,8427.5,0,0,False,0,20220531,1,32.0
11091,92,1788.8411003236247,8951.057281553398,1,0,False,0,20220531,1,32.0
11092,93,1788.9590264941469,9488.74460874923,1,0,False,0,20220531,1,32.0
11093,94,1788.5325752919484,10024.31868469576,0,0,False,0,20220531,1,32.0
11094,95,1789.3282890673256,10560.925571340333,0,0,False,0,20220531,1,32.0
11095,96,1788.2420706163973,11099.868641532015,1,0,False,0,20220531,1,32.0
11096,97,1788.1082474226805,11639.5,1,1,False,0,20220531,1,32.0
11097,98,1788.8382533825338,12175.657441574416,2,4,False,0,20220531,1,32.0
11098,99,1788.3636363636365,13236.671717171715,0,0,False,0,20220531,1,32.0
11099,100,1788.083280955374,13772.053111250783,2,1,False,0,20220531,1,32.0
11100,101,1788.26214511041,14308.5952681388,0,0,False,0,20220531,1,32.0
11101,102,1788.0925925925926,14851.5,1,0,False,0,20220531,1,32.0
11102,103,1787.887665198238,15380.240088105727,3,3,False,0,20220531,1,32.0
11103,104,1787.8779141104294,15920.24110429448,0,0,False,0,20220531,1,32.0
11104,105,1787.7886850152904,16463.409480122325,1,0,False,0,20220531,1,32.0
11105,106,1787.795739348371,16995.780701754386,0,0,False,0,20220531,1,32.0
11106,107,1787.9177131526767,17531.68506278916,0,0,False,0,20220531,1,32.0
11107,108,1787.7003757044458,18067.5,1,2,False,0,20220531,1,32.0
11108,109,1787.6027617212587,18599.59505459217,1,2,False,0,20220531,1,32.0
11109,110,1787.896238244514,19139.314420062696,4,0,False,0,20220531,1,32.0
11110,111,1788.4214157168567,19675.5,1,0,True,0,20220531,1,32.0
11111,112,1788.0925925925926,20211.5,1,2,False,0,20220531,1,32.0
11112,113,1788.083280955374,20754.94688874921,4,2,False,0,20220531,1,32.0
11113,114,1788.294468887492,21283.5,1,4,True,0,20220531,1,32.0
11114,115,1791.89588688946,12707.309768637531,0,0,False,0,20220531,1,32.0
11115,116,2231.304755944931,1199.5,0,0,False,0,20220531,1,32.0
11116,117,2231.6907151819323,1727.8764115432873,0,0,False,0,20220531,1,32.0
11117,118,2231.5,2263.5,0,0,False,0,20220531,1,32.0
11118,119,2231.5,2799.5,0,0,False,0,20220531,1,32.0
11119,120,2231.5,3335.5,1,1,False,0,20220531,1,32.0
11120,121,2231.5,3871.5,0,0,False,0,20220531,1,32.0
11121,122,2231.695244055069,4407.5,2,3,False,0,20220531,1,32.0
11122,123,2231.5,4943.5,1,0,True,0,20220531,1,32.0
11123,124,2231.5,5479.5,1,0,False,0,20220531,1,32.0
11124,125,2231.6000641436817,6011.402501603592,1,2,False,0,20220531,1,32.0
11125,126,2231.690476190476,6543.8859649122805,1,1,False,0,20220531,1,32.0
11126,127,2231.89588688946,7083.690231362468,5,4,False,0,20220531,1,32.0
11127,128,2232.077164366374,7623.5,3,1,False,0,20220531,1,32.0
11128,129,2231.8859649122805,8151.690476190476,2,0,False,0,20220531,1,32.0
11129,130,2232.1076618229854,8695.5,2,1,False,0,20220531,1,32.0
11130,131,2231.79543994862,9219.787732819525,0,0,False,0,20220531,1,32.0
11131,132,2232.182549903413,9755.968770122345,1,1,False,0,20220531,1,32.0
11132,133,2232.182549903413,10291.968770122345,3,2,False,0,20220531,1,32.0
11133,134,2232.082474226804,10828.067010309278,5,2,False,0,20220531,1,32.0
11134,135,2231.6902377972465,11375.304755944931,3,0,False,0,20220531,1,32.0
11135,136,2232.165411173886,11903.969554300063,0,0,False,0,20220531,1,32.0
11136,137,2231.7002567394097,12443.5,2,0,False,0,20220531,1,32.0
11137,138,2232.0817245817248,12972.06628056628,1,0,False,0,20220531,1,32.0
11138,139,2232.3332284455632,13504.529578351165,3,3,False,0,20220531,1,32.0
11139,140,2232.3332284455632,14040.529578351165,0,0,False,0,20220531,1,32.0
11140,141,2232.241104294478,14579.87791411043,4,2,False,0,20220531,1,32.0
11141,142,2232.0817245817248,15116.06628056628,0,0,False,0,20220531,1,32.0
11142,143,2231.9695543000626,15648.165411173886,1,1,False,0,20220531,1,32.0
11143,144,2231.8859649122805,16191.690476190475,3,2,False,0,20220531,1,32.0
11144,145,2231.7002567394097,16731.5,0,0,False,0,20220531,1,32.0
11145,146,2232.241104294478,17267.681595092025,1,1,False,0,20220531,1,32.0
11146,147,2232.053921568628,17796.06862745098,3,1,False,0,20220531,1,32.0
11147,148,2231.8859649122805,18335.69047619048,4,3,False,0,20220531,1,32.0
11148,149,2232.33629675046,18867.220416922133,3,0,False,0,20220531,1,32.0
11149,150,2231.79543994862,19403.787732819525,1,0,True,0,20220531,1,32.0
11150,151,2231.89588688946,19947.309768637533,2,0,True,0,20220531,1,32.0
11151,152,2232.33629675046,20483.220416922133,2,1,False,0,20220531,1,32.0
11152,153,2231.89588688946,21019.309768637533,3,2,False,0,20220531,1,32.0
11153,154,2674.93137254902,928.0539215686274,5,3,False,0,20220531,1,32.0
11154,155,2677.859493670886,1462.4012658227848,1,1,False,0,20220531,1,32.0
11155,156,2675.406919779547,1999.776791181874,1,1,False,0,20220531,1,32.0
11156,157,2674.90666247643,2531.489943431804,2,0,False,0,20220531,1,32.0
11157,158,2675.1173694147265,3068.04877281309,1,0,False,0,20220531,1,32.0
11158,159,2674.6416309012875,3607.7722256284487,0,0,False,0,20220531,1,32.0
11159,160,2678.221252257676,4135.150812763395,1,1,False,0,20220531,1,32.0
11160,161,2679.5,4679.5,4,0,False,0,20220531,1,32.0
11161,162,2678.2738452309536,5208.111877624475,1,0,False,0,20220531,1,32.0
11162,163,2679.5,5747.5,5,0,False,0,20220531,1,32.0
11163,164,2680.4987699877,6275.849323493235,1,0,False,0,20220531,1,32.0
11164,165,2679.882775119617,6815.5,0,0,False,0,20220531,1,32.0
11165,166,2680.2616766467067,7351.859281437126,1,0,False,0,20220531,1,32.0
11166,167,2680.236225087925,8427.317116060962,2,0,False,0,20220531,1,32.0
11167,168,2679.907035175879,8951.680904522613,0,0,False,0,20220531,1,32.0
11168,169,2679.211389385808,9487.774299344066,1,4,False,0,20220531,1,32.0
11169,170,2680.0693779904304,10024.04066985646,6,0,False,0,20220531,1,32.0
11170,171,2681.5253470126736,10560.709414604707,2,0,False,0,20220531,1,32.0
11171,172,2680.147574517826,11099.766510812393,2,0,False,0,20220531,1,32.0
11172,173,2680.1638705811865,12175.766027561414,2,0,False,0,20220531,1,32.0
11173,174,2680.093137254902,12707.5,0,0,False,0,20220531,1,32.0
11174,175,2680.0840490797545,13236.039877300613,0,0,False,0,20220531,1,32.0
11175,176,2679.796024464832,13771.774006116208,0,0,False,0,20220531,1,32.0
11176,177,2680.459409594096,14308.385608856088,0,0,False,0,20220531,1,32.0
11177,178,2679.896572827417,14851.681150550796,1,1,True,0,20220531,1,32.0
11178,179,2680.0840490797545,15380.039877300613,1,0,True,0,20220531,1,32.0
11179,180,2680.0693779904304,15920.04066985646,1,2,False,0,20220531,1,32.0
11180,181,2679.980573819486,16463.406754333533,2,2,False,0,20220531,1,32.0
11181,182,2679.896572827417,16995.681150550794,2,0,False,0,20220531,1,32.0
11182,183,2679.605602060528,17531.592723760463,2,0,False,0,20220531,1,32.0
11183,184,2679.9935543278084,18067.58348680172,1,0,False,0,20220531,1,32.0
11184,185,2679.80923947203,18599.42206159648,2,2,False,0,20220531,1,32.0
11185,186,2680.1876155268023,19139.214109673445,1,0,False,0,20220531,1,32.0
11186,187,2680.4227166276346,19675.5,1,0,False,0,20220531,1,32.0
11187,188,2679.700488997555,20211.5,1,1,False,0,20220531,1,32.0
11188,189,2679.7963870177587,20755.22565829761,0,0,False,0,20220531,1,32.0
11189,190,2680.093137254902,21283.5,1,0,False,0,20220531,1,32.0
11190,191,2683.602761721259,7887.595054592164,4,0,False,0,20220531,1,32.0
11191,192,2683.9025806451614,11639.5,3,0,False,0,20220531,1,32.0
11192,193,3130.359950859951,1199.5,1,0,True,0,20220531,1,32.0
11193,194,3125.668888888889,1728.9653968253967,2,0,False,0,20220531,1,32.0
11194,195,3131.397238278741,2263.5950545921646,1,0,False,0,20220531,1,32.0
11195,196,3127.2105097545627,2799.7794210195093,2,0,False,0,20220531,1,32.0
11196,197,3129.775092936803,3336.6995043370507,1,0,False,0,20220531,1,32.0
11197,198,3131.397238278741,3871.5950545921646,0,0,True,0,20220531,1,32.0
11198,199,3130.726600985221,4406.869458128079,0,0,False,0,20220531,1,32.0
11199,200,3130.9945196647323,4943.595422308188,0,0,False,0,20220531,1,32.0
11200,201,3131.402260232132,5479.404703726329,0,0,False,0,20220531,1,32.0
11201,202,3131.203889585948,6011.781053952322,3,0,False,0,20220531,1,32.0
11202,203,3131.1220858895704,6544.241104294479,3,4,False,0,20220531,1,32.0
11203,204,3131.6001251564458,7083.595118898624,1,2,False,0,20220531,1,32.0
11204,205,3131.5,7623.127450980392,5,1,False,0,20220531,1,32.0
11205,206,3131.5,8151.872549019607,2,0,False,0,20220531,1,32.0
11206,207,3131.5,8695.309768637531,1,0,False,0,20220531,1,32.0
11207,208,3131.6956112852663,9219.876175548588,1,0,False,0,20220531,1,32.0
11208,209,3131.7961104140527,9755.781053952322,0,0,False,0,20220531,1,32.0
11209,210,3131.7961104140527,10291.781053952322,7,1,False,0,20220531,1,32.0
11210,211,3131.5,10828.06246076585,0,0,False,0,20220531,1,32.0
11211,212,3131.779926335175,11374.854205033764,0,0,True,0,20220531,1,32.0
11212,213,3131.6909424724604,11903.686046511628,0,0,False,0,20220531,1,32.0
11213,214,3131.6002506265663,12443.40476190476,1,0,True,0,20220531,1,32.0
11214,215,3131.7961104140527,12971.781053952322,2,1,False,0,20220531,1,32.0
11215,216,3131.7795830778664,13504.33629675046,2,1,True,0,20220531,1,32.0
11216,217,3131.7795830778664,14040.33629675046,1,0,False,0,20220531,1,32.0
11217,218,3131.960431654676,14579.960431654676,1,0,False,0,20220531,1,32.0
11218,219,3131.6956112852663,15115.876175548588,2,2,False,0,20220531,1,32.0
11219,220,3131.5,15648.063035495716,0,0,False,0,20220531,1,32.0
11220,221,3131.8823529411766,16191.5,2,0,False,0,20220531,1,32.0
11221,222,3131.5,16731.30964308078,3,2,False,0,20220531,1,32.0
11222,223,3131.6862686567165,17267.313731343285,5,3,False,0,20220531,1,32.0
11223,224,3131.313953488372,17795.68604651163,0,0,False,0,20220531,1,32.0
11224,225,3131.6909424724604,18335.31395348837,1,3,False,0,20220531,1,32.0
11225,226,3131.68671454219,18867.68671454219,0,1,False,0,20220531,1,32.0
11226,227,3131.700375704446,19403.5,1,3,False,0,20220531,1,32.0
11227,228,3131.5,19947.5,1,1,False,0,20220531,1,32.0
11228,229,3131.782634730539,20482.661676646705,2,0,False,0,20220531,1,32.0
11229,230,3131.7961104140527,21019.21894604768,0,1,False,0,20220531,1,32.0
11230,231,3570.6416309012875,927.7722256284488,3,0,True,0,20220531,1,32.0
11231,232,3571.5,1463.5,1,0,False,0,20220531,1,32.0
11232,233,3569.9433497536947,2000.5147783251232,2,0,False,0,20220531,1,32.0
11233,234,3571.3043887147337,2531.1238244514107,0,0,False,0,20220531,1,32.0
11234,235,3571.8962382445143,3067.6855799373043,2,2,False,0,20220531,1,32.0
11235,236,3571.5,3607.309523809524,0,1,False,0,20220531,1,32.0
11236,237,3571.597620500305,4135.595179987798,0,0,True,0,20220531,1,32.0
11237,238,3571.5,4679.5,1,1,False,0,20220531,1,32.0
11238,239,3571.88630806846,5207.6858190709045,5,0,False,0,20220531,1,32.0
11239,240,3571.7961104140527,5747.590338770389,0,0,False,0,20220531,1,32.0
11240,241,3571.8962382445143,6275.314420062696,0,0,True,0,20220531,1,32.0
11241,242,3571.69536019536,6815.5,2,0,False,0,20220531,1,32.0
11242,243,3572.166258420086,7351.041947336191,2,1,True,0,20220531,1,32.0
11243,244,3571.7056555269924,7887.5,3,3,False,0,20220531,1,32.0
11244,245,3572.5167865707435,8427.404076738609,2,0,False,0,20220531,1,32.0
11245,246,3571.9066924066924,8951.685328185327,0,0,False,0,20220531,1,32.0
11246,247,3572.260736196319,9487.86809815951,0,0,False,0,20220531,1,32.0
11247,248,3572.260736196319,10023.86809815951,2,3,True,0,20220531,1,32.0
11248,249,3572.0686274509803,10560.053921568628,1,0,False,0,20220531,1,32.0
11249,250,3574.511180124224,11097.66645962733,0,0,False,0,20220531,1,32.0
11250,251,3572.00998068255,11639.404700579524,4,2,False,0,20220531,1,32.0
11251,252,3572.3583690987125,12175.227774371551,0,0,True,0,20220531,1,32.0
11252,253,3572.0925925925926,12707.5,1,0,False,0,20220531,1,32.0
11253,254,3572.0825486503454,13236.052416823602,0,0,False,0,20220531,1,32.0
11254,255,3571.8962382445143,13771.685579937304,3,0,False,0,20220531,1,32.0
11255,256,3572.183417085427,14307.957286432162,0,0,True,0,20220531,1,32.0
11256,257,3571.700375704446,14851.5,0,0,False,0,20220531,1,32.0
11257,258,3572.183417085427,15379.957286432162,1,0,False,0,20220531,1,32.0
11258,259,3572.3583690987125,15919.772225628449,3,0,False,0,20220531,1,32.0
11259,260,3571.88630806846,16463.314180929094,1,0,False,0,20220531,1,32.0
11260,261,3572.0925925925926,16995.5,3,1,False,0,20220531,1,32.0
11261,262,3571.6055408970974,17531.594986807388,2,0,False,0,20220531,1,32.0
11262,263,3571.6001251564458,18067.40488110137,1,2,False,0,20220531,1,32.0
11263,264,3571.602761721259,18599.59505459217,2,4,False,0,20220531,1,32.0
11264,265,3572.0925925925926,19139.5,3,1,False,0,20220531,1,32.0
11265,266,3572.5167865707435,19675.59592326139,0,0,False,0,20220531,1,32.0
11266,267,3572.0925925925926,20211.5,2,2,False,0,20220531,1,32.0
11267,268,3572.183417085427,20755.04271356784,1,0,False,0,20220531,1,32.0
11268,269,3572.0925925925926,21283.5,2,0,False,0,20220531,1,32.0
11269,270,4023.1235884567127,1199.1135508155585,1,0,False,0,20220531,1,32.0
11270,271,4023.4024390243903,1727.5975609756097,3,1,False,0,20220531,1,32.0
11271,272,4023.5,2263.5,0,0,False,0,20220531,1,32.0
11272,273,4023.5,2799.304755944931,1,0,False,0,20220531,1,32.0
11273,274,4023.22057898049,3335.7794210195093,0,0,False,0,20220531,1,32.0
11274,275,4023.6026991441736,3871.597432521396,0,0,False,0,20220531,1,32.0
11275,276,4023.6911949685536,4407.308805031446,0,2,False,0,20220531,1,32.0
11276,277,4023.3973008558255,4943.597432521396,4,1,True,0,20220531,1,32.0
11277,278,4023.690476190476,5479.11403508772,0,0,False,0,20220531,1,32.0
11278,279,4023.6000641436817,6011.597498396408,2,1,False,0,20220531,1,32.0
11279,280,4023.690476190476,6543.8859649122805,3,1,False,0,20220531,1,32.0
11280,281,4023.7002567394097,7083.5,1,0,False,0,20220531,1,32.0
11281,282,4023.7884012539184,7623.211598746081,0,0,False,0,20220531,1,32.0
11282,283,4023.885964912281,8151.690476190476,1,0,False,0,20220531,1,32.0
11283,284,4023.6026991441736,8695.402567478604,1,0,False,0,20220531,1,32.0
11284,285,4023.7954399486193,9219.787732819525,0,0,False,0,20220531,1,32.0
11285,286,4023.89588688946,9755.690231362469,3,0,False,0,20220531,1,32.0
11286,287,4023.89588688946,10291.690231362469,1,0,False,0,20220531,1,32.0
11287,288,4023.6953727506425,10827.885604113111,0,0,False,0,20220531,1,32.0
11288,289,4023.7884012539184,11375.211598746082,0,1,False,0,20220531,1,32.0
11289,290,4023.885964912281,11903.690476190475,2,2,True,0,20220531,1,32.0
11290,291,4023.7002567394097,12443.5,3,1,False,0,20220531,1,32.0
11291,292,4023.7954399486193,12971.787732819525,0,0,False,0,20220531,1,32.0
11292,293,4023.969554300063,13504.165411173886,2,1,False,0,20220531,1,32.0
11293,294,4023.885964912281,14039.690476190475,0,0,False,0,20220531,1,32.0
11294,295,4023.87652811736,14579.690709046456,0,0,False,0,20220531,1,32.0
11295,296,4023.7954399486193,15115.787732819525,1,0,False,0,20220531,1,32.0
11296,297,4023.5975609756097,15647.40243902439,0,0,False,0,20220531,1,32.0
11297,298,4023.5,16191.5,0,0,False,0,20220531,1,32.0
11298,299,4023.6000641436817,16731.402501603592,0,0,False,0,20220531,1,32.0
11299,300,4023.4048200122015,17267.402379499694,1,0,False,0,20220531,1,32.0
11300,301,4024.053921568628,17796.06862745098,1,0,False,0,20220531,1,32.0
11301,302,4023.695244055069,18335.5,4,6,False,0,20220531,1,32.0
11302,303,4023.5,18867.5,0,0,False,0,20220531,1,32.0
11303,304,4023.6000641436817,19403.597498396408,1,0,False,0,20220531,1,32.0
11304,305,4023.89588688946,19947.309768637533,0,0,False,0,20220531,1,32.0
11305,306,4023.314180929096,20483.11369193154,0,0,False,0,20220531,1,32.0
11306,307,4023.6000641436817,21019.402501603592,1,0,False,0,20220531,1,32.0
11307,308,4467.308588957055,927.6865030674846,1,1,True,0,20220531,1,32.0
11308,309,4467.6027617212585,1463.5950545921644,2,1,False,0,20220531,1,32.0
11309,310,4467.69094247246,1999.686046511628,4,2,False,0,20220531,1,32.0
11310,311,4467.5,2531.5,3,1,False,0,20220531,1,32.0
11311,312,4467.103264281231,3067.133396107972,0,1,False,0,20220531,1,32.0
11312,313,4467.597620500305,3607.5951799877976,0,0,False,0,20220531,1,32.0
11313,314,4468.0700245700245,4135.490171990172,1,0,False,0,20220531,1,32.0
11314,315,4467.790461538461,4678.6704615384615,6,2,False,0,20220531,1,32.0
11315,316,4467.220416922134,5207.772225628449,2,1,False,0,20220531,1,32.0
11316,317,4467.600250626567,5747.4047619047615,0,0,True,0,20220531,1,32.0
11317,318,4467.695611285267,6275.876175548589,0,0,False,0,20220531,1,32.0
11318,319,4468.067931456549,6814.9467564259485,2,2,False,0,20220531,1,32.0
11319,320,4467.69094247246,7351.686046511628,0,0,False,0,20220531,1,32.0
11320,321,4467.705655526992,7887.5,2,2,False,0,20220531,1,32.0
11321,322,4467.9604316546765,8427.039568345324,1,1,False,0,20220531,1,32.0
11322,323,4467.803536977492,8951.78038585209,0,0,False,0,20220531,1,32.0
11323,324,4467.779926335175,9488.145794966236,4,0,False,0,20220531,1,32.0
11324,325,4467.970876762723,10023.958614347026,0,0,False,0,20220531,1,32.0
11325,326,4467.779926335175,10560.145794966236,0,0,False,0,20220531,1,32.0
11326,327,4467.773709483794,11099.773709483794,2,0,False,0,20220531,1,32.0
11327,328,4467.705655526992,11639.5,0,0,False,0,20220531,1,32.0
11328,329,4467.691411042945,12175.313496932517,2,0,False,0,20220531,1,32.0
11329,330,4467.992462311558,12707.404522613066,5,2,False,0,20220531,1,32.0
11330,331,4467.982412060302,13236.14824120603,4,1,False,0,20220531,1,32.0
11331,332,4467.695611285267,13771.876175548588,1,0,False,0,20220531,1,32.0
11332,333,4467.78679245283,14308.335220125786,4,1,False,0,20220531,1,32.0
11333,334,4467.700375704446,14851.5,0,0,False,0,20220531,1,32.0
11334,335,4467.695611285267,15379.876175548588,4,1,True,0,20220531,1,32.0
11335,336,4467.69094247246,15919.686046511628,2,0,False,0,20220531,1,32.0
11336,337,4467.597979179424,16463.03214941825,3,1,False,0,20220531,1,32.0
11337,338,4467.796110414053,16995.590338770387,4,1,False,0,20220531,1,32.0
11338,339,4467.812169312169,17531.589947089946,1,0,False,0,20220531,1,32.0
11339,340,4467.304143126177,18067.314187068423,1,0,False,0,20220531,1,32.0
11340,341,4467.6027617212585,18599.59505459217,2,0,False,0,20220531,1,32.0
11341,342,4467.992462311558,19139.59547738693,1,0,False,0,20220531,1,32.0
11342,343,4467.9604316546765,19675.586330935253,1,3,False,0,20220531,1,32.0
11343,344,4467.992462311558,20211.404522613066,1,0,False,0,20220531,1,32.0
11344,345,4467.695611285267,20755.87617554859,2,1,False,0,20220531,1,32.0
11345,346,4467.600250626567,21283.404761904763,2,2,True,0,20220531,1,32.0
11346,347,4910.279048765804,1198.8762793497892,0,0,False,0,20220531,1,32.0
11347,348,4909.975961538462,1726.3557692307693,2,1,False,0,20220531,1,32.0
11348,349,4911.294228356336,2263.5,0,0,False,0,20220531,1,32.0
11349,350,4910.738323353294,2799.859281437126,2,2,False,0,20220531,1,32.0
11350,351,4910.551497005988,3335.32754491018,2,0,False,0,20220531,1,32.0
11351,352,4911.092964824121,3871.680904522613,1,0,False,0,20220531,1,32.0
11352,353,4911.308383233533,4407.317964071856,0,0,False,0,20220531,1,32.0
11353,354,4911.298994974874,4943.133165829146,0,1,False,0,20220531,1,32.0
11354,355,4911.308841099164,5479.318399044206,1,1,False,0,20220531,1,32.0
11355,356,4911.696078431372,6011.318627450981,0,0,False,0,20220531,1,32.0
11356,357,4911.308383233533,6543.682035928144,0,0,False,0,20220531,1,32.0
11357,358,4911.796387017759,7083.225658297612,1,1,False,0,20220531,1,32.0
11358,359,4912.070743405276,7622.958033573142,1,2,False,0,20220531,1,32.0
11359,360,4911.5,8151.5,0,0,False,0,20220531,1,32.0
11360,361,4911.5,8694.951572327043,3,0,False,0,20220531,1,32.0
11361,362,4911.696078431372,9219.68137254902,3,0,False,0,20220531,1,32.0
11362,363,4911.69656019656,9755.681818181818,1,0,False,0,20220531,1,32.0
11363,364,4911.5,10291.863190184047,1,0,False,0,20220531,1,32.0
11364,365,4911.5,10827.863190184047,2,0,False,0,20220531,1,32.0
11365,366,4911.5,11374.602040816326,2,2,False,0,20220531,1,32.0
11366,367,4911.780407429598,11902.869682444578,0,0,False,0,20220531,1,32.0
11367,368,4911.600551808707,12443.043838136113,2,0,False,0,20220531,1,32.0
11368,369,4911.696078431372,12971.68137254902,1,0,False,0,20220531,1,32.0
11369,370,4911.780407429598,13504.130317555422,1,0,False,0,20220531,1,32.0
11370,371,4911.780407429598,14040.130317555422,0,0,False,0,20220531,1,32.0
11371,372,4911.774165202109,14579.232864674868,0,1,False,0,20220531,1,32.0
11372,373,4911.696078431372,15115.68137254902,0,0,False,0,20220531,1,32.0
11373,374,4911.780407429598,15648.130317555422,5,3,False,0,20220531,1,32.0
11374,375,4911.5,16191.136363636364,3,3,False,0,20220531,1,32.0
11375,376,4911.5,16731.5,2,1,False,0,20220531,1,32.0
11376,377,4911.869158878505,17266.77570093458,1,1,False,0,20220531,1,32.0
11377,378,4911.877182770663,17795.681606519207,0,0,False,0,20220531,1,32.0
11378,379,4912.261676646706,18335.32754491018,2,1,True,0,20220531,1,32.0
11379,380,4912.056725146199,18867.49064327485,1,1,False,0,20220531,1,32.0
11380,381,4911.696078431372,19403.68137254902,1,0,False,0,20220531,1,32.0
11381,382,4911.796387017759,19947.22565829761,2,1,False,0,20220531,1,32.0
11382,383,4911.961088355763,20483.050614394386,0,0,False,0,20220531,1,32.0
11383,384,4911.888206388207,21018.77764127764,7,2,False,0,20220531,1,32.0
11384,385,5354.359950859951,927.5,2,1,False,0,20220531,1,32.0
11385,386,5355.3972382787415,1463.4049454078356,0,0,False,0,20220531,1,32.0
11386,387,5354.355036855037,1999.8341523341523,1,0,False,0,20220531,1,32.0
11387,388,5355.103761755486,2531.314420062696,0,0,False,0,20220531,1,32.0
11388,389,5355.299624295554,3067.5,0,0,False,0,20220531,1,32.0
11389,390,5355.5,3607.309523809524,0,0,False,0,20220531,1,32.0
11390,391,5355.5,4135.5,2,0,False,0,20220531,1,32.0
11391,392,5355.87791411043,4678.758895705521,3,3,False,0,20220531,1,32.0
11392,393,5355.69094247246,5207.313953488372,0,0,False,0,20220531,1,32.0
11393,394,5355.695611285267,5747.123824451411,1,0,False,0,20220531,1,32.0
11394,395,5355.600250626567,6275.4047619047615,0,0,False,0,20220531,1,32.0
11395,396,5355.5,6815.1274509803925,1,1,False,0,20220531,1,32.0
11396,397,5355.597739767868,7351.404703726329,1,0,False,0,20220531,1,32.0
11397,398,5355.6027617212585,7887.404945407836,1,0,False,0,20220531,1,32.0
11398,399,5355.868641532017,8426.757929383602,1,0,False,0,20220531,1,32.0
11399,400,5355.6027617212585,8951.595054592164,0,0,False,0,20220531,1,32.0
11400,401,5355.69094247246,9487.686046511628,0,0,False,0,20220531,1,32.0
11401,402,5355.882352941177,10023.5,0,0,False,0,20220531,1,32.0
11402,403,5355.788685015291,10559.781345565749,1,0,False,0,20220531,1,32.0
11403,404,5355.87298266587,11099.5,1,1,False,0,20220531,1,32.0
11404,405,5355.803536977492,11639.21961414791,3,0,False,0,20220531,1,32.0
11405,406,5355.788685015291,12175.218654434251,0,0,False,0,20220531,1,32.0
11406,407,5355.796110414053,12707.218946047678,1,1,False,0,20220531,1,32.0
11407,408,5355.896238244514,13235.685579937304,4,1,False,0,20220531,1,32.0
11408,409,5355.700375704446,13771.5,0,0,False,0,20220531,1,32.0
11409,410,5355.796110414053,14307.781053952322,1,1,False,0,20220531,1,32.0
11410,411,5355.600125156446,14851.404881101376,1,0,False,0,20220531,1,32.0
11411,412,5355.700375704446,15379.5,2,1,False,0,20220531,1,32.0
11412,413,5355.88630806846,15919.685819070904,1,0,False,0,20220531,1,32.0
11413,414,5355.5,16462.936964504283,0,1,False,0,20220531,1,32.0
11414,415,5355.896238244514,16995.314420062696,0,0,False,0,20220531,1,32.0
11415,416,5355.917713152677,17531.31493721084,1,0,False,0,20220531,1,32.0
11416,417,5355.795739348371,18067.21929824561,1,0,False,0,20220531,1,32.0
11417,418,5355.6027617212585,18599.59505459217,0,0,False,0,20220531,1,32.0
11418,419,5355.700375704446,19139.5,0,0,False,0,20220531,1,32.0
11419,420,5355.968339307049,19675.40442054958,1,1,False,0,20220531,1,32.0
11420,421,5355.600125156446,20211.40488110137,0,0,False,0,20220531,1,32.0
11421,422,5355.795739348371,20755.21929824561,2,2,False,0,20220531,1,32.0
11422,423,5355.700375704446,21283.5,1,1,True,0,20220531,1,32.0
11423,424,5806.541916167665,1199.3179640718563,2,0,False,0,20220531,1,32.0
11424,425,5806.328331332533,1727.2454981992796,2,0,False,0,20220531,1,32.0
11425,426,5806.901257861635,2262.9616352201256,2,1,False,0,20220531,1,32.0
11426,427,5807.019426180514,2799.4067543335327,0,0,False,0,20220531,1,32.0
11427,428,5807.204504504504,3335.262162162162,0,0,False,0,20220531,1,32.0
11428,429,5807.705771643664,3871.5,1,0,False,0,20220531,1,32.0
11429,430,5807.308383233533,4407.317964071856,0,0,False,0,20220531,1,32.0
11430,431,5807.397049591965,4943.407093534212,0,0,False,0,20220531,1,32.0
11431,432,5807.5,5479.136363636364,2,1,False,0,20220531,1,32.0
11432,433,5807.5,6011.5,2,3,False,0,20220531,1,32.0
11433,434,5807.317964071856,6544.223353293413,1,0,False,0,20220531,1,32.0
11434,435,5807.303921568628,7083.318627450981,2,1,False,0,20220531,1,32.0
11435,436,5807.5,7623.136363636364,2,0,False,0,20220531,1,32.0
11436,437,5807.5,8151.5,0,0,False,0,20220531,1,32.0
11437,438,5807.5,8694.951572327043,0,0,False,0,20220531,1,32.0
11438,439,5807.399448191293,9219.956161863887,0,0,False,0,20220531,1,32.0
11439,440,5807.303921568628,9755.68137254902,2,3,False,0,20220531,1,32.0
11440,441,5807.5,10291.863190184047,1,1,False,0,20220531,1,32.0
11441,442,5807.5,10827.863190184047,1,0,False,0,20220531,1,32.0
11442,443,5807.5,11374.602040816326,2,1,False,0,20220531,1,32.0
11443,444,5807.691616766467,11903.317964071855,0,0,False,0,20220531,1,32.0
11444,445,5807.600551808707,12443.043838136113,0,0,False,0,20220531,1,32.0
11445,446,5807.696078431372,12971.68137254902,1,3,False,0,20220531,1,32.0
11446,447,5807.5,13503.863636363636,2,0,False,0,20220531,1,32.0
11447,448,5807.780407429598,14040.130317555422,3,1,False,0,20220531,1,32.0
11448,449,5807.5,14579.5,0,0,False,0,20220531,1,32.0
11449,450,5807.5,15115.5,2,1,False,0,20220531,1,32.0
11450,451,5807.308383233533,15647.682035928145,0,0,False,0,20220531,1,32.0
11451,452,5807.219592570402,16190.869682444578,1,1,False,0,20220531,1,32.0
11452,453,5807.203975535168,16731.225993883792,3,1,False,0,20220531,1,32.0
11453,454,5808.315897136177,17266.518118059616,0,0,False,0,20220531,1,32.0
11454,455,5807.5,17795.5,0,0,False,0,20220531,1,32.0
11455,456,5807.598027495517,18335.04333532576,0,0,False,0,20220531,1,32.0
11456,457,5807.686915887851,18867.317757009347,1,0,False,0,20220531,1,32.0
11457,458,5807.399694189602,19403.59296636085,1,1,False,0,20220531,1,32.0
11458,459,5807.600551808707,19947.04383813612,2,0,False,0,20220531,1,32.0
11459,460,5807.322429906542,20482.59813084112,1,2,False,0,20220531,1,32.0
11460,461,5807.600551808707,21019.04383813612,0,0,False,0,20220531,1,32.0
11461,462,6248.491920447483,929.41671845867,3,1,True,0,20220531,1,32.0
11462,463,6250.684516129032,1463.5,0,0,True,0,20220531,1,32.0
11463,464,6250.062461538461,1999.2710769230769,2,2,False,0,20220531,1,32.0
11464,465,6246.90797940798,2531.5,2,3,False,0,20220531,1,32.0
11465,466,6251.103761755486,3067.6855799373043,3,0,False,0,20220531,1,32.0
11466,467,6251.402379499695,3607.4048200122015,0,0,False,0,20220531,1,32.0
11467,468,6251.30905752754,4135.686046511628,1,2,False,0,20220531,1,32.0
11468,469,6251.788685015291,4679.21865443425,2,0,False,0,20220531,1,32.0
11469,470,6251.882352941177,5207.5,0,0,True,0,20220531,1,32.0
11470,471,6251.600250626567,5747.4047619047615,0,0,True,0,20220531,1,32.0
11471,472,6251.600250626567,6275.595238095239,0,0,False,0,20220531,1,32.0
11472,473,6251.5,6815.1274509803925,3,1,False,0,20220531,1,32.0
11473,474,6251.5,7351.5,1,0,False,0,20220531,1,32.0
11474,475,6251.6027617212585,7887.404945407836,3,3,False,0,20220531,1,32.0
11475,476,6251.773053892216,8426.853293413174,3,1,False,0,20220531,1,32.0
11476,477,6251.5,8951.690231362469,1,0,False,0,20220531,1,32.0
11477,478,6251.5,9487.872549019608,2,0,True,0,20220531,1,32.0
11478,479,6251.5,10023.872549019608,0,0,False,0,20220531,1,32.0
11479,480,6251.69094247246,10559.686046511628,0,0,False,0,20220531,1,32.0
11480,481,6251.87298266587,11099.5,0,0,False,0,20220531,1,32.0
11481,482,6251.6027617212585,11639.404945407836,5,1,False,0,20220531,1,32.0
11482,483,6251.597979179424,12175.032149418248,3,1,False,0,20220531,1,32.0
11483,484,6251.796110414053,12707.218946047678,0,0,False,0,20220531,1,32.0
11484,485,6251.896238244514,13235.685579937304,0,1,False,0,20220531,1,32.0
11485,486,6251.600125156446,13771.595118898624,4,0,True,0,20220531,1,32.0
11486,487,6251.795739348371,14307.780701754386,2,1,False,0,20220531,1,32.0
11487,488,6251.5,14851.309643080776,0,0,False,0,20220531,1,32.0
11488,489,6251.600250626567,15379.40476190476,1,0,False,0,20220531,1,32.0
11489,490,6251.5,15919.5,3,4,False,0,20220531,1,32.0
11490,491,6251.5,16462.389434889436,0,0,True,0,20220531,1,32.0
11491,492,6251.5,16995.30964308078,1,0,False,0,20220531,1,32.0
11492,493,6251.605540897098,17531.405013192612,1,0,False,0,20220531,1,32.0
11493,494,6251.5,18066.93753923415,1,0,False,0,20220531,1,32.0
11494,495,6251.5,18599.5,0,0,False,0,20220531,1,32.0
11495,496,6251.5,19139.30964308078,3,2,True,0,20220531,1,32.0
11496,497,6251.5,19675.12701733413,1,1,False,0,20220531,1,32.0
11497,498,6251.5,20211.30964308078,0,0,True,0,20220531,1,32.0
11498,499,6251.399874843554,20755.40488110137,0,0,True,0,20220531,1,32.0
11499,500,6251.600250626567,21283.404761904763,0,0,True,0,20220531,1,32.0
11500,1,899.004835589942,1464.1473243068988,0,0,True,1,20220531,2,32.0
11501,2,898.7570725707257,2000.5971709717096,2,0,False,1,20220531,2,32.0
11502,3,899.2132075471698,2532.3352201257862,0,0,False,1,20220531,2,32.0
11503,4,899.2132075471698,3068.3352201257862,1,1,False,1,20220531,2,32.0
11504,5,899.4020208205757,3607.967850581752,1,0,False,1,20220531,2,32.0
11505,6,899.2204169221336,4136.33629675046,2,1,False,1,20220531,2,32.0
11506,7,899.4020208205757,4679.967850581751,0,0,False,1,20220531,2,32.0
11507,8,899.7795830778664,5208.33629675046,0,0,False,1,20220531,2,32.0
11508,9,899.6956112852664,5747.876175548589,2,1,False,1,20220531,2,32.0
11509,10,899.204260651629,6275.7807017543855,2,2,False,1,20220531,2,32.0
11510,11,899.8779141104294,6816.241104294479,1,0,False,1,20220531,2,32.0
11511,12,900.0686274509804,7352.053921568628,1,0,False,1,20220531,2,32.0
11512,13,900.3051612903225,7887.866451612903,0,0,False,1,20220531,2,32.0
11513,14,900.6003003003003,8428.206306306307,3,1,False,1,20220531,2,32.0
11514,15,900.0979381443299,8952.051546391753,0,0,False,1,20220531,2,32.0
11515,16,900.2429274292743,9488.59717097171,0,0,False,1,20220531,2,32.0
11516,17,901.4233621755252,10024.187268232386,0,0,False,1,20220531,2,32.0
11517,18,901.0743368291178,10560.657310302282,3,1,False,1,20220531,2,32.0
11518,19,900.5989802039592,11100.224655068989,3,0,False,1,20220531,2,32.0
11519,20,899.7005141388174,11639.690231362469,3,0,False,1,20220531,2,32.0
11520,21,901.428306551298,12176.889369592089,0,0,False,1,20220531,2,32.0
11521,22,900.3805031446541,12707.771698113207,0,0,False,1,20220531,2,32.0
11522,23,900.3564231738035,13236.502518891688,1,0,False,1,20220531,2,32.0
11523,24,899.9824120603015,13772.14824120603,4,2,False,1,20220531,2,32.0
11524,25,900.1607818411097,14308.690416141237,1,2,False,1,20220531,2,32.0
11525,26,899.896238244514,14851.685579937304,0,0,False,1,20220531,2,32.0
11526,27,899.9824120603015,15380.14824120603,0,1,False,1,20220531,2,32.0
11527,28,899.7795830778664,15920.33629675046,2,1,False,1,20220531,2,32.0
11528,29,899.6909424724602,16463.68604651163,0,0,False,1,20220531,2,32.0
11529,30,899.6956112852664,16995.87617554859,0,1,False,1,20220531,2,32.0
11530,31,899.6055408970976,17531.594986807388,0,0,False,1,20220531,2,32.0
11531,32,899.5,18067.5,1,2,False,1,20220531,2,32.0
11532,33,899.5,18599.690231362467,1,0,False,1,20220531,2,32.0
11533,34,899.6002506265664,19139.404761904763,2,4,False,1,20220531,2,32.0
11534,35,900.1467065868263,19675.226946107785,0,0,False,1,20220531,2,32.0
11535,36,900.0925925925926,20211.5,0,0,False,1,20220531,2,32.0
11536,37,900.1842767295598,20754.86603773585,6,8,False,1,20220531,2,32.0
11537,38,903.89588688946,21283.309768637533,3,2,True,1,20220531,2,32.0
11538,39,1342.8345888261142,1199.9695543000628,2,1,True,1,20220531,2,32.0
11539,40,1343.293710691824,1728.4610062893082,1,3,False,1,20220531,2,32.0
11540,41,1343.1967699406723,2263.78740936058,2,3,False,1,20220531,2,32.0
11541,42,1343.2115987460816,2799.7884012539184,1,2,False,1,20220531,2,32.0
11542,43,1343.211959924859,3335.788040075141,0,1,False,1,20220531,2,32.0
11543,44,1343.5,3871.694993412385,2,1,False,1,20220531,2,32.0
11544,45,1343.5,4407.6952440550685,3,3,False,1,20220531,2,32.0
11545,46,1343.5,4943.5,0,0,False,1,20220531,2,32.0
11546,47,1343.5975609756097,5479.59756097561,2,0,False,1,20220531,2,32.0
11547,48,1343.5951768488746,6011.788102893891,2,2,False,1,20220531,2,32.0
11548,49,1343.7790697674418,6544.357322438717,0,0,False,1,20220531,2,32.0
11549,50,1343.7002567394095,7083.5,3,2,False,1,20220531,2,32.0
11550,51,1344.0771643663738,7623.5,1,1,False,1,20220531,2,32.0
11551,52,1343.7884012539184,8151.788401253919,1,1,False,1,20220531,2,32.0
11552,53,1343.705533596838,8695.5,2,0,False,1,20220531,2,32.0
11553,54,1343.6953727506427,9219.885604113111,3,1,False,1,20220531,2,32.0
11554,55,1343.89588688946,9755.690231362469,0,0,False,1,20220531,2,32.0
11555,56,1343.399935856318,10291.597498396408,0,0,False,1,20220531,2,32.0
11556,57,1344.0824742268042,10828.067010309278,0,0,False,1,20220531,2,32.0
11557,58,1344.4319899244333,11374.568010075567,0,0,False,1,20220531,2,32.0
11558,59,1343.8859649122808,11903.690476190475,2,1,False,1,20220531,2,32.0
11559,60,1343.89588688946,12443.309768637531,2,4,False,1,20220531,2,32.0
11560,61,1343.89588688946,12971.690231362469,1,0,False,1,20220531,2,32.0
11561,62,1343.690476190476,13503.88596491228,3,1,False,1,20220531,2,32.0
11562,63,1343.8859649122808,14039.690476190475,4,1,False,1,20220531,2,32.0
11563,64,1343.4044703000611,14579.402020820577,0,1,False,1,20220531,2,32.0
11564,65,1343.6953727506427,15115.885604113111,4,1,False,1,20220531,2,32.0
11565,66,1343.690476190476,15647.88596491228,0,0,False,1,20220531,2,32.0
11566,67,1343.7884012539184,16191.788401253918,0,0,False,1,20220531,2,32.0
11567,68,1343.399935856318,16731.402501603592,0,0,False,1,20220531,2,32.0
11568,69,1343.6865030674846,17267.308588957054,2,0,False,1,20220531,2,32.0
11569,70,1343.5955296999389,17795.98009797918,2,0,False,1,20220531,2,32.0
11570,71,1343.5975609756097,18335.40243902439,1,1,False,1,20220531,2,32.0
11571,72,1343.5,18867.88235294117,1,0,False,1,20220531,2,32.0
11572,73,1343.5,19403.5,0,0,False,1,20220531,2,32.0
11573,74,1343.89588688946,19947.309768637533,0,0,False,1,20220531,2,32.0
11574,75,1344.0539215686274,20482.93137254902,2,0,False,1,20220531,2,32.0
11575,76,1344.1825499034128,21019.03122987765,0,2,False,1,20220531,2,32.0
11576,77,1786.8558696988323,928.6923786109404,1,2,False,1,20220531,2,32.0
11577,78,1786.6937984496124,1464.37338501292,3,3,False,1,20220531,2,32.0
11578,79,1786.9313725490197,2000.053921568628,1,1,False,1,20220531,2,32.0
11579,80,1787.2038895859473,2531.781053952321,2,0,False,1,20220531,2,32.0
11580,81,1786.442065491184,3068.3110831234258,1,2,False,1,20220531,2,32.0
11581,82,1787.970300061237,3608.149112063688,1,0,False,1,20220531,2,32.0
11582,83,1787.5979791794243,4135.967850581751,1,6,False,1,20220531,2,32.0
11583,84,1787.2204169221336,4679.772225628449,2,1,False,1,20220531,2,32.0
11584,85,1787.029699938763,5208.149112063687,1,0,False,1,20220531,2,32.0
11585,86,1787.882149591452,5748.053111250786,1,0,False,1,20220531,2,32.0
11586,87,1787.9753476611884,6276.870417193426,0,0,False,1,20220531,2,32.0
11587,88,1788.0700245700243,6816.055282555282,2,0,False,1,20220531,2,32.0
11588,89,1788.0686274509803,7352.053921568628,4,4,False,1,20220531,2,32.0
11589,90,1787.9066924066924,7887.685328185328,3,3,False,1,20220531,2,32.0
11590,91,1788.4214157168567,8427.5,1,3,False,1,20220531,2,32.0
11591,92,1788.8411003236247,8951.057281553398,6,3,False,1,20220531,2,32.0
11592,93,1788.9590264941469,9488.74460874923,2,3,False,1,20220531,2,32.0
11593,94,1788.5325752919484,10024.31868469576,1,5,False,1,20220531,2,32.0
11594,95,1789.3282890673256,10560.925571340333,1,0,False,1,20220531,2,32.0
11595,96,1788.2420706163973,11099.868641532015,4,1,False,1,20220531,2,32.0
11596,97,1788.1082474226805,11639.5,4,3,False,1,20220531,2,32.0
11597,98,1788.8382533825338,12175.657441574416,0,0,False,1,20220531,2,32.0
11598,99,1788.3636363636365,13236.671717171715,1,2,False,1,20220531,2,32.0
11599,100,1788.083280955374,13772.053111250783,4,2,False,1,20220531,2,32.0
11600,101,1788.26214511041,14308.5952681388,1,3,False,1,20220531,2,32.0
11601,102,1788.0925925925926,14851.5,4,0,False,1,20220531,2,32.0
11602,103,1787.887665198238,15380.240088105727,3,1,False,1,20220531,2,32.0
11603,104,1787.8779141104294,15920.24110429448,0,0,False,1,20220531,2,32.0
11604,105,1787.7886850152904,16463.409480122325,10,2,True,1,20220531,2,32.0
11605,106,1787.795739348371,16995.780701754386,0,0,True,1,20220531,2,32.0
11606,107,1787.9177131526767,17531.68506278916,1,0,False,1,20220531,2,32.0
11607,108,1787.7003757044458,18067.5,0,0,False,1,20220531,2,32.0
11608,109,1787.6027617212587,18599.59505459217,2,1,True,1,20220531,2,32.0
11609,110,1787.896238244514,19139.314420062696,2,0,False,1,20220531,2,32.0
11610,111,1788.4214157168567,19675.5,1,0,False,1,20220531,2,32.0
11611,112,1788.0925925925926,20211.5,5,3,False,1,20220531,2,32.0
11612,113,1788.083280955374,20754.94688874921,0,0,False,1,20220531,2,32.0
11613,114,1788.294468887492,21283.5,0,0,False,1,20220531,2,32.0
11614,115,1791.89588688946,12707.309768637531,0,0,False,1,20220531,2,32.0
11615,116,2231.304755944931,1199.5,4,4,False,1,20220531,2,32.0
11616,117,2231.6907151819323,1727.8764115432873,2,0,False,1,20220531,2,32.0
11617,118,2231.5,2263.5,0,0,False,1,20220531,2,32.0
11618,119,2231.5,2799.5,2,0,False,1,20220531,2,32.0
11619,120,2231.5,3335.5,3,1,False,1,20220531,2,32.0
11620,121,2231.5,3871.5,0,0,False,1,20220531,2,32.0
11621,122,2231.695244055069,4407.5,2,0,False,1,20220531,2,32.0
11622,123,2231.5,4943.5,4,1,False,1,20220531,2,32.0
11623,124,2231.5,5479.5,0,0,False,1,20220531,2,32.0
11624,125,2231.6000641436817,6011.402501603592,4,1,False,1,20220531,2,32.0
11625,126,2231.690476190476,6543.8859649122805,0,0,False,1,20220531,2,32.0
11626,127,2231.89588688946,7083.690231362468,0,0,False,1,20220531,2,32.0
11627,128,2232.077164366374,7623.5,1,1,False,1,20220531,2,32.0
11628,129,2231.8859649122805,8151.690476190476,0,3,False,1,20220531,2,32.0
11629,130,2232.1076618229854,8695.5,1,0,False,1,20220531,2,32.0
11630,131,2231.79543994862,9219.787732819525,3,0,False,1,20220531,2,32.0
11631,132,2232.182549903413,9755.968770122345,1,0,False,1,20220531,2,32.0
11632,133,2232.182549903413,10291.968770122345,2,0,False,1,20220531,2,32.0
11633,134,2232.082474226804,10828.067010309278,2,2,False,1,20220531,2,32.0
11634,135,2231.6902377972465,11375.304755944931,0,0,False,1,20220531,2,32.0
11635,136,2232.165411173886,11903.969554300063,2,1,False,1,20220531,2,32.0
11636,137,2231.7002567394097,12443.5,2,3,False,1,20220531,2,32.0
11637,138,2232.0817245817248,12972.06628056628,22,7,False,1,20220531,2,32.0
11638,139,2232.3332284455632,13504.529578351165,4,3,False,1,20220531,2,32.0
11639,140,2232.3332284455632,14040.529578351165,1,0,False,1,20220531,2,32.0
11640,141,2232.241104294478,14579.87791411043,0,1,False,1,20220531,2,32.0
11641,142,2232.0817245817248,15116.06628056628,4,6,False,1,20220531,2,32.0
11642,143,2231.9695543000626,15648.165411173886,1,2,False,1,20220531,2,32.0
11643,144,2231.8859649122805,16191.690476190475,1,0,False,1,20220531,2,32.0
11644,145,2231.7002567394097,16731.5,0,1,False,1,20220531,2,32.0
11645,146,2232.241104294478,17267.681595092025,1,0,False,1,20220531,2,32.0
11646,147,2232.053921568628,17796.06862745098,1,0,False,1,20220531,2,32.0
11647,148,2231.8859649122805,18335.69047619048,1,0,False,1,20220531,2,32.0
11648,149,2232.33629675046,18867.220416922133,1,3,False,1,20220531,2,32.0
11649,150,2231.79543994862,19403.787732819525,0,0,False,1,20220531,2,32.0
11650,151,2231.89588688946,19947.309768637533,0,3,False,1,20220531,2,32.0
11651,152,2232.33629675046,20483.220416922133,0,0,False,1,20220531,2,32.0
11652,153,2231.89588688946,21019.309768637533,1,3,False,1,20220531,2,32.0
11653,154,2674.93137254902,928.0539215686274,1,3,False,1,20220531,2,32.0
11654,155,2677.859493670886,1462.4012658227848,2,2,False,1,20220531,2,32.0
11655,156,2675.406919779547,1999.776791181874,0,0,False,1,20220531,2,32.0
11656,157,2674.90666247643,2531.489943431804,1,0,False,1,20220531,2,32.0
11657,158,2675.1173694147265,3068.04877281309,2,1,False,1,20220531,2,32.0
11658,159,2674.6416309012875,3607.7722256284487,0,0,False,1,20220531,2,32.0
11659,160,2678.221252257676,4135.150812763395,0,0,False,1,20220531,2,32.0
11660,161,2679.5,4679.5,3,3,False,1,20220531,2,32.0
11661,162,2678.2738452309536,5208.111877624475,1,0,False,1,20220531,2,32.0
11662,163,2679.5,5747.5,3,0,False,1,20220531,2,32.0
11663,164,2680.4987699877,6275.849323493235,2,1,False,1,20220531,2,32.0
11664,165,2679.882775119617,6815.5,3,0,False,1,20220531,2,32.0
11665,166,2680.2616766467067,7351.859281437126,0,0,False,1,20220531,2,32.0
11666,167,2680.236225087925,8427.317116060962,3,0,False,1,20220531,2,32.0
11667,168,2679.907035175879,8951.680904522613,0,0,False,1,20220531,2,32.0
11668,169,2679.211389385808,9487.774299344066,0,0,False,1,20220531,2,32.0
11669,170,2680.0693779904304,10024.04066985646,2,0,False,1,20220531,2,32.0
11670,171,2681.5253470126736,10560.709414604707,2,1,False,1,20220531,2,32.0
11671,172,2680.147574517826,11099.766510812393,0,0,True,1,20220531,2,32.0
11672,173,2680.1638705811865,12175.766027561414,5,1,False,1,20220531,2,32.0
11673,174,2680.093137254902,12707.5,1,1,False,1,20220531,2,32.0
11674,175,2680.0840490797545,13236.039877300613,6,35,False,1,20220531,2,32.0
11675,176,2679.796024464832,13771.774006116208,0,0,False,1,20220531,2,32.0
11676,177,2680.459409594096,14308.385608856088,4,2,False,1,20220531,2,32.0
11677,178,2679.896572827417,14851.681150550796,0,0,False,1,20220531,2,32.0
11678,179,2680.0840490797545,15380.039877300613,1,7,False,1,20220531,2,32.0
11679,180,2680.0693779904304,15920.04066985646,0,0,False,1,20220531,2,32.0
11680,181,2679.980573819486,16463.406754333533,4,2,False,1,20220531,2,32.0
11681,182,2679.896572827417,16995.681150550794,0,0,False,1,20220531,2,32.0
11682,183,2679.605602060528,17531.592723760463,0,0,False,1,20220531,2,32.0
11683,184,2679.9935543278084,18067.58348680172,1,1,False,1,20220531,2,32.0
11684,185,2679.80923947203,18599.42206159648,0,0,False,1,20220531,2,32.0
11685,186,2680.1876155268023,19139.214109673445,0,2,False,1,20220531,2,32.0
11686,187,2680.4227166276346,19675.5,2,1,False,1,20220531,2,32.0
11687,188,2679.700488997555,20211.5,0,0,True,1,20220531,2,32.0
11688,189,2679.7963870177587,20755.22565829761,1,3,False,1,20220531,2,32.0
11689,190,2680.093137254902,21283.5,0,0,False,1,20220531,2,32.0
11690,191,2683.602761721259,7887.595054592164,1,0,False,1,20220531,2,32.0
11691,192,2683.9025806451614,11639.5,2,0,False,1,20220531,2,32.0
11692,193,3130.359950859951,1199.5,2,2,True,1,20220531,2,32.0
11693,194,3125.668888888889,1728.9653968253967,0,0,False,1,20220531,2,32.0
11694,195,3131.397238278741,2263.5950545921646,0,0,False,1,20220531,2,32.0
11695,196,3127.2105097545627,2799.7794210195093,0,0,False,1,20220531,2,32.0
11696,197,3129.775092936803,3336.6995043370507,0,0,False,1,20220531,2,32.0
11697,198,3131.397238278741,3871.5950545921646,0,0,False,1,20220531,2,32.0
11698,199,3130.726600985221,4406.869458128079,4,3,False,1,20220531,2,32.0
11699,200,3130.9945196647323,4943.595422308188,0,0,False,1,20220531,2,32.0
11700,201,3131.402260232132,5479.404703726329,0,0,False,1,20220531,2,32.0
11701,202,3131.203889585948,6011.781053952322,1,0,False,1,20220531,2,32.0
11702,203,3131.1220858895704,6544.241104294479,0,0,False,1,20220531,2,32.0
11703,204,3131.6001251564458,7083.595118898624,1,2,False,1,20220531,2,32.0
11704,205,3131.5,7623.127450980392,0,0,False,1,20220531,2,32.0
11705,206,3131.5,8151.872549019607,2,1,False,1,20220531,2,32.0
11706,207,3131.5,8695.309768637531,2,1,False,1,20220531,2,32.0
11707,208,3131.6956112852663,9219.876175548588,2,0,False,1,20220531,2,32.0
11708,209,3131.7961104140527,9755.781053952322,0,0,False,1,20220531,2,32.0
11709,210,3131.7961104140527,10291.781053952322,2,0,False,1,20220531,2,32.0
11710,211,3131.5,10828.06246076585,1,0,False,1,20220531,2,32.0
11711,212,3131.779926335175,11374.854205033764,0,0,False,1,20220531,2,32.0
11712,213,3131.6909424724604,11903.686046511628,0,0,False,1,20220531,2,32.0
11713,214,3131.6002506265663,12443.40476190476,1,0,False,1,20220531,2,32.0
11714,215,3131.7961104140527,12971.781053952322,0,0,False,1,20220531,2,32.0
11715,216,3131.7795830778664,13504.33629675046,1,0,False,1,20220531,2,32.0
11716,217,3131.7795830778664,14040.33629675046,2,1,False,1,20220531,2,32.0
11717,218,3131.960431654676,14579.960431654676,0,0,False,1,20220531,2,32.0
11718,219,3131.6956112852663,15115.876175548588,1,0,False,1,20220531,2,32.0
11719,220,3131.5,15648.063035495716,2,2,False,1,20220531,2,32.0
11720,221,3131.8823529411766,16191.5,0,0,False,1,20220531,2,32.0
11721,222,3131.5,16731.30964308078,0,2,False,1,20220531,2,32.0
11722,223,3131.6862686567165,17267.313731343285,0,0,False,1,20220531,2,32.0
11723,224,3131.313953488372,17795.68604651163,2,0,False,1,20220531,2,32.0
11724,225,3131.6909424724604,18335.31395348837,0,0,False,1,20220531,2,32.0
11725,226,3131.68671454219,18867.68671454219,0,0,False,1,20220531,2,32.0
11726,227,3131.700375704446,19403.5,0,0,False,1,20220531,2,32.0
11727,228,3131.5,19947.5,1,0,False,1,20220531,2,32.0
11728,229,3131.782634730539,20482.661676646705,1,3,False,1,20220531,2,32.0
11729,230,3131.7961104140527,21019.21894604768,1,1,True,1,20220531,2,32.0
11730,231,3570.6416309012875,927.7722256284488,2,2,False,1,20220531,2,32.0
11731,232,3571.5,1463.5,1,0,False,1,20220531,2,32.0
11732,233,3569.9433497536947,2000.5147783251232,2,2,False,1,20220531,2,32.0
11733,234,3571.3043887147337,2531.1238244514107,0,0,False,1,20220531,2,32.0
11734,235,3571.8962382445143,3067.6855799373043,1,1,False,1,20220531,2,32.0
11735,236,3571.5,3607.309523809524,5,3,False,1,20220531,2,32.0
11736,237,3571.597620500305,4135.595179987798,7,11,False,1,20220531,2,32.0
11737,238,3571.5,4679.5,0,0,False,1,20220531,2,32.0
11738,239,3571.88630806846,5207.6858190709045,3,4,False,1,20220531,2,32.0
11739,240,3571.7961104140527,5747.590338770389,1,3,False,1,20220531,2,32.0
11740,241,3571.8962382445143,6275.314420062696,3,2,False,1,20220531,2,32.0
11741,242,3571.69536019536,6815.5,2,2,False,1,20220531,2,32.0
11742,243,3572.166258420086,7351.041947336191,0,1,False,1,20220531,2,32.0
11743,244,3571.7056555269924,7887.5,0,0,False,1,20220531,2,32.0
11744,245,3572.5167865707435,8427.404076738609,4,2,False,1,20220531,2,32.0
11745,246,3571.9066924066924,8951.685328185327,0,1,False,1,20220531,2,32.0
11746,247,3572.260736196319,9487.86809815951,4,4,False,1,20220531,2,32.0
11747,248,3572.260736196319,10023.86809815951,0,0,False,1,20220531,2,32.0
11748,249,3572.0686274509803,10560.053921568628,6,7,False,1,20220531,2,32.0
11749,250,3574.511180124224,11097.66645962733,2,1,False,1,20220531,2,32.0
11750,251,3572.00998068255,11639.404700579524,1,4,False,1,20220531,2,32.0
11751,252,3572.3583690987125,12175.227774371551,1,0,False,1,20220531,2,32.0
11752,253,3572.0925925925926,12707.5,5,7,False,1,20220531,2,32.0
11753,254,3572.0825486503454,13236.052416823602,1,2,False,1,20220531,2,32.0
11754,255,3571.8962382445143,13771.685579937304,0,2,False,1,20220531,2,32.0
11755,256,3572.183417085427,14307.957286432162,0,0,False,1,20220531,2,32.0
11756,257,3571.700375704446,14851.5,1,1,False,1,20220531,2,32.0
11757,258,3572.183417085427,15379.957286432162,2,1,False,1,20220531,2,32.0
11758,259,3572.3583690987125,15919.772225628449,1,0,False,1,20220531,2,32.0
11759,260,3571.88630806846,16463.314180929094,0,0,False,1,20220531,2,32.0
11760,261,3572.0925925925926,16995.5,9,1,False,1,20220531,2,32.0
11761,262,3571.6055408970974,17531.594986807388,1,0,False,1,20220531,2,32.0
11762,263,3571.6001251564458,18067.40488110137,1,3,False,1,20220531,2,32.0
11763,264,3571.602761721259,18599.59505459217,5,0,False,1,20220531,2,32.0
11764,265,3572.0925925925926,19139.5,1,2,False,1,20220531,2,32.0
11765,266,3572.5167865707435,19675.59592326139,3,1,False,1,20220531,2,32.0
11766,267,3572.0925925925926,20211.5,0,0,False,1,20220531,2,32.0
11767,268,3572.183417085427,20755.04271356784,1,1,False,1,20220531,2,32.0
11768,269,3572.0925925925926,21283.5,0,0,True,1,20220531,2,32.0
11769,270,4023.1235884567127,1199.1135508155585,4,2,False,1,20220531,2,32.0
11770,271,4023.4024390243903,1727.5975609756097,0,0,False,1,20220531,2,32.0
11771,272,4023.5,2263.5,0,0,False,1,20220531,2,32.0
11772,273,4023.5,2799.304755944931,0,0,False,1,20220531,2,32.0
11773,274,4023.22057898049,3335.7794210195093,4,1,False,1,20220531,2,32.0
11774,275,4023.6026991441736,3871.597432521396,0,0,False,1,20220531,2,32.0
11775,276,4023.6911949685536,4407.308805031446,1,0,False,1,20220531,2,32.0
11776,277,4023.3973008558255,4943.597432521396,0,0,False,1,20220531,2,32.0
11777,278,4023.690476190476,5479.11403508772,0,0,False,1,20220531,2,32.0
11778,279,4023.6000641436817,6011.597498396408,0,0,False,1,20220531,2,32.0
11779,280,4023.690476190476,6543.8859649122805,2,0,False,1,20220531,2,32.0
11780,281,4023.7002567394097,7083.5,5,2,False,1,20220531,2,32.0
11781,282,4023.7884012539184,7623.211598746081,0,0,False,1,20220531,2,32.0
11782,283,4023.885964912281,8151.690476190476,1,1,False,1,20220531,2,32.0
11783,284,4023.6026991441736,8695.402567478604,0,0,False,1,20220531,2,32.0
11784,285,4023.7954399486193,9219.787732819525,0,0,False,1,20220531,2,32.0
11785,286,4023.89588688946,9755.690231362469,1,0,False,1,20220531,2,32.0
11786,287,4023.89588688946,10291.690231362469,0,0,False,1,20220531,2,32.0
11787,288,4023.6953727506425,10827.885604113111,3,2,False,1,20220531,2,32.0
11788,289,4023.7884012539184,11375.211598746082,2,3,False,1,20220531,2,32.0
11789,290,4023.885964912281,11903.690476190475,0,0,False,1,20220531,2,32.0
11790,291,4023.7002567394097,12443.5,5,1,False,1,20220531,2,32.0
11791,292,4023.7954399486193,12971.787732819525,0,0,False,1,20220531,2,32.0
11792,293,4023.969554300063,13504.165411173886,0,0,False,1,20220531,2,32.0
11793,294,4023.885964912281,14039.690476190475,1,1,False,1,20220531,2,32.0
11794,295,4023.87652811736,14579.690709046456,2,0,False,1,20220531,2,32.0
11795,296,4023.7954399486193,15115.787732819525,1,0,False,1,20220531,2,32.0
11796,297,4023.5975609756097,15647.40243902439,0,0,False,1,20220531,2,32.0
11797,298,4023.5,16191.5,0,2,False,1,20220531,2,32.0
11798,299,4023.6000641436817,16731.402501603592,0,0,False,1,20220531,2,32.0
11799,300,4023.4048200122015,17267.402379499694,2,5,False,1,20220531,2,32.0
11800,301,4024.053921568628,17796.06862745098,1,1,False,1,20220531,2,32.0
11801,302,4023.695244055069,18335.5,0,0,False,1,20220531,2,32.0
11802,303,4023.5,18867.5,1,2,False,1,20220531,2,32.0
11803,304,4023.6000641436817,19403.597498396408,0,0,False,1,20220531,2,32.0
11804,305,4023.89588688946,19947.309768637533,1,2,False,1,20220531,2,32.0
11805,306,4023.314180929096,20483.11369193154,0,0,False,1,20220531,2,32.0
11806,307,4023.6000641436817,21019.402501603592,0,0,False,1,20220531,2,32.0
11807,308,4467.308588957055,927.6865030674846,0,0,False,1,20220531,2,32.0
11808,309,4467.6027617212585,1463.5950545921644,1,0,False,1,20220531,2,32.0
11809,310,4467.69094247246,1999.686046511628,1,0,False,1,20220531,2,32.0
11810,311,4467.5,2531.5,0,0,False,1,20220531,2,32.0
11811,312,4467.103264281231,3067.133396107972,0,0,False,1,20220531,2,32.0
11812,313,4467.597620500305,3607.5951799877976,0,0,False,1,20220531,2,32.0
11813,314,4468.0700245700245,4135.490171990172,0,0,False,1,20220531,2,32.0
11814,315,4467.790461538461,4678.6704615384615,2,0,False,1,20220531,2,32.0
11815,316,4467.220416922134,5207.772225628449,4,1,False,1,20220531,2,32.0
11816,317,4467.600250626567,5747.4047619047615,2,2,False,1,20220531,2,32.0
11817,318,4467.695611285267,6275.876175548589,0,0,False,1,20220531,2,32.0
11818,319,4468.067931456549,6814.9467564259485,1,0,False,1,20220531,2,32.0
11819,320,4467.69094247246,7351.686046511628,5,0,False,1,20220531,2,32.0
11820,321,4467.705655526992,7887.5,0,1,False,1,20220531,2,32.0
11821,322,4467.9604316546765,8427.039568345324,0,0,False,1,20220531,2,32.0
11822,323,4467.803536977492,8951.78038585209,2,0,True,1,20220531,2,32.0
11823,324,4467.779926335175,9488.145794966236,0,1,True,1,20220531,2,32.0
11824,325,4467.970876762723,10023.958614347026,0,0,False,1,20220531,2,32.0
11825,326,4467.779926335175,10560.145794966236,2,2,False,1,20220531,2,32.0
11826,327,4467.773709483794,11099.773709483794,0,0,False,1,20220531,2,32.0
11827,328,4467.705655526992,11639.5,0,0,False,1,20220531,2,32.0
11828,329,4467.691411042945,12175.313496932517,2,2,False,1,20220531,2,32.0
11829,330,4467.992462311558,12707.404522613066,0,0,False,1,20220531,2,32.0
11830,331,4467.982412060302,13236.14824120603,2,0,False,1,20220531,2,32.0
11831,332,4467.695611285267,13771.876175548588,0,0,False,1,20220531,2,32.0
11832,333,4467.78679245283,14308.335220125786,0,0,False,1,20220531,2,32.0
11833,334,4467.700375704446,14851.5,0,1,False,1,20220531,2,32.0
11834,335,4467.695611285267,15379.876175548588,1,2,False,1,20220531,2,32.0
11835,336,4467.69094247246,15919.686046511628,1,2,False,1,20220531,2,32.0
11836,337,4467.597979179424,16463.03214941825,0,0,False,1,20220531,2,32.0
11837,338,4467.796110414053,16995.590338770387,2,2,False,1,20220531,2,32.0
11838,339,4467.812169312169,17531.589947089946,0,0,False,1,20220531,2,32.0
11839,340,4467.304143126177,18067.314187068423,0,0,False,1,20220531,2,32.0
11840,341,4467.6027617212585,18599.59505459217,2,0,False,1,20220531,2,32.0
11841,342,4467.992462311558,19139.59547738693,0,0,False,1,20220531,2,32.0
11842,343,4467.9604316546765,19675.586330935253,2,1,False,1,20220531,2,32.0
11843,344,4467.992462311558,20211.404522613066,0,0,False,1,20220531,2,32.0
11844,345,4467.695611285267,20755.87617554859,0,0,False,1,20220531,2,32.0
11845,346,4467.600250626567,21283.404761904763,0,0,True,1,20220531,2,32.0
11846,347,4910.279048765804,1198.8762793497892,0,0,False,1,20220531,2,32.0
11847,348,4909.975961538462,1726.3557692307693,0,3,False,1,20220531,2,32.0
11848,349,4911.294228356336,2263.5,0,1,False,1,20220531,2,32.0
11849,350,4910.738323353294,2799.859281437126,0,0,False,1,20220531,2,32.0
11850,351,4910.551497005988,3335.32754491018,0,0,False,1,20220531,2,32.0
11851,352,4911.092964824121,3871.680904522613,0,0,False,1,20220531,2,32.0
11852,353,4911.308383233533,4407.317964071856,2,2,False,1,20220531,2,32.0
11853,354,4911.298994974874,4943.133165829146,1,0,False,1,20220531,2,32.0
11854,355,4911.308841099164,5479.318399044206,0,0,False,1,20220531,2,32.0
11855,356,4911.696078431372,6011.318627450981,1,4,False,1,20220531,2,32.0
11856,357,4911.308383233533,6543.682035928144,0,0,False,1,20220531,2,32.0
11857,358,4911.796387017759,7083.225658297612,1,1,False,1,20220531,2,32.0
11858,359,4912.070743405276,7622.958033573142,2,3,False,1,20220531,2,32.0
11859,360,4911.5,8151.5,1,1,False,1,20220531,2,32.0
11860,361,4911.5,8694.951572327043,1,0,False,1,20220531,2,32.0
11861,362,4911.696078431372,9219.68137254902,1,1,False,1,20220531,2,32.0
11862,363,4911.69656019656,9755.681818181818,1,0,False,1,20220531,2,32.0
11863,364,4911.5,10291.863190184047,0,0,False,1,20220531,2,32.0
11864,365,4911.5,10827.863190184047,1,0,False,1,20220531,2,32.0
11865,366,4911.5,11374.602040816326,0,0,False,1,20220531,2,32.0
11866,367,4911.780407429598,11902.869682444578,0,0,False,1,20220531,2,32.0
11867,368,4911.600551808707,12443.043838136113,2,0,False,1,20220531,2,32.0
11868,369,4911.696078431372,12971.68137254902,1,0,False,1,20220531,2,32.0
11869,370,4911.780407429598,13504.130317555422,2,1,False,1,20220531,2,32.0
11870,371,4911.780407429598,14040.130317555422,2,0,False,1,20220531,2,32.0
11871,372,4911.774165202109,14579.232864674868,0,0,False,1,20220531,2,32.0
11872,373,4911.696078431372,15115.68137254902,1,2,False,1,20220531,2,32.0
11873,374,4911.780407429598,15648.130317555422,0,0,False,1,20220531,2,32.0
11874,375,4911.5,16191.136363636364,0,0,False,1,20220531,2,32.0
11875,376,4911.5,16731.5,0,0,False,1,20220531,2,32.0
11876,377,4911.869158878505,17266.77570093458,2,1,False,1,20220531,2,32.0
11877,378,4911.877182770663,17795.681606519207,0,0,False,1,20220531,2,32.0
11878,379,4912.261676646706,18335.32754491018,0,0,False,1,20220531,2,32.0
11879,380,4912.056725146199,18867.49064327485,2,2,False,1,20220531,2,32.0
11880,381,4911.696078431372,19403.68137254902,1,0,False,1,20220531,2,32.0
11881,382,4911.796387017759,19947.22565829761,2,0,False,1,20220531,2,32.0
11882,383,4911.961088355763,20483.050614394386,3,7,False,1,20220531,2,32.0
11883,384,4911.888206388207,21018.77764127764,2,1,False,1,20220531,2,32.0
11884,385,5354.359950859951,927.5,2,0,False,1,20220531,2,32.0
11885,386,5355.3972382787415,1463.4049454078356,1,4,False,1,20220531,2,32.0
11886,387,5354.355036855037,1999.8341523341523,1,1,False,1,20220531,2,32.0
11887,388,5355.103761755486,2531.314420062696,2,2,False,1,20220531,2,32.0
11888,389,5355.299624295554,3067.5,0,0,False,1,20220531,2,32.0
11889,390,5355.5,3607.309523809524,5,2,True,1,20220531,2,32.0
11890,391,5355.5,4135.5,6,4,True,1,20220531,2,32.0
11891,392,5355.87791411043,4678.758895705521,0,0,False,1,20220531,2,32.0
11892,393,5355.69094247246,5207.313953488372,1,1,False,1,20220531,2,32.0
11893,394,5355.695611285267,5747.123824451411,0,0,False,1,20220531,2,32.0
11894,395,5355.600250626567,6275.4047619047615,1,0,False,1,20220531,2,32.0
11895,396,5355.5,6815.1274509803925,1,1,False,1,20220531,2,32.0
11896,397,5355.597739767868,7351.404703726329,4,0,False,1,20220531,2,32.0
11897,398,5355.6027617212585,7887.404945407836,1,1,False,1,20220531,2,32.0
11898,399,5355.868641532017,8426.757929383602,0,0,False,1,20220531,2,32.0
11899,400,5355.6027617212585,8951.595054592164,4,1,False,1,20220531,2,32.0
11900,401,5355.69094247246,9487.686046511628,3,0,False,1,20220531,2,32.0
11901,402,5355.882352941177,10023.5,0,0,False,1,20220531,2,32.0
11902,403,5355.788685015291,10559.781345565749,0,0,False,1,20220531,2,32.0
11903,404,5355.87298266587,11099.5,5,4,False,1,20220531,2,32.0
11904,405,5355.803536977492,11639.21961414791,1,1,False,1,20220531,2,32.0
11905,406,5355.788685015291,12175.218654434251,4,5,False,1,20220531,2,32.0
11906,407,5355.796110414053,12707.218946047678,1,0,False,1,20220531,2,32.0
11907,408,5355.896238244514,13235.685579937304,6,6,False,1,20220531,2,32.0
11908,409,5355.700375704446,13771.5,1,1,False,1,20220531,2,32.0
11909,410,5355.796110414053,14307.781053952322,1,0,False,1,20220531,2,32.0
11910,411,5355.600125156446,14851.404881101376,3,3,False,1,20220531,2,32.0
11911,412,5355.700375704446,15379.5,2,0,False,1,20220531,2,32.0
11912,413,5355.88630806846,15919.685819070904,0,0,False,1,20220531,2,32.0
11913,414,5355.5,16462.936964504283,0,0,False,1,20220531,2,32.0
11914,415,5355.896238244514,16995.314420062696,0,0,False,1,20220531,2,32.0
11915,416,5355.917713152677,17531.31493721084,3,1,False,1,20220531,2,32.0
11916,417,5355.795739348371,18067.21929824561,3,2,False,1,20220531,2,32.0
11917,418,5355.6027617212585,18599.59505459217,3,0,False,1,20220531,2,32.0
11918,419,5355.700375704446,19139.5,5,2,False,1,20220531,2,32.0
11919,420,5355.968339307049,19675.40442054958,2,0,False,1,20220531,2,32.0
11920,421,5355.600125156446,20211.40488110137,3,2,False,1,20220531,2,32.0
11921,422,5355.795739348371,20755.21929824561,1,0,False,1,20220531,2,32.0
11922,423,5355.700375704446,21283.5,0,0,True,1,20220531,2,32.0
11923,424,5806.541916167665,1199.3179640718563,2,0,False,1,20220531,2,32.0
11924,425,5806.328331332533,1727.2454981992796,0,0,False,1,20220531,2,32.0
11925,426,5806.901257861635,2262.9616352201256,0,0,False,1,20220531,2,32.0
11926,427,5807.019426180514,2799.4067543335327,1,2,False,1,20220531,2,32.0
11927,428,5807.204504504504,3335.262162162162,5,1,False,1,20220531,2,32.0
11928,429,5807.705771643664,3871.5,3,1,False,1,20220531,2,32.0
11929,430,5807.308383233533,4407.317964071856,0,0,False,1,20220531,2,32.0
11930,431,5807.397049591965,4943.407093534212,2,1,False,1,20220531,2,32.0
11931,432,5807.5,5479.136363636364,3,2,False,1,20220531,2,32.0
11932,433,5807.5,6011.5,0,0,False,1,20220531,2,32.0
11933,434,5807.317964071856,6544.223353293413,3,0,False,1,20220531,2,32.0
11934,435,5807.303921568628,7083.318627450981,0,0,False,1,20220531,2,32.0
11935,436,5807.5,7623.136363636364,2,0,False,1,20220531,2,32.0
11936,437,5807.5,8151.5,3,0,False,1,20220531,2,32.0
11937,438,5807.5,8694.951572327043,0,0,False,1,20220531,2,32.0
11938,439,5807.399448191293,9219.956161863887,2,1,False,1,20220531,2,32.0
11939,440,5807.303921568628,9755.68137254902,0,0,False,1,20220531,2,32.0
11940,441,5807.5,10291.863190184047,1,1,False,1,20220531,2,32.0
11941,442,5807.5,10827.863190184047,2,1,False,1,20220531,2,32.0
11942,443,5807.5,11374.602040816326,2,1,False,1,20220531,2,32.0
11943,444,5807.691616766467,11903.317964071855,2,2,False,1,20220531,2,32.0
11944,445,5807.600551808707,12443.043838136113,3,1,False,1,20220531,2,32.0
11945,446,5807.696078431372,12971.68137254902,1,3,False,1,20220531,2,32.0
11946,447,5807.5,13503.863636363636,1,0,False,1,20220531,2,32.0
11947,448,5807.780407429598,14040.130317555422,0,0,False,1,20220531,2,32.0
11948,449,5807.5,14579.5,0,0,False,1,20220531,2,32.0
11949,450,5807.5,15115.5,0,0,False,1,20220531,2,32.0
11950,451,5807.308383233533,15647.682035928145,0,0,False,1,20220531,2,32.0
11951,452,5807.219592570402,16190.869682444578,3,1,False,1,20220531,2,32.0
11952,453,5807.203975535168,16731.225993883792,0,3,False,1,20220531,2,32.0
11953,454,5808.315897136177,17266.518118059616,5,9,False,1,20220531,2,32.0
11954,455,5807.5,17795.5,0,1,False,1,20220531,2,32.0
11955,456,5807.598027495517,18335.04333532576,2,1,False,1,20220531,2,32.0
11956,457,5807.686915887851,18867.317757009347,4,2,False,1,20220531,2,32.0
11957,458,5807.399694189602,19403.59296636085,2,1,False,1,20220531,2,32.0
11958,459,5807.600551808707,19947.04383813612,0,1,False,1,20220531,2,32.0
11959,460,5807.322429906542,20482.59813084112,2,1,False,1,20220531,2,32.0
11960,461,5807.600551808707,21019.04383813612,0,0,True,1,20220531,2,32.0
11961,462,6248.491920447483,929.41671845867,0,0,True,1,20220531,2,32.0
11962,463,6250.684516129032,1463.5,3,2,False,1,20220531,2,32.0
11963,464,6250.062461538461,1999.2710769230769,2,1,False,1,20220531,2,32.0
11964,465,6246.90797940798,2531.5,1,1,False,1,20220531,2,32.0
11965,466,6251.103761755486,3067.6855799373043,1,0,False,1,20220531,2,32.0
11966,467,6251.402379499695,3607.4048200122015,0,0,False,1,20220531,2,32.0
11967,468,6251.30905752754,4135.686046511628,0,0,False,1,20220531,2,32.0
11968,469,6251.788685015291,4679.21865443425,0,0,False,1,20220531,2,32.0
11969,470,6251.882352941177,5207.5,1,0,False,1,20220531,2,32.0
11970,471,6251.600250626567,5747.4047619047615,1,0,False,1,20220531,2,32.0
11971,472,6251.600250626567,6275.595238095239,0,0,False,1,20220531,2,32.0
11972,473,6251.5,6815.1274509803925,1,0,False,1,20220531,2,32.0
11973,474,6251.5,7351.5,0,0,False,1,20220531,2,32.0
11974,475,6251.6027617212585,7887.404945407836,2,0,True,1,20220531,2,32.0
11975,476,6251.773053892216,8426.853293413174,2,1,False,1,20220531,2,32.0
11976,477,6251.5,8951.690231362469,4,1,False,1,20220531,2,32.0
11977,478,6251.5,9487.872549019608,1,0,False,1,20220531,2,32.0
11978,479,6251.5,10023.872549019608,0,0,False,1,20220531,2,32.0
11979,480,6251.69094247246,10559.686046511628,0,0,False,1,20220531,2,32.0
11980,481,6251.87298266587,11099.5,1,1,False,1,20220531,2,32.0
11981,482,6251.6027617212585,11639.404945407836,0,0,False,1,20220531,2,32.0
11982,483,6251.597979179424,12175.032149418248,3,4,False,1,20220531,2,32.0
11983,484,6251.796110414053,12707.218946047678,3,0,False,1,20220531,2,32.0
11984,485,6251.896238244514,13235.685579937304,1,2,False,1,20220531,2,32.0
11985,486,6251.600125156446,13771.595118898624,0,0,False,1,20220531,2,32.0
11986,487,6251.795739348371,14307.780701754386,6,2,False,1,20220531,2,32.0
11987,488,6251.5,14851.309643080776,0,0,False,1,20220531,2,32.0
11988,489,6251.600250626567,15379.40476190476,1,2,False,1,20220531,2,32.0
11989,490,6251.5,15919.5,3,0,False,1,20220531,2,32.0
11990,491,6251.5,16462.389434889436,4,2,False,1,20220531,2,32.0
11991,492,6251.5,16995.30964308078,1,1,False,1,20220531,2,32.0
11992,493,6251.605540897098,17531.405013192612,1,0,False,1,20220531,2,32.0
11993,494,6251.5,18066.93753923415,1,1,False,1,20220531,2,32.0
11994,495,6251.5,18599.5,0,0,False,1,20220531,2,32.0
11995,496,6251.5,19139.30964308078,1,0,False,1,20220531,2,32.0
11996,497,6251.5,19675.12701733413,0,0,False,1,20220531,2,32.0
11997,498,6251.5,20211.30964308078,4,1,False,1,20220531,2,32.0
11998,499,6251.399874843554,20755.40488110137,3,1,True,1,20220531,2,32.0
11999,500,6251.600250626567,21283.404761904763,6,2,True,1,20220531,2,32.0
