,label,x,y,n_cells,n_cells_final,trash,dataset,date,date_index,concentration
0,1,899.004835589942,1464.1473243068988,1,61,False,0,20221101,1,0.0
1,2,898.7570725707257,2000.5971709717096,1,64,False,0,20221101,1,0.0
2,3,899.2132075471698,2532.3352201257862,1,83,False,0,20221101,1,0.0
3,4,899.2132075471698,3068.3352201257862,0,0,False,0,20221101,1,0.0
4,5,899.4020208205757,3607.967850581752,0,79,False,0,20221101,1,0.0
5,6,899.2204169221336,4136.33629675046,1,0,False,0,20221101,1,0.0
6,7,899.4020208205757,4679.967850581751,1,91,False,0,20221101,1,0.0
7,8,899.7795830778664,5208.33629675046,0,0,False,0,20221101,1,0.0
8,9,899.6956112852664,5747.876175548589,1,80,False,0,20221101,1,0.0
9,10,899.204260651629,6275.7807017543855,0,0,True,0,20221101,1,0.0
10,11,899.8779141104294,6816.241104294479,0,0,True,0,20221101,1,0.0
11,12,900.0686274509804,7352.053921568628,2,0,True,0,20221101,1,0.0
12,13,900.3051612903225,7887.866451612903,1,0,True,0,20221101,1,0.0
13,14,900.6003003003003,8428.206306306307,1,2,True,0,20221101,1,0.0
14,15,900.0979381443299,8952.051546391753,0,0,False,0,20221101,1,0.0
15,16,900.2429274292743,9488.59717097171,2,91,False,0,20221101,1,0.0
16,17,901.4233621755252,10024.187268232386,0,76,False,0,20221101,1,0.0
17,18,901.0743368291178,10560.657310302282,1,96,False,0,20221101,1,0.0
18,19,900.5989802039592,11100.224655068989,0,79,False,0,20221101,1,0.0
19,20,899.7005141388174,11639.690231362469,3,82,False,0,20221101,1,0.0
20,21,901.428306551298,12176.889369592089,0,0,False,0,20221101,1,0.0
21,22,900.3805031446541,12707.771698113207,0,0,False,0,20221101,1,0.0
22,23,900.3564231738035,13236.502518891688,2,95,False,0,20221101,1,0.0
23,24,899.9824120603015,13772.14824120603,3,83,False,0,20221101,1,0.0
24,25,900.1607818411097,14308.690416141237,2,91,False,0,20221101,1,0.0
25,26,899.896238244514,14851.685579937304,5,81,False,0,20221101,1,0.0
26,27,899.9824120603015,15380.14824120603,2,79,False,0,20221101,1,0.0
27,28,899.7795830778664,15920.33629675046,1,95,False,0,20221101,1,0.0
28,29,899.6909424724602,16463.68604651163,2,81,False,0,20221101,1,0.0
29,30,899.6956112852664,16995.87617554859,4,70,False,0,20221101,1,0.0
30,31,899.6055408970976,17531.594986807388,0,84,False,0,20221101,1,0.0
31,32,899.5,18067.5,6,80,False,0,20221101,1,0.0
32,33,899.5,18599.690231362467,2,76,False,0,20221101,1,0.0
33,34,899.6002506265664,19139.404761904763,3,73,False,0,20221101,1,0.0
34,35,900.1467065868263,19675.226946107785,3,67,False,0,20221101,1,0.0
35,36,900.0925925925926,20211.5,0,71,False,0,20221101,1,0.0
36,37,900.1842767295598,20754.86603773585,2,63,False,0,20221101,1,0.0
37,38,903.89588688946,21283.309768637533,1,46,True,0,20221101,1,0.0
38,39,1342.8345888261142,1199.9695543000628,0,73,False,0,20221101,1,0.0
39,40,1343.293710691824,1728.4610062893082,1,114,False,0,20221101,1,0.0
40,41,1343.1967699406723,2263.78740936058,0,0,False,0,20221101,1,0.0
41,42,1343.2115987460816,2799.7884012539184,1,109,False,0,20221101,1,0.0
42,43,1343.211959924859,3335.788040075141,0,0,False,0,20221101,1,0.0
43,44,1343.5,3871.694993412385,3,120,False,0,20221101,1,0.0
44,45,1343.5,4407.6952440550685,2,121,False,0,20221101,1,0.0
45,46,1343.5,4943.5,5,97,False,0,20221101,1,0.0
46,47,1343.5975609756097,5479.59756097561,2,80,False,0,20221101,1,0.0
47,48,1343.5951768488746,6011.788102893891,1,113,False,0,20221101,1,0.0
48,49,1343.7790697674418,6544.357322438717,1,106,False,0,20221101,1,0.0
49,50,1343.7002567394095,7083.5,1,97,False,0,20221101,1,0.0
50,51,1344.0771643663738,7623.5,3,104,False,0,20221101,1,0.0
51,52,1343.7884012539184,8151.788401253919,2,115,False,0,20221101,1,0.0
52,53,1343.705533596838,8695.5,2,109,False,0,20221101,1,0.0
53,54,1343.6953727506427,9219.885604113111,1,148,False,0,20221101,1,0.0
54,55,1343.89588688946,9755.690231362469,1,88,False,0,20221101,1,0.0
55,56,1343.399935856318,10291.597498396408,1,107,False,0,20221101,1,0.0
56,57,1344.0824742268042,10828.067010309278,3,93,False,0,20221101,1,0.0
57,58,1344.4319899244333,11374.568010075567,1,107,False,0,20221101,1,0.0
58,59,1343.8859649122808,11903.690476190475,0,0,False,0,20221101,1,0.0
59,60,1343.89588688946,12443.309768637531,0,84,False,0,20221101,1,0.0
60,61,1343.89588688946,12971.690231362469,3,104,False,0,20221101,1,0.0
61,62,1343.690476190476,13503.88596491228,3,95,False,0,20221101,1,0.0
62,63,1343.8859649122808,14039.690476190475,0,0,False,0,20221101,1,0.0
63,64,1343.4044703000611,14579.402020820577,0,0,False,0,20221101,1,0.0
64,65,1343.6953727506427,15115.885604113111,1,94,False,0,20221101,1,0.0
65,66,1343.690476190476,15647.88596491228,1,112,False,0,20221101,1,0.0
66,67,1343.7884012539184,16191.788401253918,1,116,False,0,20221101,1,0.0
67,68,1343.399935856318,16731.402501603592,5,102,False,0,20221101,1,0.0
68,69,1343.6865030674846,17267.308588957054,3,110,False,0,20221101,1,0.0
69,70,1343.5955296999389,17795.98009797918,0,1,False,0,20221101,1,0.0
70,71,1343.5975609756097,18335.40243902439,3,116,False,0,20221101,1,0.0
71,72,1343.5,18867.88235294117,5,115,False,0,20221101,1,0.0
72,73,1343.5,19403.5,4,120,False,0,20221101,1,0.0
73,74,1343.89588688946,19947.309768637533,1,106,False,0,20221101,1,0.0
74,75,1344.0539215686274,20482.93137254902,4,90,False,0,20221101,1,0.0
75,76,1344.1825499034128,21019.03122987765,4,78,False,0,20221101,1,0.0
76,77,1786.8558696988323,928.6923786109404,4,89,False,0,20221101,1,0.0
77,78,1786.6937984496124,1464.37338501292,2,108,False,0,20221101,1,0.0
78,79,1786.9313725490197,2000.053921568628,0,107,False,0,20221101,1,0.0
79,80,1787.2038895859473,2531.781053952321,2,156,False,0,20221101,1,0.0
80,81,1786.442065491184,3068.3110831234258,7,199,True,0,20221101,1,0.0
81,82,1787.970300061237,3608.149112063688,4,288,True,0,20221101,1,0.0
82,83,1787.5979791794243,4135.967850581751,2,219,True,0,20221101,1,0.0
83,84,1787.2204169221336,4679.772225628449,2,107,False,0,20221101,1,0.0
84,85,1787.029699938763,5208.149112063687,2,115,False,0,20221101,1,0.0
85,86,1787.882149591452,5748.053111250786,4,261,False,0,20221101,1,0.0
86,87,1787.9753476611884,6276.870417193426,2,87,False,0,20221101,1,0.0
87,88,1788.0700245700243,6816.055282555282,0,0,False,0,20221101,1,0.0
88,89,1788.0686274509803,7352.053921568628,5,138,False,0,20221101,1,0.0
89,90,1787.9066924066924,7887.685328185328,1,92,False,0,20221101,1,0.0
90,91,1788.4214157168567,8427.5,1,1,False,0,20221101,1,0.0
91,92,1788.8411003236247,8951.057281553398,3,153,False,0,20221101,1,0.0
92,93,1788.9590264941469,9488.74460874923,2,101,False,0,20221101,1,0.0
93,94,1788.5325752919484,10024.31868469576,0,0,False,0,20221101,1,0.0
94,95,1789.3282890673256,10560.925571340333,2,96,False,0,20221101,1,0.0
95,96,1788.2420706163973,11099.868641532015,0,0,False,0,20221101,1,0.0
96,97,1788.1082474226805,11639.5,2,117,False,0,20221101,1,0.0
97,98,1788.8382533825338,12175.657441574416,4,130,False,0,20221101,1,0.0
98,99,1788.3636363636365,13236.671717171715,1,86,False,0,20221101,1,0.0
99,100,1788.083280955374,13772.053111250783,2,155,False,0,20221101,1,0.0
100,101,1788.26214511041,14308.5952681388,6,140,False,0,20221101,1,0.0
101,102,1788.0925925925926,14851.5,1,136,False,0,20221101,1,0.0
102,103,1787.887665198238,15380.240088105727,1,132,False,0,20221101,1,0.0
103,104,1787.8779141104294,15920.24110429448,4,124,False,0,20221101,1,0.0
104,105,1787.7886850152904,16463.409480122325,3,123,False,0,20221101,1,0.0
105,106,1787.795739348371,16995.780701754386,3,128,False,0,20221101,1,0.0
106,107,1787.9177131526767,17531.68506278916,4,132,False,0,20221101,1,0.0
107,108,1787.7003757044458,18067.5,2,175,True,0,20221101,1,0.0
108,109,1787.6027617212587,18599.59505459217,1,159,True,0,20221101,1,0.0
109,110,1787.896238244514,19139.314420062696,0,0,False,0,20221101,1,0.0
110,111,1788.4214157168567,19675.5,2,127,False,0,20221101,1,0.0
111,112,1788.0925925925926,20211.5,3,114,False,0,20221101,1,0.0
112,113,1788.083280955374,20754.94688874921,0,0,False,0,20221101,1,0.0
113,114,1788.294468887492,21283.5,6,72,False,0,20221101,1,0.0
114,115,1791.89588688946,12707.309768637531,2,113,False,0,20221101,1,0.0
115,116,2231.304755944931,1199.5,2,112,False,0,20221101,1,0.0
116,117,2231.6907151819323,1727.8764115432873,0,0,False,0,20221101,1,0.0
117,118,2231.5,2263.5,0,0,False,0,20221101,1,0.0
118,119,2231.5,2799.5,3,129,False,0,20221101,1,0.0
119,120,2231.5,3335.5,5,199,True,0,20221101,1,0.0
120,121,2231.5,3871.5,1,197,True,0,20221101,1,0.0
121,122,2231.695244055069,4407.5,3,189,True,0,20221101,1,0.0
122,123,2231.5,4943.5,0,0,False,0,20221101,1,0.0
123,124,2231.5,5479.5,4,128,False,0,20221101,1,0.0
124,125,2231.6000641436817,6011.402501603592,2,115,False,0,20221101,1,0.0
125,126,2231.690476190476,6543.8859649122805,1,98,False,0,20221101,1,0.0
126,127,2231.89588688946,7083.690231362468,0,72,False,0,20221101,1,0.0
127,128,2232.077164366374,7623.5,0,128,False,0,20221101,1,0.0
128,129,2231.8859649122805,8151.690476190476,2,129,False,0,20221101,1,0.0
129,130,2232.1076618229854,8695.5,2,144,False,0,20221101,1,0.0
130,131,2231.79543994862,9219.787732819525,5,162,False,0,20221101,1,0.0
131,132,2232.182549903413,9755.968770122345,1,108,False,0,20221101,1,0.0
132,133,2232.182549903413,10291.968770122345,2,105,False,0,20221101,1,0.0
133,134,2232.082474226804,10828.067010309278,0,0,False,0,20221101,1,0.0
134,135,2231.6902377972465,11375.304755944931,0,0,False,0,20221101,1,0.0
135,136,2232.165411173886,11903.969554300063,6,168,True,0,20221101,1,0.0
136,137,2231.7002567394097,12443.5,5,158,True,0,20221101,1,0.0
137,138,2232.0817245817248,12972.06628056628,1,142,False,0,20221101,1,0.0
138,139,2232.3332284455632,13504.529578351165,0,157,False,0,20221101,1,0.0
139,140,2232.3332284455632,14040.529578351165,0,0,False,0,20221101,1,0.0
140,141,2232.241104294478,14579.87791411043,1,134,False,0,20221101,1,0.0
141,142,2232.0817245817248,15116.06628056628,4,132,False,0,20221101,1,0.0
142,143,2231.9695543000626,15648.165411173886,1,152,False,0,20221101,1,0.0
143,144,2231.8859649122805,16191.690476190475,1,140,False,0,20221101,1,0.0
144,145,2231.7002567394097,16731.5,0,0,False,0,20221101,1,0.0
145,146,2232.241104294478,17267.681595092025,4,126,False,0,20221101,1,0.0
146,147,2232.053921568628,17796.06862745098,3,132,False,0,20221101,1,0.0
147,148,2231.8859649122805,18335.69047619048,1,138,False,0,20221101,1,0.0
148,149,2232.33629675046,18867.220416922133,5,124,False,0,20221101,1,0.0
149,150,2231.79543994862,19403.787732819525,0,0,False,0,20221101,1,0.0
150,151,2231.89588688946,19947.309768637533,5,141,False,0,20221101,1,0.0
151,152,2232.33629675046,20483.220416922133,1,102,False,0,20221101,1,0.0
152,153,2231.89588688946,21019.309768637533,1,92,False,0,20221101,1,0.0
153,154,2674.93137254902,928.0539215686274,0,0,False,0,20221101,1,0.0
154,155,2677.859493670886,1462.4012658227848,2,131,False,0,20221101,1,0.0
155,156,2675.406919779547,1999.776791181874,0,0,False,0,20221101,1,0.0
156,157,2674.90666247643,2531.489943431804,2,105,False,0,20221101,1,0.0
157,158,2675.1173694147265,3068.04877281309,4,135,False,0,20221101,1,0.0
158,159,2674.6416309012875,3607.7722256284487,2,137,False,0,20221101,1,0.0
159,160,2678.221252257676,4135.150812763395,3,123,False,0,20221101,1,0.0
160,161,2679.5,4679.5,2,125,False,0,20221101,1,0.0
161,162,2678.2738452309536,5208.111877624475,2,131,False,0,20221101,1,0.0
162,163,2679.5,5747.5,4,116,False,0,20221101,1,0.0
163,164,2680.4987699877,6275.849323493235,2,223,True,0,20221101,1,0.0
164,165,2679.882775119617,6815.5,0,210,True,0,20221101,1,0.0
165,166,2680.2616766467067,7351.859281437126,2,118,False,0,20221101,1,0.0
166,167,2680.236225087925,8427.317116060962,0,211,True,0,20221101,1,0.0
167,168,2679.907035175879,8951.680904522613,2,271,True,0,20221101,1,0.0
168,169,2679.211389385808,9487.774299344066,0,0,False,0,20221101,1,0.0
169,170,2680.0693779904304,10024.04066985646,1,0,False,0,20221101,1,0.0
170,171,2681.5253470126736,10560.709414604707,1,1,False,0,20221101,1,0.0
171,172,2680.147574517826,11099.766510812393,7,128,False,0,20221101,1,0.0
172,173,2680.1638705811865,12175.766027561414,1,97,False,0,20221101,1,0.0
173,174,2680.093137254902,12707.5,0,0,False,0,20221101,1,0.0
174,175,2680.0840490797545,13236.039877300613,2,107,False,0,20221101,1,0.0
175,176,2679.796024464832,13771.774006116208,6,176,False,0,20221101,1,0.0
176,177,2680.459409594096,14308.385608856088,2,128,False,0,20221101,1,0.0
177,178,2679.896572827417,14851.681150550796,0,0,False,0,20221101,1,0.0
178,179,2680.0840490797545,15380.039877300613,1,114,False,0,20221101,1,0.0
179,180,2680.0693779904304,15920.04066985646,1,123,False,0,20221101,1,0.0
180,181,2679.980573819486,16463.406754333533,3,101,False,0,20221101,1,0.0
181,182,2679.896572827417,16995.681150550794,2,111,False,0,20221101,1,0.0
182,183,2679.605602060528,17531.592723760463,3,124,False,0,20221101,1,0.0
183,184,2679.9935543278084,18067.58348680172,2,124,False,0,20221101,1,0.0
184,185,2679.80923947203,18599.42206159648,8,127,False,0,20221101,1,0.0
185,186,2680.1876155268023,19139.214109673445,1,183,True,0,20221101,1,0.0
186,187,2680.4227166276346,19675.5,2,188,True,0,20221101,1,0.0
187,188,2679.700488997555,20211.5,2,118,False,0,20221101,1,0.0
188,189,2679.7963870177587,20755.22565829761,10,117,False,0,20221101,1,0.0
189,190,2680.093137254902,21283.5,2,0,False,0,20221101,1,0.0
190,191,2683.602761721259,7887.595054592164,2,138,False,0,20221101,1,0.0
191,192,2683.9025806451614,11639.5,4,144,False,0,20221101,1,0.0
192,193,3130.359950859951,1199.5,0,68,False,0,20221101,1,0.0
193,194,3125.668888888889,1728.9653968253967,0,0,False,0,20221101,1,0.0
194,195,3131.397238278741,2263.5950545921646,0,0,False,0,20221101,1,0.0
195,196,3127.2105097545627,2799.7794210195093,3,122,False,0,20221101,1,0.0
196,197,3129.775092936803,3336.6995043370507,1,120,False,0,20221101,1,0.0
197,198,3131.397238278741,3871.5950545921646,1,1,False,0,20221101,1,0.0
198,199,3130.726600985221,4406.869458128079,4,183,False,0,20221101,1,0.0
199,200,3130.9945196647323,4943.595422308188,5,119,False,0,20221101,1,0.0
200,201,3131.402260232132,5479.404703726329,0,0,False,0,20221101,1,0.0
201,202,3131.203889585948,6011.781053952322,1,130,False,0,20221101,1,0.0
202,203,3131.1220858895704,6544.241104294479,6,140,False,0,20221101,1,0.0
203,204,3131.6001251564458,7083.595118898624,1,136,False,0,20221101,1,0.0
204,205,3131.5,7623.127450980392,3,130,False,0,20221101,1,0.0
205,206,3131.5,8151.872549019607,0,0,False,0,20221101,1,0.0
206,207,3131.5,8695.309768637531,2,210,True,0,20221101,1,0.0
207,208,3131.6956112852663,9219.876175548588,1,199,True,0,20221101,1,0.0
208,209,3131.7961104140527,9755.781053952322,0,0,False,0,20221101,1,0.0
209,210,3131.7961104140527,10291.781053952322,6,93,False,0,20221101,1,0.0
210,211,3131.5,10828.06246076585,2,136,False,0,20221101,1,0.0
211,212,3131.779926335175,11374.854205033764,0,120,False,0,20221101,1,0.0
212,213,3131.6909424724604,11903.686046511628,1,118,False,0,20221101,1,0.0
213,214,3131.6002506265663,12443.40476190476,5,131,False,0,20221101,1,0.0
214,215,3131.7961104140527,12971.781053952322,2,117,False,0,20221101,1,0.0
215,216,3131.7795830778664,13504.33629675046,3,139,False,0,20221101,1,0.0
216,217,3131.7795830778664,14040.33629675046,4,131,False,0,20221101,1,0.0
217,218,3131.960431654676,14579.960431654676,1,103,False,0,20221101,1,0.0
218,219,3131.6956112852663,15115.876175548588,1,137,False,0,20221101,1,0.0
219,220,3131.5,15648.063035495716,7,132,False,0,20221101,1,0.0
220,221,3131.8823529411766,16191.5,6,129,False,0,20221101,1,0.0
221,222,3131.5,16731.30964308078,3,129,False,0,20221101,1,0.0
222,223,3131.6862686567165,17267.313731343285,6,126,False,0,20221101,1,0.0
223,224,3131.313953488372,17795.68604651163,1,141,False,0,20221101,1,0.0
224,225,3131.6909424724604,18335.31395348837,0,0,False,0,20221101,1,0.0
225,226,3131.68671454219,18867.68671454219,4,130,False,0,20221101,1,0.0
226,227,3131.700375704446,19403.5,1,0,False,0,20221101,1,0.0
227,228,3131.5,19947.5,3,112,False,0,20221101,1,0.0
228,229,3131.782634730539,20482.661676646705,1,118,False,0,20221101,1,0.0
229,230,3131.7961104140527,21019.21894604768,9,114,False,0,20221101,1,0.0
230,231,3570.6416309012875,927.7722256284488,0,77,False,0,20221101,1,0.0
231,232,3571.5,1463.5,3,204,False,0,20221101,1,0.0
232,233,3569.9433497536947,2000.5147783251232,0,0,False,0,20221101,1,0.0
233,234,3571.3043887147337,2531.1238244514107,3,123,False,0,20221101,1,0.0
234,235,3571.8962382445143,3067.6855799373043,1,151,False,0,20221101,1,0.0
235,236,3571.5,3607.309523809524,2,155,False,0,20221101,1,0.0
236,237,3571.597620500305,4135.595179987798,4,233,False,0,20221101,1,0.0
237,238,3571.5,4679.5,0,93,False,0,20221101,1,0.0
238,239,3571.88630806846,5207.6858190709045,9,223,False,0,20221101,1,0.0
239,240,3571.7961104140527,5747.590338770389,1,133,False,0,20221101,1,0.0
240,241,3571.8962382445143,6275.314420062696,3,152,False,0,20221101,1,0.0
241,242,3571.69536019536,6815.5,1,146,False,0,20221101,1,0.0
242,243,3572.166258420086,7351.041947336191,3,128,False,0,20221101,1,0.0
243,244,3571.7056555269924,7887.5,1,91,False,0,20221101,1,0.0
244,245,3572.5167865707435,8427.404076738609,2,145,False,0,20221101,1,0.0
245,246,3571.9066924066924,8951.685328185327,1,136,False,0,20221101,1,0.0
246,247,3572.260736196319,9487.86809815951,0,0,False,0,20221101,1,0.0
247,248,3572.260736196319,10023.86809815951,3,156,True,0,20221101,1,0.0
248,249,3572.0686274509803,10560.053921568628,1,131,True,0,20221101,1,0.0
249,250,3574.511180124224,11097.66645962733,3,139,False,0,20221101,1,0.0
250,251,3572.00998068255,11639.404700579524,1,153,False,0,20221101,1,0.0
251,252,3572.3583690987125,12175.227774371551,3,110,False,0,20221101,1,0.0
252,253,3572.0925925925926,12707.5,1,82,False,0,20221101,1,0.0
253,254,3572.0825486503454,13236.052416823602,1,125,False,0,20221101,1,0.0
254,255,3571.8962382445143,13771.685579937304,2,133,False,0,20221101,1,0.0
255,256,3572.183417085427,14307.957286432162,1,127,False,0,20221101,1,0.0
256,257,3571.700375704446,14851.5,2,104,False,0,20221101,1,0.0
257,258,3572.183417085427,15379.957286432162,4,105,False,0,20221101,1,0.0
258,259,3572.3583690987125,15919.772225628449,2,135,False,0,20221101,1,0.0
259,260,3571.88630806846,16463.314180929094,0,0,False,0,20221101,1,0.0
260,261,3572.0925925925926,16995.5,4,121,False,0,20221101,1,0.0
261,262,3571.6055408970974,17531.594986807388,1,137,False,0,20221101,1,0.0
262,263,3571.6001251564458,18067.40488110137,1,145,False,0,20221101,1,0.0
263,264,3571.602761721259,18599.59505459217,3,135,False,0,20221101,1,0.0
264,265,3572.0925925925926,19139.5,3,122,False,0,20221101,1,0.0
265,266,3572.5167865707435,19675.59592326139,1,137,False,0,20221101,1,0.0
266,267,3572.0925925925926,20211.5,7,127,False,0,20221101,1,0.0
267,268,3572.183417085427,20755.04271356784,2,122,False,0,20221101,1,0.0
268,269,3572.0925925925926,21283.5,5,93,False,0,20221101,1,0.0
269,270,4023.1235884567127,1199.1135508155585,1,97,False,0,20221101,1,0.0
270,271,4023.4024390243903,1727.5975609756097,5,127,False,0,20221101,1,0.0
271,272,4023.5,2263.5,2,261,False,0,20221101,1,0.0
272,273,4023.5,2799.304755944931,0,119,False,0,20221101,1,0.0
273,274,4023.22057898049,3335.7794210195093,5,165,False,0,20221101,1,0.0
274,275,4023.6026991441736,3871.597432521396,6,212,False,0,20221101,1,0.0
275,276,4023.6911949685536,4407.308805031446,3,83,False,0,20221101,1,0.0
276,277,4023.3973008558255,4943.597432521396,2,156,False,0,20221101,1,0.0
277,278,4023.690476190476,5479.11403508772,3,128,False,0,20221101,1,0.0
278,279,4023.6000641436817,6011.597498396408,2,130,False,0,20221101,1,0.0
279,280,4023.690476190476,6543.8859649122805,5,172,False,0,20221101,1,0.0
280,281,4023.7002567394097,7083.5,2,102,False,0,20221101,1,0.0
281,282,4023.7884012539184,7623.211598746081,1,123,False,0,20221101,1,0.0
282,283,4023.885964912281,8151.690476190476,0,0,False,0,20221101,1,0.0
283,284,4023.6026991441736,8695.402567478604,4,202,True,0,20221101,1,0.0
284,285,4023.7954399486193,9219.787732819525,5,229,True,0,20221101,1,0.0
285,286,4023.89588688946,9755.690231362469,1,93,False,0,20221101,1,0.0
286,287,4023.89588688946,10291.690231362469,5,146,False,0,20221101,1,0.0
287,288,4023.6953727506425,10827.885604113111,0,0,False,0,20221101,1,0.0
288,289,4023.7884012539184,11375.211598746082,1,112,False,0,20221101,1,0.0
289,290,4023.885964912281,11903.690476190475,1,1,False,0,20221101,1,0.0
290,291,4023.7002567394097,12443.5,3,163,False,0,20221101,1,0.0
291,292,4023.7954399486193,12971.787732819525,4,139,False,0,20221101,1,0.0
292,293,4023.969554300063,13504.165411173886,5,112,False,0,20221101,1,0.0
293,294,4023.885964912281,14039.690476190475,9,131,False,0,20221101,1,0.0
294,295,4023.87652811736,14579.690709046456,0,0,False,0,20221101,1,0.0
295,296,4023.7954399486193,15115.787732819525,0,0,False,0,20221101,1,0.0
296,297,4023.5975609756097,15647.40243902439,3,128,False,0,20221101,1,0.0
297,298,4023.5,16191.5,3,99,False,0,20221101,1,0.0
298,299,4023.6000641436817,16731.402501603592,2,0,False,0,20221101,1,0.0
299,300,4023.4048200122015,17267.402379499694,5,145,False,0,20221101,1,0.0
300,301,4024.053921568628,17796.06862745098,7,142,False,0,20221101,1,0.0
301,302,4023.695244055069,18335.5,9,133,False,0,20221101,1,0.0
302,303,4023.5,18867.5,2,133,False,0,20221101,1,0.0
303,304,4023.6000641436817,19403.597498396408,0,104,False,0,20221101,1,0.0
304,305,4023.89588688946,19947.309768637533,7,141,False,0,20221101,1,0.0
305,306,4023.314180929096,20483.11369193154,5,145,False,0,20221101,1,0.0
306,307,4023.6000641436817,21019.402501603592,3,103,False,0,20221101,1,0.0
307,308,4467.308588957055,927.6865030674846,1,104,False,0,20221101,1,0.0
308,309,4467.6027617212585,1463.5950545921644,1,121,False,0,20221101,1,0.0
309,310,4467.69094247246,1999.686046511628,3,98,False,0,20221101,1,0.0
310,311,4467.5,2531.5,3,151,False,0,20221101,1,0.0
311,312,4467.103264281231,3067.133396107972,2,205,False,0,20221101,1,0.0
312,313,4467.597620500305,3607.5951799877976,2,196,False,0,20221101,1,0.0
313,314,4468.0700245700245,4135.490171990172,1,143,False,0,20221101,1,0.0
314,315,4467.790461538461,4678.6704615384615,2,118,False,0,20221101,1,0.0
315,316,4467.220416922134,5207.772225628449,1,133,False,0,20221101,1,0.0
316,317,4467.600250626567,5747.4047619047615,5,121,False,0,20221101,1,0.0
317,318,4467.695611285267,6275.876175548589,2,155,False,0,20221101,1,0.0
318,319,4468.067931456549,6814.9467564259485,1,129,False,0,20221101,1,0.0
319,320,4467.69094247246,7351.686046511628,4,95,False,0,20221101,1,0.0
320,321,4467.705655526992,7887.5,5,134,False,0,20221101,1,0.0
321,322,4467.9604316546765,8427.039568345324,4,147,False,0,20221101,1,0.0
322,323,4467.803536977492,8951.78038585209,1,154,False,0,20221101,1,0.0
323,324,4467.779926335175,9488.145794966236,0,104,False,0,20221101,1,0.0
324,325,4467.970876762723,10023.958614347026,2,96,False,0,20221101,1,0.0
325,326,4467.779926335175,10560.145794966236,5,142,False,0,20221101,1,0.0
326,327,4467.773709483794,11099.773709483794,3,126,False,0,20221101,1,0.0
327,328,4467.705655526992,11639.5,3,144,False,0,20221101,1,0.0
328,329,4467.691411042945,12175.313496932517,4,176,True,0,20221101,1,0.0
329,330,4467.992462311558,12707.404522613066,1,139,True,0,20221101,1,0.0
330,331,4467.982412060302,13236.14824120603,3,132,False,0,20221101,1,0.0
331,332,4467.695611285267,13771.876175548588,0,0,False,0,20221101,1,0.0
332,333,4467.78679245283,14308.335220125786,3,173,False,0,20221101,1,0.0
333,334,4467.700375704446,14851.5,0,0,False,0,20221101,1,0.0
334,335,4467.695611285267,15379.876175548588,8,149,False,0,20221101,1,0.0
335,336,4467.69094247246,15919.686046511628,1,147,False,0,20221101,1,0.0
336,337,4467.597979179424,16463.03214941825,4,150,False,0,20221101,1,0.0
337,338,4467.796110414053,16995.590338770387,3,133,False,0,20221101,1,0.0
338,339,4467.812169312169,17531.589947089946,3,136,False,0,20221101,1,0.0
339,340,4467.304143126177,18067.314187068423,5,145,False,0,20221101,1,0.0
340,341,4467.6027617212585,18599.59505459217,3,135,False,0,20221101,1,0.0
341,342,4467.992462311558,19139.59547738693,4,136,False,0,20221101,1,0.0
342,343,4467.9604316546765,19675.586330935253,4,120,False,0,20221101,1,0.0
343,344,4467.992462311558,20211.404522613066,3,107,False,0,20221101,1,0.0
344,345,4467.695611285267,20755.87617554859,1,109,False,0,20221101,1,0.0
345,346,4467.600250626567,21283.404761904763,5,104,False,0,20221101,1,0.0
346,347,4910.279048765804,1198.8762793497892,5,199,False,0,20221101,1,0.0
347,348,4909.975961538462,1726.3557692307693,1,236,False,0,20221101,1,0.0
348,349,4911.294228356336,2263.5,1,100,False,0,20221101,1,0.0
349,350,4910.738323353294,2799.859281437126,7,171,False,0,20221101,1,0.0
350,351,4910.551497005988,3335.32754491018,6,265,False,0,20221101,1,0.0
351,352,4911.092964824121,3871.680904522613,2,180,False,0,20221101,1,0.0
352,353,4911.308383233533,4407.317964071856,10,133,False,0,20221101,1,0.0
353,354,4911.298994974874,4943.133165829146,3,132,False,0,20221101,1,0.0
354,355,4911.308841099164,5479.318399044206,2,182,False,0,20221101,1,0.0
355,356,4911.696078431372,6011.318627450981,0,1,False,0,20221101,1,0.0
356,357,4911.308383233533,6543.682035928144,0,0,False,0,20221101,1,0.0
357,358,4911.796387017759,7083.225658297612,0,0,False,0,20221101,1,0.0
358,359,4912.070743405276,7622.958033573142,8,162,False,0,20221101,1,0.0
359,360,4911.5,8151.5,1,157,False,0,20221101,1,0.0
360,361,4911.5,8694.951572327043,4,131,False,0,20221101,1,0.0
361,362,4911.696078431372,9219.68137254902,1,142,False,0,20221101,1,0.0
362,363,4911.69656019656,9755.681818181818,0,0,False,0,20221101,1,0.0
363,364,4911.5,10291.863190184047,2,125,False,0,20221101,1,0.0
364,365,4911.5,10827.863190184047,0,0,False,0,20221101,1,0.0
365,366,4911.5,11374.602040816326,2,133,False,0,20221101,1,0.0
366,367,4911.780407429598,11902.869682444578,1,175,True,0,20221101,1,0.0
367,368,4911.600551808707,12443.043838136113,2,203,True,0,20221101,1,0.0
368,369,4911.696078431372,12971.68137254902,2,191,True,0,20221101,1,0.0
369,370,4911.780407429598,13504.130317555422,2,132,False,0,20221101,1,0.0
370,371,4911.780407429598,14040.130317555422,2,134,False,0,20221101,1,0.0
371,372,4911.774165202109,14579.232864674868,1,154,False,0,20221101,1,0.0
372,373,4911.696078431372,15115.68137254902,3,166,True,0,20221101,1,0.0
373,374,4911.780407429598,15648.130317555422,1,144,True,0,20221101,1,0.0
374,375,4911.5,16191.136363636364,3,232,False,0,20221101,1,0.0
375,376,4911.5,16731.5,2,150,False,0,20221101,1,0.0
376,377,4911.869158878505,17266.77570093458,6,152,False,0,20221101,1,0.0
377,378,4911.877182770663,17795.681606519207,5,142,False,0,20221101,1,0.0
378,379,4912.261676646706,18335.32754491018,0,0,False,0,20221101,1,0.0
379,380,4912.056725146199,18867.49064327485,0,0,False,0,20221101,1,0.0
380,381,4911.696078431372,19403.68137254902,2,111,False,0,20221101,1,0.0
381,382,4911.796387017759,19947.22565829761,4,137,False,0,20221101,1,0.0
382,383,4911.961088355763,20483.050614394386,2,125,False,0,20221101,1,0.0
383,384,4911.888206388207,21018.77764127764,2,115,False,0,20221101,1,0.0
384,385,5354.359950859951,927.5,3,97,False,0,20221101,1,0.0
385,386,5355.3972382787415,1463.4049454078356,1,128,False,0,20221101,1,0.0
386,387,5354.355036855037,1999.8341523341523,1,128,False,0,20221101,1,0.0
387,388,5355.103761755486,2531.314420062696,0,0,False,0,20221101,1,0.0
388,389,5355.299624295554,3067.5,1,135,False,0,20221101,1,0.0
389,390,5355.5,3607.309523809524,2,176,True,0,20221101,1,0.0
390,391,5355.5,4135.5,0,0,False,0,20221101,1,0.0
391,392,5355.87791411043,4678.758895705521,0,0,False,0,20221101,1,0.0
392,393,5355.69094247246,5207.313953488372,5,143,False,0,20221101,1,0.0
393,394,5355.695611285267,5747.123824451411,3,216,False,0,20221101,1,0.0
394,395,5355.600250626567,6275.4047619047615,0,0,False,0,20221101,1,0.0
395,396,5355.5,6815.1274509803925,3,131,False,0,20221101,1,0.0
396,397,5355.597739767868,7351.404703726329,4,129,False,0,20221101,1,0.0
397,398,5355.6027617212585,7887.404945407836,1,1,False,0,20221101,1,0.0
398,399,5355.868641532017,8426.757929383602,2,133,False,0,20221101,1,0.0
399,400,5355.6027617212585,8951.595054592164,1,0,False,0,20221101,1,0.0
400,401,5355.69094247246,9487.686046511628,2,126,False,0,20221101,1,0.0
401,402,5355.882352941177,10023.5,3,187,True,0,20221101,1,0.0
402,403,5355.788685015291,10559.781345565749,3,171,True,0,20221101,1,0.0
403,404,5355.87298266587,11099.5,2,131,False,0,20221101,1,0.0
404,405,5355.803536977492,11639.21961414791,2,101,False,0,20221101,1,0.0
405,406,5355.788685015291,12175.218654434251,1,87,False,0,20221101,1,0.0
406,407,5355.796110414053,12707.218946047678,2,183,False,0,20221101,1,0.0
407,408,5355.896238244514,13235.685579937304,1,88,False,0,20221101,1,0.0
408,409,5355.700375704446,13771.5,0,0,False,0,20221101,1,0.0
409,410,5355.796110414053,14307.781053952322,1,108,False,0,20221101,1,0.0
410,411,5355.600125156446,14851.404881101376,2,100,False,0,20221101,1,0.0
411,412,5355.700375704446,15379.5,5,110,False,0,20221101,1,0.0
412,413,5355.88630806846,15919.685819070904,2,104,False,0,20221101,1,0.0
413,414,5355.5,16462.936964504283,4,127,False,0,20221101,1,0.0
414,415,5355.896238244514,16995.314420062696,3,128,False,0,20221101,1,0.0
415,416,5355.917713152677,17531.31493721084,0,127,False,0,20221101,1,0.0
416,417,5355.795739348371,18067.21929824561,1,129,False,0,20221101,1,0.0
417,418,5355.6027617212585,18599.59505459217,3,145,False,0,20221101,1,0.0
418,419,5355.700375704446,19139.5,1,97,False,0,20221101,1,0.0
419,420,5355.968339307049,19675.40442054958,2,92,False,0,20221101,1,0.0
420,421,5355.600125156446,20211.40488110137,2,132,False,0,20221101,1,0.0
421,422,5355.795739348371,20755.21929824561,1,109,False,0,20221101,1,0.0
422,423,5355.700375704446,21283.5,2,77,False,0,20221101,1,0.0
423,424,5806.541916167665,1199.3179640718563,2,0,False,0,20221101,1,0.0
424,425,5806.328331332533,1727.2454981992796,2,113,False,0,20221101,1,0.0
425,426,5806.901257861635,2262.9616352201256,1,91,False,0,20221101,1,0.0
426,427,5807.019426180514,2799.4067543335327,0,0,False,0,20221101,1,0.0
427,428,5807.204504504504,3335.262162162162,2,175,True,0,20221101,1,0.0
428,429,5807.705771643664,3871.5,1,176,True,0,20221101,1,0.0
429,430,5807.308383233533,4407.317964071856,4,136,False,0,20221101,1,0.0
430,431,5807.397049591965,4943.407093534212,0,0,False,0,20221101,1,0.0
431,432,5807.5,5479.136363636364,6,120,False,0,20221101,1,0.0
432,433,5807.5,6011.5,0,0,False,0,20221101,1,0.0
433,434,5807.317964071856,6544.223353293413,2,112,False,0,20221101,1,0.0
434,435,5807.303921568628,7083.318627450981,1,120,False,0,20221101,1,0.0
435,436,5807.5,7623.136363636364,1,210,False,0,20221101,1,0.0
436,437,5807.5,8151.5,2,101,False,0,20221101,1,0.0
437,438,5807.5,8694.951572327043,0,0,False,0,20221101,1,0.0
438,439,5807.399448191293,9219.956161863887,6,179,True,0,20221101,1,0.0
439,440,5807.303921568628,9755.68137254902,0,0,False,0,20221101,1,0.0
440,441,5807.5,10291.863190184047,1,92,False,0,20221101,1,0.0
441,442,5807.5,10827.863190184047,1,119,False,0,20221101,1,0.0
442,443,5807.5,11374.602040816326,5,123,False,0,20221101,1,0.0
443,444,5807.691616766467,11903.317964071855,3,116,False,0,20221101,1,0.0
444,445,5807.600551808707,12443.043838136113,1,101,False,0,20221101,1,0.0
445,446,5807.696078431372,12971.68137254902,1,124,False,0,20221101,1,0.0
446,447,5807.5,13503.863636363636,4,123,False,0,20221101,1,0.0
447,448,5807.780407429598,14040.130317555422,3,117,False,0,20221101,1,0.0
448,449,5807.5,14579.5,1,96,False,0,20221101,1,0.0
449,450,5807.5,15115.5,3,124,False,0,20221101,1,0.0
450,451,5807.308383233533,15647.682035928145,1,0,False,0,20221101,1,0.0
451,452,5807.219592570402,16190.869682444578,1,105,False,0,20221101,1,0.0
452,453,5807.203975535168,16731.225993883792,1,118,False,0,20221101,1,0.0
453,454,5808.315897136177,17266.518118059616,2,107,False,0,20221101,1,0.0
454,455,5807.5,17795.5,2,212,False,0,20221101,1,0.0
455,456,5807.598027495517,18335.04333532576,3,125,False,0,20221101,1,0.0
456,457,5807.686915887851,18867.317757009347,2,118,False,0,20221101,1,0.0
457,458,5807.399694189602,19403.59296636085,2,140,False,0,20221101,1,0.0
458,459,5807.600551808707,19947.04383813612,3,210,True,0,20221101,1,0.0
459,460,5807.322429906542,20482.59813084112,3,213,True,0,20221101,1,0.0
460,461,5807.600551808707,21019.04383813612,3,86,False,0,20221101,1,0.0
461,462,6248.491920447483,929.41671845867,0,59,False,0,20221101,1,0.0
462,463,6250.684516129032,1463.5,0,0,False,0,20221101,1,0.0
463,464,6250.062461538461,1999.2710769230769,1,100,False,0,20221101,1,0.0
464,465,6246.90797940798,2531.5,0,0,False,0,20221101,1,0.0
465,466,6251.103761755486,3067.6855799373043,6,153,False,0,20221101,1,0.0
466,467,6251.402379499695,3607.4048200122015,1,0,False,0,20221101,1,0.0
467,468,6251.30905752754,4135.686046511628,0,0,False,0,20221101,1,0.0
468,469,6251.788685015291,4679.21865443425,0,0,False,0,20221101,1,0.0
469,470,6251.882352941177,5207.5,1,92,False,0,20221101,1,0.0
470,471,6251.600250626567,5747.4047619047615,1,91,False,0,20221101,1,0.0
471,472,6251.600250626567,6275.595238095239,2,95,False,0,20221101,1,0.0
472,473,6251.5,6815.1274509803925,1,0,False,0,20221101,1,0.0
473,474,6251.5,7351.5,0,0,False,0,20221101,1,0.0
474,475,6251.6027617212585,7887.404945407836,2,90,False,0,20221101,1,0.0
475,476,6251.773053892216,8426.853293413174,1,89,False,0,20221101,1,0.0
476,477,6251.5,8951.690231362469,4,184,True,0,20221101,1,0.0
477,478,6251.5,9487.872549019608,1,109,False,0,20221101,1,0.0
478,479,6251.5,10023.872549019608,1,0,False,0,20221101,1,0.0
479,480,6251.69094247246,10559.686046511628,0,102,False,0,20221101,1,0.0
480,481,6251.87298266587,11099.5,0,109,False,0,20221101,1,0.0
481,482,6251.6027617212585,11639.404945407836,3,101,False,0,20221101,1,0.0
482,483,6251.597979179424,12175.032149418248,2,95,False,0,20221101,1,0.0
483,484,6251.796110414053,12707.218946047678,0,0,False,0,20221101,1,0.0
484,485,6251.896238244514,13235.685579937304,2,109,False,0,20221101,1,0.0
485,486,6251.600125156446,13771.595118898624,2,99,False,0,20221101,1,0.0
486,487,6251.795739348371,14307.780701754386,3,102,False,0,20221101,1,0.0
487,488,6251.5,14851.309643080776,3,130,False,0,20221101,1,0.0
488,489,6251.600250626567,15379.40476190476,2,108,False,0,20221101,1,0.0
489,490,6251.5,15919.5,2,106,False,0,20221101,1,0.0
490,491,6251.5,16462.389434889436,6,95,False,0,20221101,1,0.0
491,492,6251.5,16995.30964308078,0,0,False,0,20221101,1,0.0
492,493,6251.605540897098,17531.405013192612,1,98,False,0,20221101,1,0.0
493,494,6251.5,18066.93753923415,0,0,False,0,20221101,1,0.0
494,495,6251.5,18599.5,2,87,False,0,20221101,1,0.0
495,496,6251.5,19139.30964308078,3,89,False,0,20221101,1,0.0
496,497,6251.5,19675.12701733413,4,113,False,0,20221101,1,0.0
497,498,6251.5,20211.30964308078,1,93,False,0,20221101,1,0.0
498,499,6251.399874843554,20755.40488110137,5,145,False,0,20221101,1,0.0
499,500,6251.600250626567,21283.404761904763,0,0,True,0,20221101,1,0.0
0,1,899.004835589942,1464.1473243068988,1,75,False,1,20221101,2,0.0
1,2,898.7570725707257,2000.5971709717096,0,79,False,1,20221101,2,0.0
2,3,899.2132075471698,2532.3352201257862,3,81,False,1,20221101,2,0.0
3,4,899.2132075471698,3068.3352201257862,0,0,False,1,20221101,2,0.0
4,5,899.4020208205757,3607.967850581752,1,94,False,1,20221101,2,0.0
5,6,899.2204169221336,4136.33629675046,0,84,False,1,20221101,2,0.0
6,7,899.4020208205757,4679.967850581751,0,0,False,1,20221101,2,0.0
7,8,899.7795830778664,5208.33629675046,0,0,False,1,20221101,2,0.0
8,9,899.6956112852664,5747.876175548589,0,0,False,1,20221101,2,0.0
9,10,899.204260651629,6275.7807017543855,0,0,False,1,20221101,2,0.0
10,11,899.8779141104294,6816.241104294479,0,0,False,1,20221101,2,0.0
11,12,900.0686274509804,7352.053921568628,1,102,False,1,20221101,2,0.0
12,13,900.3051612903225,7887.866451612903,2,103,False,1,20221101,2,0.0
13,14,900.6003003003003,8428.206306306307,2,85,False,1,20221101,2,0.0
14,15,900.0979381443299,8952.051546391753,0,0,False,1,20221101,2,0.0
15,16,900.2429274292743,9488.59717097171,3,105,False,1,20221101,2,0.0
16,17,901.4233621755252,10024.187268232386,1,98,False,1,20221101,2,0.0
17,18,901.0743368291178,10560.657310302282,2,85,False,1,20221101,2,0.0
18,19,900.5989802039592,11100.224655068989,1,85,False,1,20221101,2,0.0
19,20,899.7005141388174,11639.690231362469,1,98,False,1,20221101,2,0.0
20,21,901.428306551298,12176.889369592089,2,97,False,1,20221101,2,0.0
21,22,900.3805031446541,12707.771698113207,0,76,False,1,20221101,2,0.0
22,23,900.3564231738035,13236.502518891688,1,80,False,1,20221101,2,0.0
23,24,899.9824120603015,13772.14824120603,2,74,False,1,20221101,2,0.0
24,25,900.1607818411097,14308.690416141237,0,97,False,1,20221101,2,0.0
25,26,899.896238244514,14851.685579937304,0,0,False,1,20221101,2,0.0
26,27,899.9824120603015,15380.14824120603,0,0,False,1,20221101,2,0.0
27,28,899.7795830778664,15920.33629675046,0,94,False,1,20221101,2,0.0
28,29,899.6909424724602,16463.68604651163,0,78,False,1,20221101,2,0.0
29,30,899.6956112852664,16995.87617554859,1,75,False,1,20221101,2,0.0
30,31,899.6055408970976,17531.594986807388,5,91,False,1,20221101,2,0.0
31,32,899.5,18067.5,1,92,False,1,20221101,2,0.0
32,33,899.5,18599.690231362467,1,0,False,1,20221101,2,0.0
33,34,899.6002506265664,19139.404761904763,3,73,False,1,20221101,2,0.0
34,35,900.1467065868263,19675.226946107785,1,82,False,1,20221101,2,0.0
35,36,900.0925925925926,20211.5,1,72,False,1,20221101,2,0.0
36,37,900.1842767295598,20754.86603773585,2,82,False,1,20221101,2,0.0
37,38,903.89588688946,21283.309768637533,2,52,False,1,20221101,2,0.0
38,39,1342.8345888261142,1199.9695543000628,0,0,False,1,20221101,2,0.0
39,40,1343.293710691824,1728.4610062893082,1,108,False,1,20221101,2,0.0
40,41,1343.1967699406723,2263.78740936058,0,0,False,1,20221101,2,0.0
41,42,1343.2115987460816,2799.7884012539184,1,80,False,1,20221101,2,0.0
42,43,1343.211959924859,3335.788040075141,1,104,False,1,20221101,2,0.0
43,44,1343.5,3871.694993412385,0,0,False,1,20221101,2,0.0
44,45,1343.5,4407.6952440550685,2,109,False,1,20221101,2,0.0
45,46,1343.5,4943.5,1,0,False,1,20221101,2,0.0
46,47,1343.5975609756097,5479.59756097561,0,0,False,1,20221101,2,0.0
47,48,1343.5951768488746,6011.788102893891,0,0,False,1,20221101,2,0.0
48,49,1343.7790697674418,6544.357322438717,2,123,False,1,20221101,2,0.0
49,50,1343.7002567394095,7083.5,0,0,False,1,20221101,2,0.0
50,51,1344.0771643663738,7623.5,0,0,False,1,20221101,2,0.0
51,52,1343.7884012539184,8151.788401253919,2,117,False,1,20221101,2,0.0
52,53,1343.705533596838,8695.5,1,120,False,1,20221101,2,0.0
53,54,1343.6953727506427,9219.885604113111,0,0,False,1,20221101,2,0.0
54,55,1343.89588688946,9755.690231362469,0,0,False,1,20221101,2,0.0
55,56,1343.399935856318,10291.597498396408,4,115,False,1,20221101,2,0.0
56,57,1344.0824742268042,10828.067010309278,0,110,False,1,20221101,2,0.0
57,58,1344.4319899244333,11374.568010075567,1,110,False,1,20221101,2,0.0
58,59,1343.8859649122808,11903.690476190475,3,100,False,1,20221101,2,0.0
59,60,1343.89588688946,12443.309768637531,2,116,False,1,20221101,2,0.0
60,61,1343.89588688946,12971.690231362469,0,0,False,1,20221101,2,0.0
61,62,1343.690476190476,13503.88596491228,4,88,False,1,20221101,2,0.0
62,63,1343.8859649122808,14039.690476190475,1,81,False,1,20221101,2,0.0
63,64,1343.4044703000611,14579.402020820577,1,130,False,1,20221101,2,0.0
64,65,1343.6953727506427,15115.885604113111,1,0,False,1,20221101,2,0.0
65,66,1343.690476190476,15647.88596491228,3,112,False,1,20221101,2,0.0
66,67,1343.7884012539184,16191.788401253918,2,83,False,1,20221101,2,0.0
67,68,1343.399935856318,16731.402501603592,0,0,False,1,20221101,2,0.0
68,69,1343.6865030674846,17267.308588957054,2,89,False,1,20221101,2,0.0
69,70,1343.5955296999389,17795.98009797918,2,124,False,1,20221101,2,0.0
70,71,1343.5975609756097,18335.40243902439,1,108,False,1,20221101,2,0.0
71,72,1343.5,18867.88235294117,1,116,False,1,20221101,2,0.0
72,73,1343.5,19403.5,8,106,False,1,20221101,2,0.0
73,74,1343.89588688946,19947.309768637533,6,109,False,1,20221101,2,0.0
74,75,1344.0539215686274,20482.93137254902,1,77,False,1,20221101,2,0.0
75,76,1344.1825499034128,21019.03122987765,2,81,False,1,20221101,2,0.0
76,77,1786.8558696988323,928.6923786109404,0,70,False,1,20221101,2,0.0
77,78,1786.6937984496124,1464.37338501292,1,95,False,1,20221101,2,0.0
78,79,1786.9313725490197,2000.053921568628,0,0,False,1,20221101,2,0.0
79,80,1787.2038895859473,2531.781053952321,3,121,False,1,20221101,2,0.0
80,81,1786.442065491184,3068.3110831234258,2,112,False,1,20221101,2,0.0
81,82,1787.970300061237,3608.149112063688,1,0,False,1,20221101,2,0.0
82,83,1787.5979791794243,4135.967850581751,2,108,False,1,20221101,2,0.0
83,84,1787.2204169221336,4679.772225628449,5,120,False,1,20221101,2,0.0
84,85,1787.029699938763,5208.149112063687,0,0,False,1,20221101,2,0.0
85,86,1787.882149591452,5748.053111250786,1,133,False,1,20221101,2,0.0
86,87,1787.9753476611884,6276.870417193426,2,208,True,1,20221101,2,0.0
87,88,1788.0700245700243,6816.055282555282,1,134,False,1,20221101,2,0.0
88,89,1788.0686274509803,7352.053921568628,1,81,False,1,20221101,2,0.0
89,90,1787.9066924066924,7887.685328185328,1,93,False,1,20221101,2,0.0
90,91,1788.4214157168567,8427.5,2,140,False,1,20221101,2,0.0
91,92,1788.8411003236247,8951.057281553398,2,134,False,1,20221101,2,0.0
92,93,1788.9590264941469,9488.74460874923,1,130,False,1,20221101,2,0.0
93,94,1788.5325752919484,10024.31868469576,1,131,False,1,20221101,2,0.0
94,95,1789.3282890673256,10560.925571340333,3,129,False,1,20221101,2,0.0
95,96,1788.2420706163973,11099.868641532015,1,125,False,1,20221101,2,0.0
96,97,1788.1082474226805,11639.5,3,120,False,1,20221101,2,0.0
97,98,1788.8382533825338,12175.657441574416,5,206,False,1,20221101,2,0.0
98,99,1788.3636363636365,13236.671717171715,0,0,False,1,20221101,2,0.0
99,100,1788.083280955374,13772.053111250783,2,128,False,1,20221101,2,0.0
100,101,1788.26214511041,14308.5952681388,0,0,False,1,20221101,2,0.0
101,102,1788.0925925925926,14851.5,1,131,False,1,20221101,2,0.0
102,103,1787.887665198238,15380.240088105727,2,142,False,1,20221101,2,0.0
103,104,1787.8779141104294,15920.24110429448,1,137,False,1,20221101,2,0.0
104,105,1787.7886850152904,16463.409480122325,1,145,False,1,20221101,2,0.0
105,106,1787.795739348371,16995.780701754386,3,107,False,1,20221101,2,0.0
106,107,1787.9177131526767,17531.68506278916,2,124,False,1,20221101,2,0.0
107,108,1787.7003757044458,18067.5,0,0,False,1,20221101,2,0.0
108,109,1787.6027617212587,18599.59505459217,0,0,False,1,20221101,2,0.0
109,110,1787.896238244514,19139.314420062696,2,97,False,1,20221101,2,0.0
110,111,1788.4214157168567,19675.5,3,127,False,1,20221101,2,0.0
111,112,1788.0925925925926,20211.5,13,109,False,1,20221101,2,0.0
112,113,1788.083280955374,20754.94688874921,3,103,False,1,20221101,2,0.0
113,114,1788.294468887492,21283.5,6,84,False,1,20221101,2,0.0
114,115,1791.89588688946,12707.309768637531,7,210,False,1,20221101,2,0.0
115,116,2231.304755944931,1199.5,2,94,False,1,20221101,2,0.0
116,117,2231.6907151819323,1727.8764115432873,1,137,False,1,20221101,2,0.0
117,118,2231.5,2263.5,0,0,False,1,20221101,2,0.0
118,119,2231.5,2799.5,1,81,False,1,20221101,2,0.0
119,120,2231.5,3335.5,1,99,False,1,20221101,2,0.0
120,121,2231.5,3871.5,1,0,False,1,20221101,2,0.0
121,122,2231.695244055069,4407.5,5,103,False,1,20221101,2,0.0
122,123,2231.5,4943.5,1,111,False,1,20221101,2,0.0
123,124,2231.5,5479.5,3,144,False,1,20221101,2,0.0
124,125,2231.6000641436817,6011.402501603592,2,143,False,1,20221101,2,0.0
125,126,2231.690476190476,6543.8859649122805,0,176,True,1,20221101,2,0.0
126,127,2231.89588688946,7083.690231362468,1,126,False,1,20221101,2,0.0
127,128,2232.077164366374,7623.5,1,116,False,1,20221101,2,0.0
128,129,2231.8859649122805,8151.690476190476,2,84,False,1,20221101,2,0.0
129,130,2232.1076618229854,8695.5,1,98,False,1,20221101,2,0.0
130,131,2231.79543994862,9219.787732819525,0,0,False,1,20221101,2,0.0
131,132,2232.182549903413,9755.968770122345,1,135,False,1,20221101,2,0.0
132,133,2232.182549903413,10291.968770122345,0,0,False,1,20221101,2,0.0
133,134,2232.082474226804,10828.067010309278,1,155,False,1,20221101,2,0.0
134,135,2231.6902377972465,11375.304755944931,0,0,False,1,20221101,2,0.0
135,136,2232.165411173886,11903.969554300063,3,133,False,1,20221101,2,0.0
136,137,2231.7002567394097,12443.5,3,139,False,1,20221101,2,0.0
137,138,2232.0817245817248,12972.06628056628,0,0,False,1,20221101,2,0.0
138,139,2232.3332284455632,13504.529578351165,3,152,False,1,20221101,2,0.0
139,140,2232.3332284455632,14040.529578351165,0,0,False,1,20221101,2,0.0
140,141,2232.241104294478,14579.87791411043,1,124,False,1,20221101,2,0.0
141,142,2232.0817245817248,15116.06628056628,4,118,False,1,20221101,2,0.0
142,143,2231.9695543000626,15648.165411173886,7,218,False,1,20221101,2,0.0
143,144,2231.8859649122805,16191.690476190475,3,142,False,1,20221101,2,0.0
144,145,2231.7002567394097,16731.5,7,189,False,1,20221101,2,0.0
145,146,2232.241104294478,17267.681595092025,2,134,False,1,20221101,2,0.0
146,147,2232.053921568628,17796.06862745098,7,127,False,1,20221101,2,0.0
147,148,2231.8859649122805,18335.69047619048,6,125,False,1,20221101,2,0.0
148,149,2232.33629675046,18867.220416922133,7,132,False,1,20221101,2,0.0
149,150,2231.79543994862,19403.787732819525,4,138,False,1,20221101,2,0.0
150,151,2231.89588688946,19947.309768637533,2,127,False,1,20221101,2,0.0
151,152,2232.33629675046,20483.220416922133,3,69,False,1,20221101,2,0.0
152,153,2231.89588688946,21019.309768637533,10,210,False,1,20221101,2,0.0
153,154,2674.93137254902,928.0539215686274,1,1,False,1,20221101,2,0.0
154,155,2677.859493670886,1462.4012658227848,2,125,False,1,20221101,2,0.0
155,156,2675.406919779547,1999.776791181874,3,113,False,1,20221101,2,0.0
156,157,2674.90666247643,2531.489943431804,1,113,False,1,20221101,2,0.0
157,158,2675.1173694147265,3068.04877281309,2,92,False,1,20221101,2,0.0
158,159,2674.6416309012875,3607.7722256284487,1,0,False,1,20221101,2,0.0
159,160,2678.221252257676,4135.150812763395,4,249,True,1,20221101,2,0.0
160,161,2679.5,4679.5,2,124,False,1,20221101,2,0.0
161,162,2678.2738452309536,5208.111877624475,1,3,False,1,20221101,2,0.0
162,163,2679.5,5747.5,2,110,False,1,20221101,2,0.0
163,164,2680.4987699877,6275.849323493235,1,233,False,1,20221101,2,0.0
164,165,2679.882775119617,6815.5,3,146,False,1,20221101,2,0.0
165,166,2680.2616766467067,7351.859281437126,2,115,False,1,20221101,2,0.0
166,167,2680.236225087925,8427.317116060962,0,119,False,1,20221101,2,0.0
167,168,2679.907035175879,8951.680904522613,2,152,False,1,20221101,2,0.0
168,169,2679.211389385808,9487.774299344066,5,122,False,1,20221101,2,0.0
169,170,2680.0693779904304,10024.04066985646,1,1,False,1,20221101,2,0.0
170,171,2681.5253470126736,10560.709414604707,1,204,False,1,20221101,2,0.0
171,172,2680.147574517826,11099.766510812393,1,137,False,1,20221101,2,0.0
172,173,2680.1638705811865,12175.766027561414,1,149,False,1,20221101,2,0.0
173,174,2680.093137254902,12707.5,2,183,True,1,20221101,2,0.0
174,175,2680.0840490797545,13236.039877300613,7,185,True,1,20221101,2,0.0
175,176,2679.796024464832,13771.774006116208,3,133,False,1,20221101,2,0.0
176,177,2680.459409594096,14308.385608856088,6,167,True,1,20221101,2,0.0
177,178,2679.896572827417,14851.681150550796,3,181,True,1,20221101,2,0.0
178,179,2680.0840490797545,15380.039877300613,4,181,True,1,20221101,2,0.0
179,180,2680.0693779904304,15920.04066985646,1,133,False,1,20221101,2,0.0
180,181,2679.980573819486,16463.406754333533,4,95,False,1,20221101,2,0.0
181,182,2679.896572827417,16995.681150550794,6,130,False,1,20221101,2,0.0
182,183,2679.605602060528,17531.592723760463,1,133,False,1,20221101,2,0.0
183,184,2679.9935543278084,18067.58348680172,2,136,False,1,20221101,2,0.0
184,185,2679.80923947203,18599.42206159648,2,137,False,1,20221101,2,0.0
185,186,2680.1876155268023,19139.214109673445,2,210,False,1,20221101,2,0.0
186,187,2680.4227166276346,19675.5,1,133,False,1,20221101,2,0.0
187,188,2679.700488997555,20211.5,3,110,False,1,20221101,2,0.0
188,189,2679.7963870177587,20755.22565829761,3,102,False,1,20221101,2,0.0
189,190,2680.093137254902,21283.5,5,92,False,1,20221101,2,0.0
190,191,2683.602761721259,7887.595054592164,2,133,False,1,20221101,2,0.0
191,192,2683.9025806451614,11639.5,2,111,False,1,20221101,2,0.0
192,193,3130.359950859951,1199.5,2,110,False,1,20221101,2,0.0
193,194,3125.668888888889,1728.9653968253967,0,0,False,1,20221101,2,0.0
194,195,3131.397238278741,2263.5950545921646,3,124,False,1,20221101,2,0.0
195,196,3127.2105097545627,2799.7794210195093,2,109,False,1,20221101,2,0.0
196,197,3129.775092936803,3336.6995043370507,4,125,False,1,20221101,2,0.0
197,198,3131.397238278741,3871.5950545921646,0,116,False,1,20221101,2,0.0
198,199,3130.726600985221,4406.869458128079,2,199,True,1,20221101,2,0.0
199,200,3130.9945196647323,4943.595422308188,1,85,False,1,20221101,2,0.0
200,201,3131.402260232132,5479.404703726329,1,204,False,1,20221101,2,0.0
201,202,3131.203889585948,6011.781053952322,3,146,False,1,20221101,2,0.0
202,203,3131.1220858895704,6544.241104294479,0,0,False,1,20221101,2,0.0
203,204,3131.6001251564458,7083.595118898624,2,99,False,1,20221101,2,0.0
204,205,3131.5,7623.127450980392,1,122,False,1,20221101,2,0.0
205,206,3131.5,8151.872549019607,3,139,False,1,20221101,2,0.0
206,207,3131.5,8695.309768637531,2,113,False,1,20221101,2,0.0
207,208,3131.6956112852663,9219.876175548588,3,190,False,1,20221101,2,0.0
208,209,3131.7961104140527,9755.781053952322,0,0,False,1,20221101,2,0.0
209,210,3131.7961104140527,10291.781053952322,1,105,False,1,20221101,2,0.0
210,211,3131.5,10828.06246076585,1,151,False,1,20221101,2,0.0
211,212,3131.779926335175,11374.854205033764,5,126,False,1,20221101,2,0.0
212,213,3131.6909424724604,11903.686046511628,1,155,False,1,20221101,2,0.0
213,214,3131.6002506265663,12443.40476190476,4,133,False,1,20221101,2,0.0
214,215,3131.7961104140527,12971.781053952322,5,137,False,1,20221101,2,0.0
215,216,3131.7795830778664,13504.33629675046,0,108,False,1,20221101,2,0.0
216,217,3131.7795830778664,14040.33629675046,0,206,True,1,20221101,2,0.0
217,218,3131.960431654676,14579.960431654676,3,199,True,1,20221101,2,0.0
218,219,3131.6956112852663,15115.876175548588,5,292,False,1,20221101,2,0.0
219,220,3131.5,15648.063035495716,2,130,False,1,20221101,2,0.0
220,221,3131.8823529411766,16191.5,1,97,False,1,20221101,2,0.0
221,222,3131.5,16731.30964308078,0,0,False,1,20221101,2,0.0
222,223,3131.6862686567165,17267.313731343285,2,149,False,1,20221101,2,0.0
223,224,3131.313953488372,17795.68604651163,6,235,True,1,20221101,2,0.0
224,225,3131.6909424724604,18335.31395348837,3,210,True,1,20221101,2,0.0
225,226,3131.68671454219,18867.68671454219,1,0,False,1,20221101,2,0.0
226,227,3131.700375704446,19403.5,6,141,False,1,20221101,2,0.0
227,228,3131.5,19947.5,0,0,False,1,20221101,2,0.0
228,229,3131.782634730539,20482.661676646705,0,121,False,1,20221101,2,0.0
229,230,3131.7961104140527,21019.21894604768,3,107,False,1,20221101,2,0.0
230,231,3570.6416309012875,927.7722256284488,0,0,False,1,20221101,2,0.0
231,232,3571.5,1463.5,1,81,False,1,20221101,2,0.0
232,233,3569.9433497536947,2000.5147783251232,2,244,False,1,20221101,2,0.0
233,234,3571.3043887147337,2531.1238244514107,0,0,False,1,20221101,2,0.0
234,235,3571.8962382445143,3067.6855799373043,0,0,False,1,20221101,2,0.0
235,236,3571.5,3607.309523809524,3,273,True,1,20221101,2,0.0
236,237,3571.597620500305,4135.595179987798,0,254,True,1,20221101,2,0.0
237,238,3571.5,4679.5,1,220,True,1,20221101,2,0.0
238,239,3571.88630806846,5207.6858190709045,0,0,False,1,20221101,2,0.0
239,240,3571.7961104140527,5747.590338770389,1,138,False,1,20221101,2,0.0
240,241,3571.8962382445143,6275.314420062696,2,117,False,1,20221101,2,0.0
241,242,3571.69536019536,6815.5,3,136,False,1,20221101,2,0.0
242,243,3572.166258420086,7351.041947336191,0,0,False,1,20221101,2,0.0
243,244,3571.7056555269924,7887.5,1,276,False,1,20221101,2,0.0
244,245,3572.5167865707435,8427.404076738609,2,148,False,1,20221101,2,0.0
245,246,3571.9066924066924,8951.685328185327,2,158,False,1,20221101,2,0.0
246,247,3572.260736196319,9487.86809815951,2,140,False,1,20221101,2,0.0
247,248,3572.260736196319,10023.86809815951,1,147,False,1,20221101,2,0.0
248,249,3572.0686274509803,10560.053921568628,1,122,False,1,20221101,2,0.0
249,250,3574.511180124224,11097.66645962733,2,110,False,1,20221101,2,0.0
250,251,3572.00998068255,11639.404700579524,3,164,False,1,20221101,2,0.0
251,252,3572.3583690987125,12175.227774371551,2,131,False,1,20221101,2,0.0
252,253,3572.0925925925926,12707.5,4,153,False,1,20221101,2,0.0
253,254,3572.0825486503454,13236.052416823602,0,0,False,1,20221101,2,0.0
254,255,3571.8962382445143,13771.685579937304,3,126,False,1,20221101,2,0.0
255,256,3572.183417085427,14307.957286432162,1,205,False,1,20221101,2,0.0
256,257,3571.700375704446,14851.5,0,199,False,1,20221101,2,0.0
257,258,3572.183417085427,15379.957286432162,1,116,False,1,20221101,2,0.0
258,259,3572.3583690987125,15919.772225628449,0,0,False,1,20221101,2,0.0
259,260,3571.88630806846,16463.314180929094,0,0,False,1,20221101,2,0.0
260,261,3572.0925925925926,16995.5,2,54,False,1,20221101,2,0.0
261,262,3571.6055408970974,17531.594986807388,1,59,False,1,20221101,2,0.0
262,263,3571.6001251564458,18067.40488110137,0,190,True,1,20221101,2,0.0
263,264,3571.602761721259,18599.59505459217,1,146,False,1,20221101,2,0.0
264,265,3572.0925925925926,19139.5,1,140,False,1,20221101,2,0.0
265,266,3572.5167865707435,19675.59592326139,0,0,False,1,20221101,2,0.0
266,267,3572.0925925925926,20211.5,4,117,False,1,20221101,2,0.0
267,268,3572.183417085427,20755.04271356784,2,81,False,1,20221101,2,0.0
268,269,3572.0925925925926,21283.5,4,81,False,1,20221101,2,0.0
269,270,4023.1235884567127,1199.1135508155585,2,104,False,1,20221101,2,0.0
270,271,4023.4024390243903,1727.5975609756097,2,116,False,1,20221101,2,0.0
271,272,4023.5,2263.5,3,118,False,1,20221101,2,0.0
272,273,4023.5,2799.304755944931,2,253,False,1,20221101,2,0.0
273,274,4023.22057898049,3335.7794210195093,3,131,False,1,20221101,2,0.0
274,275,4023.6026991441736,3871.597432521396,2,105,False,1,20221101,2,0.0
275,276,4023.6911949685536,4407.308805031446,2,198,True,1,20221101,2,0.0
276,277,4023.3973008558255,4943.597432521396,4,175,True,1,20221101,2,0.0
277,278,4023.690476190476,5479.11403508772,1,261,False,1,20221101,2,0.0
278,279,4023.6000641436817,6011.597498396408,3,130,False,1,20221101,2,0.0
279,280,4023.690476190476,6543.8859649122805,2,118,False,1,20221101,2,0.0
280,281,4023.7002567394097,7083.5,0,142,False,1,20221101,2,0.0
281,282,4023.7884012539184,7623.211598746081,0,0,False,1,20221101,2,0.0
282,283,4023.885964912281,8151.690476190476,0,0,False,1,20221101,2,0.0
283,284,4023.6026991441736,8695.402567478604,1,123,False,1,20221101,2,0.0
284,285,4023.7954399486193,9219.787732819525,1,143,False,1,20221101,2,0.0
285,286,4023.89588688946,9755.690231362469,0,0,False,1,20221101,2,0.0
286,287,4023.89588688946,10291.690231362469,1,178,True,1,20221101,2,0.0
287,288,4023.6953727506425,10827.885604113111,3,180,True,1,20221101,2,0.0
288,289,4023.7884012539184,11375.211598746082,4,126,False,1,20221101,2,0.0
289,290,4023.885964912281,11903.690476190475,3,206,False,1,20221101,2,0.0
290,291,4023.7002567394097,12443.5,0,151,False,1,20221101,2,0.0
291,292,4023.7954399486193,12971.787732819525,2,158,False,1,20221101,2,0.0
292,293,4023.969554300063,13504.165411173886,0,0,False,1,20221101,2,0.0
293,294,4023.885964912281,14039.690476190475,0,0,False,1,20221101,2,0.0
294,295,4023.87652811736,14579.690709046456,0,88,False,1,20221101,2,0.0
295,296,4023.7954399486193,15115.787732819525,1,104,False,1,20221101,2,0.0
296,297,4023.5975609756097,15647.40243902439,0,0,False,1,20221101,2,0.0
297,298,4023.5,16191.5,0,0,False,1,20221101,2,0.0
298,299,4023.6000641436817,16731.402501603592,0,136,False,1,20221101,2,0.0
299,300,4023.4048200122015,17267.402379499694,1,80,False,1,20221101,2,0.0
300,301,4024.053921568628,17796.06862745098,1,0,False,1,20221101,2,0.0
301,302,4023.695244055069,18335.5,1,126,False,1,20221101,2,0.0
302,303,4023.5,18867.5,4,211,True,1,20221101,2,0.0
303,304,4023.6000641436817,19403.597498396408,2,181,True,1,20221101,2,0.0
304,305,4023.89588688946,19947.309768637533,1,92,False,1,20221101,2,0.0
305,306,4023.314180929096,20483.11369193154,2,135,False,1,20221101,2,0.0
306,307,4023.6000641436817,21019.402501603592,3,99,False,1,20221101,2,0.0
307,308,4467.308588957055,927.6865030674846,0,0,False,1,20221101,2,0.0
308,309,4467.6027617212585,1463.5950545921644,0,0,False,1,20221101,2,0.0
309,310,4467.69094247246,1999.686046511628,0,0,False,1,20221101,2,0.0
310,311,4467.5,2531.5,1,93,False,1,20221101,2,0.0
311,312,4467.103264281231,3067.133396107972,4,122,False,1,20221101,2,0.0
312,313,4467.597620500305,3607.5951799877976,0,0,False,1,20221101,2,0.0
313,314,4468.0700245700245,4135.490171990172,1,133,False,1,20221101,2,0.0
314,315,4467.790461538461,4678.6704615384615,1,115,False,1,20221101,2,0.0
315,316,4467.220416922134,5207.772225628449,1,104,False,1,20221101,2,0.0
316,317,4467.600250626567,5747.4047619047615,4,109,False,1,20221101,2,0.0
317,318,4467.695611285267,6275.876175548589,0,0,False,1,20221101,2,0.0
318,319,4468.067931456549,6814.9467564259485,2,119,False,1,20221101,2,0.0
319,320,4467.69094247246,7351.686046511628,1,138,False,1,20221101,2,0.0
320,321,4467.705655526992,7887.5,3,135,False,1,20221101,2,0.0
321,322,4467.9604316546765,8427.039568345324,0,242,False,1,20221101,2,0.0
322,323,4467.803536977492,8951.78038585209,3,224,True,1,20221101,2,0.0
323,324,4467.779926335175,9488.145794966236,3,323,True,1,20221101,2,0.0
324,325,4467.970876762723,10023.958614347026,3,224,True,1,20221101,2,0.0
325,326,4467.779926335175,10560.145794966236,6,115,False,1,20221101,2,0.0
326,327,4467.773709483794,11099.773709483794,0,0,False,1,20221101,2,0.0
327,328,4467.705655526992,11639.5,2,117,False,1,20221101,2,0.0
328,329,4467.691411042945,12175.313496932517,1,106,False,1,20221101,2,0.0
329,330,4467.992462311558,12707.404522613066,4,238,False,1,20221101,2,0.0
330,331,4467.982412060302,13236.14824120603,0,0,False,1,20221101,2,0.0
331,332,4467.695611285267,13771.876175548588,0,0,False,1,20221101,2,0.0
332,333,4467.78679245283,14308.335220125786,2,87,False,1,20221101,2,0.0
333,334,4467.700375704446,14851.5,0,116,False,1,20221101,2,0.0
334,335,4467.695611285267,15379.876175548588,1,208,False,1,20221101,2,0.0
335,336,4467.69094247246,15919.686046511628,3,192,False,1,20221101,2,0.0
336,337,4467.597979179424,16463.03214941825,1,133,False,1,20221101,2,0.0
337,338,4467.796110414053,16995.590338770387,1,237,False,1,20221101,2,0.0
338,339,4467.812169312169,17531.589947089946,2,147,False,1,20221101,2,0.0
339,340,4467.304143126177,18067.314187068423,0,0,False,1,20221101,2,0.0
340,341,4467.6027617212585,18599.59505459217,0,0,False,1,20221101,2,0.0
341,342,4467.992462311558,19139.59547738693,3,111,False,1,20221101,2,0.0
342,343,4467.9604316546765,19675.586330935253,0,0,False,1,20221101,2,0.0
343,344,4467.992462311558,20211.404522613066,1,122,False,1,20221101,2,0.0
344,345,4467.695611285267,20755.87617554859,0,0,False,1,20221101,2,0.0
345,346,4467.600250626567,21283.404761904763,3,79,False,1,20221101,2,0.0
346,347,4910.279048765804,1198.8762793497892,1,98,False,1,20221101,2,0.0
347,348,4909.975961538462,1726.3557692307693,2,106,False,1,20221101,2,0.0
348,349,4911.294228356336,2263.5,0,0,False,1,20221101,2,0.0
349,350,4910.738323353294,2799.859281437126,0,124,False,1,20221101,2,0.0
350,351,4910.551497005988,3335.32754491018,0,0,False,1,20221101,2,0.0
351,352,4911.092964824121,3871.680904522613,3,129,False,1,20221101,2,0.0
352,353,4911.308383233533,4407.317964071856,0,0,False,1,20221101,2,0.0
353,354,4911.298994974874,4943.133165829146,1,73,False,1,20221101,2,0.0
354,355,4911.308841099164,5479.318399044206,0,0,False,1,20221101,2,0.0
355,356,4911.696078431372,6011.318627450981,4,127,False,1,20221101,2,0.0
356,357,4911.308383233533,6543.682035928144,6,118,False,1,20221101,2,0.0
357,358,4911.796387017759,7083.225658297612,2,130,False,1,20221101,2,0.0
358,359,4912.070743405276,7622.958033573142,2,124,False,1,20221101,2,0.0
359,360,4911.5,8151.5,0,0,False,1,20221101,2,0.0
360,361,4911.5,8694.951572327043,1,90,False,1,20221101,2,0.0
361,362,4911.696078431372,9219.68137254902,1,220,True,1,20221101,2,0.0
362,363,4911.69656019656,9755.681818181818,3,199,True,1,20221101,2,0.0
363,364,4911.5,10291.863190184047,4,136,False,1,20221101,2,0.0
364,365,4911.5,10827.863190184047,3,122,False,1,20221101,2,0.0
365,366,4911.5,11374.602040816326,3,238,False,1,20221101,2,0.0
366,367,4911.780407429598,11902.869682444578,1,144,False,1,20221101,2,0.0
367,368,4911.600551808707,12443.043838136113,2,241,False,1,20221101,2,0.0
368,369,4911.696078431372,12971.68137254902,3,188,False,1,20221101,2,0.0
369,370,4911.780407429598,13504.130317555422,2,183,False,1,20221101,2,0.0
370,371,4911.780407429598,14040.130317555422,0,0,False,1,20221101,2,0.0
371,372,4911.774165202109,14579.232864674868,2,119,False,1,20221101,2,0.0
372,373,4911.696078431372,15115.68137254902,2,0,False,1,20221101,2,0.0
373,374,4911.780407429598,15648.130317555422,4,137,False,1,20221101,2,0.0
374,375,4911.5,16191.136363636364,1,144,False,1,20221101,2,0.0
375,376,4911.5,16731.5,4,118,False,1,20221101,2,0.0
376,377,4911.869158878505,17266.77570093458,0,0,False,1,20221101,2,0.0
377,378,4911.877182770663,17795.681606519207,3,252,True,1,20221101,2,0.0
378,379,4912.261676646706,18335.32754491018,4,194,True,1,20221101,2,0.0
379,380,4912.056725146199,18867.49064327485,0,0,False,1,20221101,2,0.0
380,381,4911.696078431372,19403.68137254902,0,0,False,1,20221101,2,0.0
381,382,4911.796387017759,19947.22565829761,3,115,False,1,20221101,2,0.0
382,383,4911.961088355763,20483.050614394386,2,115,False,1,20221101,2,0.0
383,384,4911.888206388207,21018.77764127764,1,0,False,1,20221101,2,0.0
384,385,5354.359950859951,927.5,2,88,False,1,20221101,2,0.0
385,386,5355.3972382787415,1463.4049454078356,4,121,False,1,20221101,2,0.0
386,387,5354.355036855037,1999.8341523341523,1,103,False,1,20221101,2,0.0
387,388,5355.103761755486,2531.314420062696,1,82,False,1,20221101,2,0.0
388,389,5355.299624295554,3067.5,2,123,False,1,20221101,2,0.0
389,390,5355.5,3607.309523809524,1,115,False,1,20221101,2,0.0
390,391,5355.5,4135.5,0,119,False,1,20221101,2,0.0
391,392,5355.87791411043,4678.758895705521,1,114,False,1,20221101,2,0.0
392,393,5355.69094247246,5207.313953488372,1,113,False,1,20221101,2,0.0
393,394,5355.695611285267,5747.123824451411,1,77,False,1,20221101,2,0.0
394,395,5355.600250626567,6275.4047619047615,1,122,False,1,20221101,2,0.0
395,396,5355.5,6815.1274509803925,2,95,False,1,20221101,2,0.0
396,397,5355.597739767868,7351.404703726329,1,115,False,1,20221101,2,0.0
397,398,5355.6027617212585,7887.404945407836,0,0,False,1,20221101,2,0.0
398,399,5355.868641532017,8426.757929383602,1,1,False,1,20221101,2,0.0
399,400,5355.6027617212585,8951.595054592164,0,83,False,1,20221101,2,0.0
400,401,5355.69094247246,9487.686046511628,2,93,False,1,20221101,2,0.0
401,402,5355.882352941177,10023.5,1,1,False,1,20221101,2,0.0
402,403,5355.788685015291,10559.781345565749,1,128,False,1,20221101,2,0.0
403,404,5355.87298266587,11099.5,4,126,False,1,20221101,2,0.0
404,405,5355.803536977492,11639.21961414791,2,130,False,1,20221101,2,0.0
405,406,5355.788685015291,12175.218654434251,1,108,False,1,20221101,2,0.0
406,407,5355.796110414053,12707.218946047678,2,76,False,1,20221101,2,0.0
407,408,5355.896238244514,13235.685579937304,3,131,False,1,20221101,2,0.0
408,409,5355.700375704446,13771.5,4,235,True,1,20221101,2,0.0
409,410,5355.796110414053,14307.781053952322,2,110,False,1,20221101,2,0.0
410,411,5355.600125156446,14851.404881101376,2,0,False,1,20221101,2,0.0
411,412,5355.700375704446,15379.5,2,83,False,1,20221101,2,0.0
412,413,5355.88630806846,15919.685819070904,2,95,False,1,20221101,2,0.0
413,414,5355.5,16462.936964504283,1,160,False,1,20221101,2,0.0
414,415,5355.896238244514,16995.314420062696,1,185,False,1,20221101,2,0.0
415,416,5355.917713152677,17531.31493721084,0,0,False,1,20221101,2,0.0
416,417,5355.795739348371,18067.21929824561,0,101,False,1,20221101,2,0.0
417,418,5355.6027617212585,18599.59505459217,0,0,False,1,20221101,2,0.0
418,419,5355.700375704446,19139.5,2,89,False,1,20221101,2,0.0
419,420,5355.968339307049,19675.40442054958,2,99,False,1,20221101,2,0.0
420,421,5355.600125156446,20211.40488110137,2,115,False,1,20221101,2,0.0
421,422,5355.795739348371,20755.21929824561,1,79,False,1,20221101,2,0.0
422,423,5355.700375704446,21283.5,1,0,False,1,20221101,2,0.0
423,424,5806.541916167665,1199.3179640718563,2,80,False,1,20221101,2,0.0
424,425,5806.328331332533,1727.2454981992796,1,83,False,1,20221101,2,0.0
425,426,5806.901257861635,2262.9616352201256,0,0,False,1,20221101,2,0.0
426,427,5807.019426180514,2799.4067543335327,0,0,False,1,20221101,2,0.0
427,428,5807.204504504504,3335.262162162162,1,87,False,1,20221101,2,0.0
428,429,5807.705771643664,3871.5,3,94,False,1,20221101,2,0.0
429,430,5807.308383233533,4407.317964071856,1,0,False,1,20221101,2,0.0
430,431,5807.397049591965,4943.407093534212,1,110,False,1,20221101,2,0.0
431,432,5807.5,5479.136363636364,1,104,False,1,20221101,2,0.0
432,433,5807.5,6011.5,1,92,False,1,20221101,2,0.0
433,434,5807.317964071856,6544.223353293413,0,117,False,1,20221101,2,0.0
434,435,5807.303921568628,7083.318627450981,0,0,False,1,20221101,2,0.0
435,436,5807.5,7623.136363636364,1,87,False,1,20221101,2,0.0
436,437,5807.5,8151.5,2,126,False,1,20221101,2,0.0
437,438,5807.5,8694.951572327043,1,128,False,1,20221101,2,0.0
438,439,5807.399448191293,9219.956161863887,4,127,False,1,20221101,2,0.0
439,440,5807.303921568628,9755.68137254902,2,88,False,1,20221101,2,0.0
440,441,5807.5,10291.863190184047,0,121,False,1,20221101,2,0.0
441,442,5807.5,10827.863190184047,1,126,False,1,20221101,2,0.0
442,443,5807.5,11374.602040816326,2,104,False,1,20221101,2,0.0
443,444,5807.691616766467,11903.317964071855,1,116,False,1,20221101,2,0.0
444,445,5807.600551808707,12443.043838136113,0,0,False,1,20221101,2,0.0
445,446,5807.696078431372,12971.68137254902,4,116,False,1,20221101,2,0.0
446,447,5807.5,13503.863636363636,2,207,True,1,20221101,2,0.0
447,448,5807.780407429598,14040.130317555422,4,194,True,1,20221101,2,0.0
448,449,5807.5,14579.5,4,163,True,1,20221101,2,0.0
449,450,5807.5,15115.5,3,164,True,1,20221101,2,0.0
450,451,5807.308383233533,15647.682035928145,1,120,False,1,20221101,2,0.0
451,452,5807.219592570402,16190.869682444578,1,0,False,1,20221101,2,0.0
452,453,5807.203975535168,16731.225993883792,2,120,False,1,20221101,2,0.0
453,454,5808.315897136177,17266.518118059616,0,0,False,1,20221101,2,0.0
454,455,5807.5,17795.5,3,121,False,1,20221101,2,0.0
455,456,5807.598027495517,18335.04333532576,1,123,False,1,20221101,2,0.0
456,457,5807.686915887851,18867.317757009347,4,121,False,1,20221101,2,0.0
457,458,5807.399694189602,19403.59296636085,2,110,False,1,20221101,2,0.0
458,459,5807.600551808707,19947.04383813612,1,0,False,1,20221101,2,0.0
459,460,5807.322429906542,20482.59813084112,8,109,False,1,20221101,2,0.0
460,461,5807.600551808707,21019.04383813612,6,101,False,1,20221101,2,0.0
461,462,6248.491920447483,929.41671845867,1,74,False,1,20221101,2,0.0
462,463,6250.684516129032,1463.5,1,0,False,1,20221101,2,0.0
463,464,6250.062461538461,1999.2710769230769,0,0,False,1,20221101,2,0.0
464,465,6246.90797940798,2531.5,4,93,False,1,20221101,2,0.0
465,466,6251.103761755486,3067.6855799373043,0,0,False,1,20221101,2,0.0
466,467,6251.402379499695,3607.4048200122015,0,105,False,1,20221101,2,0.0
467,468,6251.30905752754,4135.686046511628,1,100,False,1,20221101,2,0.0
468,469,6251.788685015291,4679.21865443425,2,81,False,1,20221101,2,0.0
469,470,6251.882352941177,5207.5,0,0,False,1,20221101,2,0.0
470,471,6251.600250626567,5747.4047619047615,1,108,False,1,20221101,2,0.0
471,472,6251.600250626567,6275.595238095239,1,94,False,1,20221101,2,0.0
472,473,6251.5,6815.1274509803925,0,0,False,1,20221101,2,0.0
473,474,6251.5,7351.5,1,95,False,1,20221101,2,0.0
474,475,6251.6027617212585,7887.404945407836,2,98,False,1,20221101,2,0.0
475,476,6251.773053892216,8426.853293413174,0,0,False,1,20221101,2,0.0
476,477,6251.5,8951.690231362469,0,0,False,1,20221101,2,0.0
477,478,6251.5,9487.872549019608,2,107,False,1,20221101,2,0.0
478,479,6251.5,10023.872549019608,0,0,False,1,20221101,2,0.0
479,480,6251.69094247246,10559.686046511628,0,0,False,1,20221101,2,0.0
480,481,6251.87298266587,11099.5,2,105,False,1,20221101,2,0.0
481,482,6251.6027617212585,11639.404945407836,1,105,False,1,20221101,2,0.0
482,483,6251.597979179424,12175.032149418248,0,0,False,1,20221101,2,0.0
483,484,6251.796110414053,12707.218946047678,0,0,False,1,20221101,2,0.0
484,485,6251.896238244514,13235.685579937304,3,108,False,1,20221101,2,0.0
485,486,6251.600125156446,13771.595118898624,1,100,False,1,20221101,2,0.0
486,487,6251.795739348371,14307.780701754386,1,93,False,1,20221101,2,0.0
487,488,6251.5,14851.309643080776,0,0,False,1,20221101,2,0.0
488,489,6251.600250626567,15379.40476190476,1,101,False,1,20221101,2,0.0
489,490,6251.5,15919.5,2,86,False,1,20221101,2,0.0
490,491,6251.5,16462.389434889436,0,0,False,1,20221101,2,0.0
491,492,6251.5,16995.30964308078,2,103,False,1,20221101,2,0.0
492,493,6251.605540897098,17531.405013192612,0,97,False,1,20221101,2,0.0
493,494,6251.5,18066.93753923415,0,0,False,1,20221101,2,0.0
494,495,6251.5,18599.5,0,106,False,1,20221101,2,0.0
495,496,6251.5,19139.30964308078,2,107,False,1,20221101,2,0.0
496,497,6251.5,19675.12701733413,0,0,False,1,20221101,2,0.0
497,498,6251.5,20211.30964308078,1,86,True,1,20221101,2,0.0
498,499,6251.399874843554,20755.40488110137,0,0,False,1,20221101,2,0.0
499,500,6251.600250626567,21283.404761904763,0,0,False,1,20221101,2,0.0
0,1,899.004835589942,1464.1473243068988,1,1,False,2,20230110,1,0.0
1,2,898.7570725707257,2000.5971709717096,0,0,False,2,20230110,1,0.0
2,3,899.2132075471698,2532.3352201257862,0,0,False,2,20230110,1,0.0
3,4,899.2132075471698,3068.3352201257862,1,117,False,2,20230110,1,0.0
4,5,899.4020208205757,3607.967850581752,0,0,False,2,20230110,1,0.0
5,6,899.2204169221336,4136.33629675046,0,0,False,2,20230110,1,0.0
6,7,899.4020208205757,4679.967850581751,1,108,False,2,20230110,1,0.0
7,8,899.7795830778664,5208.33629675046,2,126,False,2,20230110,1,0.0
8,9,899.6956112852664,5747.876175548589,3,112,False,2,20230110,1,0.0
9,10,899.204260651629,6275.7807017543855,0,0,False,2,20230110,1,0.0
10,11,899.8779141104294,6816.241104294479,0,0,False,2,20230110,1,0.0
11,12,900.0686274509804,7352.053921568628,1,1,False,2,20230110,1,0.0
12,13,900.3051612903225,7887.866451612903,2,106,False,2,20230110,1,0.0
13,14,900.6003003003003,8428.206306306307,2,101,False,2,20230110,1,0.0
14,15,900.0979381443299,8952.051546391753,0,0,False,2,20230110,1,0.0
15,16,900.2429274292743,9488.59717097171,2,104,False,2,20230110,1,0.0
16,17,901.4233621755252,10024.187268232386,2,101,False,2,20230110,1,0.0
17,18,901.0743368291178,10560.657310302282,2,112,False,2,20230110,1,0.0
18,19,900.5989802039592,11100.224655068989,1,110,False,2,20230110,1,0.0
19,20,899.7005141388174,11639.690231362469,3,106,False,2,20230110,1,0.0
20,21,901.428306551298,12176.889369592089,0,0,False,2,20230110,1,0.0
21,22,900.3805031446541,12707.771698113207,0,0,False,2,20230110,1,0.0
22,23,900.3564231738035,13236.502518891688,3,114,False,2,20230110,1,0.0
23,24,899.9824120603015,13772.14824120603,0,0,False,2,20230110,1,0.0
24,25,900.1607818411097,14308.690416141237,0,0,False,2,20230110,1,0.0
25,26,899.896238244514,14851.685579937304,1,110,False,2,20230110,1,0.0
26,27,899.9824120603015,15380.14824120603,3,114,False,2,20230110,1,0.0
27,28,899.7795830778664,15920.33629675046,2,107,False,2,20230110,1,0.0
28,29,899.6909424724602,16463.68604651163,2,123,False,2,20230110,1,0.0
29,30,899.6956112852664,16995.87617554859,3,121,False,2,20230110,1,0.0
30,31,899.6055408970976,17531.594986807388,3,108,True,2,20230110,1,0.0
31,32,899.5,18067.5,3,102,False,2,20230110,1,0.0
32,33,899.5,18599.690231362467,2,103,False,2,20230110,1,0.0
33,34,899.6002506265664,19139.404761904763,0,111,False,2,20230110,1,0.0
34,35,900.1467065868263,19675.226946107785,1,112,False,2,20230110,1,0.0
35,36,900.0925925925926,20211.5,7,117,False,2,20230110,1,0.0
36,37,900.1842767295598,20754.86603773585,3,118,False,2,20230110,1,0.0
37,38,903.89588688946,21283.309768637533,4,88,True,2,20230110,1,0.0
38,39,1342.8345888261142,1199.9695543000628,1,1,False,2,20230110,1,0.0
39,40,1343.293710691824,1728.4610062893082,0,0,False,2,20230110,1,0.0
40,41,1343.1967699406723,2263.78740936058,0,0,False,2,20230110,1,0.0
41,42,1343.2115987460816,2799.7884012539184,1,1,False,2,20230110,1,0.0
42,43,1343.211959924859,3335.788040075141,4,140,False,2,20230110,1,0.0
43,44,1343.5,3871.694993412385,1,103,False,2,20230110,1,0.0
44,45,1343.5,4407.6952440550685,0,0,False,2,20230110,1,0.0
45,46,1343.5,4943.5,0,0,False,2,20230110,1,0.0
46,47,1343.5975609756097,5479.59756097561,7,113,False,2,20230110,1,0.0
47,48,1343.5951768488746,6011.788102893891,2,145,False,2,20230110,1,0.0
48,49,1343.7790697674418,6544.357322438717,0,0,False,2,20230110,1,0.0
49,50,1343.7002567394095,7083.5,3,105,False,2,20230110,1,0.0
50,51,1344.0771643663738,7623.5,0,0,False,2,20230110,1,0.0
51,52,1343.7884012539184,8151.788401253919,5,125,False,2,20230110,1,0.0
52,53,1343.705533596838,8695.5,0,126,False,2,20230110,1,0.0
53,54,1343.6953727506427,9219.885604113111,0,0,False,2,20230110,1,0.0
54,55,1343.89588688946,9755.690231362469,4,120,False,2,20230110,1,0.0
55,56,1343.399935856318,10291.597498396408,1,116,False,2,20230110,1,0.0
56,57,1344.0824742268042,10828.067010309278,6,112,False,2,20230110,1,0.0
57,58,1344.4319899244333,11374.568010075567,0,121,False,2,20230110,1,0.0
58,59,1343.8859649122808,11903.690476190475,0,127,False,2,20230110,1,0.0
59,60,1343.89588688946,12443.309768637531,0,0,False,2,20230110,1,0.0
60,61,1343.89588688946,12971.690231362469,1,0,False,2,20230110,1,0.0
61,62,1343.690476190476,13503.88596491228,0,0,False,2,20230110,1,0.0
62,63,1343.8859649122808,14039.690476190475,1,119,False,2,20230110,1,0.0
63,64,1343.4044703000611,14579.402020820577,1,146,False,2,20230110,1,0.0
64,65,1343.6953727506427,15115.885604113111,0,0,False,2,20230110,1,0.0
65,66,1343.690476190476,15647.88596491228,1,122,False,2,20230110,1,0.0
66,67,1343.7884012539184,16191.788401253918,1,1,False,2,20230110,1,0.0
67,68,1343.399935856318,16731.402501603592,5,118,False,2,20230110,1,0.0
68,69,1343.6865030674846,17267.308588957054,2,121,False,2,20230110,1,0.0
69,70,1343.5955296999389,17795.98009797918,4,122,False,2,20230110,1,0.0
70,71,1343.5975609756097,18335.40243902439,5,116,False,2,20230110,1,0.0
71,72,1343.5,18867.88235294117,1,127,False,2,20230110,1,0.0
72,73,1343.5,19403.5,2,127,False,2,20230110,1,0.0
73,74,1343.89588688946,19947.309768637533,9,114,False,2,20230110,1,0.0
74,75,1344.0539215686274,20482.93137254902,3,107,False,2,20230110,1,0.0
75,76,1344.1825499034128,21019.03122987765,3,109,False,2,20230110,1,0.0
76,77,1786.8558696988323,928.6923786109404,2,133,True,2,20230110,1,0.0
77,78,1786.6937984496124,1464.37338501292,4,106,False,2,20230110,1,0.0
78,79,1786.9313725490197,2000.053921568628,0,0,False,2,20230110,1,0.0
79,80,1787.2038895859473,2531.781053952321,4,120,False,2,20230110,1,0.0
80,81,1786.442065491184,3068.3110831234258,1,113,False,2,20230110,1,0.0
81,82,1787.970300061237,3608.149112063688,0,0,False,2,20230110,1,0.0
82,83,1787.5979791794243,4135.967850581751,0,0,False,2,20230110,1,0.0
83,84,1787.2204169221336,4679.772225628449,2,109,False,2,20230110,1,0.0
84,85,1787.029699938763,5208.149112063687,2,100,False,2,20230110,1,0.0
85,86,1787.882149591452,5748.053111250786,2,117,False,2,20230110,1,0.0
86,87,1787.9753476611884,6276.870417193426,0,0,False,2,20230110,1,0.0
87,88,1788.0700245700243,6816.055282555282,4,121,False,2,20230110,1,0.0
88,89,1788.0686274509803,7352.053921568628,0,0,False,2,20230110,1,0.0
89,90,1787.9066924066924,7887.685328185328,1,123,False,2,20230110,1,0.0
90,91,1788.4214157168567,8427.5,0,0,False,2,20230110,1,0.0
91,92,1788.8411003236247,8951.057281553398,5,103,False,2,20230110,1,0.0
92,93,1788.9590264941469,9488.74460874923,2,2,False,2,20230110,1,0.0
93,94,1788.5325752919484,10024.31868469576,3,105,False,2,20230110,1,0.0
94,95,1789.3282890673256,10560.925571340333,3,144,False,2,20230110,1,0.0
95,96,1788.2420706163973,11099.868641532015,1,130,False,2,20230110,1,0.0
96,97,1788.1082474226805,11639.5,2,110,False,2,20230110,1,0.0
97,98,1788.8382533825338,12175.657441574416,1,1,False,2,20230110,1,0.0
98,99,1788.3636363636365,13236.671717171715,1,141,False,2,20230110,1,0.0
99,100,1788.083280955374,13772.053111250783,3,110,False,2,20230110,1,0.0
100,101,1788.26214511041,14308.5952681388,0,0,False,2,20230110,1,0.0
101,102,1788.0925925925926,14851.5,2,147,False,2,20230110,1,0.0
102,103,1787.887665198238,15380.240088105727,3,108,False,2,20230110,1,0.0
103,104,1787.8779141104294,15920.24110429448,5,101,False,2,20230110,1,0.0
104,105,1787.7886850152904,16463.409480122325,2,102,False,2,20230110,1,0.0
105,106,1787.795739348371,16995.780701754386,4,111,False,2,20230110,1,0.0
106,107,1787.9177131526767,17531.68506278916,2,115,False,2,20230110,1,0.0
107,108,1787.7003757044458,18067.5,3,117,False,2,20230110,1,0.0
108,109,1787.6027617212587,18599.59505459217,3,112,False,2,20230110,1,0.0
109,110,1787.896238244514,19139.314420062696,7,113,False,2,20230110,1,0.0
110,111,1788.4214157168567,19675.5,3,101,False,2,20230110,1,0.0
111,112,1788.0925925925926,20211.5,10,112,False,2,20230110,1,0.0
112,113,1788.083280955374,20754.94688874921,3,139,True,2,20230110,1,0.0
113,114,1788.294468887492,21283.5,5,102,True,2,20230110,1,0.0
114,115,1791.89588688946,12707.309768637531,6,104,False,2,20230110,1,0.0
115,116,2231.304755944931,1199.5,1,118,True,2,20230110,1,0.0
116,117,2231.6907151819323,1727.8764115432873,2,106,False,2,20230110,1,0.0
117,118,2231.5,2263.5,1,106,False,2,20230110,1,0.0
118,119,2231.5,2799.5,1,112,False,2,20230110,1,0.0
119,120,2231.5,3335.5,0,0,False,2,20230110,1,0.0
120,121,2231.5,3871.5,0,0,False,2,20230110,1,0.0
121,122,2231.695244055069,4407.5,0,0,False,2,20230110,1,0.0
122,123,2231.5,4943.5,1,111,False,2,20230110,1,0.0
123,124,2231.5,5479.5,0,135,False,2,20230110,1,0.0
124,125,2231.6000641436817,6011.402501603592,4,107,False,2,20230110,1,0.0
125,126,2231.690476190476,6543.8859649122805,2,143,False,2,20230110,1,0.0
126,127,2231.89588688946,7083.690231362468,0,0,False,2,20230110,1,0.0
127,128,2232.077164366374,7623.5,2,109,False,2,20230110,1,0.0
128,129,2231.8859649122805,8151.690476190476,5,112,False,2,20230110,1,0.0
129,130,2232.1076618229854,8695.5,4,110,False,2,20230110,1,0.0
130,131,2231.79543994862,9219.787732819525,5,111,False,2,20230110,1,0.0
131,132,2232.182549903413,9755.968770122345,1,121,False,2,20230110,1,0.0
132,133,2232.182549903413,10291.968770122345,0,0,False,2,20230110,1,0.0
133,134,2232.082474226804,10828.067010309278,3,113,False,2,20230110,1,0.0
134,135,2231.6902377972465,11375.304755944931,0,0,False,2,20230110,1,0.0
135,136,2232.165411173886,11903.969554300063,2,116,False,2,20230110,1,0.0
136,137,2231.7002567394097,12443.5,3,117,False,2,20230110,1,0.0
137,138,2232.0817245817248,12972.06628056628,0,0,False,2,20230110,1,0.0
138,139,2232.3332284455632,13504.529578351165,0,0,False,2,20230110,1,0.0
139,140,2232.3332284455632,14040.529578351165,11,176,True,2,20230110,1,0.0
140,141,2232.241104294478,14579.87791411043,10,174,True,2,20230110,1,0.0
141,142,2232.0817245817248,15116.06628056628,2,124,False,2,20230110,1,0.0
142,143,2231.9695543000626,15648.165411173886,2,97,False,2,20230110,1,0.0
143,144,2231.8859649122805,16191.690476190475,1,111,False,2,20230110,1,0.0
144,145,2231.7002567394097,16731.5,1,116,False,2,20230110,1,0.0
145,146,2232.241104294478,17267.681595092025,8,105,False,2,20230110,1,0.0
146,147,2232.053921568628,17796.06862745098,8,112,False,2,20230110,1,0.0
147,148,2231.8859649122805,18335.69047619048,3,119,False,2,20230110,1,0.0
148,149,2232.33629675046,18867.220416922133,2,118,False,2,20230110,1,0.0
149,150,2231.79543994862,19403.787732819525,1,110,False,2,20230110,1,0.0
150,151,2231.89588688946,19947.309768637533,3,122,False,2,20230110,1,0.0
151,152,2232.33629675046,20483.220416922133,14,100,False,2,20230110,1,0.0
152,153,2231.89588688946,21019.309768637533,13,123,False,2,20230110,1,0.0
153,154,2674.93137254902,928.0539215686274,0,0,False,2,20230110,1,0.0
154,155,2677.859493670886,1462.4012658227848,2,102,False,2,20230110,1,0.0
155,156,2675.406919779547,1999.776791181874,6,142,False,2,20230110,1,0.0
156,157,2674.90666247643,2531.489943431804,1,123,False,2,20230110,1,0.0
157,158,2675.1173694147265,3068.04877281309,0,2,False,2,20230110,1,0.0
158,159,2674.6416309012875,3607.7722256284487,5,111,False,2,20230110,1,0.0
159,160,2678.221252257676,4135.150812763395,0,0,False,2,20230110,1,0.0
160,161,2679.5,4679.5,1,2,False,2,20230110,1,0.0
161,162,2678.2738452309536,5208.111877624475,1,103,False,2,20230110,1,0.0
162,163,2679.5,5747.5,4,109,False,2,20230110,1,0.0
163,164,2680.4987699877,6275.849323493235,0,0,False,2,20230110,1,0.0
164,165,2679.882775119617,6815.5,1,147,False,2,20230110,1,0.0
165,166,2680.2616766467067,7351.859281437126,2,107,False,2,20230110,1,0.0
166,167,2680.236225087925,8427.317116060962,0,0,False,2,20230110,1,0.0
167,168,2679.907035175879,8951.680904522613,1,100,False,2,20230110,1,0.0
168,169,2679.211389385808,9487.774299344066,1,113,False,2,20230110,1,0.0
169,170,2680.0693779904304,10024.04066985646,0,0,False,2,20230110,1,0.0
170,171,2681.5253470126736,10560.709414604707,1,149,False,2,20230110,1,0.0
171,172,2680.147574517826,11099.766510812393,2,111,False,2,20230110,1,0.0
172,173,2680.1638705811865,12175.766027561414,2,107,False,2,20230110,1,0.0
173,174,2680.093137254902,12707.5,1,110,False,2,20230110,1,0.0
174,175,2680.0840490797545,13236.039877300613,3,100,False,2,20230110,1,0.0
175,176,2679.796024464832,13771.774006116208,1,132,False,2,20230110,1,0.0
176,177,2680.459409594096,14308.385608856088,5,113,False,2,20230110,1,0.0
177,178,2679.896572827417,14851.681150550796,3,117,False,2,20230110,1,0.0
178,179,2680.0840490797545,15380.039877300613,3,157,True,2,20230110,1,0.0
179,180,2680.0693779904304,15920.04066985646,1,1,False,2,20230110,1,0.0
180,181,2679.980573819486,16463.406754333533,1,118,False,2,20230110,1,0.0
181,182,2679.896572827417,16995.681150550794,2,101,False,2,20230110,1,0.0
182,183,2679.605602060528,17531.592723760463,2,103,False,2,20230110,1,0.0
183,184,2679.9935543278084,18067.58348680172,5,111,False,2,20230110,1,0.0
184,185,2679.80923947203,18599.42206159648,0,101,False,2,20230110,1,0.0
185,186,2680.1876155268023,19139.214109673445,4,113,False,2,20230110,1,0.0
186,187,2680.4227166276346,19675.5,2,112,False,2,20230110,1,0.0
187,188,2679.700488997555,20211.5,5,115,False,2,20230110,1,0.0
188,189,2679.7963870177587,20755.22565829761,3,117,False,2,20230110,1,0.0
189,190,2680.093137254902,21283.5,5,125,False,2,20230110,1,0.0
190,191,2683.602761721259,7887.595054592164,2,133,False,2,20230110,1,0.0
191,192,2683.9025806451614,11639.5,1,118,False,2,20230110,1,0.0
192,193,3130.359950859951,1199.5,1,163,True,2,20230110,1,0.0
193,194,3125.668888888889,1728.9653968253967,0,1,False,2,20230110,1,0.0
194,195,3131.397238278741,2263.5950545921646,1,1,False,2,20230110,1,0.0
195,196,3127.2105097545627,2799.7794210195093,1,0,False,2,20230110,1,0.0
196,197,3129.775092936803,3336.6995043370507,2,112,False,2,20230110,1,0.0
197,198,3131.397238278741,3871.5950545921646,1,0,False,2,20230110,1,0.0
198,199,3130.726600985221,4406.869458128079,0,152,False,2,20230110,1,0.0
199,200,3130.9945196647323,4943.595422308188,4,107,False,2,20230110,1,0.0
200,201,3131.402260232132,5479.404703726329,6,114,False,2,20230110,1,0.0
201,202,3131.203889585948,6011.781053952322,1,153,False,2,20230110,1,0.0
202,203,3131.1220858895704,6544.241104294479,2,110,False,2,20230110,1,0.0
203,204,3131.6001251564458,7083.595118898624,3,110,False,2,20230110,1,0.0
204,205,3131.5,7623.127450980392,2,110,False,2,20230110,1,0.0
205,206,3131.5,8151.872549019607,2,114,False,2,20230110,1,0.0
206,207,3131.5,8695.309768637531,0,0,False,2,20230110,1,0.0
207,208,3131.6956112852663,9219.876175548588,1,120,False,2,20230110,1,0.0
208,209,3131.7961104140527,9755.781053952322,3,148,False,2,20230110,1,0.0
209,210,3131.7961104140527,10291.781053952322,1,127,False,2,20230110,1,0.0
210,211,3131.5,10828.06246076585,5,115,False,2,20230110,1,0.0
211,212,3131.779926335175,11374.854205033764,3,151,False,2,20230110,1,0.0
212,213,3131.6909424724604,11903.686046511628,0,120,False,2,20230110,1,0.0
213,214,3131.6002506265663,12443.40476190476,1,102,False,2,20230110,1,0.0
214,215,3131.7961104140527,12971.781053952322,4,113,False,2,20230110,1,0.0
215,216,3131.7795830778664,13504.33629675046,1,112,False,2,20230110,1,0.0
216,217,3131.7795830778664,14040.33629675046,4,102,False,2,20230110,1,0.0
217,218,3131.960431654676,14579.960431654676,3,103,False,2,20230110,1,0.0
218,219,3131.6956112852663,15115.876175548588,5,114,False,2,20230110,1,0.0
219,220,3131.5,15648.063035495716,1,155,True,2,20230110,1,0.0
220,221,3131.8823529411766,16191.5,4,107,False,2,20230110,1,0.0
221,222,3131.5,16731.30964308078,5,102,False,2,20230110,1,0.0
222,223,3131.6862686567165,17267.313731343285,3,106,False,2,20230110,1,0.0
223,224,3131.313953488372,17795.68604651163,10,119,False,2,20230110,1,0.0
224,225,3131.6909424724604,18335.31395348837,7,118,False,2,20230110,1,0.0
225,226,3131.68671454219,18867.68671454219,10,123,False,2,20230110,1,0.0
226,227,3131.700375704446,19403.5,2,109,False,2,20230110,1,0.0
227,228,3131.5,19947.5,5,138,False,2,20230110,1,0.0
228,229,3131.782634730539,20482.661676646705,0,118,False,2,20230110,1,0.0
229,230,3131.7961104140527,21019.21894604768,2,110,False,2,20230110,1,0.0
230,231,3570.6416309012875,927.7722256284488,3,115,True,2,20230110,1,0.0
231,232,3571.5,1463.5,9,182,True,2,20230110,1,0.0
232,233,3569.9433497536947,2000.5147783251232,0,0,False,2,20230110,1,0.0
233,234,3571.3043887147337,2531.1238244514107,0,0,False,2,20230110,1,0.0
234,235,3571.8962382445143,3067.6855799373043,0,0,False,2,20230110,1,0.0
235,236,3571.5,3607.309523809524,3,115,False,2,20230110,1,0.0
236,237,3571.597620500305,4135.595179987798,0,0,False,2,20230110,1,0.0
237,238,3571.5,4679.5,5,102,False,2,20230110,1,0.0
238,239,3571.88630806846,5207.6858190709045,3,102,False,2,20230110,1,0.0
239,240,3571.7961104140527,5747.590338770389,0,0,False,2,20230110,1,0.0
240,241,3571.8962382445143,6275.314420062696,5,261,True,2,20230110,1,0.0
241,242,3571.69536019536,6815.5,4,106,False,2,20230110,1,0.0
242,243,3572.166258420086,7351.041947336191,2,108,False,2,20230110,1,0.0
243,244,3571.7056555269924,7887.5,8,107,False,2,20230110,1,0.0
244,245,3572.5167865707435,8427.404076738609,2,115,False,2,20230110,1,0.0
245,246,3571.9066924066924,8951.685328185327,3,114,False,2,20230110,1,0.0
246,247,3572.260736196319,9487.86809815951,1,112,False,2,20230110,1,0.0
247,248,3572.260736196319,10023.86809815951,3,111,False,2,20230110,1,0.0
248,249,3572.0686274509803,10560.053921568628,1,116,False,2,20230110,1,0.0
249,250,3574.511180124224,11097.66645962733,5,105,False,2,20230110,1,0.0
250,251,3572.00998068255,11639.404700579524,1,108,False,2,20230110,1,0.0
251,252,3572.3583690987125,12175.227774371551,5,117,False,2,20230110,1,0.0
252,253,3572.0925925925926,12707.5,1,117,False,2,20230110,1,0.0
253,254,3572.0825486503454,13236.052416823602,2,114,False,2,20230110,1,0.0
254,255,3571.8962382445143,13771.685579937304,0,0,False,2,20230110,1,0.0
255,256,3572.183417085427,14307.957286432162,1,146,False,2,20230110,1,0.0
256,257,3571.700375704446,14851.5,4,110,False,2,20230110,1,0.0
257,258,3572.183417085427,15379.957286432162,2,112,False,2,20230110,1,0.0
258,259,3572.3583690987125,15919.772225628449,3,123,False,2,20230110,1,0.0
259,260,3571.88630806846,16463.314180929094,0,0,False,2,20230110,1,0.0
260,261,3572.0925925925926,16995.5,1,109,False,2,20230110,1,0.0
261,262,3571.6055408970974,17531.594986807388,3,107,False,2,20230110,1,0.0
262,263,3571.6001251564458,18067.40488110137,2,113,False,2,20230110,1,0.0
263,264,3571.602761721259,18599.59505459217,5,105,False,2,20230110,1,0.0
264,265,3572.0925925925926,19139.5,1,147,False,2,20230110,1,0.0
265,266,3572.5167865707435,19675.59592326139,1,116,False,2,20230110,1,0.0
266,267,3572.0925925925926,20211.5,0,116,False,2,20230110,1,0.0
267,268,3572.183417085427,20755.04271356784,1,115,False,2,20230110,1,0.0
268,269,3572.0925925925926,21283.5,14,118,True,2,20230110,1,0.0
269,270,4023.1235884567127,1199.1135508155585,0,1,False,2,20230110,1,0.0
270,271,4023.4024390243903,1727.5975609756097,1,137,False,2,20230110,1,0.0
271,272,4023.5,2263.5,5,111,False,2,20230110,1,0.0
272,273,4023.5,2799.304755944931,5,109,False,2,20230110,1,0.0
273,274,4023.22057898049,3335.7794210195093,3,110,False,2,20230110,1,0.0
274,275,4023.6026991441736,3871.597432521396,7,106,False,2,20230110,1,0.0
275,276,4023.6911949685536,4407.308805031446,2,105,False,2,20230110,1,0.0
276,277,4023.3973008558255,4943.597432521396,3,203,False,2,20230110,1,0.0
277,278,4023.690476190476,5479.11403508772,4,115,False,2,20230110,1,0.0
278,279,4023.6000641436817,6011.597498396408,5,105,False,2,20230110,1,0.0
279,280,4023.690476190476,6543.8859649122805,2,109,False,2,20230110,1,0.0
280,281,4023.7002567394097,7083.5,4,111,False,2,20230110,1,0.0
281,282,4023.7884012539184,7623.211598746081,5,111,False,2,20230110,1,0.0
282,283,4023.885964912281,8151.690476190476,1,151,False,2,20230110,1,0.0
283,284,4023.6026991441736,8695.402567478604,2,107,False,2,20230110,1,0.0
284,285,4023.7954399486193,9219.787732819525,1,144,False,2,20230110,1,0.0
285,286,4023.89588688946,9755.690231362469,1,138,False,2,20230110,1,0.0
286,287,4023.89588688946,10291.690231362469,1,182,False,2,20230110,1,0.0
287,288,4023.6953727506425,10827.885604113111,2,110,False,2,20230110,1,0.0
288,289,4023.7884012539184,11375.211598746082,2,112,True,2,20230110,1,0.0
289,290,4023.885964912281,11903.690476190475,7,116,False,2,20230110,1,0.0
290,291,4023.7002567394097,12443.5,0,0,False,2,20230110,1,0.0
291,292,4023.7954399486193,12971.787732819525,2,0,False,2,20230110,1,0.0
292,293,4023.969554300063,13504.165411173886,5,110,False,2,20230110,1,0.0
293,294,4023.885964912281,14039.690476190475,3,125,False,2,20230110,1,0.0
294,295,4023.87652811736,14579.690709046456,8,110,False,2,20230110,1,0.0
295,296,4023.7954399486193,15115.787732819525,2,123,False,2,20230110,1,0.0
296,297,4023.5975609756097,15647.40243902439,0,0,False,2,20230110,1,0.0
297,298,4023.5,16191.5,2,113,False,2,20230110,1,0.0
298,299,4023.6000641436817,16731.402501603592,2,141,False,2,20230110,1,0.0
299,300,4023.4048200122015,17267.402379499694,3,119,False,2,20230110,1,0.0
300,301,4024.053921568628,17796.06862745098,5,105,False,2,20230110,1,0.0
301,302,4023.695244055069,18335.5,3,108,False,2,20230110,1,0.0
302,303,4023.5,18867.5,3,122,False,2,20230110,1,0.0
303,304,4023.6000641436817,19403.597498396408,2,109,False,2,20230110,1,0.0
304,305,4023.89588688946,19947.309768637533,2,108,False,2,20230110,1,0.0
305,306,4023.314180929096,20483.11369193154,2,118,False,2,20230110,1,0.0
306,307,4023.6000641436817,21019.402501603592,2,114,False,2,20230110,1,0.0
307,308,4467.308588957055,927.6865030674846,7,101,False,2,20230110,1,0.0
308,309,4467.6027617212585,1463.5950545921644,6,110,False,2,20230110,1,0.0
309,310,4467.69094247246,1999.686046511628,0,0,False,2,20230110,1,0.0
310,311,4467.5,2531.5,3,131,False,2,20230110,1,0.0
311,312,4467.103264281231,3067.133396107972,1,111,False,2,20230110,1,0.0
312,313,4467.597620500305,3607.5951799877976,6,114,False,2,20230110,1,0.0
313,314,4468.0700245700245,4135.490171990172,1,139,False,2,20230110,1,0.0
314,315,4467.790461538461,4678.6704615384615,7,104,False,2,20230110,1,0.0
315,316,4467.220416922134,5207.772225628449,8,151,True,2,20230110,1,0.0
316,317,4467.600250626567,5747.4047619047615,4,140,True,2,20230110,1,0.0
317,318,4467.695611285267,6275.876175548589,2,2,False,2,20230110,1,0.0
318,319,4468.067931456549,6814.9467564259485,4,106,False,2,20230110,1,0.0
319,320,4467.69094247246,7351.686046511628,1,108,False,2,20230110,1,0.0
320,321,4467.705655526992,7887.5,2,92,False,2,20230110,1,0.0
321,322,4467.9604316546765,8427.039568345324,1,119,False,2,20230110,1,0.0
322,323,4467.803536977492,8951.78038585209,2,105,False,2,20230110,1,0.0
323,324,4467.779926335175,9488.145794966236,0,0,False,2,20230110,1,0.0
324,325,4467.970876762723,10023.958614347026,0,0,False,2,20230110,1,0.0
325,326,4467.779926335175,10560.145794966236,0,0,False,2,20230110,1,0.0
326,327,4467.773709483794,11099.773709483794,0,0,False,2,20230110,1,0.0
327,328,4467.705655526992,11639.5,1,1,False,2,20230110,1,0.0
328,329,4467.691411042945,12175.313496932517,4,120,False,2,20230110,1,0.0
329,330,4467.992462311558,12707.404522613066,0,0,False,2,20230110,1,0.0
330,331,4467.982412060302,13236.14824120603,1,105,False,2,20230110,1,0.0
331,332,4467.695611285267,13771.876175548588,3,110,False,2,20230110,1,0.0
332,333,4467.78679245283,14308.335220125786,1,118,False,2,20230110,1,0.0
333,334,4467.700375704446,14851.5,2,109,False,2,20230110,1,0.0
334,335,4467.695611285267,15379.876175548588,5,110,False,2,20230110,1,0.0
335,336,4467.69094247246,15919.686046511628,1,109,False,2,20230110,1,0.0
336,337,4467.597979179424,16463.03214941825,5,109,False,2,20230110,1,0.0
337,338,4467.796110414053,16995.590338770387,0,113,False,2,20230110,1,0.0
338,339,4467.812169312169,17531.589947089946,2,116,False,2,20230110,1,0.0
339,340,4467.304143126177,18067.314187068423,6,115,False,2,20230110,1,0.0
340,341,4467.6027617212585,18599.59505459217,1,108,False,2,20230110,1,0.0
341,342,4467.992462311558,19139.59547738693,0,144,False,2,20230110,1,0.0
342,343,4467.9604316546765,19675.586330935253,1,113,False,2,20230110,1,0.0
343,344,4467.992462311558,20211.404522613066,3,114,False,2,20230110,1,0.0
344,345,4467.695611285267,20755.87617554859,1,105,False,2,20230110,1,0.0
345,346,4467.600250626567,21283.404761904763,0,0,False,2,20230110,1,0.0
346,347,4910.279048765804,1198.8762793497892,3,108,False,2,20230110,1,0.0
347,348,4909.975961538462,1726.3557692307693,5,105,False,2,20230110,1,0.0
348,349,4911.294228356336,2263.5,1,115,False,2,20230110,1,0.0
349,350,4910.738323353294,2799.859281437126,0,0,False,2,20230110,1,0.0
350,351,4910.551497005988,3335.32754491018,0,0,False,2,20230110,1,0.0
351,352,4911.092964824121,3871.680904522613,3,97,False,2,20230110,1,0.0
352,353,4911.308383233533,4407.317964071856,1,150,False,2,20230110,1,0.0
353,354,4911.298994974874,4943.133165829146,0,0,False,2,20230110,1,0.0
354,355,4911.308841099164,5479.318399044206,2,122,False,2,20230110,1,0.0
355,356,4911.696078431372,6011.318627450981,1,101,False,2,20230110,1,0.0
356,357,4911.308383233533,6543.682035928144,0,0,True,2,20230110,1,0.0
357,358,4911.796387017759,7083.225658297612,2,116,False,2,20230110,1,0.0
358,359,4912.070743405276,7622.958033573142,3,114,False,2,20230110,1,0.0
359,360,4911.5,8151.5,6,126,False,2,20230110,1,0.0
360,361,4911.5,8694.951572327043,1,117,False,2,20230110,1,0.0
361,362,4911.696078431372,9219.68137254902,2,141,False,2,20230110,1,0.0
362,363,4911.69656019656,9755.681818181818,2,106,False,2,20230110,1,0.0
363,364,4911.5,10291.863190184047,2,144,False,2,20230110,1,0.0
364,365,4911.5,10827.863190184047,3,109,False,2,20230110,1,0.0
365,366,4911.5,11374.602040816326,1,110,False,2,20230110,1,0.0
366,367,4911.780407429598,11902.869682444578,2,121,False,2,20230110,1,0.0
367,368,4911.600551808707,12443.043838136113,1,111,False,2,20230110,1,0.0
368,369,4911.696078431372,12971.68137254902,0,0,False,2,20230110,1,0.0
369,370,4911.780407429598,13504.130317555422,1,105,False,2,20230110,1,0.0
370,371,4911.780407429598,14040.130317555422,2,104,False,2,20230110,1,0.0
371,372,4911.774165202109,14579.232864674868,0,109,False,2,20230110,1,0.0
372,373,4911.696078431372,15115.68137254902,2,142,False,2,20230110,1,0.0
373,374,4911.780407429598,15648.130317555422,7,107,False,2,20230110,1,0.0
374,375,4911.5,16191.136363636364,1,115,False,2,20230110,1,0.0
375,376,4911.5,16731.5,5,124,False,2,20230110,1,0.0
376,377,4911.869158878505,17266.77570093458,4,133,False,2,20230110,1,0.0
377,378,4911.877182770663,17795.681606519207,4,116,False,2,20230110,1,0.0
378,379,4912.261676646706,18335.32754491018,5,110,False,2,20230110,1,0.0
379,380,4912.056725146199,18867.49064327485,3,141,False,2,20230110,1,0.0
380,381,4911.696078431372,19403.68137254902,3,106,False,2,20230110,1,0.0
381,382,4911.796387017759,19947.22565829761,0,0,False,2,20230110,1,0.0
382,383,4911.961088355763,20483.050614394386,1,0,False,2,20230110,1,0.0
383,384,4911.888206388207,21018.77764127764,3,103,False,2,20230110,1,0.0
384,385,5354.359950859951,927.5,2,81,False,2,20230110,1,0.0
385,386,5355.3972382787415,1463.4049454078356,2,98,False,2,20230110,1,0.0
386,387,5354.355036855037,1999.8341523341523,3,106,False,2,20230110,1,0.0
387,388,5355.103761755486,2531.314420062696,2,138,False,2,20230110,1,0.0
388,389,5355.299624295554,3067.5,2,2,False,2,20230110,1,0.0
389,390,5355.5,3607.309523809524,4,115,False,2,20230110,1,0.0
390,391,5355.5,4135.5,2,89,False,2,20230110,1,0.0
391,392,5355.87791411043,4678.758895705521,2,146,False,2,20230110,1,0.0
392,393,5355.69094247246,5207.313953488372,1,1,False,2,20230110,1,0.0
393,394,5355.695611285267,5747.123824451411,0,0,False,2,20230110,1,0.0
394,395,5355.600250626567,6275.4047619047615,0,109,False,2,20230110,1,0.0
395,396,5355.5,6815.1274509803925,0,144,False,2,20230110,1,0.0
396,397,5355.597739767868,7351.404703726329,2,140,False,2,20230110,1,0.0
397,398,5355.6027617212585,7887.404945407836,5,109,False,2,20230110,1,0.0
398,399,5355.868641532017,8426.757929383602,4,104,False,2,20230110,1,0.0
399,400,5355.6027617212585,8951.595054592164,2,98,False,2,20230110,1,0.0
400,401,5355.69094247246,9487.686046511628,1,138,False,2,20230110,1,0.0
401,402,5355.882352941177,10023.5,1,115,False,2,20230110,1,0.0
402,403,5355.788685015291,10559.781345565749,4,106,False,2,20230110,1,0.0
403,404,5355.87298266587,11099.5,2,146,False,2,20230110,1,0.0
404,405,5355.803536977492,11639.21961414791,0,0,False,2,20230110,1,0.0
405,406,5355.788685015291,12175.218654434251,0,0,False,2,20230110,1,0.0
406,407,5355.796110414053,12707.218946047678,1,151,False,2,20230110,1,0.0
407,408,5355.896238244514,13235.685579937304,5,110,False,2,20230110,1,0.0
408,409,5355.700375704446,13771.5,3,125,False,2,20230110,1,0.0
409,410,5355.796110414053,14307.781053952322,3,114,False,2,20230110,1,0.0
410,411,5355.600125156446,14851.404881101376,3,96,False,2,20230110,1,0.0
411,412,5355.700375704446,15379.5,0,108,False,2,20230110,1,0.0
412,413,5355.88630806846,15919.685819070904,3,143,False,2,20230110,1,0.0
413,414,5355.5,16462.936964504283,13,92,False,2,20230110,1,0.0
414,415,5355.896238244514,16995.314420062696,4,105,False,2,20230110,1,0.0
415,416,5355.917713152677,17531.31493721084,5,108,False,2,20230110,1,0.0
416,417,5355.795739348371,18067.21929824561,3,100,False,2,20230110,1,0.0
417,418,5355.6027617212585,18599.59505459217,9,108,False,2,20230110,1,0.0
418,419,5355.700375704446,19139.5,10,116,False,2,20230110,1,0.0
419,420,5355.968339307049,19675.40442054958,8,114,False,2,20230110,1,0.0
420,421,5355.600125156446,20211.40488110137,1,114,False,2,20230110,1,0.0
421,422,5355.795739348371,20755.21929824561,2,108,False,2,20230110,1,0.0
422,423,5355.700375704446,21283.5,1,93,False,2,20230110,1,0.0
423,424,5806.541916167665,1199.3179640718563,2,79,False,2,20230110,1,0.0
424,425,5806.328331332533,1727.2454981992796,1,85,False,2,20230110,1,0.0
425,426,5806.901257861635,2262.9616352201256,0,123,False,2,20230110,1,0.0
426,427,5807.019426180514,2799.4067543335327,4,103,False,2,20230110,1,0.0
427,428,5807.204504504504,3335.262162162162,1,1,False,2,20230110,1,0.0
428,429,5807.705771643664,3871.5,3,101,False,2,20230110,1,0.0
429,430,5807.308383233533,4407.317964071856,2,113,False,2,20230110,1,0.0
430,431,5807.397049591965,4943.407093534212,2,111,False,2,20230110,1,0.0
431,432,5807.5,5479.136363636364,3,114,False,2,20230110,1,0.0
432,433,5807.5,6011.5,0,0,True,2,20230110,1,0.0
433,434,5807.317964071856,6544.223353293413,0,0,False,2,20230110,1,0.0
434,435,5807.303921568628,7083.318627450981,0,0,False,2,20230110,1,0.0
435,436,5807.5,7623.136363636364,2,115,False,2,20230110,1,0.0
436,437,5807.5,8151.5,5,115,False,2,20230110,1,0.0
437,438,5807.5,8694.951572327043,3,101,False,2,20230110,1,0.0
438,439,5807.399448191293,9219.956161863887,2,108,False,2,20230110,1,0.0
439,440,5807.303921568628,9755.68137254902,0,130,False,2,20230110,1,0.0
440,441,5807.5,10291.863190184047,0,118,False,2,20230110,1,0.0
441,442,5807.5,10827.863190184047,1,107,False,2,20230110,1,0.0
442,443,5807.5,11374.602040816326,6,107,False,2,20230110,1,0.0
443,444,5807.691616766467,11903.317964071855,10,108,False,2,20230110,1,0.0
444,445,5807.600551808707,12443.043838136113,7,116,False,2,20230110,1,0.0
445,446,5807.696078431372,12971.68137254902,5,113,False,2,20230110,1,0.0
446,447,5807.5,13503.863636363636,2,115,False,2,20230110,1,0.0
447,448,5807.780407429598,14040.130317555422,0,0,False,2,20230110,1,0.0
448,449,5807.5,14579.5,5,99,False,2,20230110,1,0.0
449,450,5807.5,15115.5,9,120,False,2,20230110,1,0.0
450,451,5807.308383233533,15647.682035928145,0,113,False,2,20230110,1,0.0
451,452,5807.219592570402,16190.869682444578,3,120,False,2,20230110,1,0.0
452,453,5807.203975535168,16731.225993883792,0,139,False,2,20230110,1,0.0
453,454,5808.315897136177,17266.518118059616,2,118,False,2,20230110,1,0.0
454,455,5807.5,17795.5,9,111,False,2,20230110,1,0.0
455,456,5807.598027495517,18335.04333532576,5,119,False,2,20230110,1,0.0
456,457,5807.686915887851,18867.317757009347,6,112,False,2,20230110,1,0.0
457,458,5807.399694189602,19403.59296636085,8,122,False,2,20230110,1,0.0
458,459,5807.600551808707,19947.04383813612,4,111,False,2,20230110,1,0.0
459,460,5807.322429906542,20482.59813084112,3,104,False,2,20230110,1,0.0
460,461,5807.600551808707,21019.04383813612,2,105,False,2,20230110,1,0.0
461,462,6248.491920447483,929.41671845867,1,1,True,2,20230110,1,0.0
462,463,6250.684516129032,1463.5,0,0,True,2,20230110,1,0.0
463,464,6250.062461538461,1999.2710769230769,0,0,True,2,20230110,1,0.0
464,465,6246.90797940798,2531.5,3,87,False,2,20230110,1,0.0
465,466,6251.103761755486,3067.6855799373043,0,0,False,2,20230110,1,0.0
466,467,6251.402379499695,3607.4048200122015,2,99,False,2,20230110,1,0.0
467,468,6251.30905752754,4135.686046511628,2,106,False,2,20230110,1,0.0
468,469,6251.788685015291,4679.21865443425,5,98,False,2,20230110,1,0.0
469,470,6251.882352941177,5207.5,0,99,False,2,20230110,1,0.0
470,471,6251.600250626567,5747.4047619047615,1,0,True,2,20230110,1,0.0
471,472,6251.600250626567,6275.595238095239,1,118,False,2,20230110,1,0.0
472,473,6251.5,6815.1274509803925,4,98,False,2,20230110,1,0.0
473,474,6251.5,7351.5,8,96,False,2,20230110,1,0.0
474,475,6251.6027617212585,7887.404945407836,5,115,False,2,20230110,1,0.0
475,476,6251.773053892216,8426.853293413174,1,107,False,2,20230110,1,0.0
476,477,6251.5,8951.690231362469,1,105,False,2,20230110,1,0.0
477,478,6251.5,9487.872549019608,3,105,False,2,20230110,1,0.0
478,479,6251.5,10023.872549019608,4,112,False,2,20230110,1,0.0
479,480,6251.69094247246,10559.686046511628,3,111,False,2,20230110,1,0.0
480,481,6251.87298266587,11099.5,1,101,False,2,20230110,1,0.0
481,482,6251.6027617212585,11639.404945407836,2,95,False,2,20230110,1,0.0
482,483,6251.597979179424,12175.032149418248,2,106,False,2,20230110,1,0.0
483,484,6251.796110414053,12707.218946047678,3,103,False,2,20230110,1,0.0
484,485,6251.896238244514,13235.685579937304,5,99,False,2,20230110,1,0.0
485,486,6251.600125156446,13771.595118898624,6,109,False,2,20230110,1,0.0
486,487,6251.795739348371,14307.780701754386,2,109,False,2,20230110,1,0.0
487,488,6251.5,14851.309643080776,5,106,False,2,20230110,1,0.0
488,489,6251.600250626567,15379.40476190476,6,114,False,2,20230110,1,0.0
489,490,6251.5,15919.5,3,105,False,2,20230110,1,0.0
490,491,6251.5,16462.389434889436,0,0,False,2,20230110,1,0.0
491,492,6251.5,16995.30964308078,5,109,False,2,20230110,1,0.0
492,493,6251.605540897098,17531.405013192612,8,118,False,2,20230110,1,0.0
493,494,6251.5,18066.93753923415,3,112,False,2,20230110,1,0.0
494,495,6251.5,18599.5,2,107,False,2,20230110,1,0.0
495,496,6251.5,19139.30964308078,2,123,False,2,20230110,1,0.0
496,497,6251.5,19675.12701733413,4,101,False,2,20230110,1,0.0
497,498,6251.5,20211.30964308078,7,93,False,2,20230110,1,0.0
498,499,6251.399874843554,20755.40488110137,3,99,False,2,20230110,1,0.0
499,500,6251.600250626567,21283.404761904763,11,86,True,2,20230110,1,0.0
500,1,899.004835589942,1464.1473243068988,1,0,False,0,20221101,1,0.15
501,2,898.7570725707257,2000.5971709717096,2,67,False,0,20221101,1,0.15
502,3,899.2132075471698,2532.3352201257862,0,0,False,0,20221101,1,0.15
503,4,899.2132075471698,3068.3352201257862,0,0,False,0,20221101,1,0.15
504,5,899.4020208205757,3607.967850581752,0,0,False,0,20221101,1,0.15
505,6,899.2204169221336,4136.33629675046,1,78,False,0,20221101,1,0.15
506,7,899.4020208205757,4679.967850581751,0,0,False,0,20221101,1,0.15
507,8,899.7795830778664,5208.33629675046,1,75,False,0,20221101,1,0.15
508,9,899.6956112852664,5747.876175548589,2,90,False,0,20221101,1,0.15
509,10,899.204260651629,6275.7807017543855,1,98,False,0,20221101,1,0.15
510,11,899.8779141104294,6816.241104294479,0,0,False,0,20221101,1,0.15
511,12,900.0686274509804,7352.053921568628,0,0,False,0,20221101,1,0.15
512,13,900.3051612903225,7887.866451612903,2,95,False,0,20221101,1,0.15
513,14,900.6003003003003,8428.206306306307,1,91,False,0,20221101,1,0.15
514,15,900.0979381443299,8952.051546391753,0,0,False,0,20221101,1,0.15
515,16,900.2429274292743,9488.59717097171,0,0,False,0,20221101,1,0.15
516,17,901.4233621755252,10024.187268232386,0,0,False,0,20221101,1,0.15
517,18,901.0743368291178,10560.657310302282,3,84,False,0,20221101,1,0.15
518,19,900.5989802039592,11100.224655068989,0,92,False,0,20221101,1,0.15
519,20,899.7005141388174,11639.690231362469,2,97,False,0,20221101,1,0.15
520,21,901.428306551298,12176.889369592089,1,93,False,0,20221101,1,0.15
521,22,900.3805031446541,12707.771698113207,0,91,False,0,20221101,1,0.15
522,23,900.3564231738035,13236.502518891688,1,76,False,0,20221101,1,0.15
523,24,899.9824120603015,13772.14824120603,1,82,False,0,20221101,1,0.15
524,25,900.1607818411097,14308.690416141237,1,83,False,0,20221101,1,0.15
525,26,899.896238244514,14851.685579937304,6,96,False,0,20221101,1,0.15
526,27,899.9824120603015,15380.14824120603,0,78,False,0,20221101,1,0.15
527,28,899.7795830778664,15920.33629675046,1,81,False,0,20221101,1,0.15
528,29,899.6909424724602,16463.68604651163,2,87,False,0,20221101,1,0.15
529,30,899.6956112852664,16995.87617554859,0,0,False,0,20221101,1,0.15
530,31,899.6055408970976,17531.594986807388,0,92,False,0,20221101,1,0.15
531,32,899.5,18067.5,2,92,False,0,20221101,1,0.15
532,33,899.5,18599.690231362467,0,87,False,0,20221101,1,0.15
533,34,899.6002506265664,19139.404761904763,1,83,False,0,20221101,1,0.15
534,35,900.1467065868263,19675.226946107785,0,96,False,0,20221101,1,0.15
535,36,900.0925925925926,20211.5,2,82,False,0,20221101,1,0.15
536,37,900.1842767295598,20754.86603773585,1,69,False,0,20221101,1,0.15
537,38,903.89588688946,21283.309768637533,0,0,False,0,20221101,1,0.15
538,39,1342.8345888261142,1199.9695543000628,0,88,False,0,20221101,1,0.15
539,40,1343.293710691824,1728.4610062893082,0,0,False,0,20221101,1,0.15
540,41,1343.1967699406723,2263.78740936058,0,116,False,0,20221101,1,0.15
541,42,1343.2115987460816,2799.7884012539184,1,106,False,0,20221101,1,0.15
542,43,1343.211959924859,3335.788040075141,1,108,False,0,20221101,1,0.15
543,44,1343.5,3871.694993412385,1,0,False,0,20221101,1,0.15
544,45,1343.5,4407.6952440550685,1,152,False,0,20221101,1,0.15
545,46,1343.5,4943.5,1,116,False,0,20221101,1,0.15
546,47,1343.5975609756097,5479.59756097561,1,0,False,0,20221101,1,0.15
547,48,1343.5951768488746,6011.788102893891,0,199,True,0,20221101,1,0.15
548,49,1343.7790697674418,6544.357322438717,1,0,False,0,20221101,1,0.15
549,50,1343.7002567394095,7083.5,1,120,False,0,20221101,1,0.15
550,51,1344.0771643663738,7623.5,3,108,False,0,20221101,1,0.15
551,52,1343.7884012539184,8151.788401253919,0,0,False,0,20221101,1,0.15
552,53,1343.705533596838,8695.5,0,0,False,0,20221101,1,0.15
553,54,1343.6953727506427,9219.885604113111,0,0,False,0,20221101,1,0.15
554,55,1343.89588688946,9755.690231362469,1,132,False,0,20221101,1,0.15
555,56,1343.399935856318,10291.597498396408,0,0,False,0,20221101,1,0.15
556,57,1344.0824742268042,10828.067010309278,0,0,False,0,20221101,1,0.15
557,58,1344.4319899244333,11374.568010075567,3,134,False,0,20221101,1,0.15
558,59,1343.8859649122808,11903.690476190475,1,131,False,0,20221101,1,0.15
559,60,1343.89588688946,12443.309768637531,3,109,False,0,20221101,1,0.15
560,61,1343.89588688946,12971.690231362469,2,93,False,0,20221101,1,0.15
561,62,1343.690476190476,13503.88596491228,0,0,False,0,20221101,1,0.15
562,63,1343.8859649122808,14039.690476190475,0,0,False,0,20221101,1,0.15
563,64,1343.4044703000611,14579.402020820577,1,131,False,0,20221101,1,0.15
564,65,1343.6953727506427,15115.885604113111,2,120,False,0,20221101,1,0.15
565,66,1343.690476190476,15647.88596491228,3,106,False,0,20221101,1,0.15
566,67,1343.7884012539184,16191.788401253918,0,0,False,0,20221101,1,0.15
567,68,1343.399935856318,16731.402501603592,1,121,False,0,20221101,1,0.15
568,69,1343.6865030674846,17267.308588957054,0,126,False,0,20221101,1,0.15
569,70,1343.5955296999389,17795.98009797918,6,135,False,0,20221101,1,0.15
570,71,1343.5975609756097,18335.40243902439,0,0,False,0,20221101,1,0.15
571,72,1343.5,18867.88235294117,0,0,False,0,20221101,1,0.15
572,73,1343.5,19403.5,0,129,False,0,20221101,1,0.15
573,74,1343.89588688946,19947.309768637533,1,113,True,0,20221101,1,0.15
574,75,1344.0539215686274,20482.93137254902,0,102,True,0,20221101,1,0.15
575,76,1344.1825499034128,21019.03122987765,0,0,False,0,20221101,1,0.15
576,77,1786.8558696988323,928.6923786109404,3,100,True,0,20221101,1,0.15
577,78,1786.6937984496124,1464.37338501292,2,94,False,0,20221101,1,0.15
578,79,1786.9313725490197,2000.053921568628,0,0,False,0,20221101,1,0.15
579,80,1787.2038895859473,2531.781053952321,1,137,False,0,20221101,1,0.15
580,81,1786.442065491184,3068.3110831234258,0,0,False,0,20221101,1,0.15
581,82,1787.970300061237,3608.149112063688,1,120,False,0,20221101,1,0.15
582,83,1787.5979791794243,4135.967850581751,0,0,False,0,20221101,1,0.15
583,84,1787.2204169221336,4679.772225628449,4,140,False,0,20221101,1,0.15
584,85,1787.029699938763,5208.149112063687,0,162,False,0,20221101,1,0.15
585,86,1787.882149591452,5748.053111250786,1,0,False,0,20221101,1,0.15
586,87,1787.9753476611884,6276.870417193426,2,128,False,0,20221101,1,0.15
587,88,1788.0700245700243,6816.055282555282,1,132,False,0,20221101,1,0.15
588,89,1788.0686274509803,7352.053921568628,0,0,False,0,20221101,1,0.15
589,90,1787.9066924066924,7887.685328185328,3,127,False,0,20221101,1,0.15
590,91,1788.4214157168567,8427.5,3,147,False,0,20221101,1,0.15
591,92,1788.8411003236247,8951.057281553398,1,143,False,0,20221101,1,0.15
592,93,1788.9590264941469,9488.74460874923,1,0,False,0,20221101,1,0.15
593,94,1788.5325752919484,10024.31868469576,2,123,False,0,20221101,1,0.15
594,95,1789.3282890673256,10560.925571340333,2,123,False,0,20221101,1,0.15
595,96,1788.2420706163973,11099.868641532015,2,98,False,0,20221101,1,0.15
596,97,1788.1082474226805,11639.5,4,139,False,0,20221101,1,0.15
597,98,1788.8382533825338,12175.657441574416,1,119,True,0,20221101,1,0.15
598,99,1788.3636363636365,13236.671717171715,2,127,False,0,20221101,1,0.15
599,100,1788.083280955374,13772.053111250783,5,197,True,0,20221101,1,0.15
600,101,1788.26214511041,14308.5952681388,1,193,True,0,20221101,1,0.15
601,102,1788.0925925925926,14851.5,0,0,False,0,20221101,1,0.15
602,103,1787.887665198238,15380.240088105727,3,136,False,0,20221101,1,0.15
603,104,1787.8779141104294,15920.24110429448,0,0,False,0,20221101,1,0.15
604,105,1787.7886850152904,16463.409480122325,2,155,False,0,20221101,1,0.15
605,106,1787.795739348371,16995.780701754386,1,129,False,0,20221101,1,0.15
606,107,1787.9177131526767,17531.68506278916,0,0,False,0,20221101,1,0.15
607,108,1787.7003757044458,18067.5,2,139,False,0,20221101,1,0.15
608,109,1787.6027617212587,18599.59505459217,1,131,False,0,20221101,1,0.15
609,110,1787.896238244514,19139.314420062696,1,193,False,0,20221101,1,0.15
610,111,1788.4214157168567,19675.5,1,0,False,0,20221101,1,0.15
611,112,1788.0925925925926,20211.5,1,116,False,0,20221101,1,0.15
612,113,1788.083280955374,20754.94688874921,0,0,False,0,20221101,1,0.15
613,114,1788.294468887492,21283.5,2,100,False,0,20221101,1,0.15
614,115,1791.89588688946,12707.309768637531,1,162,True,0,20221101,1,0.15
615,116,2231.304755944931,1199.5,1,140,True,0,20221101,1,0.15
616,117,2231.6907151819323,1727.8764115432873,2,116,False,0,20221101,1,0.15
617,118,2231.5,2263.5,0,0,False,0,20221101,1,0.15
618,119,2231.5,2799.5,2,342,True,0,20221101,1,0.15
619,120,2231.5,3335.5,1,0,False,0,20221101,1,0.15
620,121,2231.5,3871.5,2,102,False,0,20221101,1,0.15
621,122,2231.695244055069,4407.5,1,135,False,0,20221101,1,0.15
622,123,2231.5,4943.5,4,141,False,0,20221101,1,0.15
623,124,2231.5,5479.5,2,162,False,0,20221101,1,0.15
624,125,2231.6000641436817,6011.402501603592,0,0,False,0,20221101,1,0.15
625,126,2231.690476190476,6543.8859649122805,1,96,False,0,20221101,1,0.15
626,127,2231.89588688946,7083.690231362468,0,1,False,0,20221101,1,0.15
627,128,2232.077164366374,7623.5,2,145,False,0,20221101,1,0.15
628,129,2231.8859649122805,8151.690476190476,1,145,False,0,20221101,1,0.15
629,130,2232.1076618229854,8695.5,2,149,False,0,20221101,1,0.15
630,131,2231.79543994862,9219.787732819525,0,146,False,0,20221101,1,0.15
631,132,2232.182549903413,9755.968770122345,4,201,True,0,20221101,1,0.15
632,133,2232.182549903413,10291.968770122345,1,201,True,0,20221101,1,0.15
633,134,2232.082474226804,10828.067010309278,1,102,False,0,20221101,1,0.15
634,135,2231.6902377972465,11375.304755944931,0,0,False,0,20221101,1,0.15
635,136,2232.165411173886,11903.969554300063,3,145,False,0,20221101,1,0.15
636,137,2231.7002567394097,12443.5,1,136,False,0,20221101,1,0.15
637,138,2232.0817245817248,12972.06628056628,0,0,False,0,20221101,1,0.15
638,139,2232.3332284455632,13504.529578351165,2,94,False,0,20221101,1,0.15
639,140,2232.3332284455632,14040.529578351165,1,135,False,0,20221101,1,0.15
640,141,2232.241104294478,14579.87791411043,1,134,False,0,20221101,1,0.15
641,142,2232.0817245817248,15116.06628056628,2,217,True,0,20221101,1,0.15
642,143,2231.9695543000626,15648.165411173886,2,123,True,0,20221101,1,0.15
643,144,2231.8859649122805,16191.690476190475,1,163,True,0,20221101,1,0.15
644,145,2231.7002567394097,16731.5,0,103,False,0,20221101,1,0.15
645,146,2232.241104294478,17267.681595092025,1,148,False,0,20221101,1,0.15
646,147,2232.053921568628,17796.06862745098,1,155,False,0,20221101,1,0.15
647,148,2231.8859649122805,18335.69047619048,1,134,False,0,20221101,1,0.15
648,149,2232.33629675046,18867.220416922133,1,96,False,0,20221101,1,0.15
649,150,2231.79543994862,19403.787732819525,2,83,False,0,20221101,1,0.15
650,151,2231.89588688946,19947.309768637533,0,157,True,0,20221101,1,0.15
651,152,2232.33629675046,20483.220416922133,2,153,True,0,20221101,1,0.15
652,153,2231.89588688946,21019.309768637533,0,99,False,0,20221101,1,0.15
653,154,2674.93137254902,928.0539215686274,1,135,True,0,20221101,1,0.15
654,155,2677.859493670886,1462.4012658227848,1,123,False,0,20221101,1,0.15
655,156,2675.406919779547,1999.776791181874,5,138,False,0,20221101,1,0.15
656,157,2674.90666247643,2531.489943431804,1,230,False,0,20221101,1,0.15
657,158,2675.1173694147265,3068.04877281309,2,136,False,0,20221101,1,0.15
658,159,2674.6416309012875,3607.7722256284487,2,117,False,0,20221101,1,0.15
659,160,2678.221252257676,4135.150812763395,0,0,False,0,20221101,1,0.15
660,161,2679.5,4679.5,0,91,False,0,20221101,1,0.15
661,162,2678.2738452309536,5208.111877624475,2,146,False,0,20221101,1,0.15
662,163,2679.5,5747.5,0,0,False,0,20221101,1,0.15
663,164,2680.4987699877,6275.849323493235,1,104,False,0,20221101,1,0.15
664,165,2679.882775119617,6815.5,2,128,False,0,20221101,1,0.15
665,166,2680.2616766467067,7351.859281437126,4,144,False,0,20221101,1,0.15
666,167,2680.236225087925,8427.317116060962,1,0,False,0,20221101,1,0.15
667,168,2679.907035175879,8951.680904522613,1,155,False,0,20221101,1,0.15
668,169,2679.211389385808,9487.774299344066,4,135,False,0,20221101,1,0.15
669,170,2680.0693779904304,10024.04066985646,0,0,False,0,20221101,1,0.15
670,171,2681.5253470126736,10560.709414604707,1,131,False,0,20221101,1,0.15
671,172,2680.147574517826,11099.766510812393,0,0,False,0,20221101,1,0.15
672,173,2680.1638705811865,12175.766027561414,0,133,False,0,20221101,1,0.15
673,174,2680.093137254902,12707.5,0,0,False,0,20221101,1,0.15
674,175,2680.0840490797545,13236.039877300613,2,0,False,0,20221101,1,0.15
675,176,2679.796024464832,13771.774006116208,2,103,False,0,20221101,1,0.15
676,177,2680.459409594096,14308.385608856088,3,214,True,0,20221101,1,0.15
677,178,2679.896572827417,14851.681150550796,1,257,True,0,20221101,1,0.15
678,179,2680.0840490797545,15380.039877300613,2,273,True,0,20221101,1,0.15
679,180,2680.0693779904304,15920.04066985646,0,0,False,0,20221101,1,0.15
680,181,2679.980573819486,16463.406754333533,2,124,False,0,20221101,1,0.15
681,182,2679.896572827417,16995.681150550794,0,76,False,0,20221101,1,0.15
682,183,2679.605602060528,17531.592723760463,4,241,True,0,20221101,1,0.15
683,184,2679.9935543278084,18067.58348680172,1,130,False,0,20221101,1,0.15
684,185,2679.80923947203,18599.42206159648,0,0,False,0,20221101,1,0.15
685,186,2680.1876155268023,19139.214109673445,1,136,False,0,20221101,1,0.15
686,187,2680.4227166276346,19675.5,4,146,False,0,20221101,1,0.15
687,188,2679.700488997555,20211.5,0,0,False,0,20221101,1,0.15
688,189,2679.7963870177587,20755.22565829761,1,163,True,0,20221101,1,0.15
689,190,2680.093137254902,21283.5,2,119,True,0,20221101,1,0.15
690,191,2683.602761721259,7887.595054592164,1,170,False,0,20221101,1,0.15
691,192,2683.9025806451614,11639.5,0,122,False,0,20221101,1,0.15
692,193,3130.359950859951,1199.5,1,124,False,0,20221101,1,0.15
693,194,3125.668888888889,1728.9653968253967,3,151,False,0,20221101,1,0.15
694,195,3131.397238278741,2263.5950545921646,1,0,False,0,20221101,1,0.15
695,196,3127.2105097545627,2799.7794210195093,1,146,False,0,20221101,1,0.15
696,197,3129.775092936803,3336.6995043370507,3,125,False,0,20221101,1,0.15
697,198,3131.397238278741,3871.5950545921646,0,0,True,0,20221101,1,0.15
698,199,3130.726600985221,4406.869458128079,0,242,True,0,20221101,1,0.15
699,200,3130.9945196647323,4943.595422308188,0,271,True,0,20221101,1,0.15
700,201,3131.402260232132,5479.404703726329,0,191,True,0,20221101,1,0.15
701,202,3131.203889585948,6011.781053952322,0,140,False,0,20221101,1,0.15
702,203,3131.1220858895704,6544.241104294479,2,233,True,0,20221101,1,0.15
703,204,3131.6001251564458,7083.595118898624,2,231,True,0,20221101,1,0.15
704,205,3131.5,7623.127450980392,0,229,True,0,20221101,1,0.15
705,206,3131.5,8151.872549019607,2,258,False,0,20221101,1,0.15
706,207,3131.5,8695.309768637531,0,198,False,0,20221101,1,0.15
707,208,3131.6956112852663,9219.876175548588,1,122,False,0,20221101,1,0.15
708,209,3131.7961104140527,9755.781053952322,3,141,False,0,20221101,1,0.15
709,210,3131.7961104140527,10291.781053952322,1,0,False,0,20221101,1,0.15
710,211,3131.5,10828.06246076585,2,153,False,0,20221101,1,0.15
711,212,3131.779926335175,11374.854205033764,3,157,False,0,20221101,1,0.15
712,213,3131.6909424724604,11903.686046511628,1,103,False,0,20221101,1,0.15
713,214,3131.6002506265663,12443.40476190476,1,137,False,0,20221101,1,0.15
714,215,3131.7961104140527,12971.781053952322,0,0,False,0,20221101,1,0.15
715,216,3131.7795830778664,13504.33629675046,1,150,False,0,20221101,1,0.15
716,217,3131.7795830778664,14040.33629675046,3,194,True,0,20221101,1,0.15
717,218,3131.960431654676,14579.960431654676,1,154,False,0,20221101,1,0.15
718,219,3131.6956112852663,15115.876175548588,0,236,True,0,20221101,1,0.15
719,220,3131.5,15648.063035495716,0,124,False,0,20221101,1,0.15
720,221,3131.8823529411766,16191.5,1,97,False,0,20221101,1,0.15
721,222,3131.5,16731.30964308078,1,137,False,0,20221101,1,0.15
722,223,3131.6862686567165,17267.313731343285,2,144,False,0,20221101,1,0.15
723,224,3131.313953488372,17795.68604651163,2,163,False,0,20221101,1,0.15
724,225,3131.6909424724604,18335.31395348837,1,0,False,0,20221101,1,0.15
725,226,3131.68671454219,18867.68671454219,0,0,False,0,20221101,1,0.15
726,227,3131.700375704446,19403.5,0,0,False,0,20221101,1,0.15
727,228,3131.5,19947.5,1,154,False,0,20221101,1,0.15
728,229,3131.782634730539,20482.661676646705,0,107,False,0,20221101,1,0.15
729,230,3131.7961104140527,21019.21894604768,0,123,False,0,20221101,1,0.15
730,231,3570.6416309012875,927.7722256284488,0,96,False,0,20221101,1,0.15
731,232,3571.5,1463.5,0,0,False,0,20221101,1,0.15
732,233,3569.9433497536947,2000.5147783251232,1,137,False,0,20221101,1,0.15
733,234,3571.3043887147337,2531.1238244514107,1,0,False,0,20221101,1,0.15
734,235,3571.8962382445143,3067.6855799373043,0,142,False,0,20221101,1,0.15
735,236,3571.5,3607.309523809524,0,151,False,0,20221101,1,0.15
736,237,3571.597620500305,4135.595179987798,3,132,False,0,20221101,1,0.15
737,238,3571.5,4679.5,0,240,True,0,20221101,1,0.15
738,239,3571.88630806846,5207.6858190709045,1,146,False,0,20221101,1,0.15
739,240,3571.7961104140527,5747.590338770389,4,142,False,0,20221101,1,0.15
740,241,3571.8962382445143,6275.314420062696,1,219,True,0,20221101,1,0.15
741,242,3571.69536019536,6815.5,1,149,False,0,20221101,1,0.15
742,243,3572.166258420086,7351.041947336191,0,143,False,0,20221101,1,0.15
743,244,3571.7056555269924,7887.5,2,128,False,0,20221101,1,0.15
744,245,3572.5167865707435,8427.404076738609,0,0,False,0,20221101,1,0.15
745,246,3571.9066924066924,8951.685328185327,0,0,False,0,20221101,1,0.15
746,247,3572.260736196319,9487.86809815951,0,0,False,0,20221101,1,0.15
747,248,3572.260736196319,10023.86809815951,0,299,True,0,20221101,1,0.15
748,249,3572.0686274509803,10560.053921568628,0,94,False,0,20221101,1,0.15
749,250,3574.511180124224,11097.66645962733,0,0,False,0,20221101,1,0.15
750,251,3572.00998068255,11639.404700579524,1,133,True,0,20221101,1,0.15
751,252,3572.3583690987125,12175.227774371551,0,1,False,0,20221101,1,0.15
752,253,3572.0925925925926,12707.5,1,265,False,0,20221101,1,0.15
753,254,3572.0825486503454,13236.052416823602,0,135,False,0,20221101,1,0.15
754,255,3571.8962382445143,13771.685579937304,0,137,False,0,20221101,1,0.15
755,256,3572.183417085427,14307.957286432162,0,0,False,0,20221101,1,0.15
756,257,3571.700375704446,14851.5,0,0,False,0,20221101,1,0.15
757,258,3572.183417085427,15379.957286432162,1,150,False,0,20221101,1,0.15
758,259,3572.3583690987125,15919.772225628449,3,135,False,0,20221101,1,0.15
759,260,3571.88630806846,16463.314180929094,0,140,False,0,20221101,1,0.15
760,261,3572.0925925925926,16995.5,2,87,False,0,20221101,1,0.15
761,262,3571.6055408970974,17531.594986807388,2,158,False,0,20221101,1,0.15
762,263,3571.6001251564458,18067.40488110137,2,153,False,0,20221101,1,0.15
763,264,3571.602761721259,18599.59505459217,1,212,True,0,20221101,1,0.15
764,265,3572.0925925925926,19139.5,4,219,True,0,20221101,1,0.15
765,266,3572.5167865707435,19675.59592326139,3,220,True,0,20221101,1,0.15
766,267,3572.0925925925926,20211.5,2,141,False,0,20221101,1,0.15
767,268,3572.183417085427,20755.04271356784,2,128,False,0,20221101,1,0.15
768,269,3572.0925925925926,21283.5,0,83,False,0,20221101,1,0.15
769,270,4023.1235884567127,1199.1135508155585,1,0,False,0,20221101,1,0.15
770,271,4023.4024390243903,1727.5975609756097,1,0,False,0,20221101,1,0.15
771,272,4023.5,2263.5,2,126,False,0,20221101,1,0.15
772,273,4023.5,2799.304755944931,0,105,False,0,20221101,1,0.15
773,274,4023.22057898049,3335.7794210195093,2,147,False,0,20221101,1,0.15
774,275,4023.6026991441736,3871.597432521396,0,0,False,0,20221101,1,0.15
775,276,4023.6911949685536,4407.308805031446,1,227,True,0,20221101,1,0.15
776,277,4023.3973008558255,4943.597432521396,2,142,False,0,20221101,1,0.15
777,278,4023.690476190476,5479.11403508772,1,147,False,0,20221101,1,0.15
778,279,4023.6000641436817,6011.597498396408,2,201,True,0,20221101,1,0.15
779,280,4023.690476190476,6543.8859649122805,0,0,False,0,20221101,1,0.15
780,281,4023.7002567394097,7083.5,0,111,False,0,20221101,1,0.15
781,282,4023.7884012539184,7623.211598746081,1,115,False,0,20221101,1,0.15
782,283,4023.885964912281,8151.690476190476,2,139,False,0,20221101,1,0.15
783,284,4023.6026991441736,8695.402567478604,0,0,False,0,20221101,1,0.15
784,285,4023.7954399486193,9219.787732819525,0,0,False,0,20221101,1,0.15
785,286,4023.89588688946,9755.690231362469,1,144,False,0,20221101,1,0.15
786,287,4023.89588688946,10291.690231362469,0,0,False,0,20221101,1,0.15
787,288,4023.6953727506425,10827.885604113111,2,196,True,0,20221101,1,0.15
788,289,4023.7884012539184,11375.211598746082,1,216,True,0,20221101,1,0.15
789,290,4023.885964912281,11903.690476190475,1,154,False,0,20221101,1,0.15
790,291,4023.7002567394097,12443.5,2,137,False,0,20221101,1,0.15
791,292,4023.7954399486193,12971.787732819525,1,138,False,0,20221101,1,0.15
792,293,4023.969554300063,13504.165411173886,2,128,False,0,20221101,1,0.15
793,294,4023.885964912281,14039.690476190475,2,153,False,0,20221101,1,0.15
794,295,4023.87652811736,14579.690709046456,2,155,False,0,20221101,1,0.15
795,296,4023.7954399486193,15115.787732819525,1,185,True,0,20221101,1,0.15
796,297,4023.5975609756097,15647.40243902439,0,0,False,0,20221101,1,0.15
797,298,4023.5,16191.5,1,142,False,0,20221101,1,0.15
798,299,4023.6000641436817,16731.402501603592,1,135,False,0,20221101,1,0.15
799,300,4023.4048200122015,17267.402379499694,1,102,False,0,20221101,1,0.15
800,301,4024.053921568628,17796.06862745098,4,136,False,0,20221101,1,0.15
801,302,4023.695244055069,18335.5,6,134,False,0,20221101,1,0.15
802,303,4023.5,18867.5,1,143,False,0,20221101,1,0.15
803,304,4023.6000641436817,19403.597498396408,5,147,False,0,20221101,1,0.15
804,305,4023.89588688946,19947.309768637533,2,131,False,0,20221101,1,0.15
805,306,4023.314180929096,20483.11369193154,0,0,False,0,20221101,1,0.15
806,307,4023.6000641436817,21019.402501603592,2,115,False,0,20221101,1,0.15
807,308,4467.308588957055,927.6865030674846,1,93,False,0,20221101,1,0.15
808,309,4467.6027617212585,1463.5950545921644,2,130,False,0,20221101,1,0.15
809,310,4467.69094247246,1999.686046511628,2,109,False,0,20221101,1,0.15
810,311,4467.5,2531.5,2,87,False,0,20221101,1,0.15
811,312,4467.103264281231,3067.133396107972,1,140,False,0,20221101,1,0.15
812,313,4467.597620500305,3607.5951799877976,1,211,True,0,20221101,1,0.15
813,314,4468.0700245700245,4135.490171990172,2,240,True,0,20221101,1,0.15
814,315,4467.790461538461,4678.6704615384615,1,96,False,0,20221101,1,0.15
815,316,4467.220416922134,5207.772225628449,2,146,False,0,20221101,1,0.15
816,317,4467.600250626567,5747.4047619047615,0,0,False,0,20221101,1,0.15
817,318,4467.695611285267,6275.876175548589,3,133,False,0,20221101,1,0.15
818,319,4468.067931456549,6814.9467564259485,1,105,False,0,20221101,1,0.15
819,320,4467.69094247246,7351.686046511628,3,146,False,0,20221101,1,0.15
820,321,4467.705655526992,7887.5,2,194,True,0,20221101,1,0.15
821,322,4467.9604316546765,8427.039568345324,0,200,True,0,20221101,1,0.15
822,323,4467.803536977492,8951.78038585209,1,0,False,0,20221101,1,0.15
823,324,4467.779926335175,9488.145794966236,1,198,True,0,20221101,1,0.15
824,325,4467.970876762723,10023.958614347026,2,194,True,0,20221101,1,0.15
825,326,4467.779926335175,10560.145794966236,1,154,False,0,20221101,1,0.15
826,327,4467.773709483794,11099.773709483794,1,95,False,0,20221101,1,0.15
827,328,4467.705655526992,11639.5,3,140,False,0,20221101,1,0.15
828,329,4467.691411042945,12175.313496932517,0,228,True,0,20221101,1,0.15
829,330,4467.992462311558,12707.404522613066,1,214,True,0,20221101,1,0.15
830,331,4467.982412060302,13236.14824120603,1,97,False,0,20221101,1,0.15
831,332,4467.695611285267,13771.876175548588,1,1,False,0,20221101,1,0.15
832,333,4467.78679245283,14308.335220125786,4,124,False,0,20221101,1,0.15
833,334,4467.700375704446,14851.5,4,147,False,0,20221101,1,0.15
834,335,4467.695611285267,15379.876175548588,2,201,True,0,20221101,1,0.15
835,336,4467.69094247246,15919.686046511628,0,0,False,0,20221101,1,0.15
836,337,4467.597979179424,16463.03214941825,3,224,True,0,20221101,1,0.15
837,338,4467.796110414053,16995.590338770387,3,209,True,0,20221101,1,0.15
838,339,4467.812169312169,17531.589947089946,2,155,False,0,20221101,1,0.15
839,340,4467.304143126177,18067.314187068423,5,115,False,0,20221101,1,0.15
840,341,4467.6027617212585,18599.59505459217,1,217,True,0,20221101,1,0.15
841,342,4467.992462311558,19139.59547738693,2,142,False,0,20221101,1,0.15
842,343,4467.9604316546765,19675.586330935253,2,111,False,0,20221101,1,0.15
843,344,4467.992462311558,20211.404522613066,0,96,False,0,20221101,1,0.15
844,345,4467.695611285267,20755.87617554859,3,123,False,0,20221101,1,0.15
845,346,4467.600250626567,21283.404761904763,3,93,False,0,20221101,1,0.15
846,347,4910.279048765804,1198.8762793497892,0,42,False,0,20221101,1,0.15
847,348,4909.975961538462,1726.3557692307693,0,180,True,0,20221101,1,0.15
848,349,4911.294228356336,2263.5,1,202,True,0,20221101,1,0.15
849,350,4910.738323353294,2799.859281437126,0,161,True,0,20221101,1,0.15
850,351,4910.551497005988,3335.32754491018,0,159,True,0,20221101,1,0.15
851,352,4911.092964824121,3871.680904522613,2,111,False,0,20221101,1,0.15
852,353,4911.308383233533,4407.317964071856,1,141,False,0,20221101,1,0.15
853,354,4911.298994974874,4943.133165829146,2,125,False,0,20221101,1,0.15
854,355,4911.308841099164,5479.318399044206,2,145,False,0,20221101,1,0.15
855,356,4911.696078431372,6011.318627450981,0,0,False,0,20221101,1,0.15
856,357,4911.308383233533,6543.682035928144,0,0,False,0,20221101,1,0.15
857,358,4911.796387017759,7083.225658297612,0,0,False,0,20221101,1,0.15
858,359,4912.070743405276,7622.958033573142,0,195,True,0,20221101,1,0.15
859,360,4911.5,8151.5,1,160,False,0,20221101,1,0.15
860,361,4911.5,8694.951572327043,1,121,False,0,20221101,1,0.15
861,362,4911.696078431372,9219.68137254902,1,131,False,0,20221101,1,0.15
862,363,4911.69656019656,9755.681818181818,3,182,False,0,20221101,1,0.15
863,364,4911.5,10291.863190184047,2,156,False,0,20221101,1,0.15
864,365,4911.5,10827.863190184047,1,140,False,0,20221101,1,0.15
865,366,4911.5,11374.602040816326,4,147,False,0,20221101,1,0.15
866,367,4911.780407429598,11902.869682444578,4,178,True,0,20221101,1,0.15
867,368,4911.600551808707,12443.043838136113,2,215,True,0,20221101,1,0.15
868,369,4911.696078431372,12971.68137254902,4,115,False,0,20221101,1,0.15
869,370,4911.780407429598,13504.130317555422,0,129,False,0,20221101,1,0.15
870,371,4911.780407429598,14040.130317555422,2,160,False,0,20221101,1,0.15
871,372,4911.774165202109,14579.232864674868,0,117,False,0,20221101,1,0.15
872,373,4911.696078431372,15115.68137254902,1,145,False,0,20221101,1,0.15
873,374,4911.780407429598,15648.130317555422,0,0,False,0,20221101,1,0.15
874,375,4911.5,16191.136363636364,0,0,False,0,20221101,1,0.15
875,376,4911.5,16731.5,1,131,False,0,20221101,1,0.15
876,377,4911.869158878505,17266.77570093458,2,211,True,0,20221101,1,0.15
877,378,4911.877182770663,17795.681606519207,5,201,True,0,20221101,1,0.15
878,379,4912.261676646706,18335.32754491018,0,0,False,0,20221101,1,0.15
879,380,4912.056725146199,18867.49064327485,0,0,False,0,20221101,1,0.15
880,381,4911.696078431372,19403.68137254902,0,0,False,0,20221101,1,0.15
881,382,4911.796387017759,19947.22565829761,3,127,False,0,20221101,1,0.15
882,383,4911.961088355763,20483.050614394386,1,138,False,0,20221101,1,0.15
883,384,4911.888206388207,21018.77764127764,0,0,False,0,20221101,1,0.15
884,385,5354.359950859951,927.5,0,0,False,0,20221101,1,0.15
885,386,5355.3972382787415,1463.4049454078356,2,116,True,0,20221101,1,0.15
886,387,5354.355036855037,1999.8341523341523,0,188,True,0,20221101,1,0.15
887,388,5355.103761755486,2531.314420062696,0,0,False,0,20221101,1,0.15
888,389,5355.299624295554,3067.5,0,0,False,0,20221101,1,0.15
889,390,5355.5,3607.309523809524,1,159,True,0,20221101,1,0.15
890,391,5355.5,4135.5,2,168,True,0,20221101,1,0.15
891,392,5355.87791411043,4678.758895705521,0,0,False,0,20221101,1,0.15
892,393,5355.69094247246,5207.313953488372,2,224,True,0,20221101,1,0.15
893,394,5355.695611285267,5747.123824451411,0,225,True,0,20221101,1,0.15
894,395,5355.600250626567,6275.4047619047615,3,186,True,0,20221101,1,0.15
895,396,5355.5,6815.1274509803925,2,244,True,0,20221101,1,0.15
896,397,5355.597739767868,7351.404703726329,2,182,True,0,20221101,1,0.15
897,398,5355.6027617212585,7887.404945407836,0,0,False,0,20221101,1,0.15
898,399,5355.868641532017,8426.757929383602,0,180,True,0,20221101,1,0.15
899,400,5355.6027617212585,8951.595054592164,0,0,False,0,20221101,1,0.15
900,401,5355.69094247246,9487.686046511628,37,115,True,0,20221101,1,0.15
901,402,5355.882352941177,10023.5,1,2,False,0,20221101,1,0.15
902,403,5355.788685015291,10559.781345565749,0,96,False,0,20221101,1,0.15
903,404,5355.87298266587,11099.5,2,131,False,0,20221101,1,0.15
904,405,5355.803536977492,11639.21961414791,0,0,True,0,20221101,1,0.15
905,406,5355.788685015291,12175.218654434251,3,125,False,0,20221101,1,0.15
906,407,5355.796110414053,12707.218946047678,2,148,False,0,20221101,1,0.15
907,408,5355.896238244514,13235.685579937304,3,166,True,0,20221101,1,0.15
908,409,5355.700375704446,13771.5,2,144,True,0,20221101,1,0.15
909,410,5355.796110414053,14307.781053952322,1,121,False,0,20221101,1,0.15
910,411,5355.600125156446,14851.404881101376,2,145,False,0,20221101,1,0.15
911,412,5355.700375704446,15379.5,1,147,False,0,20221101,1,0.15
912,413,5355.88630806846,15919.685819070904,4,117,False,0,20221101,1,0.15
913,414,5355.5,16462.936964504283,4,137,False,0,20221101,1,0.15
914,415,5355.896238244514,16995.314420062696,1,133,False,0,20221101,1,0.15
915,416,5355.917713152677,17531.31493721084,2,147,False,0,20221101,1,0.15
916,417,5355.795739348371,18067.21929824561,0,0,False,0,20221101,1,0.15
917,418,5355.6027617212585,18599.59505459217,2,0,False,0,20221101,1,0.15
918,419,5355.700375704446,19139.5,1,147,False,0,20221101,1,0.15
919,420,5355.968339307049,19675.40442054958,1,113,False,0,20221101,1,0.15
920,421,5355.600125156446,20211.40488110137,3,97,False,0,20221101,1,0.15
921,422,5355.795739348371,20755.21929824561,2,142,False,0,20221101,1,0.15
922,423,5355.700375704446,21283.5,2,84,False,0,20221101,1,0.15
923,424,5806.541916167665,1199.3179640718563,0,99,False,0,20221101,1,0.15
924,425,5806.328331332533,1727.2454981992796,0,0,False,0,20221101,1,0.15
925,426,5806.901257861635,2262.9616352201256,2,128,False,0,20221101,1,0.15
926,427,5807.019426180514,2799.4067543335327,0,0,False,0,20221101,1,0.15
927,428,5807.204504504504,3335.262162162162,1,134,True,0,20221101,1,0.15
928,429,5807.705771643664,3871.5,1,127,False,0,20221101,1,0.15
929,430,5807.308383233533,4407.317964071856,4,172,True,0,20221101,1,0.15
930,431,5807.397049591965,4943.407093534212,4,158,True,0,20221101,1,0.15
931,432,5807.5,5479.136363636364,0,180,True,0,20221101,1,0.15
932,433,5807.5,6011.5,0,0,False,0,20221101,1,0.15
933,434,5807.317964071856,6544.223353293413,0,0,False,0,20221101,1,0.15
934,435,5807.303921568628,7083.318627450981,0,193,True,0,20221101,1,0.15
935,436,5807.5,7623.136363636364,1,153,False,0,20221101,1,0.15
936,437,5807.5,8151.5,1,210,True,0,20221101,1,0.15
937,438,5807.5,8694.951572327043,2,108,False,0,20221101,1,0.15
938,439,5807.399448191293,9219.956161863887,2,161,True,0,20221101,1,0.15
939,440,5807.303921568628,9755.68137254902,0,0,False,0,20221101,1,0.15
940,441,5807.5,10291.863190184047,0,0,False,0,20221101,1,0.15
941,442,5807.5,10827.863190184047,1,140,False,0,20221101,1,0.15
942,443,5807.5,11374.602040816326,1,145,False,0,20221101,1,0.15
943,444,5807.691616766467,11903.317964071855,1,131,False,0,20221101,1,0.15
944,445,5807.600551808707,12443.043838136113,0,0,False,0,20221101,1,0.15
945,446,5807.696078431372,12971.68137254902,2,116,False,0,20221101,1,0.15
946,447,5807.5,13503.863636363636,2,98,False,0,20221101,1,0.15
947,448,5807.780407429598,14040.130317555422,1,112,False,0,20221101,1,0.15
948,449,5807.5,14579.5,3,140,False,0,20221101,1,0.15
949,450,5807.5,15115.5,1,145,False,0,20221101,1,0.15
950,451,5807.308383233533,15647.682035928145,0,0,False,0,20221101,1,0.15
951,452,5807.219592570402,16190.869682444578,2,137,False,0,20221101,1,0.15
952,453,5807.203975535168,16731.225993883792,1,114,False,0,20221101,1,0.15
953,454,5808.315897136177,17266.518118059616,1,122,False,0,20221101,1,0.15
954,455,5807.5,17795.5,2,102,False,0,20221101,1,0.15
955,456,5807.598027495517,18335.04333532576,0,137,False,0,20221101,1,0.15
956,457,5807.686915887851,18867.317757009347,3,137,False,0,20221101,1,0.15
957,458,5807.399694189602,19403.59296636085,2,103,False,0,20221101,1,0.15
958,459,5807.600551808707,19947.04383813612,2,125,False,0,20221101,1,0.15
959,460,5807.322429906542,20482.59813084112,2,119,False,0,20221101,1,0.15
960,461,5807.600551808707,21019.04383813612,1,103,False,0,20221101,1,0.15
961,462,6248.491920447483,929.41671845867,0,0,False,0,20221101,1,0.15
962,463,6250.684516129032,1463.5,1,63,False,0,20221101,1,0.15
963,464,6250.062461538461,1999.2710769230769,2,77,False,0,20221101,1,0.15
964,465,6246.90797940798,2531.5,0,0,False,0,20221101,1,0.15
965,466,6251.103761755486,3067.6855799373043,1,129,True,0,20221101,1,0.15
966,467,6251.402379499695,3607.4048200122015,0,0,False,0,20221101,1,0.15
967,468,6251.30905752754,4135.686046511628,1,87,False,0,20221101,1,0.15
968,469,6251.788685015291,4679.21865443425,3,142,True,0,20221101,1,0.15
969,470,6251.882352941177,5207.5,0,107,False,0,20221101,1,0.15
970,471,6251.600250626567,5747.4047619047615,0,0,False,0,20221101,1,0.15
971,472,6251.600250626567,6275.595238095239,2,108,False,0,20221101,1,0.15
972,473,6251.5,6815.1274509803925,0,154,True,0,20221101,1,0.15
973,474,6251.5,7351.5,2,223,True,0,20221101,1,0.15
974,475,6251.6027617212585,7887.404945407836,1,94,False,0,20221101,1,0.15
975,476,6251.773053892216,8426.853293413174,1,99,False,0,20221101,1,0.15
976,477,6251.5,8951.690231362469,1,84,False,0,20221101,1,0.15
977,478,6251.5,9487.872549019608,5,110,False,0,20221101,1,0.15
978,479,6251.5,10023.872549019608,1,208,True,0,20221101,1,0.15
979,480,6251.69094247246,10559.686046511628,0,119,False,0,20221101,1,0.15
980,481,6251.87298266587,11099.5,0,0,False,0,20221101,1,0.15
981,482,6251.6027617212585,11639.404945407836,0,140,False,0,20221101,1,0.15
982,483,6251.597979179424,12175.032149418248,1,141,True,0,20221101,1,0.15
983,484,6251.796110414053,12707.218946047678,1,40,True,0,20221101,1,0.15
984,485,6251.896238244514,13235.685579937304,1,109,True,0,20221101,1,0.15
985,486,6251.600125156446,13771.595118898624,2,128,False,0,20221101,1,0.15
986,487,6251.795739348371,14307.780701754386,0,124,False,0,20221101,1,0.15
987,488,6251.5,14851.309643080776,0,0,False,0,20221101,1,0.15
988,489,6251.600250626567,15379.40476190476,0,0,False,0,20221101,1,0.15
989,490,6251.5,15919.5,1,124,False,0,20221101,1,0.15
990,491,6251.5,16462.389434889436,1,101,False,0,20221101,1,0.15
991,492,6251.5,16995.30964308078,1,0,False,0,20221101,1,0.15
992,493,6251.605540897098,17531.405013192612,1,131,False,0,20221101,1,0.15
993,494,6251.5,18066.93753923415,0,0,False,0,20221101,1,0.15
994,495,6251.5,18599.5,0,98,False,0,20221101,1,0.15
995,496,6251.5,19139.30964308078,4,94,False,0,20221101,1,0.15
996,497,6251.5,19675.12701733413,0,0,False,0,20221101,1,0.15
997,498,6251.5,20211.30964308078,0,0,False,0,20221101,1,0.15
998,499,6251.399874843554,20755.40488110137,2,81,False,0,20221101,1,0.15
999,500,6251.600250626567,21283.404761904763,1,63,False,0,20221101,1,0.15
500,1,899.004835589942,1464.1473243068988,2,130,False,1,20221101,2,0.15
501,2,898.7570725707257,2000.5971709717096,1,47,False,1,20221101,2,0.15
502,3,899.2132075471698,2532.3352201257862,7,142,False,1,20221101,2,0.15
503,4,899.2132075471698,3068.3352201257862,4,100,False,1,20221101,2,0.15
504,5,899.4020208205757,3607.967850581752,24,41,False,1,20221101,2,0.15
505,6,899.2204169221336,4136.33629675046,2,12,False,1,20221101,2,0.15
506,7,899.4020208205757,4679.967850581751,1,7,False,1,20221101,2,0.15
507,8,899.7795830778664,5208.33629675046,0,1,False,1,20221101,2,0.15
508,9,899.6956112852664,5747.876175548589,0,130,False,1,20221101,2,0.15
509,10,899.204260651629,6275.7807017543855,1,4,False,1,20221101,2,0.15
510,11,899.8779141104294,6816.241104294479,1,114,False,1,20221101,2,0.15
511,12,900.0686274509804,7352.053921568628,4,101,False,1,20221101,2,0.15
512,13,900.3051612903225,7887.866451612903,7,111,False,1,20221101,2,0.15
513,14,900.6003003003003,8428.206306306307,4,94,False,1,20221101,2,0.15
514,15,900.0979381443299,8952.051546391753,5,108,False,1,20221101,2,0.15
515,16,900.2429274292743,9488.59717097171,5,108,False,1,20221101,2,0.15
516,17,901.4233621755252,10024.187268232386,2,101,False,1,20221101,2,0.15
517,18,901.0743368291178,10560.657310302282,2,113,False,1,20221101,2,0.15
518,19,900.5989802039592,11100.224655068989,3,119,False,1,20221101,2,0.15
519,20,899.7005141388174,11639.690231362469,4,139,False,1,20221101,2,0.15
520,21,901.428306551298,12176.889369592089,31,139,True,1,20221101,2,0.15
521,22,900.3805031446541,12707.771698113207,3,169,False,1,20221101,2,0.15
522,23,900.3564231738035,13236.502518891688,2,130,False,1,20221101,2,0.15
523,24,899.9824120603015,13772.14824120603,6,110,False,1,20221101,2,0.15
524,25,900.1607818411097,14308.690416141237,2,104,False,1,20221101,2,0.15
525,26,899.896238244514,14851.685579937304,2,127,False,1,20221101,2,0.15
526,27,899.9824120603015,15380.14824120603,3,97,False,1,20221101,2,0.15
527,28,899.7795830778664,15920.33629675046,6,12,False,1,20221101,2,0.15
528,29,899.6909424724602,16463.68604651163,7,113,False,1,20221101,2,0.15
529,30,899.6956112852664,16995.87617554859,5,108,False,1,20221101,2,0.15
530,31,899.6055408970976,17531.594986807388,5,102,False,1,20221101,2,0.15
531,32,899.5,18067.5,7,92,False,1,20221101,2,0.15
532,33,899.5,18599.690231362467,4,96,False,1,20221101,2,0.15
533,34,899.6002506265664,19139.404761904763,5,101,False,1,20221101,2,0.15
534,35,900.1467065868263,19675.226946107785,10,103,False,1,20221101,2,0.15
535,36,900.0925925925926,20211.5,5,97,False,1,20221101,2,0.15
536,37,900.1842767295598,20754.86603773585,17,96,False,1,20221101,2,0.15
537,38,903.89588688946,21283.309768637533,3,86,False,1,20221101,2,0.15
538,39,1342.8345888261142,1199.9695543000628,1,123,False,1,20221101,2,0.15
539,40,1343.293710691824,1728.4610062893082,1,123,False,1,20221101,2,0.15
540,41,1343.1967699406723,2263.78740936058,3,219,True,1,20221101,2,0.15
541,42,1343.2115987460816,2799.7884012539184,1,138,False,1,20221101,2,0.15
542,43,1343.211959924859,3335.788040075141,8,140,False,1,20221101,2,0.15
543,44,1343.5,3871.694993412385,3,136,False,1,20221101,2,0.15
544,45,1343.5,4407.6952440550685,4,118,False,1,20221101,2,0.15
545,46,1343.5,4943.5,1,91,False,1,20221101,2,0.15
546,47,1343.5975609756097,5479.59756097561,1,114,False,1,20221101,2,0.15
547,48,1343.5951768488746,6011.788102893891,1,117,False,1,20221101,2,0.15
548,49,1343.7790697674418,6544.357322438717,1,126,False,1,20221101,2,0.15
549,50,1343.7002567394095,7083.5,1,10,False,1,20221101,2,0.15
550,51,1344.0771643663738,7623.5,2,8,False,1,20221101,2,0.15
551,52,1343.7884012539184,8151.788401253919,2,6,False,1,20221101,2,0.15
552,53,1343.705533596838,8695.5,1,131,False,1,20221101,2,0.15
553,54,1343.6953727506427,9219.885604113111,0,19,False,1,20221101,2,0.15
554,55,1343.89588688946,9755.690231362469,0,13,False,1,20221101,2,0.15
555,56,1343.399935856318,10291.597498396408,1,126,False,1,20221101,2,0.15
556,57,1344.0824742268042,10828.067010309278,1,97,False,1,20221101,2,0.15
557,58,1344.4319899244333,11374.568010075567,0,115,False,1,20221101,2,0.15
558,59,1343.8859649122808,11903.690476190475,2,127,False,1,20221101,2,0.15
559,60,1343.89588688946,12443.309768637531,3,121,False,1,20221101,2,0.15
560,61,1343.89588688946,12971.690231362469,3,120,False,1,20221101,2,0.15
561,62,1343.690476190476,13503.88596491228,0,7,False,1,20221101,2,0.15
562,63,1343.8859649122808,14039.690476190475,5,135,False,1,20221101,2,0.15
563,64,1343.4044703000611,14579.402020820577,2,125,False,1,20221101,2,0.15
564,65,1343.6953727506427,15115.885604113111,2,99,False,1,20221101,2,0.15
565,66,1343.690476190476,15647.88596491228,1,87,False,1,20221101,2,0.15
566,67,1343.7884012539184,16191.788401253918,4,120,False,1,20221101,2,0.15
567,68,1343.399935856318,16731.402501603592,1,122,False,1,20221101,2,0.15
568,69,1343.6865030674846,17267.308588957054,3,115,False,1,20221101,2,0.15
569,70,1343.5955296999389,17795.98009797918,7,142,False,1,20221101,2,0.15
570,71,1343.5975609756097,18335.40243902439,0,120,False,1,20221101,2,0.15
571,72,1343.5,18867.88235294117,10,126,False,1,20221101,2,0.15
572,73,1343.5,19403.5,10,131,False,1,20221101,2,0.15
573,74,1343.89588688946,19947.309768637533,12,125,False,1,20221101,2,0.15
574,75,1344.0539215686274,20482.93137254902,4,107,False,1,20221101,2,0.15
575,76,1344.1825499034128,21019.03122987765,3,102,False,1,20221101,2,0.15
576,77,1786.8558696988323,928.6923786109404,3,100,False,1,20221101,2,0.15
577,78,1786.6937984496124,1464.37338501292,1,139,False,1,20221101,2,0.15
578,79,1786.9313725490197,2000.053921568628,2,111,False,1,20221101,2,0.15
579,80,1787.2038895859473,2531.781053952321,0,1,False,1,20221101,2,0.15
580,81,1786.442065491184,3068.3110831234258,3,94,False,1,20221101,2,0.15
581,82,1787.970300061237,3608.149112063688,3,117,False,1,20221101,2,0.15
582,83,1787.5979791794243,4135.967850581751,4,189,False,1,20221101,2,0.15
583,84,1787.2204169221336,4679.772225628449,2,122,False,1,20221101,2,0.15
584,85,1787.029699938763,5208.149112063687,2,120,False,1,20221101,2,0.15
585,86,1787.882149591452,5748.053111250786,1,136,False,1,20221101,2,0.15
586,87,1787.9753476611884,6276.870417193426,0,1,False,1,20221101,2,0.15
587,88,1788.0700245700243,6816.055282555282,0,1,False,1,20221101,2,0.15
588,89,1788.0686274509803,7352.053921568628,1,139,False,1,20221101,2,0.15
589,90,1787.9066924066924,7887.685328185328,1,140,False,1,20221101,2,0.15
590,91,1788.4214157168567,8427.5,0,6,False,1,20221101,2,0.15
591,92,1788.8411003236247,8951.057281553398,4,83,False,1,20221101,2,0.15
592,93,1788.9590264941469,9488.74460874923,1,116,False,1,20221101,2,0.15
593,94,1788.5325752919484,10024.31868469576,0,3,True,1,20221101,2,0.15
594,95,1789.3282890673256,10560.925571340333,1,3,True,1,20221101,2,0.15
595,96,1788.2420706163973,11099.868641532015,3,138,False,1,20221101,2,0.15
596,97,1788.1082474226805,11639.5,3,138,False,1,20221101,2,0.15
597,98,1788.8382533825338,12175.657441574416,5,135,False,1,20221101,2,0.15
598,99,1788.3636363636365,13236.671717171715,2,105,False,1,20221101,2,0.15
599,100,1788.083280955374,13772.053111250783,2,104,False,1,20221101,2,0.15
600,101,1788.26214511041,14308.5952681388,1,104,False,1,20221101,2,0.15
601,102,1788.0925925925926,14851.5,1,96,False,1,20221101,2,0.15
602,103,1787.887665198238,15380.240088105727,4,115,False,1,20221101,2,0.15
603,104,1787.8779141104294,15920.24110429448,2,126,False,1,20221101,2,0.15
604,105,1787.7886850152904,16463.409480122325,1,107,False,1,20221101,2,0.15
605,106,1787.795739348371,16995.780701754386,4,102,False,1,20221101,2,0.15
606,107,1787.9177131526767,17531.68506278916,2,228,True,1,20221101,2,0.15
607,108,1787.7003757044458,18067.5,4,122,False,1,20221101,2,0.15
608,109,1787.6027617212587,18599.59505459217,2,87,False,1,20221101,2,0.15
609,110,1787.896238244514,19139.314420062696,7,140,False,1,20221101,2,0.15
610,111,1788.4214157168567,19675.5,4,131,False,1,20221101,2,0.15
611,112,1788.0925925925926,20211.5,2,118,False,1,20221101,2,0.15
612,113,1788.083280955374,20754.94688874921,3,121,False,1,20221101,2,0.15
613,114,1788.294468887492,21283.5,5,83,False,1,20221101,2,0.15
614,115,1791.89588688946,12707.309768637531,3,131,False,1,20221101,2,0.15
615,116,2231.304755944931,1199.5,0,4,False,1,20221101,2,0.15
616,117,2231.6907151819323,1727.8764115432873,1,159,False,1,20221101,2,0.15
617,118,2231.5,2263.5,2,154,False,1,20221101,2,0.15
618,119,2231.5,2799.5,0,140,False,1,20221101,2,0.15
619,120,2231.5,3335.5,3,218,True,1,20221101,2,0.15
620,121,2231.5,3871.5,2,150,False,1,20221101,2,0.15
621,122,2231.695244055069,4407.5,7,123,False,1,20221101,2,0.15
622,123,2231.5,4943.5,7,127,False,1,20221101,2,0.15
623,124,2231.5,5479.5,2,106,False,1,20221101,2,0.15
624,125,2231.6000641436817,6011.402501603592,1,10,False,1,20221101,2,0.15
625,126,2231.690476190476,6543.8859649122805,1,7,False,1,20221101,2,0.15
626,127,2231.89588688946,7083.690231362468,6,133,False,1,20221101,2,0.15
627,128,2232.077164366374,7623.5,2,130,False,1,20221101,2,0.15
628,129,2231.8859649122805,8151.690476190476,3,149,False,1,20221101,2,0.15
629,130,2232.1076618229854,8695.5,1,157,False,1,20221101,2,0.15
630,131,2231.79543994862,9219.787732819525,3,140,False,1,20221101,2,0.15
631,132,2232.182549903413,9755.968770122345,1,151,False,1,20221101,2,0.15
632,133,2232.182549903413,10291.968770122345,2,120,False,1,20221101,2,0.15
633,134,2232.082474226804,10828.067010309278,0,1,False,1,20221101,2,0.15
634,135,2231.6902377972465,11375.304755944931,0,148,False,1,20221101,2,0.15
635,136,2232.165411173886,11903.969554300063,3,131,False,1,20221101,2,0.15
636,137,2231.7002567394097,12443.5,2,179,True,1,20221101,2,0.15
637,138,2232.0817245817248,12972.06628056628,2,210,True,1,20221101,2,0.15
638,139,2232.3332284455632,13504.529578351165,1,209,True,1,20221101,2,0.15
639,140,2232.3332284455632,14040.529578351165,2,210,True,1,20221101,2,0.15
640,141,2232.241104294478,14579.87791411043,5,181,True,1,20221101,2,0.15
641,142,2232.0817245817248,15116.06628056628,8,114,False,1,20221101,2,0.15
642,143,2231.9695543000626,15648.165411173886,4,134,False,1,20221101,2,0.15
643,144,2231.8859649122805,16191.690476190475,7,204,True,1,20221101,2,0.15
644,145,2231.7002567394097,16731.5,1,123,False,1,20221101,2,0.15
645,146,2232.241104294478,17267.681595092025,6,272,True,1,20221101,2,0.15
646,147,2232.053921568628,17796.06862745098,5,200,True,1,20221101,2,0.15
647,148,2231.8859649122805,18335.69047619048,6,129,False,1,20221101,2,0.15
648,149,2232.33629675046,18867.220416922133,2,123,False,1,20221101,2,0.15
649,150,2231.79543994862,19403.787732819525,3,135,False,1,20221101,2,0.15
650,151,2231.89588688946,19947.309768637533,7,126,False,1,20221101,2,0.15
651,152,2232.33629675046,20483.220416922133,6,134,False,1,20221101,2,0.15
652,153,2231.89588688946,21019.309768637533,3,87,False,1,20221101,2,0.15
653,154,2674.93137254902,928.0539215686274,3,150,True,1,20221101,2,0.15
654,155,2677.859493670886,1462.4012658227848,2,95,False,1,20221101,2,0.15
655,156,2675.406919779547,1999.776791181874,1,154,False,1,20221101,2,0.15
656,157,2674.90666247643,2531.489943431804,0,0,False,1,20221101,2,0.15
657,158,2675.1173694147265,3068.04877281309,2,117,False,1,20221101,2,0.15
658,159,2674.6416309012875,3607.7722256284487,2,220,True,1,20221101,2,0.15
659,160,2678.221252257676,4135.150812763395,7,0,False,1,20221101,2,0.15
660,161,2679.5,4679.5,1,152,False,1,20221101,2,0.15
661,162,2678.2738452309536,5208.111877624475,1,151,False,1,20221101,2,0.15
662,163,2679.5,5747.5,0,2,False,1,20221101,2,0.15
663,164,2680.4987699877,6275.849323493235,4,140,False,1,20221101,2,0.15
664,165,2679.882775119617,6815.5,5,168,False,1,20221101,2,0.15
665,166,2680.2616766467067,7351.859281437126,1,12,False,1,20221101,2,0.15
666,167,2680.236225087925,8427.317116060962,3,138,False,1,20221101,2,0.15
667,168,2679.907035175879,8951.680904522613,3,180,True,1,20221101,2,0.15
668,169,2679.211389385808,9487.774299344066,1,214,True,1,20221101,2,0.15
669,170,2680.0693779904304,10024.04066985646,5,226,True,1,20221101,2,0.15
670,171,2681.5253470126736,10560.709414604707,1,125,False,1,20221101,2,0.15
671,172,2680.147574517826,11099.766510812393,4,143,False,1,20221101,2,0.15
672,173,2680.1638705811865,12175.766027561414,0,9,False,1,20221101,2,0.15
673,174,2680.093137254902,12707.5,0,3,False,1,20221101,2,0.15
674,175,2680.0840490797545,13236.039877300613,2,151,False,1,20221101,2,0.15
675,176,2679.796024464832,13771.774006116208,1,148,False,1,20221101,2,0.15
676,177,2680.459409594096,14308.385608856088,0,0,False,1,20221101,2,0.15
677,178,2679.896572827417,14851.681150550796,1,98,False,1,20221101,2,0.15
678,179,2680.0840490797545,15380.039877300613,3,123,False,1,20221101,2,0.15
679,180,2680.0693779904304,15920.04066985646,5,222,True,1,20221101,2,0.15
680,181,2679.980573819486,16463.406754333533,8,184,True,1,20221101,2,0.15
681,182,2679.896572827417,16995.681150550794,6,180,True,1,20221101,2,0.15
682,183,2679.605602060528,17531.592723760463,4,121,False,1,20221101,2,0.15
683,184,2679.9935543278084,18067.58348680172,3,174,False,1,20221101,2,0.15
684,185,2679.80923947203,18599.42206159648,3,111,False,1,20221101,2,0.15
685,186,2680.1876155268023,19139.214109673445,2,129,False,1,20221101,2,0.15
686,187,2680.4227166276346,19675.5,6,134,False,1,20221101,2,0.15
687,188,2679.700488997555,20211.5,2,132,False,1,20221101,2,0.15
688,189,2679.7963870177587,20755.22565829761,3,108,False,1,20221101,2,0.15
689,190,2680.093137254902,21283.5,3,91,False,1,20221101,2,0.15
690,191,2683.602761721259,7887.595054592164,2,131,False,1,20221101,2,0.15
691,192,2683.9025806451614,11639.5,0,2,False,1,20221101,2,0.15
692,193,3130.359950859951,1199.5,2,154,False,1,20221101,2,0.15
693,194,3125.668888888889,1728.9653968253967,1,148,False,1,20221101,2,0.15
694,195,3131.397238278741,2263.5950545921646,5,196,True,1,20221101,2,0.15
695,196,3127.2105097545627,2799.7794210195093,2,197,True,1,20221101,2,0.15
696,197,3129.775092936803,3336.6995043370507,2,161,True,1,20221101,2,0.15
697,198,3131.397238278741,3871.5950545921646,1,170,True,1,20221101,2,0.15
698,199,3130.726600985221,4406.869458128079,0,4,False,1,20221101,2,0.15
699,200,3130.9945196647323,4943.595422308188,2,161,False,1,20221101,2,0.15
700,201,3131.402260232132,5479.404703726329,4,131,False,1,20221101,2,0.15
701,202,3131.203889585948,6011.781053952322,3,145,False,1,20221101,2,0.15
702,203,3131.1220858895704,6544.241104294479,36,164,True,1,20221101,2,0.15
703,204,3131.6001251564458,7083.595118898624,3,169,False,1,20221101,2,0.15
704,205,3131.5,7623.127450980392,2,154,False,1,20221101,2,0.15
705,206,3131.5,8151.872549019607,0,14,False,1,20221101,2,0.15
706,207,3131.5,8695.309768637531,1,136,False,1,20221101,2,0.15
707,208,3131.6956112852663,9219.876175548588,4,175,False,1,20221101,2,0.15
708,209,3131.7961104140527,9755.781053952322,0,196,True,1,20221101,2,0.15
709,210,3131.7961104140527,10291.781053952322,1,146,False,1,20221101,2,0.15
710,211,3131.5,10828.06246076585,3,144,False,1,20221101,2,0.15
711,212,3131.779926335175,11374.854205033764,0,0,True,1,20221101,2,0.15
712,213,3131.6909424724604,11903.686046511628,5,142,False,1,20221101,2,0.15
713,214,3131.6002506265663,12443.40476190476,3,133,False,1,20221101,2,0.15
714,215,3131.7961104140527,12971.781053952322,0,150,False,1,20221101,2,0.15
715,216,3131.7795830778664,13504.33629675046,2,118,False,1,20221101,2,0.15
716,217,3131.7795830778664,14040.33629675046,0,0,False,1,20221101,2,0.15
717,218,3131.960431654676,14579.960431654676,1,141,False,1,20221101,2,0.15
718,219,3131.6956112852663,15115.876175548588,7,140,False,1,20221101,2,0.15
719,220,3131.5,15648.063035495716,1,153,False,1,20221101,2,0.15
720,221,3131.8823529411766,16191.5,8,132,False,1,20221101,2,0.15
721,222,3131.5,16731.30964308078,3,149,False,1,20221101,2,0.15
722,223,3131.6862686567165,17267.313731343285,3,130,False,1,20221101,2,0.15
723,224,3131.313953488372,17795.68604651163,6,149,False,1,20221101,2,0.15
724,225,3131.6909424724604,18335.31395348837,3,124,False,1,20221101,2,0.15
725,226,3131.68671454219,18867.68671454219,1,1,False,1,20221101,2,0.15
726,227,3131.700375704446,19403.5,2,117,False,1,20221101,2,0.15
727,228,3131.5,19947.5,1,114,False,1,20221101,2,0.15
728,229,3131.782634730539,20482.661676646705,7,144,False,1,20221101,2,0.15
729,230,3131.7961104140527,21019.21894604768,1,134,True,1,20221101,2,0.15
730,231,3570.6416309012875,927.7722256284488,0,177,True,1,20221101,2,0.15
731,232,3571.5,1463.5,2,181,True,1,20221101,2,0.15
732,233,3569.9433497536947,2000.5147783251232,0,1,False,1,20221101,2,0.15
733,234,3571.3043887147337,2531.1238244514107,2,120,False,1,20221101,2,0.15
734,235,3571.8962382445143,3067.6855799373043,0,1,False,1,20221101,2,0.15
735,236,3571.5,3607.309523809524,2,102,False,1,20221101,2,0.15
736,237,3571.597620500305,4135.595179987798,2,143,False,1,20221101,2,0.15
737,238,3571.5,4679.5,1,5,False,1,20221101,2,0.15
738,239,3571.88630806846,5207.6858190709045,2,172,False,1,20221101,2,0.15
739,240,3571.7961104140527,5747.590338770389,2,210,False,1,20221101,2,0.15
740,241,3571.8962382445143,6275.314420062696,5,121,False,1,20221101,2,0.15
741,242,3571.69536019536,6815.5,19,51,True,1,20221101,2,0.15
742,243,3572.166258420086,7351.041947336191,12,111,False,1,20221101,2,0.15
743,244,3571.7056555269924,7887.5,4,132,False,1,20221101,2,0.15
744,245,3572.5167865707435,8427.404076738609,0,117,False,1,20221101,2,0.15
745,246,3571.9066924066924,8951.685328185327,0,2,False,1,20221101,2,0.15
746,247,3572.260736196319,9487.86809815951,5,242,True,1,20221101,2,0.15
747,248,3572.260736196319,10023.86809815951,0,0,False,1,20221101,2,0.15
748,249,3572.0686274509803,10560.053921568628,0,1,False,1,20221101,2,0.15
749,250,3574.511180124224,11097.66645962733,2,167,False,1,20221101,2,0.15
750,251,3572.00998068255,11639.404700579524,1,170,False,1,20221101,2,0.15
751,252,3572.3583690987125,12175.227774371551,1,163,False,1,20221101,2,0.15
752,253,3572.0925925925926,12707.5,2,109,False,1,20221101,2,0.15
753,254,3572.0825486503454,13236.052416823602,0,1,False,1,20221101,2,0.15
754,255,3571.8962382445143,13771.685579937304,2,150,False,1,20221101,2,0.15
755,256,3572.183417085427,14307.957286432162,2,156,False,1,20221101,2,0.15
756,257,3571.700375704446,14851.5,2,136,False,1,20221101,2,0.15
757,258,3572.183417085427,15379.957286432162,3,95,False,1,20221101,2,0.15
758,259,3572.3583690987125,15919.772225628449,1,97,False,1,20221101,2,0.15
759,260,3571.88630806846,16463.314180929094,4,168,True,1,20221101,2,0.15
760,261,3572.0925925925926,16995.5,2,166,True,1,20221101,2,0.15
761,262,3571.6055408970974,17531.594986807388,1,120,False,1,20221101,2,0.15
762,263,3571.6001251564458,18067.40488110137,2,126,False,1,20221101,2,0.15
763,264,3571.602761721259,18599.59505459217,3,141,False,1,20221101,2,0.15
764,265,3572.0925925925926,19139.5,8,136,False,1,20221101,2,0.15
765,266,3572.5167865707435,19675.59592326139,3,139,False,1,20221101,2,0.15
766,267,3572.0925925925926,20211.5,2,85,False,1,20221101,2,0.15
767,268,3572.183417085427,20755.04271356784,4,152,False,1,20221101,2,0.15
768,269,3572.0925925925926,21283.5,3,131,True,1,20221101,2,0.15
769,270,4023.1235884567127,1199.1135508155585,1,140,False,1,20221101,2,0.15
770,271,4023.4024390243903,1727.5975609756097,1,142,False,1,20221101,2,0.15
771,272,4023.5,2263.5,2,141,False,1,20221101,2,0.15
772,273,4023.5,2799.304755944931,3,127,False,1,20221101,2,0.15
773,274,4023.22057898049,3335.7794210195093,3,148,False,1,20221101,2,0.15
774,275,4023.6026991441736,3871.597432521396,1,143,False,1,20221101,2,0.15
775,276,4023.6911949685536,4407.308805031446,1,105,False,1,20221101,2,0.15
776,277,4023.3973008558255,4943.597432521396,2,139,False,1,20221101,2,0.15
777,278,4023.690476190476,5479.11403508772,0,4,False,1,20221101,2,0.15
778,279,4023.6000641436817,6011.597498396408,1,95,False,1,20221101,2,0.15
779,280,4023.690476190476,6543.8859649122805,1,148,False,1,20221101,2,0.15
780,281,4023.7002567394097,7083.5,3,151,False,1,20221101,2,0.15
781,282,4023.7884012539184,7623.211598746081,7,148,False,1,20221101,2,0.15
782,283,4023.885964912281,8151.690476190476,0,3,False,1,20221101,2,0.15
783,284,4023.6026991441736,8695.402567478604,3,123,False,1,20221101,2,0.15
784,285,4023.7954399486193,9219.787732819525,0,2,False,1,20221101,2,0.15
785,286,4023.89588688946,9755.690231362469,1,217,True,1,20221101,2,0.15
786,287,4023.89588688946,10291.690231362469,0,0,False,1,20221101,2,0.15
787,288,4023.6953727506425,10827.885604113111,1,95,False,1,20221101,2,0.15
788,289,4023.7884012539184,11375.211598746082,1,135,False,1,20221101,2,0.15
789,290,4023.885964912281,11903.690476190475,4,143,False,1,20221101,2,0.15
790,291,4023.7002567394097,12443.5,0,138,False,1,20221101,2,0.15
791,292,4023.7954399486193,12971.787732819525,0,157,False,1,20221101,2,0.15
792,293,4023.969554300063,13504.165411173886,3,150,False,1,20221101,2,0.15
793,294,4023.885964912281,14039.690476190475,3,146,False,1,20221101,2,0.15
794,295,4023.87652811736,14579.690709046456,1,127,False,1,20221101,2,0.15
795,296,4023.7954399486193,15115.787732819525,3,111,False,1,20221101,2,0.15
796,297,4023.5975609756097,15647.40243902439,0,0,False,1,20221101,2,0.15
797,298,4023.5,16191.5,1,0,False,1,20221101,2,0.15
798,299,4023.6000641436817,16731.402501603592,0,3,False,1,20221101,2,0.15
799,300,4023.4048200122015,17267.402379499694,0,3,False,1,20221101,2,0.15
800,301,4024.053921568628,17796.06862745098,0,2,False,1,20221101,2,0.15
801,302,4023.695244055069,18335.5,2,131,False,1,20221101,2,0.15
802,303,4023.5,18867.5,1,142,False,1,20221101,2,0.15
803,304,4023.6000641436817,19403.597498396408,3,144,False,1,20221101,2,0.15
804,305,4023.89588688946,19947.309768637533,2,96,False,1,20221101,2,0.15
805,306,4023.314180929096,20483.11369193154,0,0,False,1,20221101,2,0.15
806,307,4023.6000641436817,21019.402501603592,3,142,False,1,20221101,2,0.15
807,308,4467.308588957055,927.6865030674846,3,130,False,1,20221101,2,0.15
808,309,4467.6027617212585,1463.5950545921644,0,7,False,1,20221101,2,0.15
809,310,4467.69094247246,1999.686046511628,1,187,True,1,20221101,2,0.15
810,311,4467.5,2531.5,5,204,True,1,20221101,2,0.15
811,312,4467.103264281231,3067.133396107972,1,133,False,1,20221101,2,0.15
812,313,4467.597620500305,3607.5951799877976,0,0,False,1,20221101,2,0.15
813,314,4468.0700245700245,4135.490171990172,2,140,False,1,20221101,2,0.15
814,315,4467.790461538461,4678.6704615384615,4,115,False,1,20221101,2,0.15
815,316,4467.220416922134,5207.772225628449,2,180,False,1,20221101,2,0.15
816,317,4467.600250626567,5747.4047619047615,3,157,False,1,20221101,2,0.15
817,318,4467.695611285267,6275.876175548589,0,4,False,1,20221101,2,0.15
818,319,4468.067931456549,6814.9467564259485,1,156,False,1,20221101,2,0.15
819,320,4467.69094247246,7351.686046511628,2,154,False,1,20221101,2,0.15
820,321,4467.705655526992,7887.5,1,192,True,1,20221101,2,0.15
821,322,4467.9604316546765,8427.039568345324,2,3,False,1,20221101,2,0.15
822,323,4467.803536977492,8951.78038585209,1,150,False,1,20221101,2,0.15
823,324,4467.779926335175,9488.145794966236,3,164,False,1,20221101,2,0.15
824,325,4467.970876762723,10023.958614347026,1,109,False,1,20221101,2,0.15
825,326,4467.779926335175,10560.145794966236,3,148,False,1,20221101,2,0.15
826,327,4467.773709483794,11099.773709483794,3,151,False,1,20221101,2,0.15
827,328,4467.705655526992,11639.5,5,108,False,1,20221101,2,0.15
828,329,4467.691411042945,12175.313496932517,4,132,False,1,20221101,2,0.15
829,330,4467.992462311558,12707.404522613066,2,122,False,1,20221101,2,0.15
830,331,4467.982412060302,13236.14824120603,1,158,False,1,20221101,2,0.15
831,332,4467.695611285267,13771.876175548588,0,0,False,1,20221101,2,0.15
832,333,4467.78679245283,14308.335220125786,1,82,False,1,20221101,2,0.15
833,334,4467.700375704446,14851.5,2,106,False,1,20221101,2,0.15
834,335,4467.695611285267,15379.876175548588,4,144,False,1,20221101,2,0.15
835,336,4467.69094247246,15919.686046511628,4,168,False,1,20221101,2,0.15
836,337,4467.597979179424,16463.03214941825,0,140,False,1,20221101,2,0.15
837,338,4467.796110414053,16995.590338770387,3,143,False,1,20221101,2,0.15
838,339,4467.812169312169,17531.589947089946,3,114,False,1,20221101,2,0.15
839,340,4467.304143126177,18067.314187068423,3,123,False,1,20221101,2,0.15
840,341,4467.6027617212585,18599.59505459217,0,0,False,1,20221101,2,0.15
841,342,4467.992462311558,19139.59547738693,2,124,False,1,20221101,2,0.15
842,343,4467.9604316546765,19675.586330935253,0,0,False,1,20221101,2,0.15
843,344,4467.992462311558,20211.404522613066,1,122,False,1,20221101,2,0.15
844,345,4467.695611285267,20755.87617554859,1,0,False,1,20221101,2,0.15
845,346,4467.600250626567,21283.404761904763,1,111,False,1,20221101,2,0.15
846,347,4910.279048765804,1198.8762793497892,2,5,False,1,20221101,2,0.15
847,348,4909.975961538462,1726.3557692307693,0,4,False,1,20221101,2,0.15
848,349,4911.294228356336,2263.5,1,212,True,1,20221101,2,0.15
849,350,4910.738323353294,2799.859281437126,3,208,True,1,20221101,2,0.15
850,351,4910.551497005988,3335.32754491018,0,189,True,1,20221101,2,0.15
851,352,4911.092964824121,3871.680904522613,1,120,False,1,20221101,2,0.15
852,353,4911.308383233533,4407.317964071856,0,3,False,1,20221101,2,0.15
853,354,4911.298994974874,4943.133165829146,1,145,False,1,20221101,2,0.15
854,355,4911.308841099164,5479.318399044206,0,3,False,1,20221101,2,0.15
855,356,4911.696078431372,6011.318627450981,5,143,False,1,20221101,2,0.15
856,357,4911.308383233533,6543.682035928144,2,109,False,1,20221101,2,0.15
857,358,4911.796387017759,7083.225658297612,2,118,False,1,20221101,2,0.15
858,359,4912.070743405276,7622.958033573142,2,214,True,1,20221101,2,0.15
859,360,4911.5,8151.5,1,266,True,1,20221101,2,0.15
860,361,4911.5,8694.951572327043,4,139,True,1,20221101,2,0.15
861,362,4911.696078431372,9219.68137254902,3,87,False,1,20221101,2,0.15
862,363,4911.69656019656,9755.681818181818,1,1,False,1,20221101,2,0.15
863,364,4911.5,10291.863190184047,2,126,False,1,20221101,2,0.15
864,365,4911.5,10827.863190184047,3,192,False,1,20221101,2,0.15
865,366,4911.5,11374.602040816326,0,1,False,1,20221101,2,0.15
866,367,4911.780407429598,11902.869682444578,0,1,False,1,20221101,2,0.15
867,368,4911.600551808707,12443.043838136113,2,155,False,1,20221101,2,0.15
868,369,4911.696078431372,12971.68137254902,4,138,False,1,20221101,2,0.15
869,370,4911.780407429598,13504.130317555422,3,139,False,1,20221101,2,0.15
870,371,4911.780407429598,14040.130317555422,2,150,False,1,20221101,2,0.15
871,372,4911.774165202109,14579.232864674868,2,103,False,1,20221101,2,0.15
872,373,4911.696078431372,15115.68137254902,1,149,False,1,20221101,2,0.15
873,374,4911.780407429598,15648.130317555422,1,130,False,1,20221101,2,0.15
874,375,4911.5,16191.136363636364,1,131,False,1,20221101,2,0.15
875,376,4911.5,16731.5,1,91,False,1,20221101,2,0.15
876,377,4911.869158878505,17266.77570093458,1,116,False,1,20221101,2,0.15
877,378,4911.877182770663,17795.681606519207,1,3,False,1,20221101,2,0.15
878,379,4912.261676646706,18335.32754491018,5,115,False,1,20221101,2,0.15
879,380,4912.056725146199,18867.49064327485,0,112,False,1,20221101,2,0.15
880,381,4911.696078431372,19403.68137254902,0,119,False,1,20221101,2,0.15
881,382,4911.796387017759,19947.22565829761,2,102,False,1,20221101,2,0.15
882,383,4911.961088355763,20483.050614394386,6,105,False,1,20221101,2,0.15
883,384,4911.888206388207,21018.77764127764,2,0,False,1,20221101,2,0.15
884,385,5354.359950859951,927.5,0,5,False,1,20221101,2,0.15
885,386,5355.3972382787415,1463.4049454078356,3,99,False,1,20221101,2,0.15
886,387,5354.355036855037,1999.8341523341523,1,11,False,1,20221101,2,0.15
887,388,5355.103761755486,2531.314420062696,2,5,False,1,20221101,2,0.15
888,389,5355.299624295554,3067.5,3,150,False,1,20221101,2,0.15
889,390,5355.5,3607.309523809524,0,146,False,1,20221101,2,0.15
890,391,5355.5,4135.5,1,109,False,1,20221101,2,0.15
891,392,5355.87791411043,4678.758895705521,4,148,False,1,20221101,2,0.15
892,393,5355.69094247246,5207.313953488372,2,92,False,1,20221101,2,0.15
893,394,5355.695611285267,5747.123824451411,2,153,False,1,20221101,2,0.15
894,395,5355.600250626567,6275.4047619047615,2,154,False,1,20221101,2,0.15
895,396,5355.5,6815.1274509803925,3,138,False,1,20221101,2,0.15
896,397,5355.597739767868,7351.404703726329,1,145,False,1,20221101,2,0.15
897,398,5355.6027617212585,7887.404945407836,1,216,True,1,20221101,2,0.15
898,399,5355.868641532017,8426.757929383602,5,199,True,1,20221101,2,0.15
899,400,5355.6027617212585,8951.595054592164,0,0,False,1,20221101,2,0.15
900,401,5355.69094247246,9487.686046511628,1,110,False,1,20221101,2,0.15
901,402,5355.882352941177,10023.5,3,124,False,1,20221101,2,0.15
902,403,5355.788685015291,10559.781345565749,3,123,False,1,20221101,2,0.15
903,404,5355.87298266587,11099.5,1,142,False,1,20221101,2,0.15
904,405,5355.803536977492,11639.21961414791,3,135,False,1,20221101,2,0.15
905,406,5355.788685015291,12175.218654434251,0,2,False,1,20221101,2,0.15
906,407,5355.796110414053,12707.218946047678,0,1,False,1,20221101,2,0.15
907,408,5355.896238244514,13235.685579937304,3,143,False,1,20221101,2,0.15
908,409,5355.700375704446,13771.5,2,103,False,1,20221101,2,0.15
909,410,5355.796110414053,14307.781053952322,0,125,False,1,20221101,2,0.15
910,411,5355.600125156446,14851.404881101376,3,152,False,1,20221101,2,0.15
911,412,5355.700375704446,15379.5,11,211,True,1,20221101,2,0.15
912,413,5355.88630806846,15919.685819070904,3,232,True,1,20221101,2,0.15
913,414,5355.5,16462.936964504283,1,98,False,1,20221101,2,0.15
914,415,5355.896238244514,16995.314420062696,1,98,False,1,20221101,2,0.15
915,416,5355.917713152677,17531.31493721084,4,150,False,1,20221101,2,0.15
916,417,5355.795739348371,18067.21929824561,2,138,False,1,20221101,2,0.15
917,418,5355.6027617212585,18599.59505459217,3,138,False,1,20221101,2,0.15
918,419,5355.700375704446,19139.5,2,101,False,1,20221101,2,0.15
919,420,5355.968339307049,19675.40442054958,0,1,False,1,20221101,2,0.15
920,421,5355.600125156446,20211.40488110137,2,130,False,1,20221101,2,0.15
921,422,5355.795739348371,20755.21929824561,0,113,False,1,20221101,2,0.15
922,423,5355.700375704446,21283.5,0,95,False,1,20221101,2,0.15
923,424,5806.541916167665,1199.3179640718563,0,131,False,1,20221101,2,0.15
924,425,5806.328331332533,1727.2454981992796,2,18,False,1,20221101,2,0.15
925,426,5806.901257861635,2262.9616352201256,2,126,False,1,20221101,2,0.15
926,427,5807.019426180514,2799.4067543335327,5,110,False,1,20221101,2,0.15
927,428,5807.204504504504,3335.262162162162,2,185,True,1,20221101,2,0.15
928,429,5807.705771643664,3871.5,2,207,True,1,20221101,2,0.15
929,430,5807.308383233533,4407.317964071856,0,187,True,1,20221101,2,0.15
930,431,5807.397049591965,4943.407093534212,2,139,False,1,20221101,2,0.15
931,432,5807.5,5479.136363636364,4,138,False,1,20221101,2,0.15
932,433,5807.5,6011.5,0,1,False,1,20221101,2,0.15
933,434,5807.317964071856,6544.223353293413,2,151,False,1,20221101,2,0.15
934,435,5807.303921568628,7083.318627450981,2,150,False,1,20221101,2,0.15
935,436,5807.5,7623.136363636364,1,89,False,1,20221101,2,0.15
936,437,5807.5,8151.5,1,141,False,1,20221101,2,0.15
937,438,5807.5,8694.951572327043,1,102,False,1,20221101,2,0.15
938,439,5807.399448191293,9219.956161863887,0,0,False,1,20221101,2,0.15
939,440,5807.303921568628,9755.68137254902,0,0,False,1,20221101,2,0.15
940,441,5807.5,10291.863190184047,0,1,False,1,20221101,2,0.15
941,442,5807.5,10827.863190184047,1,0,False,1,20221101,2,0.15
942,443,5807.5,11374.602040816326,4,132,False,1,20221101,2,0.15
943,444,5807.691616766467,11903.317964071855,4,140,False,1,20221101,2,0.15
944,445,5807.600551808707,12443.043838136113,4,136,False,1,20221101,2,0.15
945,446,5807.696078431372,12971.68137254902,4,146,False,1,20221101,2,0.15
946,447,5807.5,13503.863636363636,1,147,False,1,20221101,2,0.15
947,448,5807.780407429598,14040.130317555422,0,4,False,1,20221101,2,0.15
948,449,5807.5,14579.5,1,1,False,1,20221101,2,0.15
949,450,5807.5,15115.5,2,92,False,1,20221101,2,0.15
950,451,5807.308383233533,15647.682035928145,2,121,False,1,20221101,2,0.15
951,452,5807.219592570402,16190.869682444578,2,106,False,1,20221101,2,0.15
952,453,5807.203975535168,16731.225993883792,2,132,False,1,20221101,2,0.15
953,454,5808.315897136177,17266.518118059616,1,122,False,1,20221101,2,0.15
954,455,5807.5,17795.5,3,129,False,1,20221101,2,0.15
955,456,5807.598027495517,18335.04333532576,0,1,False,1,20221101,2,0.15
956,457,5807.686915887851,18867.317757009347,9,102,False,1,20221101,2,0.15
957,458,5807.399694189602,19403.59296636085,3,135,False,1,20221101,2,0.15
958,459,5807.600551808707,19947.04383813612,1,131,False,1,20221101,2,0.15
959,460,5807.322429906542,20482.59813084112,2,146,True,1,20221101,2,0.15
960,461,5807.600551808707,21019.04383813612,3,171,True,1,20221101,2,0.15
961,462,6248.491920447483,929.41671845867,0,7,False,1,20221101,2,0.15
962,463,6250.684516129032,1463.5,1,11,False,1,20221101,2,0.15
963,464,6250.062461538461,1999.2710769230769,1,94,False,1,20221101,2,0.15
964,465,6246.90797940798,2531.5,3,115,False,1,20221101,2,0.15
965,466,6251.103761755486,3067.6855799373043,0,3,False,1,20221101,2,0.15
966,467,6251.402379499695,3607.4048200122015,1,106,False,1,20221101,2,0.15
967,468,6251.30905752754,4135.686046511628,4,123,False,1,20221101,2,0.15
968,469,6251.788685015291,4679.21865443425,0,10,False,1,20221101,2,0.15
969,470,6251.882352941177,5207.5,1,6,False,1,20221101,2,0.15
970,471,6251.600250626567,5747.4047619047615,1,101,False,1,20221101,2,0.15
971,472,6251.600250626567,6275.595238095239,3,100,False,1,20221101,2,0.15
972,473,6251.5,6815.1274509803925,0,3,False,1,20221101,2,0.15
973,474,6251.5,7351.5,1,1,False,1,20221101,2,0.15
974,475,6251.6027617212585,7887.404945407836,4,99,False,1,20221101,2,0.15
975,476,6251.773053892216,8426.853293413174,2,109,False,1,20221101,2,0.15
976,477,6251.5,8951.690231362469,3,3,False,1,20221101,2,0.15
977,478,6251.5,9487.872549019608,1,105,False,1,20221101,2,0.15
978,479,6251.5,10023.872549019608,1,2,False,1,20221101,2,0.15
979,480,6251.69094247246,10559.686046511628,1,122,False,1,20221101,2,0.15
980,481,6251.87298266587,11099.5,0,8,False,1,20221101,2,0.15
981,482,6251.6027617212585,11639.404945407836,1,113,False,1,20221101,2,0.15
982,483,6251.597979179424,12175.032149418248,0,97,False,1,20221101,2,0.15
983,484,6251.796110414053,12707.218946047678,3,103,False,1,20221101,2,0.15
984,485,6251.896238244514,13235.685579937304,6,122,False,1,20221101,2,0.15
985,486,6251.600125156446,13771.595118898624,0,3,False,1,20221101,2,0.15
986,487,6251.795739348371,14307.780701754386,0,89,False,1,20221101,2,0.15
987,488,6251.5,14851.309643080776,1,115,False,1,20221101,2,0.15
988,489,6251.600250626567,15379.40476190476,1,1,False,1,20221101,2,0.15
989,490,6251.5,15919.5,1,100,False,1,20221101,2,0.15
990,491,6251.5,16462.389434889436,3,77,False,1,20221101,2,0.15
991,492,6251.5,16995.30964308078,0,104,False,1,20221101,2,0.15
992,493,6251.605540897098,17531.405013192612,0,0,False,1,20221101,2,0.15
993,494,6251.5,18066.93753923415,4,113,False,1,20221101,2,0.15
994,495,6251.5,18599.5,2,94,False,1,20221101,2,0.15
995,496,6251.5,19139.30964308078,3,111,False,1,20221101,2,0.15
996,497,6251.5,19675.12701733413,0,108,False,1,20221101,2,0.15
997,498,6251.5,20211.30964308078,3,106,False,1,20221101,2,0.15
998,499,6251.399874843554,20755.40488110137,7,164,True,1,20221101,2,0.15
999,500,6251.600250626567,21283.404761904763,3,82,False,1,20221101,2,0.15
500,1,899.004835589942,1464.1473243068988,3,68,False,2,20230110,1,0.25
501,2,898.7570725707257,2000.5971709717096,5,83,False,2,20230110,1,0.25
502,3,899.2132075471698,2532.3352201257862,1,1,False,2,20230110,1,0.25
503,4,899.2132075471698,3068.3352201257862,4,91,False,2,20230110,1,0.25
504,5,899.4020208205757,3607.967850581752,4,97,False,2,20230110,1,0.25
505,6,899.2204169221336,4136.33629675046,0,0,False,2,20230110,1,0.25
506,7,899.4020208205757,4679.967850581751,4,119,False,2,20230110,1,0.25
507,8,899.7795830778664,5208.33629675046,0,104,False,2,20230110,1,0.25
508,9,899.6956112852664,5747.876175548589,4,107,False,2,20230110,1,0.25
509,10,899.204260651629,6275.7807017543855,1,106,False,2,20230110,1,0.25
510,11,899.8779141104294,6816.241104294479,2,104,False,2,20230110,1,0.25
511,12,900.0686274509804,7352.053921568628,4,106,False,2,20230110,1,0.25
512,13,900.3051612903225,7887.866451612903,0,0,False,2,20230110,1,0.25
513,14,900.6003003003003,8428.206306306307,2,112,False,2,20230110,1,0.25
514,15,900.0979381443299,8952.051546391753,1,124,False,2,20230110,1,0.25
515,16,900.2429274292743,9488.59717097171,2,110,False,2,20230110,1,0.25
516,17,901.4233621755252,10024.187268232386,0,0,False,2,20230110,1,0.25
517,18,901.0743368291178,10560.657310302282,2,109,False,2,20230110,1,0.25
518,19,900.5989802039592,11100.224655068989,3,120,False,2,20230110,1,0.25
519,20,899.7005141388174,11639.690231362469,0,0,False,2,20230110,1,0.25
520,21,901.428306551298,12176.889369592089,1,104,False,2,20230110,1,0.25
521,22,900.3805031446541,12707.771698113207,0,0,False,2,20230110,1,0.25
522,23,900.3564231738035,13236.502518891688,1,114,False,2,20230110,1,0.25
523,24,899.9824120603015,13772.14824120603,1,122,False,2,20230110,1,0.25
524,25,900.1607818411097,14308.690416141237,2,118,False,2,20230110,1,0.25
525,26,899.896238244514,14851.685579937304,3,113,False,2,20230110,1,0.25
526,27,899.9824120603015,15380.14824120603,4,114,False,2,20230110,1,0.25
527,28,899.7795830778664,15920.33629675046,3,109,False,2,20230110,1,0.25
528,29,899.6909424724602,16463.68604651163,1,106,False,2,20230110,1,0.25
529,30,899.6956112852664,16995.87617554859,1,115,False,2,20230110,1,0.25
530,31,899.6055408970976,17531.594986807388,0,112,False,2,20230110,1,0.25
531,32,899.5,18067.5,1,111,False,2,20230110,1,0.25
532,33,899.5,18599.690231362467,4,108,False,2,20230110,1,0.25
533,34,899.6002506265664,19139.404761904763,1,114,False,2,20230110,1,0.25
534,35,900.1467065868263,19675.226946107785,3,109,False,2,20230110,1,0.25
535,36,900.0925925925926,20211.5,3,104,False,2,20230110,1,0.25
536,37,900.1842767295598,20754.86603773585,2,105,False,2,20230110,1,0.25
537,38,903.89588688946,21283.309768637533,8,82,True,2,20230110,1,0.25
538,39,1342.8345888261142,1199.9695543000628,1,0,False,2,20230110,1,0.25
539,40,1343.293710691824,1728.4610062893082,0,0,False,2,20230110,1,0.25
540,41,1343.1967699406723,2263.78740936058,1,112,False,2,20230110,1,0.25
541,42,1343.2115987460816,2799.7884012539184,1,119,False,2,20230110,1,0.25
542,43,1343.211959924859,3335.788040075141,3,114,False,2,20230110,1,0.25
543,44,1343.5,3871.694993412385,4,95,False,2,20230110,1,0.25
544,45,1343.5,4407.6952440550685,4,99,False,2,20230110,1,0.25
545,46,1343.5,4943.5,2,115,False,2,20230110,1,0.25
546,47,1343.5975609756097,5479.59756097561,3,111,False,2,20230110,1,0.25
547,48,1343.5951768488746,6011.788102893891,1,112,False,2,20230110,1,0.25
548,49,1343.7790697674418,6544.357322438717,4,111,False,2,20230110,1,0.25
549,50,1343.7002567394095,7083.5,0,109,False,2,20230110,1,0.25
550,51,1344.0771643663738,7623.5,1,130,False,2,20230110,1,0.25
551,52,1343.7884012539184,8151.788401253919,0,0,False,2,20230110,1,0.25
552,53,1343.705533596838,8695.5,0,0,False,2,20230110,1,0.25
553,54,1343.6953727506427,9219.885604113111,2,138,False,2,20230110,1,0.25
554,55,1343.89588688946,9755.690231362469,3,108,False,2,20230110,1,0.25
555,56,1343.399935856318,10291.597498396408,2,105,False,2,20230110,1,0.25
556,57,1344.0824742268042,10828.067010309278,6,114,False,2,20230110,1,0.25
557,58,1344.4319899244333,11374.568010075567,1,107,False,2,20230110,1,0.25
558,59,1343.8859649122808,11903.690476190475,0,0,False,2,20230110,1,0.25
559,60,1343.89588688946,12443.309768637531,0,0,False,2,20230110,1,0.25
560,61,1343.89588688946,12971.690231362469,2,116,False,2,20230110,1,0.25
561,62,1343.690476190476,13503.88596491228,3,115,False,2,20230110,1,0.25
562,63,1343.8859649122808,14039.690476190475,0,0,False,2,20230110,1,0.25
563,64,1343.4044703000611,14579.402020820577,0,0,False,2,20230110,1,0.25
564,65,1343.6953727506427,15115.885604113111,0,1,False,2,20230110,1,0.25
565,66,1343.690476190476,15647.88596491228,6,113,False,2,20230110,1,0.25
566,67,1343.7884012539184,16191.788401253918,0,0,False,2,20230110,1,0.25
567,68,1343.399935856318,16731.402501603592,1,116,False,2,20230110,1,0.25
568,69,1343.6865030674846,17267.308588957054,3,124,False,2,20230110,1,0.25
569,70,1343.5955296999389,17795.98009797918,1,1,False,2,20230110,1,0.25
570,71,1343.5975609756097,18335.40243902439,3,107,False,2,20230110,1,0.25
571,72,1343.5,18867.88235294117,1,114,False,2,20230110,1,0.25
572,73,1343.5,19403.5,3,120,False,2,20230110,1,0.25
573,74,1343.89588688946,19947.309768637533,5,116,False,2,20230110,1,0.25
574,75,1344.0539215686274,20482.93137254902,1,113,False,2,20230110,1,0.25
575,76,1344.1825499034128,21019.03122987765,15,109,False,2,20230110,1,0.25
576,77,1786.8558696988323,928.6923786109404,0,0,True,2,20230110,1,0.25
577,78,1786.6937984496124,1464.37338501292,0,0,False,2,20230110,1,0.25
578,79,1786.9313725490197,2000.053921568628,0,1,False,2,20230110,1,0.25
579,80,1787.2038895859473,2531.781053952321,2,2,False,2,20230110,1,0.25
580,81,1786.442065491184,3068.3110831234258,0,0,False,2,20230110,1,0.25
581,82,1787.970300061237,3608.149112063688,0,0,False,2,20230110,1,0.25
582,83,1787.5979791794243,4135.967850581751,1,116,False,2,20230110,1,0.25
583,84,1787.2204169221336,4679.772225628449,4,111,False,2,20230110,1,0.25
584,85,1787.029699938763,5208.149112063687,0,134,False,2,20230110,1,0.25
585,86,1787.882149591452,5748.053111250786,0,0,False,2,20230110,1,0.25
586,87,1787.9753476611884,6276.870417193426,1,206,True,2,20230110,1,0.25
587,88,1788.0700245700243,6816.055282555282,3,107,False,2,20230110,1,0.25
588,89,1788.0686274509803,7352.053921568628,2,1,False,2,20230110,1,0.25
589,90,1787.9066924066924,7887.685328185328,2,147,False,2,20230110,1,0.25
590,91,1788.4214157168567,8427.5,1,139,False,2,20230110,1,0.25
591,92,1788.8411003236247,8951.057281553398,8,121,False,2,20230110,1,0.25
592,93,1788.9590264941469,9488.74460874923,1,106,False,2,20230110,1,0.25
593,94,1788.5325752919484,10024.31868469576,0,0,False,2,20230110,1,0.25
594,95,1789.3282890673256,10560.925571340333,4,103,False,2,20230110,1,0.25
595,96,1788.2420706163973,11099.868641532015,1,110,False,2,20230110,1,0.25
596,97,1788.1082474226805,11639.5,3,125,False,2,20230110,1,0.25
597,98,1788.8382533825338,12175.657441574416,1,115,False,2,20230110,1,0.25
598,99,1788.3636363636365,13236.671717171715,0,0,False,2,20230110,1,0.25
599,100,1788.083280955374,13772.053111250783,1,111,False,2,20230110,1,0.25
600,101,1788.26214511041,14308.5952681388,0,0,False,2,20230110,1,0.25
601,102,1788.0925925925926,14851.5,2,119,False,2,20230110,1,0.25
602,103,1787.887665198238,15380.240088105727,3,109,False,2,20230110,1,0.25
603,104,1787.8779141104294,15920.24110429448,1,125,False,2,20230110,1,0.25
604,105,1787.7886850152904,16463.409480122325,4,149,False,2,20230110,1,0.25
605,106,1787.795739348371,16995.780701754386,7,110,False,2,20230110,1,0.25
606,107,1787.9177131526767,17531.68506278916,0,0,False,2,20230110,1,0.25
607,108,1787.7003757044458,18067.5,1,213,True,2,20230110,1,0.25
608,109,1787.6027617212587,18599.59505459217,1,109,False,2,20230110,1,0.25
609,110,1787.896238244514,19139.314420062696,0,0,False,2,20230110,1,0.25
610,111,1788.4214157168567,19675.5,0,0,False,2,20230110,1,0.25
611,112,1788.0925925925926,20211.5,1,142,False,2,20230110,1,0.25
612,113,1788.083280955374,20754.94688874921,3,108,False,2,20230110,1,0.25
613,114,1788.294468887492,21283.5,1,1,False,2,20230110,1,0.25
614,115,1791.89588688946,12707.309768637531,1,112,False,2,20230110,1,0.25
615,116,2231.304755944931,1199.5,0,117,False,2,20230110,1,0.25
616,117,2231.6907151819323,1727.8764115432873,1,109,False,2,20230110,1,0.25
617,118,2231.5,2263.5,0,0,False,2,20230110,1,0.25
618,119,2231.5,2799.5,4,140,False,2,20230110,1,0.25
619,120,2231.5,3335.5,2,113,False,2,20230110,1,0.25
620,121,2231.5,3871.5,0,0,False,2,20230110,1,0.25
621,122,2231.695244055069,4407.5,0,0,False,2,20230110,1,0.25
622,123,2231.5,4943.5,1,101,False,2,20230110,1,0.25
623,124,2231.5,5479.5,0,108,False,2,20230110,1,0.25
624,125,2231.6000641436817,6011.402501603592,0,115,False,2,20230110,1,0.25
625,126,2231.690476190476,6543.8859649122805,0,0,False,2,20230110,1,0.25
626,127,2231.89588688946,7083.690231362468,1,110,False,2,20230110,1,0.25
627,128,2232.077164366374,7623.5,1,140,False,2,20230110,1,0.25
628,129,2231.8859649122805,8151.690476190476,3,119,False,2,20230110,1,0.25
629,130,2232.1076618229854,8695.5,0,0,False,2,20230110,1,0.25
630,131,2231.79543994862,9219.787732819525,6,115,False,2,20230110,1,0.25
631,132,2232.182549903413,9755.968770122345,0,0,False,2,20230110,1,0.25
632,133,2232.182549903413,10291.968770122345,1,164,False,2,20230110,1,0.25
633,134,2232.082474226804,10828.067010309278,2,116,False,2,20230110,1,0.25
634,135,2231.6902377972465,11375.304755944931,2,128,False,2,20230110,1,0.25
635,136,2232.165411173886,11903.969554300063,5,115,False,2,20230110,1,0.25
636,137,2231.7002567394097,12443.5,0,131,False,2,20230110,1,0.25
637,138,2232.0817245817248,12972.06628056628,2,112,False,2,20230110,1,0.25
638,139,2232.3332284455632,13504.529578351165,0,115,False,2,20230110,1,0.25
639,140,2232.3332284455632,14040.529578351165,2,117,False,2,20230110,1,0.25
640,141,2232.241104294478,14579.87791411043,4,115,False,2,20230110,1,0.25
641,142,2232.0817245817248,15116.06628056628,8,110,False,2,20230110,1,0.25
642,143,2231.9695543000626,15648.165411173886,4,105,False,2,20230110,1,0.25
643,144,2231.8859649122805,16191.690476190475,8,108,False,2,20230110,1,0.25
644,145,2231.7002567394097,16731.5,6,110,False,2,20230110,1,0.25
645,146,2232.241104294478,17267.681595092025,1,124,False,2,20230110,1,0.25
646,147,2232.053921568628,17796.06862745098,3,111,False,2,20230110,1,0.25
647,148,2231.8859649122805,18335.69047619048,7,132,True,2,20230110,1,0.25
648,149,2232.33629675046,18867.220416922133,1,125,False,2,20230110,1,0.25
649,150,2231.79543994862,19403.787732819525,3,112,False,2,20230110,1,0.25
650,151,2231.89588688946,19947.309768637533,4,139,False,2,20230110,1,0.25
651,152,2232.33629675046,20483.220416922133,4,108,False,2,20230110,1,0.25
652,153,2231.89588688946,21019.309768637533,1,111,False,2,20230110,1,0.25
653,154,2674.93137254902,928.0539215686274,1,124,True,2,20230110,1,0.25
654,155,2677.859493670886,1462.4012658227848,3,115,True,2,20230110,1,0.25
655,156,2675.406919779547,1999.776791181874,4,151,False,2,20230110,1,0.25
656,157,2674.90666247643,2531.489943431804,2,108,False,2,20230110,1,0.25
657,158,2675.1173694147265,3068.04877281309,0,0,False,2,20230110,1,0.25
658,159,2674.6416309012875,3607.7722256284487,5,127,False,2,20230110,1,0.25
659,160,2678.221252257676,4135.150812763395,5,117,False,2,20230110,1,0.25
660,161,2679.5,4679.5,7,109,False,2,20230110,1,0.25
661,162,2678.2738452309536,5208.111877624475,3,230,True,2,20230110,1,0.25
662,163,2679.5,5747.5,1,152,False,2,20230110,1,0.25
663,164,2680.4987699877,6275.849323493235,2,270,True,2,20230110,1,0.25
664,165,2679.882775119617,6815.5,1,121,False,2,20230110,1,0.25
665,166,2680.2616766467067,7351.859281437126,2,111,False,2,20230110,1,0.25
666,167,2680.236225087925,8427.317116060962,2,109,False,2,20230110,1,0.25
667,168,2679.907035175879,8951.680904522613,1,121,False,2,20230110,1,0.25
668,169,2679.211389385808,9487.774299344066,8,118,False,2,20230110,1,0.25
669,170,2680.0693779904304,10024.04066985646,6,109,False,2,20230110,1,0.25
670,171,2681.5253470126736,10560.709414604707,0,0,False,2,20230110,1,0.25
671,172,2680.147574517826,11099.766510812393,4,113,False,2,20230110,1,0.25
672,173,2680.1638705811865,12175.766027561414,2,122,False,2,20230110,1,0.25
673,174,2680.093137254902,12707.5,4,116,False,2,20230110,1,0.25
674,175,2680.0840490797545,13236.039877300613,2,116,False,2,20230110,1,0.25
675,176,2679.796024464832,13771.774006116208,5,105,False,2,20230110,1,0.25
676,177,2680.459409594096,14308.385608856088,3,110,False,2,20230110,1,0.25
677,178,2679.896572827417,14851.681150550796,6,222,True,2,20230110,1,0.25
678,179,2680.0840490797545,15380.039877300613,6,219,True,2,20230110,1,0.25
679,180,2680.0693779904304,15920.04066985646,3,108,False,2,20230110,1,0.25
680,181,2679.980573819486,16463.406754333533,2,124,False,2,20230110,1,0.25
681,182,2679.896572827417,16995.681150550794,0,0,False,2,20230110,1,0.25
682,183,2679.605602060528,17531.592723760463,4,103,False,2,20230110,1,0.25
683,184,2679.9935543278084,18067.58348680172,5,120,False,2,20230110,1,0.25
684,185,2679.80923947203,18599.42206159648,3,118,False,2,20230110,1,0.25
685,186,2680.1876155268023,19139.214109673445,4,119,False,2,20230110,1,0.25
686,187,2680.4227166276346,19675.5,6,122,False,2,20230110,1,0.25
687,188,2679.700488997555,20211.5,1,142,False,2,20230110,1,0.25
688,189,2679.7963870177587,20755.22565829761,1,128,False,2,20230110,1,0.25
689,190,2680.093137254902,21283.5,0,0,False,2,20230110,1,0.25
690,191,2683.602761721259,7887.595054592164,1,1,False,2,20230110,1,0.25
691,192,2683.9025806451614,11639.5,3,122,False,2,20230110,1,0.25
692,193,3130.359950859951,1199.5,2,106,False,2,20230110,1,0.25
693,194,3125.668888888889,1728.9653968253967,4,100,False,2,20230110,1,0.25
694,195,3131.397238278741,2263.5950545921646,2,116,False,2,20230110,1,0.25
695,196,3127.2105097545627,2799.7794210195093,0,0,False,2,20230110,1,0.25
696,197,3129.775092936803,3336.6995043370507,6,122,False,2,20230110,1,0.25
697,198,3131.397238278741,3871.5950545921646,3,115,False,2,20230110,1,0.25
698,199,3130.726600985221,4406.869458128079,0,124,False,2,20230110,1,0.25
699,200,3130.9945196647323,4943.595422308188,2,137,False,2,20230110,1,0.25
700,201,3131.402260232132,5479.404703726329,1,131,False,2,20230110,1,0.25
701,202,3131.203889585948,6011.781053952322,5,105,False,2,20230110,1,0.25
702,203,3131.1220858895704,6544.241104294479,5,119,False,2,20230110,1,0.25
703,204,3131.6001251564458,7083.595118898624,0,0,False,2,20230110,1,0.25
704,205,3131.5,7623.127450980392,5,145,False,2,20230110,1,0.25
705,206,3131.5,8151.872549019607,0,0,True,2,20230110,1,0.25
706,207,3131.5,8695.309768637531,9,179,True,2,20230110,1,0.25
707,208,3131.6956112852663,9219.876175548588,0,0,False,2,20230110,1,0.25
708,209,3131.7961104140527,9755.781053952322,3,110,False,2,20230110,1,0.25
709,210,3131.7961104140527,10291.781053952322,4,122,False,2,20230110,1,0.25
710,211,3131.5,10828.06246076585,4,135,False,2,20230110,1,0.25
711,212,3131.779926335175,11374.854205033764,0,0,False,2,20230110,1,0.25
712,213,3131.6909424724604,11903.686046511628,0,0,False,2,20230110,1,0.25
713,214,3131.6002506265663,12443.40476190476,6,128,False,2,20230110,1,0.25
714,215,3131.7961104140527,12971.781053952322,7,117,False,2,20230110,1,0.25
715,216,3131.7795830778664,13504.33629675046,7,117,False,2,20230110,1,0.25
716,217,3131.7795830778664,14040.33629675046,1,213,True,2,20230110,1,0.25
717,218,3131.960431654676,14579.960431654676,4,221,True,2,20230110,1,0.25
718,219,3131.6956112852663,15115.876175548588,0,0,False,2,20230110,1,0.25
719,220,3131.5,15648.063035495716,0,0,False,2,20230110,1,0.25
720,221,3131.8823529411766,16191.5,1,116,False,2,20230110,1,0.25
721,222,3131.5,16731.30964308078,2,155,False,2,20230110,1,0.25
722,223,3131.6862686567165,17267.313731343285,1,1,False,2,20230110,1,0.25
723,224,3131.313953488372,17795.68604651163,5,111,False,2,20230110,1,0.25
724,225,3131.6909424724604,18335.31395348837,7,127,False,2,20230110,1,0.25
725,226,3131.68671454219,18867.68671454219,2,118,False,2,20230110,1,0.25
726,227,3131.700375704446,19403.5,5,110,False,2,20230110,1,0.25
727,228,3131.5,19947.5,1,109,False,2,20230110,1,0.25
728,229,3131.782634730539,20482.661676646705,0,0,True,2,20230110,1,0.25
729,230,3131.7961104140527,21019.21894604768,3,111,False,2,20230110,1,0.25
730,231,3570.6416309012875,927.7722256284488,8,104,False,2,20230110,1,0.25
731,232,3571.5,1463.5,0,1,False,2,20230110,1,0.25
732,233,3569.9433497536947,2000.5147783251232,0,0,False,2,20230110,1,0.25
733,234,3571.3043887147337,2531.1238244514107,0,0,False,2,20230110,1,0.25
734,235,3571.8962382445143,3067.6855799373043,2,122,False,2,20230110,1,0.25
735,236,3571.5,3607.309523809524,0,0,False,2,20230110,1,0.25
736,237,3571.597620500305,4135.595179987798,1,114,False,2,20230110,1,0.25
737,238,3571.5,4679.5,1,156,False,2,20230110,1,0.25
738,239,3571.88630806846,5207.6858190709045,5,121,False,2,20230110,1,0.25
739,240,3571.7961104140527,5747.590338770389,4,151,False,2,20230110,1,0.25
740,241,3571.8962382445143,6275.314420062696,2,155,False,2,20230110,1,0.25
741,242,3571.69536019536,6815.5,2,146,False,2,20230110,1,0.25
742,243,3572.166258420086,7351.041947336191,5,120,False,2,20230110,1,0.25
743,244,3571.7056555269924,7887.5,3,121,False,2,20230110,1,0.25
744,245,3572.5167865707435,8427.404076738609,1,127,False,2,20230110,1,0.25
745,246,3571.9066924066924,8951.685328185327,4,135,False,2,20230110,1,0.25
746,247,3572.260736196319,9487.86809815951,6,136,False,2,20230110,1,0.25
747,248,3572.260736196319,10023.86809815951,2,121,False,2,20230110,1,0.25
748,249,3572.0686274509803,10560.053921568628,0,0,False,2,20230110,1,0.25
749,250,3574.511180124224,11097.66645962733,4,138,False,2,20230110,1,0.25
750,251,3572.00998068255,11639.404700579524,6,107,False,2,20230110,1,0.25
751,252,3572.3583690987125,12175.227774371551,5,119,False,2,20230110,1,0.25
752,253,3572.0925925925926,12707.5,6,115,False,2,20230110,1,0.25
753,254,3572.0825486503454,13236.052416823602,5,110,False,2,20230110,1,0.25
754,255,3571.8962382445143,13771.685579937304,0,0,False,2,20230110,1,0.25
755,256,3572.183417085427,14307.957286432162,3,112,False,2,20230110,1,0.25
756,257,3571.700375704446,14851.5,2,118,False,2,20230110,1,0.25
757,258,3572.183417085427,15379.957286432162,3,122,False,2,20230110,1,0.25
758,259,3572.3583690987125,15919.772225628449,1,1,False,2,20230110,1,0.25
759,260,3571.88630806846,16463.314180929094,2,119,False,2,20230110,1,0.25
760,261,3572.0925925925926,16995.5,7,119,False,2,20230110,1,0.25
761,262,3571.6055408970974,17531.594986807388,3,114,False,2,20230110,1,0.25
762,263,3571.6001251564458,18067.40488110137,2,145,False,2,20230110,1,0.25
763,264,3571.602761721259,18599.59505459217,2,114,False,2,20230110,1,0.25
764,265,3572.0925925925926,19139.5,0,144,False,2,20230110,1,0.25
765,266,3572.5167865707435,19675.59592326139,2,111,False,2,20230110,1,0.25
766,267,3572.0925925925926,20211.5,1,121,False,2,20230110,1,0.25
767,268,3572.183417085427,20755.04271356784,4,109,False,2,20230110,1,0.25
768,269,3572.0925925925926,21283.5,1,114,False,2,20230110,1,0.25
769,270,4023.1235884567127,1199.1135508155585,1,0,False,2,20230110,1,0.25
770,271,4023.4024390243903,1727.5975609756097,0,1,False,2,20230110,1,0.25
771,272,4023.5,2263.5,4,110,False,2,20230110,1,0.25
772,273,4023.5,2799.304755944931,2,108,False,2,20230110,1,0.25
773,274,4023.22057898049,3335.7794210195093,0,0,False,2,20230110,1,0.25
774,275,4023.6026991441736,3871.597432521396,0,0,False,2,20230110,1,0.25
775,276,4023.6911949685536,4407.308805031446,0,0,False,2,20230110,1,0.25
776,277,4023.3973008558255,4943.597432521396,0,0,False,2,20230110,1,0.25
777,278,4023.690476190476,5479.11403508772,2,116,False,2,20230110,1,0.25
778,279,4023.6000641436817,6011.597498396408,2,148,False,2,20230110,1,0.25
779,280,4023.690476190476,6543.8859649122805,0,0,False,2,20230110,1,0.25
780,281,4023.7002567394097,7083.5,8,261,True,2,20230110,1,0.25
781,282,4023.7884012539184,7623.211598746081,0,0,False,2,20230110,1,0.25
782,283,4023.885964912281,8151.690476190476,0,0,False,2,20230110,1,0.25
783,284,4023.6026991441736,8695.402567478604,0,0,False,2,20230110,1,0.25
784,285,4023.7954399486193,9219.787732819525,6,106,False,2,20230110,1,0.25
785,286,4023.89588688946,9755.690231362469,4,101,False,2,20230110,1,0.25
786,287,4023.89588688946,10291.690231362469,1,0,False,2,20230110,1,0.25
787,288,4023.6953727506425,10827.885604113111,3,107,False,2,20230110,1,0.25
788,289,4023.7884012539184,11375.211598746082,1,118,False,2,20230110,1,0.25
789,290,4023.885964912281,11903.690476190475,0,0,False,2,20230110,1,0.25
790,291,4023.7002567394097,12443.5,1,118,False,2,20230110,1,0.25
791,292,4023.7954399486193,12971.787732819525,2,110,False,2,20230110,1,0.25
792,293,4023.969554300063,13504.165411173886,6,121,False,2,20230110,1,0.25
793,294,4023.885964912281,14039.690476190475,0,0,False,2,20230110,1,0.25
794,295,4023.87652811736,14579.690709046456,3,103,False,2,20230110,1,0.25
795,296,4023.7954399486193,15115.787732819525,1,126,False,2,20230110,1,0.25
796,297,4023.5975609756097,15647.40243902439,4,114,False,2,20230110,1,0.25
797,298,4023.5,16191.5,3,108,False,2,20230110,1,0.25
798,299,4023.6000641436817,16731.402501603592,2,107,False,2,20230110,1,0.25
799,300,4023.4048200122015,17267.402379499694,4,116,False,2,20230110,1,0.25
800,301,4024.053921568628,17796.06862745098,1,0,False,2,20230110,1,0.25
801,302,4023.695244055069,18335.5,6,111,False,2,20230110,1,0.25
802,303,4023.5,18867.5,0,0,False,2,20230110,1,0.25
803,304,4023.6000641436817,19403.597498396408,2,142,False,2,20230110,1,0.25
804,305,4023.89588688946,19947.309768637533,5,109,False,2,20230110,1,0.25
805,306,4023.314180929096,20483.11369193154,3,110,False,2,20230110,1,0.25
806,307,4023.6000641436817,21019.402501603592,2,122,False,2,20230110,1,0.25
807,308,4467.308588957055,927.6865030674846,3,115,False,2,20230110,1,0.25
808,309,4467.6027617212585,1463.5950545921644,0,0,False,2,20230110,1,0.25
809,310,4467.69094247246,1999.686046511628,0,0,False,2,20230110,1,0.25
810,311,4467.5,2531.5,1,109,False,2,20230110,1,0.25
811,312,4467.103264281231,3067.133396107972,0,114,False,2,20230110,1,0.25
812,313,4467.597620500305,3607.5951799877976,2,160,True,2,20230110,1,0.25
813,314,4468.0700245700245,4135.490171990172,2,161,True,2,20230110,1,0.25
814,315,4467.790461538461,4678.6704615384615,1,0,False,2,20230110,1,0.25
815,316,4467.220416922134,5207.772225628449,0,0,False,2,20230110,1,0.25
816,317,4467.600250626567,5747.4047619047615,5,118,False,2,20230110,1,0.25
817,318,4467.695611285267,6275.876175548589,0,0,False,2,20230110,1,0.25
818,319,4468.067931456549,6814.9467564259485,2,142,False,2,20230110,1,0.25
819,320,4467.69094247246,7351.686046511628,1,2,False,2,20230110,1,0.25
820,321,4467.705655526992,7887.5,2,117,False,2,20230110,1,0.25
821,322,4467.9604316546765,8427.039568345324,2,105,False,2,20230110,1,0.25
822,323,4467.803536977492,8951.78038585209,1,119,False,2,20230110,1,0.25
823,324,4467.779926335175,9488.145794966236,1,145,False,2,20230110,1,0.25
824,325,4467.970876762723,10023.958614347026,0,137,False,2,20230110,1,0.25
825,326,4467.779926335175,10560.145794966236,1,119,False,2,20230110,1,0.25
826,327,4467.773709483794,11099.773709483794,3,117,False,2,20230110,1,0.25
827,328,4467.705655526992,11639.5,2,104,False,2,20230110,1,0.25
828,329,4467.691411042945,12175.313496932517,7,110,False,2,20230110,1,0.25
829,330,4467.992462311558,12707.404522613066,3,110,False,2,20230110,1,0.25
830,331,4467.982412060302,13236.14824120603,4,112,False,2,20230110,1,0.25
831,332,4467.695611285267,13771.876175548588,2,109,False,2,20230110,1,0.25
832,333,4467.78679245283,14308.335220125786,1,0,False,2,20230110,1,0.25
833,334,4467.700375704446,14851.5,3,111,False,2,20230110,1,0.25
834,335,4467.695611285267,15379.876175548588,8,196,True,2,20230110,1,0.25
835,336,4467.69094247246,15919.686046511628,1,124,False,2,20230110,1,0.25
836,337,4467.597979179424,16463.03214941825,5,120,False,2,20230110,1,0.25
837,338,4467.796110414053,16995.590338770387,6,126,False,2,20230110,1,0.25
838,339,4467.812169312169,17531.589947089946,1,0,False,2,20230110,1,0.25
839,340,4467.304143126177,18067.314187068423,2,113,False,2,20230110,1,0.25
840,341,4467.6027617212585,18599.59505459217,1,111,False,2,20230110,1,0.25
841,342,4467.992462311558,19139.59547738693,7,126,False,2,20230110,1,0.25
842,343,4467.9604316546765,19675.586330935253,3,118,False,2,20230110,1,0.25
843,344,4467.992462311558,20211.404522613066,1,1,False,2,20230110,1,0.25
844,345,4467.695611285267,20755.87617554859,2,109,False,2,20230110,1,0.25
845,346,4467.600250626567,21283.404761904763,7,102,False,2,20230110,1,0.25
846,347,4910.279048765804,1198.8762793497892,2,118,False,2,20230110,1,0.25
847,348,4909.975961538462,1726.3557692307693,2,103,False,2,20230110,1,0.25
848,349,4911.294228356336,2263.5,2,150,False,2,20230110,1,0.25
849,350,4910.738323353294,2799.859281437126,0,0,True,2,20230110,1,0.25
850,351,4910.551497005988,3335.32754491018,2,113,False,2,20230110,1,0.25
851,352,4911.092964824121,3871.680904522613,2,3,False,2,20230110,1,0.25
852,353,4911.308383233533,4407.317964071856,3,195,True,2,20230110,1,0.25
853,354,4911.298994974874,4943.133165829146,4,191,True,2,20230110,1,0.25
854,355,4911.308841099164,5479.318399044206,0,0,False,2,20230110,1,0.25
855,356,4911.696078431372,6011.318627450981,2,116,False,2,20230110,1,0.25
856,357,4911.308383233533,6543.682035928144,2,127,False,2,20230110,1,0.25
857,358,4911.796387017759,7083.225658297612,1,141,False,2,20230110,1,0.25
858,359,4912.070743405276,7622.958033573142,0,0,False,2,20230110,1,0.25
859,360,4911.5,8151.5,4,114,False,2,20230110,1,0.25
860,361,4911.5,8694.951572327043,1,1,False,2,20230110,1,0.25
861,362,4911.696078431372,9219.68137254902,2,1,False,2,20230110,1,0.25
862,363,4911.69656019656,9755.681818181818,0,0,False,2,20230110,1,0.25
863,364,4911.5,10291.863190184047,4,109,False,2,20230110,1,0.25
864,365,4911.5,10827.863190184047,0,114,True,2,20230110,1,0.25
865,366,4911.5,11374.602040816326,3,110,False,2,20230110,1,0.25
866,367,4911.780407429598,11902.869682444578,5,106,False,2,20230110,1,0.25
867,368,4911.600551808707,12443.043838136113,8,177,True,2,20230110,1,0.25
868,369,4911.696078431372,12971.68137254902,2,154,False,2,20230110,1,0.25
869,370,4911.780407429598,13504.130317555422,2,148,False,2,20230110,1,0.25
870,371,4911.780407429598,14040.130317555422,9,171,False,2,20230110,1,0.25
871,372,4911.774165202109,14579.232864674868,0,0,False,2,20230110,1,0.25
872,373,4911.696078431372,15115.68137254902,4,109,False,2,20230110,1,0.25
873,374,4911.780407429598,15648.130317555422,7,203,True,2,20230110,1,0.25
874,375,4911.5,16191.136363636364,2,155,False,2,20230110,1,0.25
875,376,4911.5,16731.5,5,122,False,2,20230110,1,0.25
876,377,4911.869158878505,17266.77570093458,4,111,False,2,20230110,1,0.25
877,378,4911.877182770663,17795.681606519207,3,104,False,2,20230110,1,0.25
878,379,4912.261676646706,18335.32754491018,2,106,False,2,20230110,1,0.25
879,380,4912.056725146199,18867.49064327485,3,110,False,2,20230110,1,0.25
880,381,4911.696078431372,19403.68137254902,0,0,False,2,20230110,1,0.25
881,382,4911.796387017759,19947.22565829761,5,112,False,2,20230110,1,0.25
882,383,4911.961088355763,20483.050614394386,4,115,False,2,20230110,1,0.25
883,384,4911.888206388207,21018.77764127764,10,123,False,2,20230110,1,0.25
884,385,5354.359950859951,927.5,2,89,False,2,20230110,1,0.25
885,386,5355.3972382787415,1463.4049454078356,1,111,False,2,20230110,1,0.25
886,387,5354.355036855037,1999.8341523341523,4,114,False,2,20230110,1,0.25
887,388,5355.103761755486,2531.314420062696,2,123,False,2,20230110,1,0.25
888,389,5355.299624295554,3067.5,1,116,False,2,20230110,1,0.25
889,390,5355.5,3607.309523809524,3,120,False,2,20230110,1,0.25
890,391,5355.5,4135.5,0,1,False,2,20230110,1,0.25
891,392,5355.87791411043,4678.758895705521,2,111,False,2,20230110,1,0.25
892,393,5355.69094247246,5207.313953488372,2,109,False,2,20230110,1,0.25
893,394,5355.695611285267,5747.123824451411,0,137,False,2,20230110,1,0.25
894,395,5355.600250626567,6275.4047619047615,1,108,False,2,20230110,1,0.25
895,396,5355.5,6815.1274509803925,0,0,False,2,20230110,1,0.25
896,397,5355.597739767868,7351.404703726329,5,149,True,2,20230110,1,0.25
897,398,5355.6027617212585,7887.404945407836,1,110,False,2,20230110,1,0.25
898,399,5355.868641532017,8426.757929383602,6,152,False,2,20230110,1,0.25
899,400,5355.6027617212585,8951.595054592164,1,117,False,2,20230110,1,0.25
900,401,5355.69094247246,9487.686046511628,0,0,False,2,20230110,1,0.25
901,402,5355.882352941177,10023.5,2,114,False,2,20230110,1,0.25
902,403,5355.788685015291,10559.781345565749,3,116,False,2,20230110,1,0.25
903,404,5355.87298266587,11099.5,1,154,False,2,20230110,1,0.25
904,405,5355.803536977492,11639.21961414791,2,106,False,2,20230110,1,0.25
905,406,5355.788685015291,12175.218654434251,5,183,True,2,20230110,1,0.25
906,407,5355.796110414053,12707.218946047678,4,181,True,2,20230110,1,0.25
907,408,5355.896238244514,13235.685579937304,3,121,False,2,20230110,1,0.25
908,409,5355.700375704446,13771.5,7,131,False,2,20230110,1,0.25
909,410,5355.796110414053,14307.781053952322,5,114,False,2,20230110,1,0.25
910,411,5355.600125156446,14851.404881101376,0,0,False,2,20230110,1,0.25
911,412,5355.700375704446,15379.5,2,175,False,2,20230110,1,0.25
912,413,5355.88630806846,15919.685819070904,10,156,True,2,20230110,1,0.25
913,414,5355.5,16462.936964504283,4,117,False,2,20230110,1,0.25
914,415,5355.896238244514,16995.314420062696,10,132,False,2,20230110,1,0.25
915,416,5355.917713152677,17531.31493721084,3,115,False,2,20230110,1,0.25
916,417,5355.795739348371,18067.21929824561,4,129,False,2,20230110,1,0.25
917,418,5355.6027617212585,18599.59505459217,5,104,False,2,20230110,1,0.25
918,419,5355.700375704446,19139.5,4,110,False,2,20230110,1,0.25
919,420,5355.968339307049,19675.40442054958,2,113,False,2,20230110,1,0.25
920,421,5355.600125156446,20211.40488110137,0,117,False,2,20230110,1,0.25
921,422,5355.795739348371,20755.21929824561,3,103,False,2,20230110,1,0.25
922,423,5355.700375704446,21283.5,3,101,False,2,20230110,1,0.25
923,424,5806.541916167665,1199.3179640718563,1,104,False,2,20230110,1,0.25
924,425,5806.328331332533,1727.2454981992796,0,113,False,2,20230110,1,0.25
925,426,5806.901257861635,2262.9616352201256,2,120,False,2,20230110,1,0.25
926,427,5807.019426180514,2799.4067543335327,4,97,False,2,20230110,1,0.25
927,428,5807.204504504504,3335.262162162162,1,132,False,2,20230110,1,0.25
928,429,5807.705771643664,3871.5,0,0,False,2,20230110,1,0.25
929,430,5807.308383233533,4407.317964071856,0,0,False,2,20230110,1,0.25
930,431,5807.397049591965,4943.407093534212,0,0,False,2,20230110,1,0.25
931,432,5807.5,5479.136363636364,1,115,False,2,20230110,1,0.25
932,433,5807.5,6011.5,4,129,True,2,20230110,1,0.25
933,434,5807.317964071856,6544.223353293413,2,137,False,2,20230110,1,0.25
934,435,5807.303921568628,7083.318627450981,1,1,False,2,20230110,1,0.25
935,436,5807.5,7623.136363636364,2,123,False,2,20230110,1,0.25
936,437,5807.5,8151.5,0,0,False,2,20230110,1,0.25
937,438,5807.5,8694.951572327043,0,0,False,2,20230110,1,0.25
938,439,5807.399448191293,9219.956161863887,0,0,False,2,20230110,1,0.25
939,440,5807.303921568628,9755.68137254902,0,0,False,2,20230110,1,0.25
940,441,5807.5,10291.863190184047,2,125,False,2,20230110,1,0.25
941,442,5807.5,10827.863190184047,0,108,False,2,20230110,1,0.25
942,443,5807.5,11374.602040816326,0,0,False,2,20230110,1,0.25
943,444,5807.691616766467,11903.317964071855,3,121,False,2,20230110,1,0.25
944,445,5807.600551808707,12443.043838136113,7,117,False,2,20230110,1,0.25
945,446,5807.696078431372,12971.68137254902,6,115,False,2,20230110,1,0.25
946,447,5807.5,13503.863636363636,1,119,False,2,20230110,1,0.25
947,448,5807.780407429598,14040.130317555422,3,109,False,2,20230110,1,0.25
948,449,5807.5,14579.5,1,121,False,2,20230110,1,0.25
949,450,5807.5,15115.5,3,122,False,2,20230110,1,0.25
950,451,5807.308383233533,15647.682035928145,4,116,False,2,20230110,1,0.25
951,452,5807.219592570402,16190.869682444578,0,124,False,2,20230110,1,0.25
952,453,5807.203975535168,16731.225993883792,1,137,False,2,20230110,1,0.25
953,454,5808.315897136177,17266.518118059616,2,120,False,2,20230110,1,0.25
954,455,5807.5,17795.5,3,124,False,2,20230110,1,0.25
955,456,5807.598027495517,18335.04333532576,1,115,False,2,20230110,1,0.25
956,457,5807.686915887851,18867.317757009347,4,122,False,2,20230110,1,0.25
957,458,5807.399694189602,19403.59296636085,0,112,False,2,20230110,1,0.25
958,459,5807.600551808707,19947.04383813612,6,120,False,2,20230110,1,0.25
959,460,5807.322429906542,20482.59813084112,2,113,False,2,20230110,1,0.25
960,461,5807.600551808707,21019.04383813612,3,112,False,2,20230110,1,0.25
961,462,6248.491920447483,929.41671845867,0,0,True,2,20230110,1,0.25
962,463,6250.684516129032,1463.5,1,84,False,2,20230110,1,0.25
963,464,6250.062461538461,1999.2710769230769,2,98,False,2,20230110,1,0.25
964,465,6246.90797940798,2531.5,2,117,False,2,20230110,1,0.25
965,466,6251.103761755486,3067.6855799373043,5,106,False,2,20230110,1,0.25
966,467,6251.402379499695,3607.4048200122015,2,128,False,2,20230110,1,0.25
967,468,6251.30905752754,4135.686046511628,1,106,False,2,20230110,1,0.25
968,469,6251.788685015291,4679.21865443425,2,124,False,2,20230110,1,0.25
969,470,6251.882352941177,5207.5,2,114,False,2,20230110,1,0.25
970,471,6251.600250626567,5747.4047619047615,1,113,False,2,20230110,1,0.25
971,472,6251.600250626567,6275.595238095239,0,0,False,2,20230110,1,0.25
972,473,6251.5,6815.1274509803925,0,0,False,2,20230110,1,0.25
973,474,6251.5,7351.5,0,0,False,2,20230110,1,0.25
974,475,6251.6027617212585,7887.404945407836,4,101,False,2,20230110,1,0.25
975,476,6251.773053892216,8426.853293413174,0,0,False,2,20230110,1,0.25
976,477,6251.5,8951.690231362469,2,116,False,2,20230110,1,0.25
977,478,6251.5,9487.872549019608,0,0,False,2,20230110,1,0.25
978,479,6251.5,10023.872549019608,3,117,False,2,20230110,1,0.25
979,480,6251.69094247246,10559.686046511628,3,106,False,2,20230110,1,0.25
980,481,6251.87298266587,11099.5,2,120,False,2,20230110,1,0.25
981,482,6251.6027617212585,11639.404945407836,3,133,False,2,20230110,1,0.25
982,483,6251.597979179424,12175.032149418248,2,109,False,2,20230110,1,0.25
983,484,6251.796110414053,12707.218946047678,2,135,False,2,20230110,1,0.25
984,485,6251.896238244514,13235.685579937304,2,116,False,2,20230110,1,0.25
985,486,6251.600125156446,13771.595118898624,2,113,False,2,20230110,1,0.25
986,487,6251.795739348371,14307.780701754386,1,115,False,2,20230110,1,0.25
987,488,6251.5,14851.309643080776,2,121,False,2,20230110,1,0.25
988,489,6251.600250626567,15379.40476190476,1,111,False,2,20230110,1,0.25
989,490,6251.5,15919.5,4,119,False,2,20230110,1,0.25
990,491,6251.5,16462.389434889436,2,113,False,2,20230110,1,0.25
991,492,6251.5,16995.30964308078,0,0,False,2,20230110,1,0.25
992,493,6251.605540897098,17531.405013192612,0,0,False,2,20230110,1,0.25
993,494,6251.5,18066.93753923415,3,117,False,2,20230110,1,0.25
994,495,6251.5,18599.5,1,105,False,2,20230110,1,0.25
995,496,6251.5,19139.30964308078,1,113,False,2,20230110,1,0.25
996,497,6251.5,19675.12701733413,0,115,False,2,20230110,1,0.25
997,498,6251.5,20211.30964308078,1,1,False,2,20230110,1,0.25
998,499,6251.399874843554,20755.40488110137,2,107,False,2,20230110,1,0.25
999,500,6251.600250626567,21283.404761904763,3,87,False,2,20230110,1,0.25
1000,1,899.004835589942,1464.1473243068988,1,0,False,0,20221101,1,0.5
1001,2,898.7570725707257,2000.5971709717096,0,0,False,0,20221101,1,0.5
1002,3,899.2132075471698,2532.3352201257862,1,104,False,0,20221101,1,0.5
1003,4,899.2132075471698,3068.3352201257862,1,0,False,0,20221101,1,0.5
1004,5,899.4020208205757,3607.967850581752,5,106,False,0,20221101,1,0.5
1005,6,899.2204169221336,4136.33629675046,6,102,False,0,20221101,1,0.5
1006,7,899.4020208205757,4679.967850581751,4,111,False,0,20221101,1,0.5
1007,8,899.7795830778664,5208.33629675046,4,106,False,0,20221101,1,0.5
1008,9,899.6956112852664,5747.876175548589,1,107,False,0,20221101,1,0.5
1009,10,899.204260651629,6275.7807017543855,0,0,False,0,20221101,1,0.5
1010,11,899.8779141104294,6816.241104294479,3,112,False,0,20221101,1,0.5
1011,12,900.0686274509804,7352.053921568628,0,91,False,0,20221101,1,0.5
1012,13,900.3051612903225,7887.866451612903,1,113,False,0,20221101,1,0.5
1013,14,900.6003003003003,8428.206306306307,4,103,False,0,20221101,1,0.5
1014,15,900.0979381443299,8952.051546391753,2,1,False,0,20221101,1,0.5
1015,16,900.2429274292743,9488.59717097171,0,0,False,0,20221101,1,0.5
1016,17,901.4233621755252,10024.187268232386,1,112,False,0,20221101,1,0.5
1017,18,901.0743368291178,10560.657310302282,3,125,False,0,20221101,1,0.5
1018,19,900.5989802039592,11100.224655068989,0,0,False,0,20221101,1,0.5
1019,20,899.7005141388174,11639.690231362469,2,155,False,0,20221101,1,0.5
1020,21,901.428306551298,12176.889369592089,2,101,False,0,20221101,1,0.5
1021,22,900.3805031446541,12707.771698113207,0,105,False,0,20221101,1,0.5
1022,23,900.3564231738035,13236.502518891688,7,104,False,0,20221101,1,0.5
1023,24,899.9824120603015,13772.14824120603,4,86,False,0,20221101,1,0.5
1024,25,900.1607818411097,14308.690416141237,2,90,False,0,20221101,1,0.5
1025,26,899.896238244514,14851.685579937304,3,107,True,0,20221101,1,0.5
1026,27,899.9824120603015,15380.14824120603,11,145,False,0,20221101,1,0.5
1027,28,899.7795830778664,15920.33629675046,3,99,False,0,20221101,1,0.5
1028,29,899.6909424724602,16463.68604651163,3,81,False,0,20221101,1,0.5
1029,30,899.6956112852664,16995.87617554859,5,103,False,0,20221101,1,0.5
1030,31,899.6055408970976,17531.594986807388,4,109,False,0,20221101,1,0.5
1031,32,899.5,18067.5,2,96,False,0,20221101,1,0.5
1032,33,899.5,18599.690231362467,3,96,False,0,20221101,1,0.5
1033,34,899.6002506265664,19139.404761904763,2,86,False,0,20221101,1,0.5
1034,35,900.1467065868263,19675.226946107785,8,82,False,0,20221101,1,0.5
1035,36,900.0925925925926,20211.5,4,74,True,0,20221101,1,0.5
1036,37,900.1842767295598,20754.86603773585,0,1,True,0,20221101,1,0.5
1037,38,903.89588688946,21283.309768637533,1,0,True,0,20221101,1,0.5
1038,39,1342.8345888261142,1199.9695543000628,3,90,False,0,20221101,1,0.5
1039,40,1343.293710691824,1728.4610062893082,3,148,False,0,20221101,1,0.5
1040,41,1343.1967699406723,2263.78740936058,3,1,False,0,20221101,1,0.5
1041,42,1343.2115987460816,2799.7884012539184,2,145,False,0,20221101,1,0.5
1042,43,1343.211959924859,3335.788040075141,2,1,False,0,20221101,1,0.5
1043,44,1343.5,3871.694993412385,0,0,False,0,20221101,1,0.5
1044,45,1343.5,4407.6952440550685,1,115,False,0,20221101,1,0.5
1045,46,1343.5,4943.5,3,122,False,0,20221101,1,0.5
1046,47,1343.5975609756097,5479.59756097561,4,121,False,0,20221101,1,0.5
1047,48,1343.5951768488746,6011.788102893891,4,215,True,0,20221101,1,0.5
1048,49,1343.7790697674418,6544.357322438717,0,1,False,0,20221101,1,0.5
1049,50,1343.7002567394095,7083.5,0,0,False,0,20221101,1,0.5
1050,51,1344.0771643663738,7623.5,5,187,False,0,20221101,1,0.5
1051,52,1343.7884012539184,8151.788401253919,2,0,False,0,20221101,1,0.5
1052,53,1343.705533596838,8695.5,1,112,False,0,20221101,1,0.5
1053,54,1343.6953727506427,9219.885604113111,1,119,False,0,20221101,1,0.5
1054,55,1343.89588688946,9755.690231362469,1,131,False,0,20221101,1,0.5
1055,56,1343.399935856318,10291.597498396408,2,127,False,0,20221101,1,0.5
1056,57,1344.0824742268042,10828.067010309278,4,1,False,0,20221101,1,0.5
1057,58,1344.4319899244333,11374.568010075567,3,261,True,0,20221101,1,0.5
1058,59,1343.8859649122808,11903.690476190475,6,257,True,0,20221101,1,0.5
1059,60,1343.89588688946,12443.309768637531,1,0,False,0,20221101,1,0.5
1060,61,1343.89588688946,12971.690231362469,1,0,False,0,20221101,1,0.5
1061,62,1343.690476190476,13503.88596491228,1,0,False,0,20221101,1,0.5
1062,63,1343.8859649122808,14039.690476190475,0,119,False,0,20221101,1,0.5
1063,64,1343.4044703000611,14579.402020820577,2,0,False,0,20221101,1,0.5
1064,65,1343.6953727506427,15115.885604113111,2,122,False,0,20221101,1,0.5
1065,66,1343.690476190476,15647.88596491228,3,0,False,0,20221101,1,0.5
1066,67,1343.7884012539184,16191.788401253918,4,168,False,0,20221101,1,0.5
1067,68,1343.399935856318,16731.402501603592,3,140,False,0,20221101,1,0.5
1068,69,1343.6865030674846,17267.308588957054,3,128,False,0,20221101,1,0.5
1069,70,1343.5955296999389,17795.98009797918,2,248,True,0,20221101,1,0.5
1070,71,1343.5975609756097,18335.40243902439,4,119,False,0,20221101,1,0.5
1071,72,1343.5,18867.88235294117,7,0,False,0,20221101,1,0.5
1072,73,1343.5,19403.5,0,1,False,0,20221101,1,0.5
1073,74,1343.89588688946,19947.309768637533,8,114,False,0,20221101,1,0.5
1074,75,1344.0539215686274,20482.93137254902,2,101,False,0,20221101,1,0.5
1075,76,1344.1825499034128,21019.03122987765,6,79,False,0,20221101,1,0.5
1076,77,1786.8558696988323,928.6923786109404,2,87,False,0,20221101,1,0.5
1077,78,1786.6937984496124,1464.37338501292,0,0,False,0,20221101,1,0.5
1078,79,1786.9313725490197,2000.053921568628,8,127,True,0,20221101,1,0.5
1079,80,1787.2038895859473,2531.781053952321,0,0,False,0,20221101,1,0.5
1080,81,1786.442065491184,3068.3110831234258,0,0,False,0,20221101,1,0.5
1081,82,1787.970300061237,3608.149112063688,3,107,False,0,20221101,1,0.5
1082,83,1787.5979791794243,4135.967850581751,2,2,False,0,20221101,1,0.5
1083,84,1787.2204169221336,4679.772225628449,0,135,False,0,20221101,1,0.5
1084,85,1787.029699938763,5208.149112063687,0,0,False,0,20221101,1,0.5
1085,86,1787.882149591452,5748.053111250786,1,0,True,0,20221101,1,0.5
1086,87,1787.9753476611884,6276.870417193426,0,0,False,0,20221101,1,0.5
1087,88,1788.0700245700243,6816.055282555282,1,1,False,0,20221101,1,0.5
1088,89,1788.0686274509803,7352.053921568628,5,117,False,0,20221101,1,0.5
1089,90,1787.9066924066924,7887.685328185328,1,106,False,0,20221101,1,0.5
1090,91,1788.4214157168567,8427.5,3,68,False,0,20221101,1,0.5
1091,92,1788.8411003236247,8951.057281553398,0,0,False,0,20221101,1,0.5
1092,93,1788.9590264941469,9488.74460874923,3,127,False,0,20221101,1,0.5
1093,94,1788.5325752919484,10024.31868469576,6,146,False,0,20221101,1,0.5
1094,95,1789.3282890673256,10560.925571340333,0,0,False,0,20221101,1,0.5
1095,96,1788.2420706163973,11099.868641532015,1,0,False,0,20221101,1,0.5
1096,97,1788.1082474226805,11639.5,2,252,True,0,20221101,1,0.5
1097,98,1788.8382533825338,12175.657441574416,0,1,False,0,20221101,1,0.5
1098,99,1788.3636363636365,13236.671717171715,3,1,False,0,20221101,1,0.5
1099,100,1788.083280955374,13772.053111250783,2,112,False,0,20221101,1,0.5
1100,101,1788.26214511041,14308.5952681388,3,0,False,0,20221101,1,0.5
1101,102,1788.0925925925926,14851.5,1,0,False,0,20221101,1,0.5
1102,103,1787.887665198238,15380.240088105727,5,104,False,0,20221101,1,0.5
1103,104,1787.8779141104294,15920.24110429448,1,97,False,0,20221101,1,0.5
1104,105,1787.7886850152904,16463.409480122325,1,116,False,0,20221101,1,0.5
1105,106,1787.795739348371,16995.780701754386,4,146,False,0,20221101,1,0.5
1106,107,1787.9177131526767,17531.68506278916,1,137,False,0,20221101,1,0.5
1107,108,1787.7003757044458,18067.5,7,246,True,0,20221101,1,0.5
1108,109,1787.6027617212587,18599.59505459217,1,116,False,0,20221101,1,0.5
1109,110,1787.896238244514,19139.314420062696,1,1,False,0,20221101,1,0.5
1110,111,1788.4214157168567,19675.5,3,130,False,0,20221101,1,0.5
1111,112,1788.0925925925926,20211.5,1,116,False,0,20221101,1,0.5
1112,113,1788.083280955374,20754.94688874921,1,108,False,0,20221101,1,0.5
1113,114,1788.294468887492,21283.5,1,79,False,0,20221101,1,0.5
1114,115,1791.89588688946,12707.309768637531,0,0,False,0,20221101,1,0.5
1115,116,2231.304755944931,1199.5,1,82,False,0,20221101,1,0.5
1116,117,2231.6907151819323,1727.8764115432873,0,0,False,0,20221101,1,0.5
1117,118,2231.5,2263.5,0,0,False,0,20221101,1,0.5
1118,119,2231.5,2799.5,3,130,False,0,20221101,1,0.5
1119,120,2231.5,3335.5,1,0,False,0,20221101,1,0.5
1120,121,2231.5,3871.5,0,0,False,0,20221101,1,0.5
1121,122,2231.695244055069,4407.5,2,143,False,0,20221101,1,0.5
1122,123,2231.5,4943.5,2,137,False,0,20221101,1,0.5
1123,124,2231.5,5479.5,2,2,False,0,20221101,1,0.5
1124,125,2231.6000641436817,6011.402501603592,4,203,True,0,20221101,1,0.5
1125,126,2231.690476190476,6543.8859649122805,2,134,False,0,20221101,1,0.5
1126,127,2231.89588688946,7083.690231362468,0,0,False,0,20221101,1,0.5
1127,128,2232.077164366374,7623.5,4,212,True,0,20221101,1,0.5
1128,129,2231.8859649122805,8151.690476190476,1,65,False,0,20221101,1,0.5
1129,130,2232.1076618229854,8695.5,1,1,False,0,20221101,1,0.5
1130,131,2231.79543994862,9219.787732819525,3,173,False,0,20221101,1,0.5
1131,132,2232.182549903413,9755.968770122345,1,136,False,0,20221101,1,0.5
1132,133,2232.182549903413,10291.968770122345,2,1,False,0,20221101,1,0.5
1133,134,2232.082474226804,10828.067010309278,4,118,False,0,20221101,1,0.5
1134,135,2231.6902377972465,11375.304755944931,1,0,False,0,20221101,1,0.5
1135,136,2232.165411173886,11903.969554300063,2,119,False,0,20221101,1,0.5
1136,137,2231.7002567394097,12443.5,2,141,False,0,20221101,1,0.5
1137,138,2232.0817245817248,12972.06628056628,2,134,False,0,20221101,1,0.5
1138,139,2232.3332284455632,13504.529578351165,0,0,False,0,20221101,1,0.5
1139,140,2232.3332284455632,14040.529578351165,3,129,False,0,20221101,1,0.5
1140,141,2232.241104294478,14579.87791411043,0,0,False,0,20221101,1,0.5
1141,142,2232.0817245817248,15116.06628056628,3,122,False,0,20221101,1,0.5
1142,143,2231.9695543000626,15648.165411173886,4,116,False,0,20221101,1,0.5
1143,144,2231.8859649122805,16191.690476190475,0,0,False,0,20221101,1,0.5
1144,145,2231.7002567394097,16731.5,2,132,False,0,20221101,1,0.5
1145,146,2232.241104294478,17267.681595092025,2,134,False,0,20221101,1,0.5
1146,147,2232.053921568628,17796.06862745098,3,138,False,0,20221101,1,0.5
1147,148,2231.8859649122805,18335.69047619048,2,141,False,0,20221101,1,0.5
1148,149,2232.33629675046,18867.220416922133,3,110,False,0,20221101,1,0.5
1149,150,2231.79543994862,19403.787732819525,2,133,False,0,20221101,1,0.5
1150,151,2231.89588688946,19947.309768637533,2,127,False,0,20221101,1,0.5
1151,152,2232.33629675046,20483.220416922133,0,0,False,0,20221101,1,0.5
1152,153,2231.89588688946,21019.309768637533,6,122,False,0,20221101,1,0.5
1153,154,2674.93137254902,928.0539215686274,2,98,False,0,20221101,1,0.5
1154,155,2677.859493670886,1462.4012658227848,3,114,False,0,20221101,1,0.5
1155,156,2675.406919779547,1999.776791181874,2,162,False,0,20221101,1,0.5
1156,157,2674.90666247643,2531.489943431804,1,0,False,0,20221101,1,0.5
1157,158,2675.1173694147265,3068.04877281309,5,65,True,0,20221101,1,0.5
1158,159,2674.6416309012875,3607.7722256284487,6,223,True,0,20221101,1,0.5
1159,160,2678.221252257676,4135.150812763395,4,0,True,0,20221101,1,0.5
1160,161,2679.5,4679.5,1,1,False,0,20221101,1,0.5
1161,162,2678.2738452309536,5208.111877624475,2,239,True,0,20221101,1,0.5
1162,163,2679.5,5747.5,2,154,False,0,20221101,1,0.5
1163,164,2680.4987699877,6275.849323493235,1,2,True,0,20221101,1,0.5
1164,165,2679.882775119617,6815.5,3,128,False,0,20221101,1,0.5
1165,166,2680.2616766467067,7351.859281437126,3,146,False,0,20221101,1,0.5
1166,167,2680.236225087925,8427.317116060962,1,106,False,0,20221101,1,0.5
1167,168,2679.907035175879,8951.680904522613,2,2,False,0,20221101,1,0.5
1168,169,2679.211389385808,9487.774299344066,2,141,False,0,20221101,1,0.5
1169,170,2680.0693779904304,10024.04066985646,4,134,False,0,20221101,1,0.5
1170,171,2681.5253470126736,10560.709414604707,3,109,False,0,20221101,1,0.5
1171,172,2680.147574517826,11099.766510812393,1,0,True,0,20221101,1,0.5
1172,173,2680.1638705811865,12175.766027561414,1,103,False,0,20221101,1,0.5
1173,174,2680.093137254902,12707.5,3,125,False,0,20221101,1,0.5
1174,175,2680.0840490797545,13236.039877300613,1,106,False,0,20221101,1,0.5
1175,176,2679.796024464832,13771.774006116208,0,0,False,0,20221101,1,0.5
1176,177,2680.459409594096,14308.385608856088,1,139,False,0,20221101,1,0.5
1177,178,2679.896572827417,14851.681150550796,0,0,False,0,20221101,1,0.5
1178,179,2680.0840490797545,15380.039877300613,2,114,False,0,20221101,1,0.5
1179,180,2680.0693779904304,15920.04066985646,1,0,False,0,20221101,1,0.5
1180,181,2679.980573819486,16463.406754333533,2,117,False,0,20221101,1,0.5
1181,182,2679.896572827417,16995.681150550794,4,116,False,0,20221101,1,0.5
1182,183,2679.605602060528,17531.592723760463,0,0,False,0,20221101,1,0.5
1183,184,2679.9935543278084,18067.58348680172,0,0,False,0,20221101,1,0.5
1184,185,2679.80923947203,18599.42206159648,0,0,False,0,20221101,1,0.5
1185,186,2680.1876155268023,19139.214109673445,5,130,False,0,20221101,1,0.5
1186,187,2680.4227166276346,19675.5,4,131,False,0,20221101,1,0.5
1187,188,2679.700488997555,20211.5,0,0,False,0,20221101,1,0.5
1188,189,2679.7963870177587,20755.22565829761,8,282,True,0,20221101,1,0.5
1189,190,2680.093137254902,21283.5,1,98,False,0,20221101,1,0.5
1190,191,2683.602761721259,7887.595054592164,3,102,False,0,20221101,1,0.5
1191,192,2683.9025806451614,11639.5,5,99,False,0,20221101,1,0.5
1192,193,3130.359950859951,1199.5,0,0,False,0,20221101,1,0.5
1193,194,3125.668888888889,1728.9653968253967,4,140,False,0,20221101,1,0.5
1194,195,3131.397238278741,2263.5950545921646,2,147,False,0,20221101,1,0.5
1195,196,3127.2105097545627,2799.7794210195093,3,140,False,0,20221101,1,0.5
1196,197,3129.775092936803,3336.6995043370507,0,0,False,0,20221101,1,0.5
1197,198,3131.397238278741,3871.5950545921646,1,151,False,0,20221101,1,0.5
1198,199,3130.726600985221,4406.869458128079,0,0,False,0,20221101,1,0.5
1199,200,3130.9945196647323,4943.595422308188,2,0,False,0,20221101,1,0.5
1200,201,3131.402260232132,5479.404703726329,3,133,False,0,20221101,1,0.5
1201,202,3131.203889585948,6011.781053952322,1,149,False,0,20221101,1,0.5
1202,203,3131.1220858895704,6544.241104294479,0,0,False,0,20221101,1,0.5
1203,204,3131.6001251564458,7083.595118898624,1,0,False,0,20221101,1,0.5
1204,205,3131.5,7623.127450980392,1,126,False,0,20221101,1,0.5
1205,206,3131.5,8151.872549019607,3,146,False,0,20221101,1,0.5
1206,207,3131.5,8695.309768637531,2,141,False,0,20221101,1,0.5
1207,208,3131.6956112852663,9219.876175548588,4,147,False,0,20221101,1,0.5
1208,209,3131.7961104140527,9755.781053952322,3,2,False,0,20221101,1,0.5
1209,210,3131.7961104140527,10291.781053952322,0,0,False,0,20221101,1,0.5
1210,211,3131.5,10828.06246076585,0,0,False,0,20221101,1,0.5
1211,212,3131.779926335175,11374.854205033764,1,0,False,0,20221101,1,0.5
1212,213,3131.6909424724604,11903.686046511628,3,2,False,0,20221101,1,0.5
1213,214,3131.6002506265663,12443.40476190476,8,251,False,0,20221101,1,0.5
1214,215,3131.7961104140527,12971.781053952322,0,0,False,0,20221101,1,0.5
1215,216,3131.7795830778664,13504.33629675046,1,126,False,0,20221101,1,0.5
1216,217,3131.7795830778664,14040.33629675046,3,0,False,0,20221101,1,0.5
1217,218,3131.960431654676,14579.960431654676,3,99,False,0,20221101,1,0.5
1218,219,3131.6956112852663,15115.876175548588,3,139,False,0,20221101,1,0.5
1219,220,3131.5,15648.063035495716,3,103,False,0,20221101,1,0.5
1220,221,3131.8823529411766,16191.5,0,0,False,0,20221101,1,0.5
1221,222,3131.5,16731.30964308078,5,97,False,0,20221101,1,0.5
1222,223,3131.6862686567165,17267.313731343285,3,132,False,0,20221101,1,0.5
1223,224,3131.313953488372,17795.68604651163,1,0,False,0,20221101,1,0.5
1224,225,3131.6909424724604,18335.31395348837,5,208,True,0,20221101,1,0.5
1225,226,3131.68671454219,18867.68671454219,1,134,False,0,20221101,1,0.5
1226,227,3131.700375704446,19403.5,3,129,False,0,20221101,1,0.5
1227,228,3131.5,19947.5,5,117,False,0,20221101,1,0.5
1228,229,3131.782634730539,20482.661676646705,1,118,False,0,20221101,1,0.5
1229,230,3131.7961104140527,21019.21894604768,2,119,False,0,20221101,1,0.5
1230,231,3570.6416309012875,927.7722256284488,1,90,False,0,20221101,1,0.5
1231,232,3571.5,1463.5,2,148,False,0,20221101,1,0.5
1232,233,3569.9433497536947,2000.5147783251232,1,0,False,0,20221101,1,0.5
1233,234,3571.3043887147337,2531.1238244514107,1,0,False,0,20221101,1,0.5
1234,235,3571.8962382445143,3067.6855799373043,1,0,False,0,20221101,1,0.5
1235,236,3571.5,3607.309523809524,1,0,True,0,20221101,1,0.5
1236,237,3571.597620500305,4135.595179987798,0,0,False,0,20221101,1,0.5
1237,238,3571.5,4679.5,0,0,False,0,20221101,1,0.5
1238,239,3571.88630806846,5207.6858190709045,0,2,True,0,20221101,1,0.5
1239,240,3571.7961104140527,5747.590338770389,3,151,False,0,20221101,1,0.5
1240,241,3571.8962382445143,6275.314420062696,1,1,False,0,20221101,1,0.5
1241,242,3571.69536019536,6815.5,3,145,False,0,20221101,1,0.5
1242,243,3572.166258420086,7351.041947336191,4,161,False,0,20221101,1,0.5
1243,244,3571.7056555269924,7887.5,1,155,False,0,20221101,1,0.5
1244,245,3572.5167865707435,8427.404076738609,2,118,False,0,20221101,1,0.5
1245,246,3571.9066924066924,8951.685328185327,2,1,False,0,20221101,1,0.5
1246,247,3572.260736196319,9487.86809815951,0,0,False,0,20221101,1,0.5
1247,248,3572.260736196319,10023.86809815951,3,226,True,0,20221101,1,0.5
1248,249,3572.0686274509803,10560.053921568628,0,0,False,0,20221101,1,0.5
1249,250,3574.511180124224,11097.66645962733,3,107,False,0,20221101,1,0.5
1250,251,3572.00998068255,11639.404700579524,2,239,True,0,20221101,1,0.5
1251,252,3572.3583690987125,12175.227774371551,4,229,True,0,20221101,1,0.5
1252,253,3572.0925925925926,12707.5,4,158,False,0,20221101,1,0.5
1253,254,3572.0825486503454,13236.052416823602,1,141,False,0,20221101,1,0.5
1254,255,3571.8962382445143,13771.685579937304,0,0,False,0,20221101,1,0.5
1255,256,3572.183417085427,14307.957286432162,1,0,False,0,20221101,1,0.5
1256,257,3571.700375704446,14851.5,1,138,False,0,20221101,1,0.5
1257,258,3572.183417085427,15379.957286432162,4,1,False,0,20221101,1,0.5
1258,259,3572.3583690987125,15919.772225628449,3,111,False,0,20221101,1,0.5
1259,260,3571.88630806846,16463.314180929094,1,132,False,0,20221101,1,0.5
1260,261,3572.0925925925926,16995.5,2,0,False,0,20221101,1,0.5
1261,262,3571.6055408970974,17531.594986807388,0,0,False,0,20221101,1,0.5
1262,263,3571.6001251564458,18067.40488110137,2,0,False,0,20221101,1,0.5
1263,264,3571.602761721259,18599.59505459217,3,172,True,0,20221101,1,0.5
1264,265,3572.0925925925926,19139.5,4,134,False,0,20221101,1,0.5
1265,266,3572.5167865707435,19675.59592326139,2,2,False,0,20221101,1,0.5
1266,267,3572.0925925925926,20211.5,2,123,False,0,20221101,1,0.5
1267,268,3572.183417085427,20755.04271356784,2,125,False,0,20221101,1,0.5
1268,269,3572.0925925925926,21283.5,7,80,False,0,20221101,1,0.5
1269,270,4023.1235884567127,1199.1135508155585,4,121,False,0,20221101,1,0.5
1270,271,4023.4024390243903,1727.5975609756097,2,214,True,0,20221101,1,0.5
1271,272,4023.5,2263.5,2,195,True,0,20221101,1,0.5
1272,273,4023.5,2799.304755944931,1,215,True,0,20221101,1,0.5
1273,274,4023.22057898049,3335.7794210195093,0,0,False,0,20221101,1,0.5
1274,275,4023.6026991441736,3871.597432521396,0,0,False,0,20221101,1,0.5
1275,276,4023.6911949685536,4407.308805031446,5,150,False,0,20221101,1,0.5
1276,277,4023.3973008558255,4943.597432521396,3,108,False,0,20221101,1,0.5
1277,278,4023.690476190476,5479.11403508772,0,0,False,0,20221101,1,0.5
1278,279,4023.6000641436817,6011.597498396408,3,146,False,0,20221101,1,0.5
1279,280,4023.690476190476,6543.8859649122805,1,116,False,0,20221101,1,0.5
1280,281,4023.7002567394097,7083.5,1,0,False,0,20221101,1,0.5
1281,282,4023.7884012539184,7623.211598746081,0,0,False,0,20221101,1,0.5
1282,283,4023.885964912281,8151.690476190476,1,139,False,0,20221101,1,0.5
1283,284,4023.6026991441736,8695.402567478604,1,0,False,0,20221101,1,0.5
1284,285,4023.7954399486193,9219.787732819525,1,103,False,0,20221101,1,0.5
1285,286,4023.89588688946,9755.690231362469,0,0,False,0,20221101,1,0.5
1286,287,4023.89588688946,10291.690231362469,0,0,False,0,20221101,1,0.5
1287,288,4023.6953727506425,10827.885604113111,1,122,False,0,20221101,1,0.5
1288,289,4023.7884012539184,11375.211598746082,2,0,True,0,20221101,1,0.5
1289,290,4023.885964912281,11903.690476190475,1,0,False,0,20221101,1,0.5
1290,291,4023.7002567394097,12443.5,3,174,False,0,20221101,1,0.5
1291,292,4023.7954399486193,12971.787732819525,2,0,False,0,20221101,1,0.5
1292,293,4023.969554300063,13504.165411173886,1,134,False,0,20221101,1,0.5
1293,294,4023.885964912281,14039.690476190475,7,253,True,0,20221101,1,0.5
1294,295,4023.87652811736,14579.690709046456,4,118,False,0,20221101,1,0.5
1295,296,4023.7954399486193,15115.787732819525,0,151,False,0,20221101,1,0.5
1296,297,4023.5975609756097,15647.40243902439,3,211,True,0,20221101,1,0.5
1297,298,4023.5,16191.5,4,1,False,0,20221101,1,0.5
1298,299,4023.6000641436817,16731.402501603592,0,0,False,0,20221101,1,0.5
1299,300,4023.4048200122015,17267.402379499694,2,1,False,0,20221101,1,0.5
1300,301,4024.053921568628,17796.06862745098,3,0,False,0,20221101,1,0.5
1301,302,4023.695244055069,18335.5,0,0,False,0,20221101,1,0.5
1302,303,4023.5,18867.5,3,0,False,0,20221101,1,0.5
1303,304,4023.6000641436817,19403.597498396408,0,0,False,0,20221101,1,0.5
1304,305,4023.89588688946,19947.309768637533,0,0,False,0,20221101,1,0.5
1305,306,4023.314180929096,20483.11369193154,1,110,False,0,20221101,1,0.5
1306,307,4023.6000641436817,21019.402501603592,4,103,False,0,20221101,1,0.5
1307,308,4467.308588957055,927.6865030674846,1,0,False,0,20221101,1,0.5
1308,309,4467.6027617212585,1463.5950545921644,0,1,False,0,20221101,1,0.5
1309,310,4467.69094247246,1999.686046511628,1,1,True,0,20221101,1,0.5
1310,311,4467.5,2531.5,0,0,False,0,20221101,1,0.5
1311,312,4467.103264281231,3067.133396107972,0,2,False,0,20221101,1,0.5
1312,313,4467.597620500305,3607.5951799877976,0,0,False,0,20221101,1,0.5
1313,314,4468.0700245700245,4135.490171990172,3,213,True,0,20221101,1,0.5
1314,315,4467.790461538461,4678.6704615384615,2,210,True,0,20221101,1,0.5
1315,316,4467.220416922134,5207.772225628449,0,0,False,0,20221101,1,0.5
1316,317,4467.600250626567,5747.4047619047615,0,1,False,0,20221101,1,0.5
1317,318,4467.695611285267,6275.876175548589,0,0,False,0,20221101,1,0.5
1318,319,4468.067931456549,6814.9467564259485,2,145,False,0,20221101,1,0.5
1319,320,4467.69094247246,7351.686046511628,3,121,False,0,20221101,1,0.5
1320,321,4467.705655526992,7887.5,3,211,True,0,20221101,1,0.5
1321,322,4467.9604316546765,8427.039568345324,0,0,False,0,20221101,1,0.5
1322,323,4467.803536977492,8951.78038585209,1,88,False,0,20221101,1,0.5
1323,324,4467.779926335175,9488.145794966236,2,221,True,0,20221101,1,0.5
1324,325,4467.970876762723,10023.958614347026,1,1,False,0,20221101,1,0.5
1325,326,4467.779926335175,10560.145794966236,2,143,False,0,20221101,1,0.5
1326,327,4467.773709483794,11099.773709483794,2,141,False,0,20221101,1,0.5
1327,328,4467.705655526992,11639.5,2,248,True,0,20221101,1,0.5
1328,329,4467.691411042945,12175.313496932517,0,0,False,0,20221101,1,0.5
1329,330,4467.992462311558,12707.404522613066,2,134,False,0,20221101,1,0.5
1330,331,4467.982412060302,13236.14824120603,3,258,True,0,20221101,1,0.5
1331,332,4467.695611285267,13771.876175548588,1,89,False,0,20221101,1,0.5
1332,333,4467.78679245283,14308.335220125786,1,1,False,0,20221101,1,0.5
1333,334,4467.700375704446,14851.5,0,125,False,0,20221101,1,0.5
1334,335,4467.695611285267,15379.876175548588,1,1,False,0,20221101,1,0.5
1335,336,4467.69094247246,15919.686046511628,4,209,True,0,20221101,1,0.5
1336,337,4467.597979179424,16463.03214941825,1,0,False,0,20221101,1,0.5
1337,338,4467.796110414053,16995.590338770387,6,148,False,0,20221101,1,0.5
1338,339,4467.812169312169,17531.589947089946,1,140,False,0,20221101,1,0.5
1339,340,4467.304143126177,18067.314187068423,1,0,False,0,20221101,1,0.5
1340,341,4467.6027617212585,18599.59505459217,3,142,False,0,20221101,1,0.5
1341,342,4467.992462311558,19139.59547738693,1,292,True,0,20221101,1,0.5
1342,343,4467.9604316546765,19675.586330935253,2,145,False,0,20221101,1,0.5
1343,344,4467.992462311558,20211.404522613066,3,132,False,0,20221101,1,0.5
1344,345,4467.695611285267,20755.87617554859,2,100,False,0,20221101,1,0.5
1345,346,4467.600250626567,21283.404761904763,3,85,False,0,20221101,1,0.5
1346,347,4910.279048765804,1198.8762793497892,0,0,False,0,20221101,1,0.5
1347,348,4909.975961538462,1726.3557692307693,0,0,False,0,20221101,1,0.5
1348,349,4911.294228356336,2263.5,1,0,False,0,20221101,1,0.5
1349,350,4910.738323353294,2799.859281437126,0,2,False,0,20221101,1,0.5
1350,351,4910.551497005988,3335.32754491018,0,0,False,0,20221101,1,0.5
1351,352,4911.092964824121,3871.680904522613,1,130,False,0,20221101,1,0.5
1352,353,4911.308383233533,4407.317964071856,1,0,False,0,20221101,1,0.5
1353,354,4911.298994974874,4943.133165829146,4,131,False,0,20221101,1,0.5
1354,355,4911.308841099164,5479.318399044206,0,278,True,0,20221101,1,0.5
1355,356,4911.696078431372,6011.318627450981,0,0,False,0,20221101,1,0.5
1356,357,4911.308383233533,6543.682035928144,1,102,False,0,20221101,1,0.5
1357,358,4911.796387017759,7083.225658297612,0,0,False,0,20221101,1,0.5
1358,359,4912.070743405276,7622.958033573142,2,92,False,0,20221101,1,0.5
1359,360,4911.5,8151.5,0,0,False,0,20221101,1,0.5
1360,361,4911.5,8694.951572327043,1,187,True,0,20221101,1,0.5
1361,362,4911.696078431372,9219.68137254902,0,0,False,0,20221101,1,0.5
1362,363,4911.69656019656,9755.681818181818,3,230,True,0,20221101,1,0.5
1363,364,4911.5,10291.863190184047,2,150,False,0,20221101,1,0.5
1364,365,4911.5,10827.863190184047,1,101,False,0,20221101,1,0.5
1365,366,4911.5,11374.602040816326,3,303,True,0,20221101,1,0.5
1366,367,4911.780407429598,11902.869682444578,1,93,False,0,20221101,1,0.5
1367,368,4911.600551808707,12443.043838136113,2,0,False,0,20221101,1,0.5
1368,369,4911.696078431372,12971.68137254902,1,0,True,0,20221101,1,0.5
1369,370,4911.780407429598,13504.130317555422,1,137,False,0,20221101,1,0.5
1370,371,4911.780407429598,14040.130317555422,2,181,True,0,20221101,1,0.5
1371,372,4911.774165202109,14579.232864674868,0,0,False,0,20221101,1,0.5
1372,373,4911.696078431372,15115.68137254902,1,31,False,0,20221101,1,0.5
1373,374,4911.780407429598,15648.130317555422,2,110,False,0,20221101,1,0.5
1374,375,4911.5,16191.136363636364,3,138,False,0,20221101,1,0.5
1375,376,4911.5,16731.5,2,133,False,0,20221101,1,0.5
1376,377,4911.869158878505,17266.77570093458,2,134,False,0,20221101,1,0.5
1377,378,4911.877182770663,17795.681606519207,5,133,False,0,20221101,1,0.5
1378,379,4912.261676646706,18335.32754491018,2,131,False,0,20221101,1,0.5
1379,380,4912.056725146199,18867.49064327485,2,134,False,0,20221101,1,0.5
1380,381,4911.696078431372,19403.68137254902,0,126,False,0,20221101,1,0.5
1381,382,4911.796387017759,19947.22565829761,2,94,False,0,20221101,1,0.5
1382,383,4911.961088355763,20483.050614394386,4,135,False,0,20221101,1,0.5
1383,384,4911.888206388207,21018.77764127764,1,101,False,0,20221101,1,0.5
1384,385,5354.359950859951,927.5,0,0,False,0,20221101,1,0.5
1385,386,5355.3972382787415,1463.4049454078356,1,97,False,0,20221101,1,0.5
1386,387,5354.355036855037,1999.8341523341523,3,203,False,0,20221101,1,0.5
1387,388,5355.103761755486,2531.314420062696,3,0,True,0,20221101,1,0.5
1388,389,5355.299624295554,3067.5,2,0,True,0,20221101,1,0.5
1389,390,5355.5,3607.309523809524,2,220,False,0,20221101,1,0.5
1390,391,5355.5,4135.5,2,144,False,0,20221101,1,0.5
1391,392,5355.87791411043,4678.758895705521,0,1,False,0,20221101,1,0.5
1392,393,5355.69094247246,5207.313953488372,0,1,False,0,20221101,1,0.5
1393,394,5355.695611285267,5747.123824451411,1,114,False,0,20221101,1,0.5
1394,395,5355.600250626567,6275.4047619047615,2,135,False,0,20221101,1,0.5
1395,396,5355.5,6815.1274509803925,0,0,False,0,20221101,1,0.5
1396,397,5355.597739767868,7351.404703726329,3,94,False,0,20221101,1,0.5
1397,398,5355.6027617212585,7887.404945407836,1,1,False,0,20221101,1,0.5
1398,399,5355.868641532017,8426.757929383602,0,0,False,0,20221101,1,0.5
1399,400,5355.6027617212585,8951.595054592164,1,1,False,0,20221101,1,0.5
1400,401,5355.69094247246,9487.686046511628,0,0,False,0,20221101,1,0.5
1401,402,5355.882352941177,10023.5,3,219,True,0,20221101,1,0.5
1402,403,5355.788685015291,10559.781345565749,2,103,False,0,20221101,1,0.5
1403,404,5355.87298266587,11099.5,1,106,False,0,20221101,1,0.5
1404,405,5355.803536977492,11639.21961414791,0,1,False,0,20221101,1,0.5
1405,406,5355.788685015291,12175.218654434251,2,102,False,0,20221101,1,0.5
1406,407,5355.796110414053,12707.218946047678,0,0,False,0,20221101,1,0.5
1407,408,5355.896238244514,13235.685579937304,2,127,False,0,20221101,1,0.5
1408,409,5355.700375704446,13771.5,0,0,False,0,20221101,1,0.5
1409,410,5355.796110414053,14307.781053952322,5,240,False,0,20221101,1,0.5
1410,411,5355.600125156446,14851.404881101376,0,0,False,0,20221101,1,0.5
1411,412,5355.700375704446,15379.5,3,1,False,0,20221101,1,0.5
1412,413,5355.88630806846,15919.685819070904,0,0,False,0,20221101,1,0.5
1413,414,5355.5,16462.936964504283,1,86,False,0,20221101,1,0.5
1414,415,5355.896238244514,16995.314420062696,7,163,False,0,20221101,1,0.5
1415,416,5355.917713152677,17531.31493721084,2,134,False,0,20221101,1,0.5
1416,417,5355.795739348371,18067.21929824561,3,133,False,0,20221101,1,0.5
1417,418,5355.6027617212585,18599.59505459217,2,129,False,0,20221101,1,0.5
1418,419,5355.700375704446,19139.5,4,119,False,0,20221101,1,0.5
1419,420,5355.968339307049,19675.40442054958,0,0,False,0,20221101,1,0.5
1420,421,5355.600125156446,20211.40488110137,3,0,False,0,20221101,1,0.5
1421,422,5355.795739348371,20755.21929824561,2,0,False,0,20221101,1,0.5
1422,423,5355.700375704446,21283.5,1,3,False,0,20221101,1,0.5
1423,424,5806.541916167665,1199.3179640718563,4,257,True,0,20221101,1,0.5
1424,425,5806.328331332533,1727.2454981992796,0,1,False,0,20221101,1,0.5
1425,426,5806.901257861635,2262.9616352201256,2,113,False,0,20221101,1,0.5
1426,427,5807.019426180514,2799.4067543335327,2,2,False,0,20221101,1,0.5
1427,428,5807.204504504504,3335.262162162162,1,0,True,0,20221101,1,0.5
1428,429,5807.705771643664,3871.5,2,1,True,0,20221101,1,0.5
1429,430,5807.308383233533,4407.317964071856,2,125,False,0,20221101,1,0.5
1430,431,5807.397049591965,4943.407093534212,0,0,False,0,20221101,1,0.5
1431,432,5807.5,5479.136363636364,2,132,False,0,20221101,1,0.5
1432,433,5807.5,6011.5,0,0,False,0,20221101,1,0.5
1433,434,5807.317964071856,6544.223353293413,1,132,False,0,20221101,1,0.5
1434,435,5807.303921568628,7083.318627450981,1,104,False,0,20221101,1,0.5
1435,436,5807.5,7623.136363636364,1,160,False,0,20221101,1,0.5
1436,437,5807.5,8151.5,3,101,False,0,20221101,1,0.5
1437,438,5807.5,8694.951572327043,1,168,False,0,20221101,1,0.5
1438,439,5807.399448191293,9219.956161863887,1,0,False,0,20221101,1,0.5
1439,440,5807.303921568628,9755.68137254902,3,0,True,0,20221101,1,0.5
1440,441,5807.5,10291.863190184047,7,0,True,0,20221101,1,0.5
1441,442,5807.5,10827.863190184047,2,0,False,0,20221101,1,0.5
1442,443,5807.5,11374.602040816326,1,0,False,0,20221101,1,0.5
1443,444,5807.691616766467,11903.317964071855,0,1,True,0,20221101,1,0.5
1444,445,5807.600551808707,12443.043838136113,1,251,True,0,20221101,1,0.5
1445,446,5807.696078431372,12971.68137254902,2,238,True,0,20221101,1,0.5
1446,447,5807.5,13503.863636363636,1,143,False,0,20221101,1,0.5
1447,448,5807.780407429598,14040.130317555422,1,1,False,0,20221101,1,0.5
1448,449,5807.5,14579.5,1,120,False,0,20221101,1,0.5
1449,450,5807.5,15115.5,1,0,False,0,20221101,1,0.5
1450,451,5807.308383233533,15647.682035928145,0,0,False,0,20221101,1,0.5
1451,452,5807.219592570402,16190.869682444578,1,0,False,0,20221101,1,0.5
1452,453,5807.203975535168,16731.225993883792,3,125,False,0,20221101,1,0.5
1453,454,5808.315897136177,17266.518118059616,1,181,True,0,20221101,1,0.5
1454,455,5807.5,17795.5,5,0,False,0,20221101,1,0.5
1455,456,5807.598027495517,18335.04333532576,0,2,False,0,20221101,1,0.5
1456,457,5807.686915887851,18867.317757009347,0,0,False,0,20221101,1,0.5
1457,458,5807.399694189602,19403.59296636085,4,132,False,0,20221101,1,0.5
1458,459,5807.600551808707,19947.04383813612,0,0,False,0,20221101,1,0.5
1459,460,5807.322429906542,20482.59813084112,10,110,False,0,20221101,1,0.5
1460,461,5807.600551808707,21019.04383813612,1,94,False,0,20221101,1,0.5
1461,462,6248.491920447483,929.41671845867,2,80,False,0,20221101,1,0.5
1462,463,6250.684516129032,1463.5,3,92,False,0,20221101,1,0.5
1463,464,6250.062461538461,1999.2710769230769,0,1,False,0,20221101,1,0.5
1464,465,6246.90797940798,2531.5,0,0,False,0,20221101,1,0.5
1465,466,6251.103761755486,3067.6855799373043,0,0,False,0,20221101,1,0.5
1466,467,6251.402379499695,3607.4048200122015,1,86,False,0,20221101,1,0.5
1467,468,6251.30905752754,4135.686046511628,1,95,False,0,20221101,1,0.5
1468,469,6251.788685015291,4679.21865443425,1,95,False,0,20221101,1,0.5
1469,470,6251.882352941177,5207.5,0,0,False,0,20221101,1,0.5
1470,471,6251.600250626567,5747.4047619047615,25,140,True,0,20221101,1,0.5
1471,472,6251.600250626567,6275.595238095239,2,141,False,0,20221101,1,0.5
1472,473,6251.5,6815.1274509803925,0,99,False,0,20221101,1,0.5
1473,474,6251.5,7351.5,1,107,False,0,20221101,1,0.5
1474,475,6251.6027617212585,7887.404945407836,0,0,False,0,20221101,1,0.5
1475,476,6251.773053892216,8426.853293413174,2,101,False,0,20221101,1,0.5
1476,477,6251.5,8951.690231362469,4,108,False,0,20221101,1,0.5
1477,478,6251.5,9487.872549019608,0,0,False,0,20221101,1,0.5
1478,479,6251.5,10023.872549019608,2,88,False,0,20221101,1,0.5
1479,480,6251.69094247246,10559.686046511628,2,147,True,0,20221101,1,0.5
1480,481,6251.87298266587,11099.5,1,125,False,0,20221101,1,0.5
1481,482,6251.6027617212585,11639.404945407836,1,95,False,0,20221101,1,0.5
1482,483,6251.597979179424,12175.032149418248,1,1,False,0,20221101,1,0.5
1483,484,6251.796110414053,12707.218946047678,0,89,False,0,20221101,1,0.5
1484,485,6251.896238244514,13235.685579937304,3,102,False,0,20221101,1,0.5
1485,486,6251.600125156446,13771.595118898624,1,81,False,0,20221101,1,0.5
1486,487,6251.795739348371,14307.780701754386,2,1,False,0,20221101,1,0.5
1487,488,6251.5,14851.309643080776,2,94,False,0,20221101,1,0.5
1488,489,6251.600250626567,15379.40476190476,1,100,False,0,20221101,1,0.5
1489,490,6251.5,15919.5,1,0,False,0,20221101,1,0.5
1490,491,6251.5,16462.389434889436,1,0,False,0,20221101,1,0.5
1491,492,6251.5,16995.30964308078,5,118,False,0,20221101,1,0.5
1492,493,6251.605540897098,17531.405013192612,5,152,True,0,20221101,1,0.5
1493,494,6251.5,18066.93753923415,2,89,False,0,20221101,1,0.5
1494,495,6251.5,18599.5,3,93,False,0,20221101,1,0.5
1495,496,6251.5,19139.30964308078,2,3,False,0,20221101,1,0.5
1496,497,6251.5,19675.12701733413,0,1,False,0,20221101,1,0.5
1497,498,6251.5,20211.30964308078,2,4,False,0,20221101,1,0.5
1498,499,6251.399874843554,20755.40488110137,0,4,True,0,20221101,1,0.5
1499,500,6251.600250626567,21283.404761904763,5,61,True,0,20221101,1,0.5
1000,1,899.004835589942,1464.1473243068988,1,67,False,1,20221101,2,0.5
1001,2,898.7570725707257,2000.5971709717096,0,0,False,1,20221101,2,0.5
1002,3,899.2132075471698,2532.3352201257862,0,0,False,1,20221101,2,0.5
1003,4,899.2132075471698,3068.3352201257862,0,0,False,1,20221101,2,0.5
1004,5,899.4020208205757,3607.967850581752,0,0,False,1,20221101,2,0.5
1005,6,899.2204169221336,4136.33629675046,0,0,False,1,20221101,2,0.5
1006,7,899.4020208205757,4679.967850581751,1,101,False,1,20221101,2,0.5
1007,8,899.7795830778664,5208.33629675046,1,106,False,1,20221101,2,0.5
1008,9,899.6956112852664,5747.876175548589,0,0,False,1,20221101,2,0.5
1009,10,899.204260651629,6275.7807017543855,0,85,False,1,20221101,2,0.5
1010,11,899.8779141104294,6816.241104294479,0,0,False,1,20221101,2,0.5
1011,12,900.0686274509804,7352.053921568628,0,0,False,1,20221101,2,0.5
1012,13,900.3051612903225,7887.866451612903,1,110,False,1,20221101,2,0.5
1013,14,900.6003003003003,8428.206306306307,2,91,False,1,20221101,2,0.5
1014,15,900.0979381443299,8952.051546391753,0,110,False,1,20221101,2,0.5
1015,16,900.2429274292743,9488.59717097171,0,1,False,1,20221101,2,0.5
1016,17,901.4233621755252,10024.187268232386,0,117,False,1,20221101,2,0.5
1017,18,901.0743368291178,10560.657310302282,0,0,False,1,20221101,2,0.5
1018,19,900.5989802039592,11100.224655068989,0,0,False,1,20221101,2,0.5
1019,20,899.7005141388174,11639.690231362469,0,0,False,1,20221101,2,0.5
1020,21,901.428306551298,12176.889369592089,1,3,False,1,20221101,2,0.5
1021,22,900.3805031446541,12707.771698113207,1,2,False,1,20221101,2,0.5
1022,23,900.3564231738035,13236.502518891688,0,0,False,1,20221101,2,0.5
1023,24,899.9824120603015,13772.14824120603,0,1,False,1,20221101,2,0.5
1024,25,900.1607818411097,14308.690416141237,0,0,False,1,20221101,2,0.5
1025,26,899.896238244514,14851.685579937304,0,122,False,1,20221101,2,0.5
1026,27,899.9824120603015,15380.14824120603,0,96,False,1,20221101,2,0.5
1027,28,899.7795830778664,15920.33629675046,0,106,False,1,20221101,2,0.5
1028,29,899.6909424724602,16463.68604651163,3,104,False,1,20221101,2,0.5
1029,30,899.6956112852664,16995.87617554859,0,92,False,1,20221101,2,0.5
1030,31,899.6055408970976,17531.594986807388,0,120,False,1,20221101,2,0.5
1031,32,899.5,18067.5,1,0,False,1,20221101,2,0.5
1032,33,899.5,18599.690231362467,0,1,False,1,20221101,2,0.5
1033,34,899.6002506265664,19139.404761904763,0,114,False,1,20221101,2,0.5
1034,35,900.1467065868263,19675.226946107785,1,95,False,1,20221101,2,0.5
1035,36,900.0925925925926,20211.5,0,108,False,1,20221101,2,0.5
1036,37,900.1842767295598,20754.86603773585,0,85,False,1,20221101,2,0.5
1037,38,903.89588688946,21283.309768637533,0,0,False,1,20221101,2,0.5
1038,39,1342.8345888261142,1199.9695543000628,0,0,False,1,20221101,2,0.5
1039,40,1343.293710691824,1728.4610062893082,0,0,False,1,20221101,2,0.5
1040,41,1343.1967699406723,2263.78740936058,0,0,False,1,20221101,2,0.5
1041,42,1343.2115987460816,2799.7884012539184,0,91,False,1,20221101,2,0.5
1042,43,1343.211959924859,3335.788040075141,2,115,False,1,20221101,2,0.5
1043,44,1343.5,3871.694993412385,0,0,False,1,20221101,2,0.5
1044,45,1343.5,4407.6952440550685,0,0,False,1,20221101,2,0.5
1045,46,1343.5,4943.5,1,1,False,1,20221101,2,0.5
1046,47,1343.5975609756097,5479.59756097561,0,94,False,1,20221101,2,0.5
1047,48,1343.5951768488746,6011.788102893891,0,0,False,1,20221101,2,0.5
1048,49,1343.7790697674418,6544.357322438717,0,129,False,1,20221101,2,0.5
1049,50,1343.7002567394095,7083.5,2,211,True,1,20221101,2,0.5
1050,51,1344.0771643663738,7623.5,0,195,True,1,20221101,2,0.5
1051,52,1343.7884012539184,8151.788401253919,0,0,False,1,20221101,2,0.5
1052,53,1343.705533596838,8695.5,0,1,False,1,20221101,2,0.5
1053,54,1343.6953727506427,9219.885604113111,0,134,False,1,20221101,2,0.5
1054,55,1343.89588688946,9755.690231362469,0,0,False,1,20221101,2,0.5
1055,56,1343.399935856318,10291.597498396408,0,0,False,1,20221101,2,0.5
1056,57,1344.0824742268042,10828.067010309278,0,0,False,1,20221101,2,0.5
1057,58,1344.4319899244333,11374.568010075567,1,181,False,1,20221101,2,0.5
1058,59,1343.8859649122808,11903.690476190475,0,1,False,1,20221101,2,0.5
1059,60,1343.89588688946,12443.309768637531,0,1,False,1,20221101,2,0.5
1060,61,1343.89588688946,12971.690231362469,0,136,False,1,20221101,2,0.5
1061,62,1343.690476190476,13503.88596491228,2,133,False,1,20221101,2,0.5
1062,63,1343.8859649122808,14039.690476190475,0,0,False,1,20221101,2,0.5
1063,64,1343.4044703000611,14579.402020820577,0,168,False,1,20221101,2,0.5
1064,65,1343.6953727506427,15115.885604113111,0,166,False,1,20221101,2,0.5
1065,66,1343.690476190476,15647.88596491228,0,207,True,1,20221101,2,0.5
1066,67,1343.7884012539184,16191.788401253918,0,0,False,1,20221101,2,0.5
1067,68,1343.399935856318,16731.402501603592,2,130,False,1,20221101,2,0.5
1068,69,1343.6865030674846,17267.308588957054,0,222,True,1,20221101,2,0.5
1069,70,1343.5955296999389,17795.98009797918,1,2,False,1,20221101,2,0.5
1070,71,1343.5975609756097,18335.40243902439,1,187,False,1,20221101,2,0.5
1071,72,1343.5,18867.88235294117,1,133,False,1,20221101,2,0.5
1072,73,1343.5,19403.5,2,146,False,1,20221101,2,0.5
1073,74,1343.89588688946,19947.309768637533,1,115,False,1,20221101,2,0.5
1074,75,1344.0539215686274,20482.93137254902,1,116,False,1,20221101,2,0.5
1075,76,1344.1825499034128,21019.03122987765,0,109,False,1,20221101,2,0.5
1076,77,1786.8558696988323,928.6923786109404,0,90,False,1,20221101,2,0.5
1077,78,1786.6937984496124,1464.37338501292,0,87,False,1,20221101,2,0.5
1078,79,1786.9313725490197,2000.053921568628,0,0,False,1,20221101,2,0.5
1079,80,1787.2038895859473,2531.781053952321,0,119,False,1,20221101,2,0.5
1080,81,1786.442065491184,3068.3110831234258,0,88,False,1,20221101,2,0.5
1081,82,1787.970300061237,3608.149112063688,0,0,False,1,20221101,2,0.5
1082,83,1787.5979791794243,4135.967850581751,0,0,False,1,20221101,2,0.5
1083,84,1787.2204169221336,4679.772225628449,0,0,False,1,20221101,2,0.5
1084,85,1787.029699938763,5208.149112063687,1,105,False,1,20221101,2,0.5
1085,86,1787.882149591452,5748.053111250786,0,0,False,1,20221101,2,0.5
1086,87,1787.9753476611884,6276.870417193426,0,2,False,1,20221101,2,0.5
1087,88,1788.0700245700243,6816.055282555282,0,136,False,1,20221101,2,0.5
1088,89,1788.0686274509803,7352.053921568628,1,2,False,1,20221101,2,0.5
1089,90,1787.9066924066924,7887.685328185328,0,0,False,1,20221101,2,0.5
1090,91,1788.4214157168567,8427.5,0,0,False,1,20221101,2,0.5
1091,92,1788.8411003236247,8951.057281553398,1,100,False,1,20221101,2,0.5
1092,93,1788.9590264941469,9488.74460874923,0,1,False,1,20221101,2,0.5
1093,94,1788.5325752919484,10024.31868469576,1,0,False,1,20221101,2,0.5
1094,95,1789.3282890673256,10560.925571340333,1,128,False,1,20221101,2,0.5
1095,96,1788.2420706163973,11099.868641532015,1,112,False,1,20221101,2,0.5
1096,97,1788.1082474226805,11639.5,1,128,False,1,20221101,2,0.5
1097,98,1788.8382533825338,12175.657441574416,0,100,False,1,20221101,2,0.5
1098,99,1788.3636363636365,13236.671717171715,0,0,False,1,20221101,2,0.5
1099,100,1788.083280955374,13772.053111250783,0,1,False,1,20221101,2,0.5
1100,101,1788.26214511041,14308.5952681388,1,0,False,1,20221101,2,0.5
1101,102,1788.0925925925926,14851.5,0,0,False,1,20221101,2,0.5
1102,103,1787.887665198238,15380.240088105727,1,113,False,1,20221101,2,0.5
1103,104,1787.8779141104294,15920.24110429448,0,161,False,1,20221101,2,0.5
1104,105,1787.7886850152904,16463.409480122325,1,132,False,1,20221101,2,0.5
1105,106,1787.795739348371,16995.780701754386,0,122,False,1,20221101,2,0.5
1106,107,1787.9177131526767,17531.68506278916,0,1,False,1,20221101,2,0.5
1107,108,1787.7003757044458,18067.5,0,153,False,1,20221101,2,0.5
1108,109,1787.6027617212587,18599.59505459217,0,0,False,1,20221101,2,0.5
1109,110,1787.896238244514,19139.314420062696,1,149,False,1,20221101,2,0.5
1110,111,1788.4214157168567,19675.5,0,0,False,1,20221101,2,0.5
1111,112,1788.0925925925926,20211.5,0,0,False,1,20221101,2,0.5
1112,113,1788.083280955374,20754.94688874921,0,119,False,1,20221101,2,0.5
1113,114,1788.294468887492,21283.5,0,0,False,1,20221101,2,0.5
1114,115,1791.89588688946,12707.309768637531,0,0,False,1,20221101,2,0.5
1115,116,2231.304755944931,1199.5,0,0,True,1,20221101,2,0.5
1116,117,2231.6907151819323,1727.8764115432873,0,0,False,1,20221101,2,0.5
1117,118,2231.5,2263.5,2,127,False,1,20221101,2,0.5
1118,119,2231.5,2799.5,0,99,False,1,20221101,2,0.5
1119,120,2231.5,3335.5,0,121,False,1,20221101,2,0.5
1120,121,2231.5,3871.5,0,0,False,1,20221101,2,0.5
1121,122,2231.695244055069,4407.5,0,0,False,1,20221101,2,0.5
1122,123,2231.5,4943.5,1,101,False,1,20221101,2,0.5
1123,124,2231.5,5479.5,3,140,False,1,20221101,2,0.5
1124,125,2231.6000641436817,6011.402501603592,1,115,False,1,20221101,2,0.5
1125,126,2231.690476190476,6543.8859649122805,0,0,False,1,20221101,2,0.5
1126,127,2231.89588688946,7083.690231362468,0,0,False,1,20221101,2,0.5
1127,128,2232.077164366374,7623.5,0,0,False,1,20221101,2,0.5
1128,129,2231.8859649122805,8151.690476190476,0,0,False,1,20221101,2,0.5
1129,130,2232.1076618229854,8695.5,0,141,False,1,20221101,2,0.5
1130,131,2231.79543994862,9219.787732819525,1,149,False,1,20221101,2,0.5
1131,132,2232.182549903413,9755.968770122345,0,148,False,1,20221101,2,0.5
1132,133,2232.182549903413,10291.968770122345,0,142,False,1,20221101,2,0.5
1133,134,2232.082474226804,10828.067010309278,0,0,False,1,20221101,2,0.5
1134,135,2231.6902377972465,11375.304755944931,0,222,True,1,20221101,2,0.5
1135,136,2232.165411173886,11903.969554300063,0,233,True,1,20221101,2,0.5
1136,137,2231.7002567394097,12443.5,1,170,True,1,20221101,2,0.5
1137,138,2232.0817245817248,12972.06628056628,1,140,False,1,20221101,2,0.5
1138,139,2232.3332284455632,13504.529578351165,0,112,False,1,20221101,2,0.5
1139,140,2232.3332284455632,14040.529578351165,1,0,False,1,20221101,2,0.5
1140,141,2232.241104294478,14579.87791411043,4,157,False,1,20221101,2,0.5
1141,142,2232.0817245817248,15116.06628056628,0,110,False,1,20221101,2,0.5
1142,143,2231.9695543000626,15648.165411173886,2,135,False,1,20221101,2,0.5
1143,144,2231.8859649122805,16191.690476190475,1,3,False,1,20221101,2,0.5
1144,145,2231.7002567394097,16731.5,0,0,False,1,20221101,2,0.5
1145,146,2232.241104294478,17267.681595092025,0,0,False,1,20221101,2,0.5
1146,147,2232.053921568628,17796.06862745098,2,0,False,1,20221101,2,0.5
1147,148,2231.8859649122805,18335.69047619048,0,112,False,1,20221101,2,0.5
1148,149,2232.33629675046,18867.220416922133,0,125,False,1,20221101,2,0.5
1149,150,2231.79543994862,19403.787732819525,0,0,False,1,20221101,2,0.5
1150,151,2231.89588688946,19947.309768637533,0,0,False,1,20221101,2,0.5
1151,152,2232.33629675046,20483.220416922133,0,0,False,1,20221101,2,0.5
1152,153,2231.89588688946,21019.309768637533,0,138,False,1,20221101,2,0.5
1153,154,2674.93137254902,928.0539215686274,1,1,True,1,20221101,2,0.5
1154,155,2677.859493670886,1462.4012658227848,1,2,False,1,20221101,2,0.5
1155,156,2675.406919779547,1999.776791181874,2,117,False,1,20221101,2,0.5
1156,157,2674.90666247643,2531.489943431804,0,136,False,1,20221101,2,0.5
1157,158,2675.1173694147265,3068.04877281309,0,0,False,1,20221101,2,0.5
1158,159,2674.6416309012875,3607.7722256284487,0,0,False,1,20221101,2,0.5
1159,160,2678.221252257676,4135.150812763395,0,133,False,1,20221101,2,0.5
1160,161,2679.5,4679.5,1,1,False,1,20221101,2,0.5
1161,162,2678.2738452309536,5208.111877624475,0,0,False,1,20221101,2,0.5
1162,163,2679.5,5747.5,1,132,False,1,20221101,2,0.5
1163,164,2680.4987699877,6275.849323493235,0,0,False,1,20221101,2,0.5
1164,165,2679.882775119617,6815.5,0,137,False,1,20221101,2,0.5
1165,166,2680.2616766467067,7351.859281437126,0,0,False,1,20221101,2,0.5
1166,167,2680.236225087925,8427.317116060962,0,0,False,1,20221101,2,0.5
1167,168,2679.907035175879,8951.680904522613,0,0,False,1,20221101,2,0.5
1168,169,2679.211389385808,9487.774299344066,0,0,False,1,20221101,2,0.5
1169,170,2680.0693779904304,10024.04066985646,1,152,False,1,20221101,2,0.5
1170,171,2681.5253470126736,10560.709414604707,1,168,False,1,20221101,2,0.5
1171,172,2680.147574517826,11099.766510812393,1,0,False,1,20221101,2,0.5
1172,173,2680.1638705811865,12175.766027561414,0,203,True,1,20221101,2,0.5
1173,174,2680.093137254902,12707.5,0,0,False,1,20221101,2,0.5
1174,175,2680.0840490797545,13236.039877300613,1,109,False,1,20221101,2,0.5
1175,176,2679.796024464832,13771.774006116208,0,0,False,1,20221101,2,0.5
1176,177,2680.459409594096,14308.385608856088,0,212,True,1,20221101,2,0.5
1177,178,2679.896572827417,14851.681150550796,1,150,False,1,20221101,2,0.5
1178,179,2680.0840490797545,15380.039877300613,0,1,False,1,20221101,2,0.5
1179,180,2680.0693779904304,15920.04066985646,0,136,False,1,20221101,2,0.5
1180,181,2679.980573819486,16463.406754333533,0,126,False,1,20221101,2,0.5
1181,182,2679.896572827417,16995.681150550794,1,139,False,1,20221101,2,0.5
1182,183,2679.605602060528,17531.592723760463,0,122,False,1,20221101,2,0.5
1183,184,2679.9935543278084,18067.58348680172,0,1,False,1,20221101,2,0.5
1184,185,2679.80923947203,18599.42206159648,1,126,False,1,20221101,2,0.5
1185,186,2680.1876155268023,19139.214109673445,1,115,False,1,20221101,2,0.5
1186,187,2680.4227166276346,19675.5,0,0,False,1,20221101,2,0.5
1187,188,2679.700488997555,20211.5,0,106,False,1,20221101,2,0.5
1188,189,2679.7963870177587,20755.22565829761,0,126,False,1,20221101,2,0.5
1189,190,2680.093137254902,21283.5,0,106,False,1,20221101,2,0.5
1190,191,2683.602761721259,7887.595054592164,1,135,False,1,20221101,2,0.5
1191,192,2683.9025806451614,11639.5,2,239,True,1,20221101,2,0.5
1192,193,3130.359950859951,1199.5,0,0,False,1,20221101,2,0.5
1193,194,3125.668888888889,1728.9653968253967,0,0,False,1,20221101,2,0.5
1194,195,3131.397238278741,2263.5950545921646,0,0,False,1,20221101,2,0.5
1195,196,3127.2105097545627,2799.7794210195093,1,131,False,1,20221101,2,0.5
1196,197,3129.775092936803,3336.6995043370507,0,1,False,1,20221101,2,0.5
1197,198,3131.397238278741,3871.5950545921646,0,105,False,1,20221101,2,0.5
1198,199,3130.726600985221,4406.869458128079,0,0,False,1,20221101,2,0.5
1199,200,3130.9945196647323,4943.595422308188,0,0,False,1,20221101,2,0.5
1200,201,3131.402260232132,5479.404703726329,0,146,False,1,20221101,2,0.5
1201,202,3131.203889585948,6011.781053952322,2,250,False,1,20221101,2,0.5
1202,203,3131.1220858895704,6544.241104294479,0,0,True,1,20221101,2,0.5
1203,204,3131.6001251564458,7083.595118898624,2,145,False,1,20221101,2,0.5
1204,205,3131.5,7623.127450980392,0,0,False,1,20221101,2,0.5
1205,206,3131.5,8151.872549019607,0,0,False,1,20221101,2,0.5
1206,207,3131.5,8695.309768637531,0,0,False,1,20221101,2,0.5
1207,208,3131.6956112852663,9219.876175548588,0,151,False,1,20221101,2,0.5
1208,209,3131.7961104140527,9755.781053952322,2,161,False,1,20221101,2,0.5
1209,210,3131.7961104140527,10291.781053952322,0,0,False,1,20221101,2,0.5
1210,211,3131.5,10828.06246076585,1,0,False,1,20221101,2,0.5
1211,212,3131.779926335175,11374.854205033764,0,0,False,1,20221101,2,0.5
1212,213,3131.6909424724604,11903.686046511628,0,0,False,1,20221101,2,0.5
1213,214,3131.6002506265663,12443.40476190476,0,0,False,1,20221101,2,0.5
1214,215,3131.7961104140527,12971.781053952322,0,155,False,1,20221101,2,0.5
1215,216,3131.7795830778664,13504.33629675046,0,0,False,1,20221101,2,0.5
1216,217,3131.7795830778664,14040.33629675046,0,130,False,1,20221101,2,0.5
1217,218,3131.960431654676,14579.960431654676,0,239,True,1,20221101,2,0.5
1218,219,3131.6956112852663,15115.876175548588,0,192,True,1,20221101,2,0.5
1219,220,3131.5,15648.063035495716,0,125,False,1,20221101,2,0.5
1220,221,3131.8823529411766,16191.5,0,153,False,1,20221101,2,0.5
1221,222,3131.5,16731.30964308078,0,233,True,1,20221101,2,0.5
1222,223,3131.6862686567165,17267.313731343285,0,138,False,1,20221101,2,0.5
1223,224,3131.313953488372,17795.68604651163,2,153,False,1,20221101,2,0.5
1224,225,3131.6909424724604,18335.31395348837,3,0,True,1,20221101,2,0.5
1225,226,3131.68671454219,18867.68671454219,0,137,False,1,20221101,2,0.5
1226,227,3131.700375704446,19403.5,2,1,False,1,20221101,2,0.5
1227,228,3131.5,19947.5,0,102,False,1,20221101,2,0.5
1228,229,3131.782634730539,20482.661676646705,0,127,False,1,20221101,2,0.5
1229,230,3131.7961104140527,21019.21894604768,0,0,False,1,20221101,2,0.5
1230,231,3570.6416309012875,927.7722256284488,0,136,False,1,20221101,2,0.5
1231,232,3571.5,1463.5,1,211,True,1,20221101,2,0.5
1232,233,3569.9433497536947,2000.5147783251232,0,212,True,1,20221101,2,0.5
1233,234,3571.3043887147337,2531.1238244514107,1,226,True,1,20221101,2,0.5
1234,235,3571.8962382445143,3067.6855799373043,0,208,True,1,20221101,2,0.5
1235,236,3571.5,3607.309523809524,1,246,True,1,20221101,2,0.5
1236,237,3571.597620500305,4135.595179987798,0,224,True,1,20221101,2,0.5
1237,238,3571.5,4679.5,0,0,False,1,20221101,2,0.5
1238,239,3571.88630806846,5207.6858190709045,1,1,False,1,20221101,2,0.5
1239,240,3571.7961104140527,5747.590338770389,0,163,False,1,20221101,2,0.5
1240,241,3571.8962382445143,6275.314420062696,0,0,True,1,20221101,2,0.5
1241,242,3571.69536019536,6815.5,0,0,False,1,20221101,2,0.5
1242,243,3572.166258420086,7351.041947336191,0,0,False,1,20221101,2,0.5
1243,244,3571.7056555269924,7887.5,2,142,False,1,20221101,2,0.5
1244,245,3572.5167865707435,8427.404076738609,0,0,False,1,20221101,2,0.5
1245,246,3571.9066924066924,8951.685328185327,0,0,False,1,20221101,2,0.5
1246,247,3572.260736196319,9487.86809815951,1,0,False,1,20221101,2,0.5
1247,248,3572.260736196319,10023.86809815951,2,0,False,1,20221101,2,0.5
1248,249,3572.0686274509803,10560.053921568628,0,145,False,1,20221101,2,0.5
1249,250,3574.511180124224,11097.66645962733,0,0,False,1,20221101,2,0.5
1250,251,3572.00998068255,11639.404700579524,1,121,False,1,20221101,2,0.5
1251,252,3572.3583690987125,12175.227774371551,1,1,False,1,20221101,2,0.5
1252,253,3572.0925925925926,12707.5,0,0,False,1,20221101,2,0.5
1253,254,3572.0825486503454,13236.052416823602,0,0,False,1,20221101,2,0.5
1254,255,3571.8962382445143,13771.685579937304,1,0,False,1,20221101,2,0.5
1255,256,3572.183417085427,14307.957286432162,0,0,False,1,20221101,2,0.5
1256,257,3571.700375704446,14851.5,1,160,False,1,20221101,2,0.5
1257,258,3572.183417085427,15379.957286432162,0,0,False,1,20221101,2,0.5
1258,259,3572.3583690987125,15919.772225628449,1,108,False,1,20221101,2,0.5
1259,260,3571.88630806846,16463.314180929094,2,157,False,1,20221101,2,0.5
1260,261,3572.0925925925926,16995.5,0,213,True,1,20221101,2,0.5
1261,262,3571.6055408970974,17531.594986807388,0,0,False,1,20221101,2,0.5
1262,263,3571.6001251564458,18067.40488110137,0,0,True,1,20221101,2,0.5
1263,264,3571.602761721259,18599.59505459217,0,0,True,1,20221101,2,0.5
1264,265,3572.0925925925926,19139.5,1,1,False,1,20221101,2,0.5
1265,266,3572.5167865707435,19675.59592326139,0,139,False,1,20221101,2,0.5
1266,267,3572.0925925925926,20211.5,0,142,False,1,20221101,2,0.5
1267,268,3572.183417085427,20755.04271356784,0,0,False,1,20221101,2,0.5
1268,269,3572.0925925925926,21283.5,0,2,False,1,20221101,2,0.5
1269,270,4023.1235884567127,1199.1135508155585,0,133,False,1,20221101,2,0.5
1270,271,4023.4024390243903,1727.5975609756097,0,113,False,1,20221101,2,0.5
1271,272,4023.5,2263.5,0,1,False,1,20221101,2,0.5
1272,273,4023.5,2799.304755944931,0,0,False,1,20221101,2,0.5
1273,274,4023.22057898049,3335.7794210195093,1,142,False,1,20221101,2,0.5
1274,275,4023.6026991441736,3871.597432521396,0,0,False,1,20221101,2,0.5
1275,276,4023.6911949685536,4407.308805031446,0,0,False,1,20221101,2,0.5
1276,277,4023.3973008558255,4943.597432521396,0,0,False,1,20221101,2,0.5
1277,278,4023.690476190476,5479.11403508772,1,1,False,1,20221101,2,0.5
1278,279,4023.6000641436817,6011.597498396408,0,0,False,1,20221101,2,0.5
1279,280,4023.690476190476,6543.8859649122805,0,0,False,1,20221101,2,0.5
1280,281,4023.7002567394097,7083.5,0,0,False,1,20221101,2,0.5
1281,282,4023.7884012539184,7623.211598746081,0,194,False,1,20221101,2,0.5
1282,283,4023.885964912281,8151.690476190476,0,0,False,1,20221101,2,0.5
1283,284,4023.6026991441736,8695.402567478604,0,0,False,1,20221101,2,0.5
1284,285,4023.7954399486193,9219.787732819525,0,116,False,1,20221101,2,0.5
1285,286,4023.89588688946,9755.690231362469,0,0,False,1,20221101,2,0.5
1286,287,4023.89588688946,10291.690231362469,0,139,False,1,20221101,2,0.5
1287,288,4023.6953727506425,10827.885604113111,0,0,False,1,20221101,2,0.5
1288,289,4023.7884012539184,11375.211598746082,1,146,False,1,20221101,2,0.5
1289,290,4023.885964912281,11903.690476190475,0,0,False,1,20221101,2,0.5
1290,291,4023.7002567394097,12443.5,0,0,False,1,20221101,2,0.5
1291,292,4023.7954399486193,12971.787732819525,0,151,False,1,20221101,2,0.5
1292,293,4023.969554300063,13504.165411173886,0,0,False,1,20221101,2,0.5
1293,294,4023.885964912281,14039.690476190475,0,0,False,1,20221101,2,0.5
1294,295,4023.87652811736,14579.690709046456,1,142,False,1,20221101,2,0.5
1295,296,4023.7954399486193,15115.787732819525,0,0,False,1,20221101,2,0.5
1296,297,4023.5975609756097,15647.40243902439,0,137,False,1,20221101,2,0.5
1297,298,4023.5,16191.5,0,0,False,1,20221101,2,0.5
1298,299,4023.6000641436817,16731.402501603592,0,0,False,1,20221101,2,0.5
1299,300,4023.4048200122015,17267.402379499694,0,0,False,1,20221101,2,0.5
1300,301,4024.053921568628,17796.06862745098,0,1,False,1,20221101,2,0.5
1301,302,4023.695244055069,18335.5,0,0,False,1,20221101,2,0.5
1302,303,4023.5,18867.5,0,0,False,1,20221101,2,0.5
1303,304,4023.6000641436817,19403.597498396408,0,0,False,1,20221101,2,0.5
1304,305,4023.89588688946,19947.309768637533,1,0,False,1,20221101,2,0.5
1305,306,4023.314180929096,20483.11369193154,0,1,False,1,20221101,2,0.5
1306,307,4023.6000641436817,21019.402501603592,0,111,False,1,20221101,2,0.5
1307,308,4467.308588957055,927.6865030674846,1,114,False,1,20221101,2,0.5
1308,309,4467.6027617212585,1463.5950545921644,0,0,True,1,20221101,2,0.5
1309,310,4467.69094247246,1999.686046511628,0,0,True,1,20221101,2,0.5
1310,311,4467.5,2531.5,0,155,False,1,20221101,2,0.5
1311,312,4467.103264281231,3067.133396107972,0,0,False,1,20221101,2,0.5
1312,313,4467.597620500305,3607.5951799877976,0,0,False,1,20221101,2,0.5
1313,314,4468.0700245700245,4135.490171990172,0,0,False,1,20221101,2,0.5
1314,315,4467.790461538461,4678.6704615384615,0,0,False,1,20221101,2,0.5
1315,316,4467.220416922134,5207.772225628449,0,0,False,1,20221101,2,0.5
1316,317,4467.600250626567,5747.4047619047615,0,196,True,1,20221101,2,0.5
1317,318,4467.695611285267,6275.876175548589,0,192,True,1,20221101,2,0.5
1318,319,4468.067931456549,6814.9467564259485,2,1,False,1,20221101,2,0.5
1319,320,4467.69094247246,7351.686046511628,0,0,False,1,20221101,2,0.5
1320,321,4467.705655526992,7887.5,0,135,False,1,20221101,2,0.5
1321,322,4467.9604316546765,8427.039568345324,0,1,False,1,20221101,2,0.5
1322,323,4467.803536977492,8951.78038585209,0,127,False,1,20221101,2,0.5
1323,324,4467.779926335175,9488.145794966236,0,104,False,1,20221101,2,0.5
1324,325,4467.970876762723,10023.958614347026,0,0,False,1,20221101,2,0.5
1325,326,4467.779926335175,10560.145794966236,0,205,True,1,20221101,2,0.5
1326,327,4467.773709483794,11099.773709483794,1,192,True,1,20221101,2,0.5
1327,328,4467.705655526992,11639.5,0,154,False,1,20221101,2,0.5
1328,329,4467.691411042945,12175.313496932517,0,134,False,1,20221101,2,0.5
1329,330,4467.992462311558,12707.404522613066,0,137,False,1,20221101,2,0.5
1330,331,4467.982412060302,13236.14824120603,0,147,False,1,20221101,2,0.5
1331,332,4467.695611285267,13771.876175548588,1,0,False,1,20221101,2,0.5
1332,333,4467.78679245283,14308.335220125786,0,0,False,1,20221101,2,0.5
1333,334,4467.700375704446,14851.5,1,0,False,1,20221101,2,0.5
1334,335,4467.695611285267,15379.876175548588,0,0,False,1,20221101,2,0.5
1335,336,4467.69094247246,15919.686046511628,0,0,False,1,20221101,2,0.5
1336,337,4467.597979179424,16463.03214941825,0,0,True,1,20221101,2,0.5
1337,338,4467.796110414053,16995.590338770387,0,134,False,1,20221101,2,0.5
1338,339,4467.812169312169,17531.589947089946,0,0,False,1,20221101,2,0.5
1339,340,4467.304143126177,18067.314187068423,1,96,False,1,20221101,2,0.5
1340,341,4467.6027617212585,18599.59505459217,1,0,False,1,20221101,2,0.5
1341,342,4467.992462311558,19139.59547738693,1,1,False,1,20221101,2,0.5
1342,343,4467.9604316546765,19675.586330935253,0,0,False,1,20221101,2,0.5
1343,344,4467.992462311558,20211.404522613066,0,0,False,1,20221101,2,0.5
1344,345,4467.695611285267,20755.87617554859,0,122,False,1,20221101,2,0.5
1345,346,4467.600250626567,21283.404761904763,0,88,False,1,20221101,2,0.5
1346,347,4910.279048765804,1198.8762793497892,0,0,False,1,20221101,2,0.5
1347,348,4909.975961538462,1726.3557692307693,1,0,False,1,20221101,2,0.5
1348,349,4911.294228356336,2263.5,0,0,False,1,20221101,2,0.5
1349,350,4910.738323353294,2799.859281437126,0,0,False,1,20221101,2,0.5
1350,351,4910.551497005988,3335.32754491018,0,0,False,1,20221101,2,0.5
1351,352,4911.092964824121,3871.680904522613,0,0,False,1,20221101,2,0.5
1352,353,4911.308383233533,4407.317964071856,0,0,False,1,20221101,2,0.5
1353,354,4911.298994974874,4943.133165829146,2,291,True,1,20221101,2,0.5
1354,355,4911.308841099164,5479.318399044206,0,0,False,1,20221101,2,0.5
1355,356,4911.696078431372,6011.318627450981,0,150,False,1,20221101,2,0.5
1356,357,4911.308383233533,6543.682035928144,0,132,False,1,20221101,2,0.5
1357,358,4911.796387017759,7083.225658297612,0,0,False,1,20221101,2,0.5
1358,359,4912.070743405276,7622.958033573142,0,225,True,1,20221101,2,0.5
1359,360,4911.5,8151.5,0,213,True,1,20221101,2,0.5
1360,361,4911.5,8694.951572327043,0,0,True,1,20221101,2,0.5
1361,362,4911.696078431372,9219.68137254902,0,116,False,1,20221101,2,0.5
1362,363,4911.69656019656,9755.681818181818,0,0,False,1,20221101,2,0.5
1363,364,4911.5,10291.863190184047,2,139,False,1,20221101,2,0.5
1364,365,4911.5,10827.863190184047,0,0,False,1,20221101,2,0.5
1365,366,4911.5,11374.602040816326,1,112,False,1,20221101,2,0.5
1366,367,4911.780407429598,11902.869682444578,1,2,False,1,20221101,2,0.5
1367,368,4911.600551808707,12443.043838136113,1,111,False,1,20221101,2,0.5
1368,369,4911.696078431372,12971.68137254902,0,0,False,1,20221101,2,0.5
1369,370,4911.780407429598,13504.130317555422,0,105,False,1,20221101,2,0.5
1370,371,4911.780407429598,14040.130317555422,2,142,False,1,20221101,2,0.5
1371,372,4911.774165202109,14579.232864674868,0,0,False,1,20221101,2,0.5
1372,373,4911.696078431372,15115.68137254902,0,105,False,1,20221101,2,0.5
1373,374,4911.780407429598,15648.130317555422,0,0,False,1,20221101,2,0.5
1374,375,4911.5,16191.136363636364,1,0,True,1,20221101,2,0.5
1375,376,4911.5,16731.5,0,0,True,1,20221101,2,0.5
1376,377,4911.869158878505,17266.77570093458,0,1,False,1,20221101,2,0.5
1377,378,4911.877182770663,17795.681606519207,0,2,False,1,20221101,2,0.5
1378,379,4912.261676646706,18335.32754491018,0,0,False,1,20221101,2,0.5
1379,380,4912.056725146199,18867.49064327485,0,0,False,1,20221101,2,0.5
1380,381,4911.696078431372,19403.68137254902,0,96,False,1,20221101,2,0.5
1381,382,4911.796387017759,19947.22565829761,1,155,False,1,20221101,2,0.5
1382,383,4911.961088355763,20483.050614394386,0,108,False,1,20221101,2,0.5
1383,384,4911.888206388207,21018.77764127764,0,103,False,1,20221101,2,0.5
1384,385,5354.359950859951,927.5,0,0,False,1,20221101,2,0.5
1385,386,5355.3972382787415,1463.4049454078356,0,2,False,1,20221101,2,0.5
1386,387,5354.355036855037,1999.8341523341523,0,0,False,1,20221101,2,0.5
1387,388,5355.103761755486,2531.314420062696,0,0,False,1,20221101,2,0.5
1388,389,5355.299624295554,3067.5,0,0,False,1,20221101,2,0.5
1389,390,5355.5,3607.309523809524,1,1,False,1,20221101,2,0.5
1390,391,5355.5,4135.5,0,0,False,1,20221101,2,0.5
1391,392,5355.87791411043,4678.758895705521,0,0,False,1,20221101,2,0.5
1392,393,5355.69094247246,5207.313953488372,1,1,False,1,20221101,2,0.5
1393,394,5355.695611285267,5747.123824451411,0,0,False,1,20221101,2,0.5
1394,395,5355.600250626567,6275.4047619047615,0,109,False,1,20221101,2,0.5
1395,396,5355.5,6815.1274509803925,1,137,False,1,20221101,2,0.5
1396,397,5355.597739767868,7351.404703726329,0,0,False,1,20221101,2,0.5
1397,398,5355.6027617212585,7887.404945407836,1,2,False,1,20221101,2,0.5
1398,399,5355.868641532017,8426.757929383602,1,0,False,1,20221101,2,0.5
1399,400,5355.6027617212585,8951.595054592164,0,1,True,1,20221101,2,0.5
1400,401,5355.69094247246,9487.686046511628,0,0,False,1,20221101,2,0.5
1401,402,5355.882352941177,10023.5,1,127,False,1,20221101,2,0.5
1402,403,5355.788685015291,10559.781345565749,0,0,False,1,20221101,2,0.5
1403,404,5355.87298266587,11099.5,0,0,False,1,20221101,2,0.5
1404,405,5355.803536977492,11639.21961414791,0,94,False,1,20221101,2,0.5
1405,406,5355.788685015291,12175.218654434251,0,0,False,1,20221101,2,0.5
1406,407,5355.796110414053,12707.218946047678,0,133,False,1,20221101,2,0.5
1407,408,5355.896238244514,13235.685579937304,1,1,False,1,20221101,2,0.5
1408,409,5355.700375704446,13771.5,1,142,False,1,20221101,2,0.5
1409,410,5355.796110414053,14307.781053952322,0,0,False,1,20221101,2,0.5
1410,411,5355.600125156446,14851.404881101376,0,0,True,1,20221101,2,0.5
1411,412,5355.700375704446,15379.5,0,99,True,1,20221101,2,0.5
1412,413,5355.88630806846,15919.685819070904,0,144,False,1,20221101,2,0.5
1413,414,5355.5,16462.936964504283,0,0,False,1,20221101,2,0.5
1414,415,5355.896238244514,16995.314420062696,0,0,False,1,20221101,2,0.5
1415,416,5355.917713152677,17531.31493721084,1,0,True,1,20221101,2,0.5
1416,417,5355.795739348371,18067.21929824561,0,0,True,1,20221101,2,0.5
1417,418,5355.6027617212585,18599.59505459217,1,0,True,1,20221101,2,0.5
1418,419,5355.700375704446,19139.5,2,124,False,1,20221101,2,0.5
1419,420,5355.968339307049,19675.40442054958,0,0,False,1,20221101,2,0.5
1420,421,5355.600125156446,20211.40488110137,0,140,False,1,20221101,2,0.5
1421,422,5355.795739348371,20755.21929824561,0,0,False,1,20221101,2,0.5
1422,423,5355.700375704446,21283.5,1,112,False,1,20221101,2,0.5
1423,424,5806.541916167665,1199.3179640718563,0,1,False,1,20221101,2,0.5
1424,425,5806.328331332533,1727.2454981992796,1,3,False,1,20221101,2,0.5
1425,426,5806.901257861635,2262.9616352201256,0,2,False,1,20221101,2,0.5
1426,427,5807.019426180514,2799.4067543335327,1,1,False,1,20221101,2,0.5
1427,428,5807.204504504504,3335.262162162162,0,0,False,1,20221101,2,0.5
1428,429,5807.705771643664,3871.5,0,0,False,1,20221101,2,0.5
1429,430,5807.308383233533,4407.317964071856,0,1,False,1,20221101,2,0.5
1430,431,5807.397049591965,4943.407093534212,1,0,False,1,20221101,2,0.5
1431,432,5807.5,5479.136363636364,0,0,False,1,20221101,2,0.5
1432,433,5807.5,6011.5,0,125,False,1,20221101,2,0.5
1433,434,5807.317964071856,6544.223353293413,1,1,False,1,20221101,2,0.5
1434,435,5807.303921568628,7083.318627450981,2,104,False,1,20221101,2,0.5
1435,436,5807.5,7623.136363636364,0,0,False,1,20221101,2,0.5
1436,437,5807.5,8151.5,0,130,False,1,20221101,2,0.5
1437,438,5807.5,8694.951572327043,1,0,False,1,20221101,2,0.5
1438,439,5807.399448191293,9219.956161863887,0,0,False,1,20221101,2,0.5
1439,440,5807.303921568628,9755.68137254902,0,1,False,1,20221101,2,0.5
1440,441,5807.5,10291.863190184047,1,107,False,1,20221101,2,0.5
1441,442,5807.5,10827.863190184047,0,0,False,1,20221101,2,0.5
1442,443,5807.5,11374.602040816326,0,129,False,1,20221101,2,0.5
1443,444,5807.691616766467,11903.317964071855,0,0,False,1,20221101,2,0.5
1444,445,5807.600551808707,12443.043838136113,12,8,True,1,20221101,2,0.5
1445,446,5807.696078431372,12971.68137254902,1,1,False,1,20221101,2,0.5
1446,447,5807.5,13503.863636363636,2,0,False,1,20221101,2,0.5
1447,448,5807.780407429598,14040.130317555422,0,119,False,1,20221101,2,0.5
1448,449,5807.5,14579.5,0,114,False,1,20221101,2,0.5
1449,450,5807.5,15115.5,0,0,False,1,20221101,2,0.5
1450,451,5807.308383233533,15647.682035928145,1,133,False,1,20221101,2,0.5
1451,452,5807.219592570402,16190.869682444578,1,0,False,1,20221101,2,0.5
1452,453,5807.203975535168,16731.225993883792,0,0,True,1,20221101,2,0.5
1453,454,5808.315897136177,17266.518118059616,0,0,False,1,20221101,2,0.5
1454,455,5807.5,17795.5,1,129,False,1,20221101,2,0.5
1455,456,5807.598027495517,18335.04333532576,1,239,True,1,20221101,2,0.5
1456,457,5807.686915887851,18867.317757009347,1,0,False,1,20221101,2,0.5
1457,458,5807.399694189602,19403.59296636085,0,212,True,1,20221101,2,0.5
1458,459,5807.600551808707,19947.04383813612,0,133,False,1,20221101,2,0.5
1459,460,5807.322429906542,20482.59813084112,1,120,False,1,20221101,2,0.5
1460,461,5807.600551808707,21019.04383813612,1,134,False,1,20221101,2,0.5
1461,462,6248.491920447483,929.41671845867,0,77,False,1,20221101,2,0.5
1462,463,6250.684516129032,1463.5,0,0,False,1,20221101,2,0.5
1463,464,6250.062461538461,1999.2710769230769,0,0,False,1,20221101,2,0.5
1464,465,6246.90797940798,2531.5,0,0,False,1,20221101,2,0.5
1465,466,6251.103761755486,3067.6855799373043,0,0,False,1,20221101,2,0.5
1466,467,6251.402379499695,3607.4048200122015,0,0,False,1,20221101,2,0.5
1467,468,6251.30905752754,4135.686046511628,0,0,False,1,20221101,2,0.5
1468,469,6251.788685015291,4679.21865443425,0,0,False,1,20221101,2,0.5
1469,470,6251.882352941177,5207.5,1,117,False,1,20221101,2,0.5
1470,471,6251.600250626567,5747.4047619047615,0,0,False,1,20221101,2,0.5
1471,472,6251.600250626567,6275.595238095239,0,122,False,1,20221101,2,0.5
1472,473,6251.5,6815.1274509803925,0,1,False,1,20221101,2,0.5
1473,474,6251.5,7351.5,0,88,False,1,20221101,2,0.5
1474,475,6251.6027617212585,7887.404945407836,0,0,False,1,20221101,2,0.5
1475,476,6251.773053892216,8426.853293413174,0,0,False,1,20221101,2,0.5
1476,477,6251.5,8951.690231362469,0,0,False,1,20221101,2,0.5
1477,478,6251.5,9487.872549019608,0,0,False,1,20221101,2,0.5
1478,479,6251.5,10023.872549019608,0,110,False,1,20221101,2,0.5
1479,480,6251.69094247246,10559.686046511628,0,0,False,1,20221101,2,0.5
1480,481,6251.87298266587,11099.5,0,113,False,1,20221101,2,0.5
1481,482,6251.6027617212585,11639.404945407836,0,0,False,1,20221101,2,0.5
1482,483,6251.597979179424,12175.032149418248,0,0,False,1,20221101,2,0.5
1483,484,6251.796110414053,12707.218946047678,0,0,False,1,20221101,2,0.5
1484,485,6251.896238244514,13235.685579937304,2,0,False,1,20221101,2,0.5
1485,486,6251.600125156446,13771.595118898624,0,0,False,1,20221101,2,0.5
1486,487,6251.795739348371,14307.780701754386,0,109,False,1,20221101,2,0.5
1487,488,6251.5,14851.309643080776,0,1,False,1,20221101,2,0.5
1488,489,6251.600250626567,15379.40476190476,1,0,False,1,20221101,2,0.5
1489,490,6251.5,15919.5,0,127,False,1,20221101,2,0.5
1490,491,6251.5,16462.389434889436,0,135,False,1,20221101,2,0.5
1491,492,6251.5,16995.30964308078,1,149,False,1,20221101,2,0.5
1492,493,6251.605540897098,17531.405013192612,1,0,False,1,20221101,2,0.5
1493,494,6251.5,18066.93753923415,0,0,False,1,20221101,2,0.5
1494,495,6251.5,18599.5,0,128,False,1,20221101,2,0.5
1495,496,6251.5,19139.30964308078,0,127,False,1,20221101,2,0.5
1496,497,6251.5,19675.12701733413,1,1,False,1,20221101,2,0.5
1497,498,6251.5,20211.30964308078,0,125,False,1,20221101,2,0.5
1498,499,6251.399874843554,20755.40488110137,0,108,False,1,20221101,2,0.5
1499,500,6251.600250626567,21283.404761904763,0,0,False,1,20221101,2,0.5
1000,1,899.004835589942,1464.1473243068988,6,91,True,2,20230110,1,0.5
1001,2,898.7570725707257,2000.5971709717096,1,0,False,2,20230110,1,0.5
1002,3,899.2132075471698,2532.3352201257862,6,99,False,2,20230110,1,0.5
1003,4,899.2132075471698,3068.3352201257862,0,0,False,2,20230110,1,0.5
1004,5,899.4020208205757,3607.967850581752,1,103,False,2,20230110,1,0.5
1005,6,899.2204169221336,4136.33629675046,3,109,False,2,20230110,1,0.5
1006,7,899.4020208205757,4679.967850581751,0,0,False,2,20230110,1,0.5
1007,8,899.7795830778664,5208.33629675046,2,112,False,2,20230110,1,0.5
1008,9,899.6956112852664,5747.876175548589,0,0,False,2,20230110,1,0.5
1009,10,899.204260651629,6275.7807017543855,0,0,False,2,20230110,1,0.5
1010,11,899.8779141104294,6816.241104294479,2,103,False,2,20230110,1,0.5
1011,12,900.0686274509804,7352.053921568628,2,106,False,2,20230110,1,0.5
1012,13,900.3051612903225,7887.866451612903,0,0,False,2,20230110,1,0.5
1013,14,900.6003003003003,8428.206306306307,0,0,False,2,20230110,1,0.5
1014,15,900.0979381443299,8952.051546391753,1,124,False,2,20230110,1,0.5
1015,16,900.2429274292743,9488.59717097171,4,105,False,2,20230110,1,0.5
1016,17,901.4233621755252,10024.187268232386,1,1,False,2,20230110,1,0.5
1017,18,901.0743368291178,10560.657310302282,4,100,False,2,20230110,1,0.5
1018,19,900.5989802039592,11100.224655068989,3,110,False,2,20230110,1,0.5
1019,20,899.7005141388174,11639.690231362469,1,102,False,2,20230110,1,0.5
1020,21,901.428306551298,12176.889369592089,1,106,False,2,20230110,1,0.5
1021,22,900.3805031446541,12707.771698113207,3,98,False,2,20230110,1,0.5
1022,23,900.3564231738035,13236.502518891688,5,107,False,2,20230110,1,0.5
1023,24,899.9824120603015,13772.14824120603,1,0,False,2,20230110,1,0.5
1024,25,900.1607818411097,14308.690416141237,2,101,False,2,20230110,1,0.5
1025,26,899.896238244514,14851.685579937304,6,101,False,2,20230110,1,0.5
1026,27,899.9824120603015,15380.14824120603,1,115,False,2,20230110,1,0.5
1027,28,899.7795830778664,15920.33629675046,2,111,False,2,20230110,1,0.5
1028,29,899.6909424724602,16463.68604651163,4,114,False,2,20230110,1,0.5
1029,30,899.6956112852664,16995.87617554859,0,0,False,2,20230110,1,0.5
1030,31,899.6055408970976,17531.594986807388,1,111,False,2,20230110,1,0.5
1031,32,899.5,18067.5,1,125,False,2,20230110,1,0.5
1032,33,899.5,18599.690231362467,1,117,False,2,20230110,1,0.5
1033,34,899.6002506265664,19139.404761904763,1,102,False,2,20230110,1,0.5
1034,35,900.1467065868263,19675.226946107785,3,119,False,2,20230110,1,0.5
1035,36,900.0925925925926,20211.5,9,117,False,2,20230110,1,0.5
1036,37,900.1842767295598,20754.86603773585,1,100,False,2,20230110,1,0.5
1037,38,903.89588688946,21283.309768637533,2,82,False,2,20230110,1,0.5
1038,39,1342.8345888261142,1199.9695543000628,1,1,False,2,20230110,1,0.5
1039,40,1343.293710691824,1728.4610062893082,1,1,False,2,20230110,1,0.5
1040,41,1343.1967699406723,2263.78740936058,0,0,False,2,20230110,1,0.5
1041,42,1343.2115987460816,2799.7884012539184,1,1,False,2,20230110,1,0.5
1042,43,1343.211959924859,3335.788040075141,1,146,False,2,20230110,1,0.5
1043,44,1343.5,3871.694993412385,0,0,False,2,20230110,1,0.5
1044,45,1343.5,4407.6952440550685,1,1,False,2,20230110,1,0.5
1045,46,1343.5,4943.5,0,1,False,2,20230110,1,0.5
1046,47,1343.5975609756097,5479.59756097561,5,136,False,2,20230110,1,0.5
1047,48,1343.5951768488746,6011.788102893891,3,125,False,2,20230110,1,0.5
1048,49,1343.7790697674418,6544.357322438717,1,1,False,2,20230110,1,0.5
1049,50,1343.7002567394095,7083.5,2,9,False,2,20230110,1,0.5
1050,51,1344.0771643663738,7623.5,0,0,False,2,20230110,1,0.5
1051,52,1343.7884012539184,8151.788401253919,1,106,False,2,20230110,1,0.5
1052,53,1343.705533596838,8695.5,0,0,False,2,20230110,1,0.5
1053,54,1343.6953727506427,9219.885604113111,4,100,False,2,20230110,1,0.5
1054,55,1343.89588688946,9755.690231362469,1,113,False,2,20230110,1,0.5
1055,56,1343.399935856318,10291.597498396408,2,2,False,2,20230110,1,0.5
1056,57,1344.0824742268042,10828.067010309278,1,131,False,2,20230110,1,0.5
1057,58,1344.4319899244333,11374.568010075567,1,135,False,2,20230110,1,0.5
1058,59,1343.8859649122808,11903.690476190475,0,0,False,2,20230110,1,0.5
1059,60,1343.89588688946,12443.309768637531,1,119,False,2,20230110,1,0.5
1060,61,1343.89588688946,12971.690231362469,3,114,False,2,20230110,1,0.5
1061,62,1343.690476190476,13503.88596491228,2,139,False,2,20230110,1,0.5
1062,63,1343.8859649122808,14039.690476190475,0,0,True,2,20230110,1,0.5
1063,64,1343.4044703000611,14579.402020820577,0,0,False,2,20230110,1,0.5
1064,65,1343.6953727506427,15115.885604113111,1,126,False,2,20230110,1,0.5
1065,66,1343.690476190476,15647.88596491228,1,116,False,2,20230110,1,0.5
1066,67,1343.7884012539184,16191.788401253918,1,111,False,2,20230110,1,0.5
1067,68,1343.399935856318,16731.402501603592,4,109,False,2,20230110,1,0.5
1068,69,1343.6865030674846,17267.308588957054,0,0,False,2,20230110,1,0.5
1069,70,1343.5955296999389,17795.98009797918,3,120,False,2,20230110,1,0.5
1070,71,1343.5975609756097,18335.40243902439,2,136,False,2,20230110,1,0.5
1071,72,1343.5,18867.88235294117,6,118,False,2,20230110,1,0.5
1072,73,1343.5,19403.5,3,113,False,2,20230110,1,0.5
1073,74,1343.89588688946,19947.309768637533,7,109,False,2,20230110,1,0.5
1074,75,1344.0539215686274,20482.93137254902,3,4,False,2,20230110,1,0.5
1075,76,1344.1825499034128,21019.03122987765,5,109,False,2,20230110,1,0.5
1076,77,1786.8558696988323,928.6923786109404,0,0,False,2,20230110,1,0.5
1077,78,1786.6937984496124,1464.37338501292,0,0,False,2,20230110,1,0.5
1078,79,1786.9313725490197,2000.053921568628,0,1,False,2,20230110,1,0.5
1079,80,1787.2038895859473,2531.781053952321,1,121,False,2,20230110,1,0.5
1080,81,1786.442065491184,3068.3110831234258,1,95,False,2,20230110,1,0.5
1081,82,1787.970300061237,3608.149112063688,0,113,False,2,20230110,1,0.5
1082,83,1787.5979791794243,4135.967850581751,0,0,False,2,20230110,1,0.5
1083,84,1787.2204169221336,4679.772225628449,5,114,False,2,20230110,1,0.5
1084,85,1787.029699938763,5208.149112063687,0,0,False,2,20230110,1,0.5
1085,86,1787.882149591452,5748.053111250786,0,0,False,2,20230110,1,0.5
1086,87,1787.9753476611884,6276.870417193426,1,1,False,2,20230110,1,0.5
1087,88,1788.0700245700243,6816.055282555282,1,0,False,2,20230110,1,0.5
1088,89,1788.0686274509803,7352.053921568628,0,0,False,2,20230110,1,0.5
1089,90,1787.9066924066924,7887.685328185328,1,119,False,2,20230110,1,0.5
1090,91,1788.4214157168567,8427.5,3,126,False,2,20230110,1,0.5
1091,92,1788.8411003236247,8951.057281553398,0,0,False,2,20230110,1,0.5
1092,93,1788.9590264941469,9488.74460874923,1,1,False,2,20230110,1,0.5
1093,94,1788.5325752919484,10024.31868469576,2,156,False,2,20230110,1,0.5
1094,95,1789.3282890673256,10560.925571340333,2,114,False,2,20230110,1,0.5
1095,96,1788.2420706163973,11099.868641532015,0,0,False,2,20230110,1,0.5
1096,97,1788.1082474226805,11639.5,3,104,False,2,20230110,1,0.5
1097,98,1788.8382533825338,12175.657441574416,1,2,False,2,20230110,1,0.5
1098,99,1788.3636363636365,13236.671717171715,1,0,False,2,20230110,1,0.5
1099,100,1788.083280955374,13772.053111250783,0,0,False,2,20230110,1,0.5
1100,101,1788.26214511041,14308.5952681388,0,0,False,2,20230110,1,0.5
1101,102,1788.0925925925926,14851.5,1,151,False,2,20230110,1,0.5
1102,103,1787.887665198238,15380.240088105727,0,118,False,2,20230110,1,0.5
1103,104,1787.8779141104294,15920.24110429448,12,17,True,2,20230110,1,0.5
1104,105,1787.7886850152904,16463.409480122325,18,21,False,2,20230110,1,0.5
1105,106,1787.795739348371,16995.780701754386,4,123,False,2,20230110,1,0.5
1106,107,1787.9177131526767,17531.68506278916,4,161,False,2,20230110,1,0.5
1107,108,1787.7003757044458,18067.5,3,109,False,2,20230110,1,0.5
1108,109,1787.6027617212587,18599.59505459217,1,110,False,2,20230110,1,0.5
1109,110,1787.896238244514,19139.314420062696,1,120,False,2,20230110,1,0.5
1110,111,1788.4214157168567,19675.5,5,151,False,2,20230110,1,0.5
1111,112,1788.0925925925926,20211.5,4,116,False,2,20230110,1,0.5
1112,113,1788.083280955374,20754.94688874921,7,108,False,2,20230110,1,0.5
1113,114,1788.294468887492,21283.5,4,111,False,2,20230110,1,0.5
1114,115,1791.89588688946,12707.309768637531,0,0,False,2,20230110,1,0.5
1115,116,2231.304755944931,1199.5,1,103,False,2,20230110,1,0.5
1116,117,2231.6907151819323,1727.8764115432873,0,100,False,2,20230110,1,0.5
1117,118,2231.5,2263.5,0,0,False,2,20230110,1,0.5
1118,119,2231.5,2799.5,0,111,False,2,20230110,1,0.5
1119,120,2231.5,3335.5,2,1,False,2,20230110,1,0.5
1120,121,2231.5,3871.5,2,6,False,2,20230110,1,0.5
1121,122,2231.695244055069,4407.5,0,0,False,2,20230110,1,0.5
1122,123,2231.5,4943.5,4,119,False,2,20230110,1,0.5
1123,124,2231.5,5479.5,1,122,False,2,20230110,1,0.5
1124,125,2231.6000641436817,6011.402501603592,0,144,False,2,20230110,1,0.5
1125,126,2231.690476190476,6543.8859649122805,0,0,False,2,20230110,1,0.5
1126,127,2231.89588688946,7083.690231362468,4,99,False,2,20230110,1,0.5
1127,128,2232.077164366374,7623.5,3,3,False,2,20230110,1,0.5
1128,129,2231.8859649122805,8151.690476190476,2,123,False,2,20230110,1,0.5
1129,130,2232.1076618229854,8695.5,2,4,False,2,20230110,1,0.5
1130,131,2231.79543994862,9219.787732819525,0,0,False,2,20230110,1,0.5
1131,132,2232.182549903413,9755.968770122345,4,111,False,2,20230110,1,0.5
1132,133,2232.182549903413,10291.968770122345,1,122,False,2,20230110,1,0.5
1133,134,2232.082474226804,10828.067010309278,5,121,False,2,20230110,1,0.5
1134,135,2231.6902377972465,11375.304755944931,2,123,False,2,20230110,1,0.5
1135,136,2232.165411173886,11903.969554300063,6,125,False,2,20230110,1,0.5
1136,137,2231.7002567394097,12443.5,7,114,False,2,20230110,1,0.5
1137,138,2232.0817245817248,12972.06628056628,0,0,False,2,20230110,1,0.5
1138,139,2232.3332284455632,13504.529578351165,1,4,False,2,20230110,1,0.5
1139,140,2232.3332284455632,14040.529578351165,2,3,False,2,20230110,1,0.5
1140,141,2232.241104294478,14579.87791411043,0,0,False,2,20230110,1,0.5
1141,142,2232.0817245817248,15116.06628056628,0,0,False,2,20230110,1,0.5
1142,143,2231.9695543000626,15648.165411173886,1,1,False,2,20230110,1,0.5
1143,144,2231.8859649122805,16191.690476190475,8,113,False,2,20230110,1,0.5
1144,145,2231.7002567394097,16731.5,1,108,False,2,20230110,1,0.5
1145,146,2232.241104294478,17267.681595092025,5,114,False,2,20230110,1,0.5
1146,147,2232.053921568628,17796.06862745098,1,126,False,2,20230110,1,0.5
1147,148,2231.8859649122805,18335.69047619048,0,0,False,2,20230110,1,0.5
1148,149,2232.33629675046,18867.220416922133,2,111,False,2,20230110,1,0.5
1149,150,2231.79543994862,19403.787732819525,9,113,False,2,20230110,1,0.5
1150,151,2231.89588688946,19947.309768637533,2,157,True,2,20230110,1,0.5
1151,152,2232.33629675046,20483.220416922133,1,111,False,2,20230110,1,0.5
1152,153,2231.89588688946,21019.309768637533,0,110,False,2,20230110,1,0.5
1153,154,2674.93137254902,928.0539215686274,1,128,False,2,20230110,1,0.5
1154,155,2677.859493670886,1462.4012658227848,1,129,False,2,20230110,1,0.5
1155,156,2675.406919779547,1999.776791181874,1,0,False,2,20230110,1,0.5
1156,157,2674.90666247643,2531.489943431804,5,115,False,2,20230110,1,0.5
1157,158,2675.1173694147265,3068.04877281309,4,128,False,2,20230110,1,0.5
1158,159,2674.6416309012875,3607.7722256284487,0,0,False,2,20230110,1,0.5
1159,160,2678.221252257676,4135.150812763395,2,155,False,2,20230110,1,0.5
1160,161,2679.5,4679.5,0,0,False,2,20230110,1,0.5
1161,162,2678.2738452309536,5208.111877624475,0,0,False,2,20230110,1,0.5
1162,163,2679.5,5747.5,1,172,True,2,20230110,1,0.5
1163,164,2680.4987699877,6275.849323493235,4,128,False,2,20230110,1,0.5
1164,165,2679.882775119617,6815.5,0,0,False,2,20230110,1,0.5
1165,166,2680.2616766467067,7351.859281437126,2,151,False,2,20230110,1,0.5
1166,167,2680.236225087925,8427.317116060962,3,118,False,2,20230110,1,0.5
1167,168,2679.907035175879,8951.680904522613,3,153,False,2,20230110,1,0.5
1168,169,2679.211389385808,9487.774299344066,3,5,False,2,20230110,1,0.5
1169,170,2680.0693779904304,10024.04066985646,0,0,False,2,20230110,1,0.5
1170,171,2681.5253470126736,10560.709414604707,1,177,False,2,20230110,1,0.5
1171,172,2680.147574517826,11099.766510812393,3,119,False,2,20230110,1,0.5
1172,173,2680.1638705811865,12175.766027561414,3,122,False,2,20230110,1,0.5
1173,174,2680.093137254902,12707.5,1,112,False,2,20230110,1,0.5
1174,175,2680.0840490797545,13236.039877300613,2,4,False,2,20230110,1,0.5
1175,176,2679.796024464832,13771.774006116208,6,245,True,2,20230110,1,0.5
1176,177,2680.459409594096,14308.385608856088,4,112,False,2,20230110,1,0.5
1177,178,2679.896572827417,14851.681150550796,1,112,False,2,20230110,1,0.5
1178,179,2680.0840490797545,15380.039877300613,4,115,False,2,20230110,1,0.5
1179,180,2680.0693779904304,15920.04066985646,6,209,False,2,20230110,1,0.5
1180,181,2679.980573819486,16463.406754333533,10,117,False,2,20230110,1,0.5
1181,182,2679.896572827417,16995.681150550794,0,0,False,2,20230110,1,0.5
1182,183,2679.605602060528,17531.592723760463,2,100,False,2,20230110,1,0.5
1183,184,2679.9935543278084,18067.58348680172,0,0,False,2,20230110,1,0.5
1184,185,2679.80923947203,18599.42206159648,0,0,False,2,20230110,1,0.5
1185,186,2680.1876155268023,19139.214109673445,4,109,False,2,20230110,1,0.5
1186,187,2680.4227166276346,19675.5,4,113,False,2,20230110,1,0.5
1187,188,2679.700488997555,20211.5,5,173,True,2,20230110,1,0.5
1188,189,2679.7963870177587,20755.22565829761,4,4,False,2,20230110,1,0.5
1189,190,2680.093137254902,21283.5,4,124,False,2,20230110,1,0.5
1190,191,2683.602761721259,7887.595054592164,2,131,False,2,20230110,1,0.5
1191,192,2683.9025806451614,11639.5,5,130,False,2,20230110,1,0.5
1192,193,3130.359950859951,1199.5,0,0,False,2,20230110,1,0.5
1193,194,3125.668888888889,1728.9653968253967,1,136,False,2,20230110,1,0.5
1194,195,3131.397238278741,2263.5950545921646,1,1,False,2,20230110,1,0.5
1195,196,3127.2105097545627,2799.7794210195093,0,0,False,2,20230110,1,0.5
1196,197,3129.775092936803,3336.6995043370507,1,1,False,2,20230110,1,0.5
1197,198,3131.397238278741,3871.5950545921646,0,111,False,2,20230110,1,0.5
1198,199,3130.726600985221,4406.869458128079,0,0,False,2,20230110,1,0.5
1199,200,3130.9945196647323,4943.595422308188,3,158,False,2,20230110,1,0.5
1200,201,3131.402260232132,5479.404703726329,4,119,False,2,20230110,1,0.5
1201,202,3131.203889585948,6011.781053952322,7,201,True,2,20230110,1,0.5
1202,203,3131.1220858895704,6544.241104294479,3,180,True,2,20230110,1,0.5
1203,204,3131.6001251564458,7083.595118898624,0,0,False,2,20230110,1,0.5
1204,205,3131.5,7623.127450980392,2,151,False,2,20230110,1,0.5
1205,206,3131.5,8151.872549019607,0,0,False,2,20230110,1,0.5
1206,207,3131.5,8695.309768637531,0,0,False,2,20230110,1,0.5
1207,208,3131.6956112852663,9219.876175548588,0,0,False,2,20230110,1,0.5
1208,209,3131.7961104140527,9755.781053952322,0,111,False,2,20230110,1,0.5
1209,210,3131.7961104140527,10291.781053952322,2,132,False,2,20230110,1,0.5
1210,211,3131.5,10828.06246076585,3,103,False,2,20230110,1,0.5
1211,212,3131.779926335175,11374.854205033764,0,0,False,2,20230110,1,0.5
1212,213,3131.6909424724604,11903.686046511628,2,168,False,2,20230110,1,0.5
1213,214,3131.6002506265663,12443.40476190476,1,1,False,2,20230110,1,0.5
1214,215,3131.7961104140527,12971.781053952322,1,129,False,2,20230110,1,0.5
1215,216,3131.7795830778664,13504.33629675046,0,0,False,2,20230110,1,0.5
1216,217,3131.7795830778664,14040.33629675046,0,0,False,2,20230110,1,0.5
1217,218,3131.960431654676,14579.960431654676,1,121,False,2,20230110,1,0.5
1218,219,3131.6956112852663,15115.876175548588,1,131,False,2,20230110,1,0.5
1219,220,3131.5,15648.063035495716,0,0,False,2,20230110,1,0.5
1220,221,3131.8823529411766,16191.5,5,116,False,2,20230110,1,0.5
1221,222,3131.5,16731.30964308078,3,169,True,2,20230110,1,0.5
1222,223,3131.6862686567165,17267.313731343285,6,116,False,2,20230110,1,0.5
1223,224,3131.313953488372,17795.68604651163,2,178,False,2,20230110,1,0.5
1224,225,3131.6909424724604,18335.31395348837,3,171,True,2,20230110,1,0.5
1225,226,3131.68671454219,18867.68671454219,2,253,True,2,20230110,1,0.5
1226,227,3131.700375704446,19403.5,2,213,True,2,20230110,1,0.5
1227,228,3131.5,19947.5,4,113,False,2,20230110,1,0.5
1228,229,3131.782634730539,20482.661676646705,0,283,True,2,20230110,1,0.5
1229,230,3131.7961104140527,21019.21894604768,6,224,True,2,20230110,1,0.5
1230,231,3570.6416309012875,927.7722256284488,0,0,False,2,20230110,1,0.5
1231,232,3571.5,1463.5,0,0,False,2,20230110,1,0.5
1232,233,3569.9433497536947,2000.5147783251232,0,0,False,2,20230110,1,0.5
1233,234,3571.3043887147337,2531.1238244514107,1,132,False,2,20230110,1,0.5
1234,235,3571.8962382445143,3067.6855799373043,1,107,False,2,20230110,1,0.5
1235,236,3571.5,3607.309523809524,5,283,False,2,20230110,1,0.5
1236,237,3571.597620500305,4135.595179987798,5,151,True,2,20230110,1,0.5
1237,238,3571.5,4679.5,3,165,True,2,20230110,1,0.5
1238,239,3571.88630806846,5207.6858190709045,3,5,False,2,20230110,1,0.5
1239,240,3571.7961104140527,5747.590338770389,0,108,False,2,20230110,1,0.5
1240,241,3571.8962382445143,6275.314420062696,0,0,False,2,20230110,1,0.5
1241,242,3571.69536019536,6815.5,0,0,False,2,20230110,1,0.5
1242,243,3572.166258420086,7351.041947336191,6,168,False,2,20230110,1,0.5
1243,244,3571.7056555269924,7887.5,0,0,False,2,20230110,1,0.5
1244,245,3572.5167865707435,8427.404076738609,2,105,False,2,20230110,1,0.5
1245,246,3571.9066924066924,8951.685328185327,0,117,False,2,20230110,1,0.5
1246,247,3572.260736196319,9487.86809815951,1,117,False,2,20230110,1,0.5
1247,248,3572.260736196319,10023.86809815951,2,103,False,2,20230110,1,0.5
1248,249,3572.0686274509803,10560.053921568628,1,120,False,2,20230110,1,0.5
1249,250,3574.511180124224,11097.66645962733,0,0,True,2,20230110,1,0.5
1250,251,3572.00998068255,11639.404700579524,5,163,False,2,20230110,1,0.5
1251,252,3572.3583690987125,12175.227774371551,2,162,False,2,20230110,1,0.5
1252,253,3572.0925925925926,12707.5,0,1,False,2,20230110,1,0.5
1253,254,3572.0825486503454,13236.052416823602,6,123,False,2,20230110,1,0.5
1254,255,3571.8962382445143,13771.685579937304,0,1,False,2,20230110,1,0.5
1255,256,3572.183417085427,14307.957286432162,3,127,False,2,20230110,1,0.5
1256,257,3571.700375704446,14851.5,0,0,False,2,20230110,1,0.5
1257,258,3572.183417085427,15379.957286432162,2,116,False,2,20230110,1,0.5
1258,259,3572.3583690987125,15919.772225628449,5,115,False,2,20230110,1,0.5
1259,260,3571.88630806846,16463.314180929094,3,203,True,2,20230110,1,0.5
1260,261,3572.0925925925926,16995.5,2,224,True,2,20230110,1,0.5
1261,262,3571.6055408970974,17531.594986807388,3,112,False,2,20230110,1,0.5
1262,263,3571.6001251564458,18067.40488110137,6,138,False,2,20230110,1,0.5
1263,264,3571.602761721259,18599.59505459217,5,115,False,2,20230110,1,0.5
1264,265,3572.0925925925926,19139.5,1,219,True,2,20230110,1,0.5
1265,266,3572.5167865707435,19675.59592326139,3,105,False,2,20230110,1,0.5
1266,267,3572.0925925925926,20211.5,4,127,False,2,20230110,1,0.5
1267,268,3572.183417085427,20755.04271356784,1,152,False,2,20230110,1,0.5
1268,269,3572.0925925925926,21283.5,4,121,False,2,20230110,1,0.5
1269,270,4023.1235884567127,1199.1135508155585,0,0,False,2,20230110,1,0.5
1270,271,4023.4024390243903,1727.5975609756097,3,113,False,2,20230110,1,0.5
1271,272,4023.5,2263.5,3,110,False,2,20230110,1,0.5
1272,273,4023.5,2799.304755944931,0,104,False,2,20230110,1,0.5
1273,274,4023.22057898049,3335.7794210195093,2,120,False,2,20230110,1,0.5
1274,275,4023.6026991441736,3871.597432521396,3,150,False,2,20230110,1,0.5
1275,276,4023.6911949685536,4407.308805031446,2,112,False,2,20230110,1,0.5
1276,277,4023.3973008558255,4943.597432521396,0,0,False,2,20230110,1,0.5
1277,278,4023.690476190476,5479.11403508772,6,124,False,2,20230110,1,0.5
1278,279,4023.6000641436817,6011.597498396408,5,123,False,2,20230110,1,0.5
1279,280,4023.690476190476,6543.8859649122805,1,255,False,2,20230110,1,0.5
1280,281,4023.7002567394097,7083.5,3,195,False,2,20230110,1,0.5
1281,282,4023.7884012539184,7623.211598746081,0,0,False,2,20230110,1,0.5
1282,283,4023.885964912281,8151.690476190476,2,154,False,2,20230110,1,0.5
1283,284,4023.6026991441736,8695.402567478604,0,0,False,2,20230110,1,0.5
1284,285,4023.7954399486193,9219.787732819525,0,0,False,2,20230110,1,0.5
1285,286,4023.89588688946,9755.690231362469,1,1,True,2,20230110,1,0.5
1286,287,4023.89588688946,10291.690231362469,3,125,False,2,20230110,1,0.5
1287,288,4023.6953727506425,10827.885604113111,1,109,False,2,20230110,1,0.5
1288,289,4023.7884012539184,11375.211598746082,1,170,False,2,20230110,1,0.5
1289,290,4023.885964912281,11903.690476190475,0,1,False,2,20230110,1,0.5
1290,291,4023.7002567394097,12443.5,2,124,False,2,20230110,1,0.5
1291,292,4023.7954399486193,12971.787732819525,1,87,True,2,20230110,1,0.5
1292,293,4023.969554300063,13504.165411173886,0,0,False,2,20230110,1,0.5
1293,294,4023.885964912281,14039.690476190475,2,114,False,2,20230110,1,0.5
1294,295,4023.87652811736,14579.690709046456,1,163,False,2,20230110,1,0.5
1295,296,4023.7954399486193,15115.787732819525,7,122,False,2,20230110,1,0.5
1296,297,4023.5975609756097,15647.40243902439,4,116,False,2,20230110,1,0.5
1297,298,4023.5,16191.5,2,106,False,2,20230110,1,0.5
1298,299,4023.6000641436817,16731.402501603592,7,182,True,2,20230110,1,0.5
1299,300,4023.4048200122015,17267.402379499694,0,1,False,2,20230110,1,0.5
1300,301,4024.053921568628,17796.06862745098,2,113,False,2,20230110,1,0.5
1301,302,4023.695244055069,18335.5,1,118,False,2,20230110,1,0.5
1302,303,4023.5,18867.5,1,2,False,2,20230110,1,0.5
1303,304,4023.6000641436817,19403.597498396408,1,3,False,2,20230110,1,0.5
1304,305,4023.89588688946,19947.309768637533,3,116,False,2,20230110,1,0.5
1305,306,4023.314180929096,20483.11369193154,2,118,False,2,20230110,1,0.5
1306,307,4023.6000641436817,21019.402501603592,2,119,False,2,20230110,1,0.5
1307,308,4467.308588957055,927.6865030674846,0,1,False,2,20230110,1,0.5
1308,309,4467.6027617212585,1463.5950545921644,6,105,False,2,20230110,1,0.5
1309,310,4467.69094247246,1999.686046511628,1,160,False,2,20230110,1,0.5
1310,311,4467.5,2531.5,1,1,False,2,20230110,1,0.5
1311,312,4467.103264281231,3067.133396107972,1,3,False,2,20230110,1,0.5
1312,313,4467.597620500305,3607.5951799877976,0,0,False,2,20230110,1,0.5
1313,314,4468.0700245700245,4135.490171990172,2,152,False,2,20230110,1,0.5
1314,315,4467.790461538461,4678.6704615384615,2,114,False,2,20230110,1,0.5
1315,316,4467.220416922134,5207.772225628449,2,119,False,2,20230110,1,0.5
1316,317,4467.600250626567,5747.4047619047615,2,121,False,2,20230110,1,0.5
1317,318,4467.695611285267,6275.876175548589,2,115,False,2,20230110,1,0.5
1318,319,4468.067931456549,6814.9467564259485,3,225,False,2,20230110,1,0.5
1319,320,4467.69094247246,7351.686046511628,0,0,False,2,20230110,1,0.5
1320,321,4467.705655526992,7887.5,2,103,False,2,20230110,1,0.5
1321,322,4467.9604316546765,8427.039568345324,1,1,False,2,20230110,1,0.5
1322,323,4467.803536977492,8951.78038585209,0,0,False,2,20230110,1,0.5
1323,324,4467.779926335175,9488.145794966236,3,107,False,2,20230110,1,0.5
1324,325,4467.970876762723,10023.958614347026,0,2,False,2,20230110,1,0.5
1325,326,4467.779926335175,10560.145794966236,2,152,False,2,20230110,1,0.5
1326,327,4467.773709483794,11099.773709483794,1,1,False,2,20230110,1,0.5
1327,328,4467.705655526992,11639.5,6,116,False,2,20230110,1,0.5
1328,329,4467.691411042945,12175.313496932517,2,2,False,2,20230110,1,0.5
1329,330,4467.992462311558,12707.404522613066,2,121,False,2,20230110,1,0.5
1330,331,4467.982412060302,13236.14824120603,5,158,False,2,20230110,1,0.5
1331,332,4467.695611285267,13771.876175548588,2,136,False,2,20230110,1,0.5
1332,333,4467.78679245283,14308.335220125786,1,123,False,2,20230110,1,0.5
1333,334,4467.700375704446,14851.5,3,5,False,2,20230110,1,0.5
1334,335,4467.695611285267,15379.876175548588,0,0,False,2,20230110,1,0.5
1335,336,4467.69094247246,15919.686046511628,3,164,False,2,20230110,1,0.5
1336,337,4467.597979179424,16463.03214941825,1,2,False,2,20230110,1,0.5
1337,338,4467.796110414053,16995.590338770387,6,135,False,2,20230110,1,0.5
1338,339,4467.812169312169,17531.589947089946,2,121,False,2,20230110,1,0.5
1339,340,4467.304143126177,18067.314187068423,0,0,False,2,20230110,1,0.5
1340,341,4467.6027617212585,18599.59505459217,2,2,True,2,20230110,1,0.5
1341,342,4467.992462311558,19139.59547738693,3,119,False,2,20230110,1,0.5
1342,343,4467.9604316546765,19675.586330935253,1,1,False,2,20230110,1,0.5
1343,344,4467.992462311558,20211.404522613066,1,282,True,2,20230110,1,0.5
1344,345,4467.695611285267,20755.87617554859,1,111,False,2,20230110,1,0.5
1345,346,4467.600250626567,21283.404761904763,3,3,False,2,20230110,1,0.5
1346,347,4910.279048765804,1198.8762793497892,0,0,False,2,20230110,1,0.5
1347,348,4909.975961538462,1726.3557692307693,0,0,False,2,20230110,1,0.5
1348,349,4911.294228356336,2263.5,3,150,False,2,20230110,1,0.5
1349,350,4910.738323353294,2799.859281437126,0,0,False,2,20230110,1,0.5
1350,351,4910.551497005988,3335.32754491018,1,105,True,2,20230110,1,0.5
1351,352,4911.092964824121,3871.680904522613,0,0,False,2,20230110,1,0.5
1352,353,4911.308383233533,4407.317964071856,0,3,False,2,20230110,1,0.5
1353,354,4911.298994974874,4943.133165829146,5,104,False,2,20230110,1,0.5
1354,355,4911.308841099164,5479.318399044206,0,1,False,2,20230110,1,0.5
1355,356,4911.696078431372,6011.318627450981,0,0,False,2,20230110,1,0.5
1356,357,4911.308383233533,6543.682035928144,0,0,False,2,20230110,1,0.5
1357,358,4911.796387017759,7083.225658297612,4,108,False,2,20230110,1,0.5
1358,359,4912.070743405276,7622.958033573142,1,11,False,2,20230110,1,0.5
1359,360,4911.5,8151.5,0,0,False,2,20230110,1,0.5
1360,361,4911.5,8694.951572327043,0,0,False,2,20230110,1,0.5
1361,362,4911.696078431372,9219.68137254902,5,105,False,2,20230110,1,0.5
1362,363,4911.69656019656,9755.681818181818,2,118,False,2,20230110,1,0.5
1363,364,4911.5,10291.863190184047,0,0,False,2,20230110,1,0.5
1364,365,4911.5,10827.863190184047,0,106,False,2,20230110,1,0.5
1365,366,4911.5,11374.602040816326,3,117,False,2,20230110,1,0.5
1366,367,4911.780407429598,11902.869682444578,3,112,False,2,20230110,1,0.5
1367,368,4911.600551808707,12443.043838136113,0,0,False,2,20230110,1,0.5
1368,369,4911.696078431372,12971.68137254902,2,117,False,2,20230110,1,0.5
1369,370,4911.780407429598,13504.130317555422,7,121,False,2,20230110,1,0.5
1370,371,4911.780407429598,14040.130317555422,0,0,False,2,20230110,1,0.5
1371,372,4911.774165202109,14579.232864674868,2,1,False,2,20230110,1,0.5
1372,373,4911.696078431372,15115.68137254902,2,119,False,2,20230110,1,0.5
1373,374,4911.780407429598,15648.130317555422,4,114,False,2,20230110,1,0.5
1374,375,4911.5,16191.136363636364,0,0,False,2,20230110,1,0.5
1375,376,4911.5,16731.5,1,164,True,2,20230110,1,0.5
1376,377,4911.869158878505,17266.77570093458,2,169,True,2,20230110,1,0.5
1377,378,4911.877182770663,17795.681606519207,2,1,False,2,20230110,1,0.5
1378,379,4912.261676646706,18335.32754491018,14,13,True,2,20230110,1,0.5
1379,380,4912.056725146199,18867.49064327485,0,0,False,2,20230110,1,0.5
1380,381,4911.696078431372,19403.68137254902,0,1,False,2,20230110,1,0.5
1381,382,4911.796387017759,19947.22565829761,0,0,False,2,20230110,1,0.5
1382,383,4911.961088355763,20483.050614394386,1,104,False,2,20230110,1,0.5
1383,384,4911.888206388207,21018.77764127764,1,120,False,2,20230110,1,0.5
1384,385,5354.359950859951,927.5,1,103,False,2,20230110,1,0.5
1385,386,5355.3972382787415,1463.4049454078356,4,118,False,2,20230110,1,0.5
1386,387,5354.355036855037,1999.8341523341523,1,111,False,2,20230110,1,0.5
1387,388,5355.103761755486,2531.314420062696,2,118,False,2,20230110,1,0.5
1388,389,5355.299624295554,3067.5,11,161,True,2,20230110,1,0.5
1389,390,5355.5,3607.309523809524,0,0,True,2,20230110,1,0.5
1390,391,5355.5,4135.5,1,1,False,2,20230110,1,0.5
1391,392,5355.87791411043,4678.758895705521,0,0,False,2,20230110,1,0.5
1392,393,5355.69094247246,5207.313953488372,1,145,False,2,20230110,1,0.5
1393,394,5355.695611285267,5747.123824451411,3,107,False,2,20230110,1,0.5
1394,395,5355.600250626567,6275.4047619047615,2,204,True,2,20230110,1,0.5
1395,396,5355.5,6815.1274509803925,2,199,True,2,20230110,1,0.5
1396,397,5355.597739767868,7351.404703726329,2,129,False,2,20230110,1,0.5
1397,398,5355.6027617212585,7887.404945407836,2,104,False,2,20230110,1,0.5
1398,399,5355.868641532017,8426.757929383602,2,112,False,2,20230110,1,0.5
1399,400,5355.6027617212585,8951.595054592164,0,0,False,2,20230110,1,0.5
1400,401,5355.69094247246,9487.686046511628,0,0,False,2,20230110,1,0.5
1401,402,5355.882352941177,10023.5,0,0,False,2,20230110,1,0.5
1402,403,5355.788685015291,10559.781345565749,1,3,False,2,20230110,1,0.5
1403,404,5355.87298266587,11099.5,0,0,False,2,20230110,1,0.5
1404,405,5355.803536977492,11639.21961414791,4,111,False,2,20230110,1,0.5
1405,406,5355.788685015291,12175.218654434251,3,152,False,2,20230110,1,0.5
1406,407,5355.796110414053,12707.218946047678,1,152,False,2,20230110,1,0.5
1407,408,5355.896238244514,13235.685579937304,7,159,False,2,20230110,1,0.5
1408,409,5355.700375704446,13771.5,0,0,False,2,20230110,1,0.5
1409,410,5355.796110414053,14307.781053952322,6,133,False,2,20230110,1,0.5
1410,411,5355.600125156446,14851.404881101376,2,4,False,2,20230110,1,0.5
1411,412,5355.700375704446,15379.5,3,112,False,2,20230110,1,0.5
1412,413,5355.88630806846,15919.685819070904,2,155,False,2,20230110,1,0.5
1413,414,5355.5,16462.936964504283,1,0,False,2,20230110,1,0.5
1414,415,5355.896238244514,16995.314420062696,1,111,False,2,20230110,1,0.5
1415,416,5355.917713152677,17531.31493721084,0,104,False,2,20230110,1,0.5
1416,417,5355.795739348371,18067.21929824561,1,1,False,2,20230110,1,0.5
1417,418,5355.6027617212585,18599.59505459217,0,0,False,2,20230110,1,0.5
1418,419,5355.700375704446,19139.5,0,1,False,2,20230110,1,0.5
1419,420,5355.968339307049,19675.40442054958,3,145,False,2,20230110,1,0.5
1420,421,5355.600125156446,20211.40488110137,1,1,False,2,20230110,1,0.5
1421,422,5355.795739348371,20755.21929824561,2,125,False,2,20230110,1,0.5
1422,423,5355.700375704446,21283.5,0,0,False,2,20230110,1,0.5
1423,424,5806.541916167665,1199.3179640718563,2,113,False,2,20230110,1,0.5
1424,425,5806.328331332533,1727.2454981992796,2,104,False,2,20230110,1,0.5
1425,426,5806.901257861635,2262.9616352201256,0,0,False,2,20230110,1,0.5
1426,427,5807.019426180514,2799.4067543335327,0,0,False,2,20230110,1,0.5
1427,428,5807.204504504504,3335.262162162162,2,144,False,2,20230110,1,0.5
1428,429,5807.705771643664,3871.5,0,0,False,2,20230110,1,0.5
1429,430,5807.308383233533,4407.317964071856,2,103,False,2,20230110,1,0.5
1430,431,5807.397049591965,4943.407093534212,0,0,False,2,20230110,1,0.5
1431,432,5807.5,5479.136363636364,0,0,False,2,20230110,1,0.5
1432,433,5807.5,6011.5,1,1,False,2,20230110,1,0.5
1433,434,5807.317964071856,6544.223353293413,2,105,False,2,20230110,1,0.5
1434,435,5807.303921568628,7083.318627450981,8,112,False,2,20230110,1,0.5
1435,436,5807.5,7623.136363636364,0,136,False,2,20230110,1,0.5
1436,437,5807.5,8151.5,1,3,False,2,20230110,1,0.5
1437,438,5807.5,8694.951572327043,2,106,False,2,20230110,1,0.5
1438,439,5807.399448191293,9219.956161863887,1,115,False,2,20230110,1,0.5
1439,440,5807.303921568628,9755.68137254902,0,111,False,2,20230110,1,0.5
1440,441,5807.5,10291.863190184047,4,145,False,2,20230110,1,0.5
1441,442,5807.5,10827.863190184047,2,2,False,2,20230110,1,0.5
1442,443,5807.5,11374.602040816326,2,110,False,2,20230110,1,0.5
1443,444,5807.691616766467,11903.317964071855,1,2,False,2,20230110,1,0.5
1444,445,5807.600551808707,12443.043838136113,0,0,False,2,20230110,1,0.5
1445,446,5807.696078431372,12971.68137254902,1,103,False,2,20230110,1,0.5
1446,447,5807.5,13503.863636363636,3,141,False,2,20230110,1,0.5
1447,448,5807.780407429598,14040.130317555422,0,113,False,2,20230110,1,0.5
1448,449,5807.5,14579.5,0,98,False,2,20230110,1,0.5
1449,450,5807.5,15115.5,2,107,False,2,20230110,1,0.5
1450,451,5807.308383233533,15647.682035928145,3,136,False,2,20230110,1,0.5
1451,452,5807.219592570402,16190.869682444578,0,0,False,2,20230110,1,0.5
1452,453,5807.203975535168,16731.225993883792,2,110,False,2,20230110,1,0.5
1453,454,5808.315897136177,17266.518118059616,0,0,False,2,20230110,1,0.5
1454,455,5807.5,17795.5,1,0,False,2,20230110,1,0.5
1455,456,5807.598027495517,18335.04333532576,5,262,True,2,20230110,1,0.5
1456,457,5807.686915887851,18867.317757009347,0,111,False,2,20230110,1,0.5
1457,458,5807.399694189602,19403.59296636085,0,0,False,2,20230110,1,0.5
1458,459,5807.600551808707,19947.04383813612,4,120,False,2,20230110,1,0.5
1459,460,5807.322429906542,20482.59813084112,0,0,False,2,20230110,1,0.5
1460,461,5807.600551808707,21019.04383813612,2,119,False,2,20230110,1,0.5
1461,462,6248.491920447483,929.41671845867,0,0,True,2,20230110,1,0.5
1462,463,6250.684516129032,1463.5,1,96,False,2,20230110,1,0.5
1463,464,6250.062461538461,1999.2710769230769,0,0,False,2,20230110,1,0.5
1464,465,6246.90797940798,2531.5,1,1,False,2,20230110,1,0.5
1465,466,6251.103761755486,3067.6855799373043,1,2,False,2,20230110,1,0.5
1466,467,6251.402379499695,3607.4048200122015,0,0,False,2,20230110,1,0.5
1467,468,6251.30905752754,4135.686046511628,4,114,False,2,20230110,1,0.5
1468,469,6251.788685015291,4679.21865443425,6,8,False,2,20230110,1,0.5
1469,470,6251.882352941177,5207.5,0,0,False,2,20230110,1,0.5
1470,471,6251.600250626567,5747.4047619047615,2,104,False,2,20230110,1,0.5
1471,472,6251.600250626567,6275.595238095239,1,110,False,2,20230110,1,0.5
1472,473,6251.5,6815.1274509803925,0,0,False,2,20230110,1,0.5
1473,474,6251.5,7351.5,2,131,False,2,20230110,1,0.5
1474,475,6251.6027617212585,7887.404945407836,6,111,False,2,20230110,1,0.5
1475,476,6251.773053892216,8426.853293413174,1,1,False,2,20230110,1,0.5
1476,477,6251.5,8951.690231362469,1,1,False,2,20230110,1,0.5
1477,478,6251.5,9487.872549019608,17,92,True,2,20230110,1,0.5
1478,479,6251.5,10023.872549019608,1,2,False,2,20230110,1,0.5
1479,480,6251.69094247246,10559.686046511628,2,109,False,2,20230110,1,0.5
1480,481,6251.87298266587,11099.5,0,0,False,2,20230110,1,0.5
1481,482,6251.6027617212585,11639.404945407836,0,0,False,2,20230110,1,0.5
1482,483,6251.597979179424,12175.032149418248,3,4,False,2,20230110,1,0.5
1483,484,6251.796110414053,12707.218946047678,3,2,False,2,20230110,1,0.5
1484,485,6251.896238244514,13235.685579937304,3,3,False,2,20230110,1,0.5
1485,486,6251.600125156446,13771.595118898624,15,127,False,2,20230110,1,0.5
1486,487,6251.795739348371,14307.780701754386,1,1,False,2,20230110,1,0.5
1487,488,6251.5,14851.309643080776,2,110,False,2,20230110,1,0.5
1488,489,6251.600250626567,15379.40476190476,2,108,False,2,20230110,1,0.5
1489,490,6251.5,15919.5,3,115,False,2,20230110,1,0.5
1490,491,6251.5,16462.389434889436,3,109,False,2,20230110,1,0.5
1491,492,6251.5,16995.30964308078,5,111,False,2,20230110,1,0.5
1492,493,6251.605540897098,17531.405013192612,4,106,False,2,20230110,1,0.5
1493,494,6251.5,18066.93753923415,0,0,False,2,20230110,1,0.5
1494,495,6251.5,18599.5,6,101,False,2,20230110,1,0.5
1495,496,6251.5,19139.30964308078,2,105,False,2,20230110,1,0.5
1496,497,6251.5,19675.12701733413,3,96,False,2,20230110,1,0.5
1497,498,6251.5,20211.30964308078,4,112,False,2,20230110,1,0.5
1498,499,6251.399874843554,20755.40488110137,1,93,False,2,20230110,1,0.5
1499,500,6251.600250626567,21283.404761904763,2,84,False,2,20230110,1,0.5
1500,1,899.004835589942,1464.1473243068988,1,78,False,2,20230110,1,0.6
1501,2,898.7570725707257,2000.5971709717096,5,90,False,2,20230110,1,0.6
1502,3,899.2132075471698,2532.3352201257862,0,0,False,2,20230110,1,0.6
1503,4,899.2132075471698,3068.3352201257862,1,98,False,2,20230110,1,0.6
1504,5,899.4020208205757,3607.967850581752,0,0,False,2,20230110,1,0.6
1505,6,899.2204169221336,4136.33629675046,0,117,False,2,20230110,1,0.6
1506,7,899.4020208205757,4679.967850581751,1,0,False,2,20230110,1,0.6
1507,8,899.7795830778664,5208.33629675046,1,2,False,2,20230110,1,0.6
1508,9,899.6956112852664,5747.876175548589,0,0,False,2,20230110,1,0.6
1509,10,899.204260651629,6275.7807017543855,3,122,False,2,20230110,1,0.6
1510,11,899.8779141104294,6816.241104294479,4,112,False,2,20230110,1,0.6
1511,12,900.0686274509804,7352.053921568628,1,121,False,2,20230110,1,0.6
1512,13,900.3051612903225,7887.866451612903,0,0,False,2,20230110,1,0.6
1513,14,900.6003003003003,8428.206306306307,4,103,False,2,20230110,1,0.6
1514,15,900.0979381443299,8952.051546391753,1,3,False,2,20230110,1,0.6
1515,16,900.2429274292743,9488.59717097171,6,112,False,2,20230110,1,0.6
1516,17,901.4233621755252,10024.187268232386,2,3,False,2,20230110,1,0.6
1517,18,901.0743368291178,10560.657310302282,1,100,False,2,20230110,1,0.6
1518,19,900.5989802039592,11100.224655068989,2,115,False,2,20230110,1,0.6
1519,20,899.7005141388174,11639.690231362469,3,117,False,2,20230110,1,0.6
1520,21,901.428306551298,12176.889369592089,6,98,False,2,20230110,1,0.6
1521,22,900.3805031446541,12707.771698113207,2,108,False,2,20230110,1,0.6
1522,23,900.3564231738035,13236.502518891688,1,132,False,2,20230110,1,0.6
1523,24,899.9824120603015,13772.14824120603,3,107,False,2,20230110,1,0.6
1524,25,900.1607818411097,14308.690416141237,2,112,False,2,20230110,1,0.6
1525,26,899.896238244514,14851.685579937304,2,120,False,2,20230110,1,0.6
1526,27,899.9824120603015,15380.14824120603,1,3,False,2,20230110,1,0.6
1527,28,899.7795830778664,15920.33629675046,1,1,False,2,20230110,1,0.6
1528,29,899.6909424724602,16463.68604651163,4,114,False,2,20230110,1,0.6
1529,30,899.6956112852664,16995.87617554859,2,120,False,2,20230110,1,0.6
1530,31,899.6055408970976,17531.594986807388,0,0,False,2,20230110,1,0.6
1531,32,899.5,18067.5,4,112,False,2,20230110,1,0.6
1532,33,899.5,18599.690231362467,6,109,False,2,20230110,1,0.6
1533,34,899.6002506265664,19139.404761904763,0,0,False,2,20230110,1,0.6
1534,35,900.1467065868263,19675.226946107785,8,103,False,2,20230110,1,0.6
1535,36,900.0925925925926,20211.5,7,99,False,2,20230110,1,0.6
1536,37,900.1842767295598,20754.86603773585,6,102,False,2,20230110,1,0.6
1537,38,903.89588688946,21283.309768637533,2,76,True,2,20230110,1,0.6
1538,39,1342.8345888261142,1199.9695543000628,0,0,False,2,20230110,1,0.6
1539,40,1343.293710691824,1728.4610062893082,1,107,False,2,20230110,1,0.6
1540,41,1343.1967699406723,2263.78740936058,1,110,False,2,20230110,1,0.6
1541,42,1343.2115987460816,2799.7884012539184,3,117,False,2,20230110,1,0.6
1542,43,1343.211959924859,3335.788040075141,0,0,False,2,20230110,1,0.6
1543,44,1343.5,3871.694993412385,0,0,False,2,20230110,1,0.6
1544,45,1343.5,4407.6952440550685,4,119,False,2,20230110,1,0.6
1545,46,1343.5,4943.5,0,0,False,2,20230110,1,0.6
1546,47,1343.5975609756097,5479.59756097561,0,0,False,2,20230110,1,0.6
1547,48,1343.5951768488746,6011.788102893891,3,147,False,2,20230110,1,0.6
1548,49,1343.7790697674418,6544.357322438717,2,6,False,2,20230110,1,0.6
1549,50,1343.7002567394095,7083.5,0,0,False,2,20230110,1,0.6
1550,51,1344.0771643663738,7623.5,0,0,False,2,20230110,1,0.6
1551,52,1343.7884012539184,8151.788401253919,0,0,False,2,20230110,1,0.6
1552,53,1343.705533596838,8695.5,3,8,False,2,20230110,1,0.6
1553,54,1343.6953727506427,9219.885604113111,1,2,False,2,20230110,1,0.6
1554,55,1343.89588688946,9755.690231362469,0,0,False,2,20230110,1,0.6
1555,56,1343.399935856318,10291.597498396408,0,0,False,2,20230110,1,0.6
1556,57,1344.0824742268042,10828.067010309278,6,123,False,2,20230110,1,0.6
1557,58,1344.4319899244333,11374.568010075567,2,3,False,2,20230110,1,0.6
1558,59,1343.8859649122808,11903.690476190475,1,3,False,2,20230110,1,0.6
1559,60,1343.89588688946,12443.309768637531,1,1,False,2,20230110,1,0.6
1560,61,1343.89588688946,12971.690231362469,2,5,False,2,20230110,1,0.6
1561,62,1343.690476190476,13503.88596491228,0,121,False,2,20230110,1,0.6
1562,63,1343.8859649122808,14039.690476190475,1,4,False,2,20230110,1,0.6
1563,64,1343.4044703000611,14579.402020820577,0,0,False,2,20230110,1,0.6
1564,65,1343.6953727506427,15115.885604113111,0,0,False,2,20230110,1,0.6
1565,66,1343.690476190476,15647.88596491228,3,6,False,2,20230110,1,0.6
1566,67,1343.7884012539184,16191.788401253918,3,115,False,2,20230110,1,0.6
1567,68,1343.399935856318,16731.402501603592,3,110,False,2,20230110,1,0.6
1568,69,1343.6865030674846,17267.308588957054,4,118,False,2,20230110,1,0.6
1569,70,1343.5955296999389,17795.98009797918,8,113,False,2,20230110,1,0.6
1570,71,1343.5975609756097,18335.40243902439,4,8,False,2,20230110,1,0.6
1571,72,1343.5,18867.88235294117,5,12,False,2,20230110,1,0.6
1572,73,1343.5,19403.5,3,4,False,2,20230110,1,0.6
1573,74,1343.89588688946,19947.309768637533,3,1,False,2,20230110,1,0.6
1574,75,1344.0539215686274,20482.93137254902,4,117,False,2,20230110,1,0.6
1575,76,1344.1825499034128,21019.03122987765,7,116,False,2,20230110,1,0.6
1576,77,1786.8558696988323,928.6923786109404,2,1,True,2,20230110,1,0.6
1577,78,1786.6937984496124,1464.37338501292,2,1,False,2,20230110,1,0.6
1578,79,1786.9313725490197,2000.053921568628,0,0,False,2,20230110,1,0.6
1579,80,1787.2038895859473,2531.781053952321,0,0,False,2,20230110,1,0.6
1580,81,1786.442065491184,3068.3110831234258,0,0,False,2,20230110,1,0.6
1581,82,1787.970300061237,3608.149112063688,2,2,False,2,20230110,1,0.6
1582,83,1787.5979791794243,4135.967850581751,1,117,False,2,20230110,1,0.6
1583,84,1787.2204169221336,4679.772225628449,3,117,False,2,20230110,1,0.6
1584,85,1787.029699938763,5208.149112063687,0,0,False,2,20230110,1,0.6
1585,86,1787.882149591452,5748.053111250786,0,0,False,2,20230110,1,0.6
1586,87,1787.9753476611884,6276.870417193426,0,0,False,2,20230110,1,0.6
1587,88,1788.0700245700243,6816.055282555282,5,4,True,2,20230110,1,0.6
1588,89,1788.0686274509803,7352.053921568628,2,7,True,2,20230110,1,0.6
1589,90,1787.9066924066924,7887.685328185328,1,122,False,2,20230110,1,0.6
1590,91,1788.4214157168567,8427.5,4,9,False,2,20230110,1,0.6
1591,92,1788.8411003236247,8951.057281553398,0,0,False,2,20230110,1,0.6
1592,93,1788.9590264941469,9488.74460874923,1,0,False,2,20230110,1,0.6
1593,94,1788.5325752919484,10024.31868469576,0,0,False,2,20230110,1,0.6
1594,95,1789.3282890673256,10560.925571340333,1,1,False,2,20230110,1,0.6
1595,96,1788.2420706163973,11099.868641532015,1,3,False,2,20230110,1,0.6
1596,97,1788.1082474226805,11639.5,0,0,False,2,20230110,1,0.6
1597,98,1788.8382533825338,12175.657441574416,2,4,False,2,20230110,1,0.6
1598,99,1788.3636363636365,13236.671717171715,1,3,False,2,20230110,1,0.6
1599,100,1788.083280955374,13772.053111250783,4,141,False,2,20230110,1,0.6
1600,101,1788.26214511041,14308.5952681388,5,13,False,2,20230110,1,0.6
1601,102,1788.0925925925926,14851.5,5,13,False,2,20230110,1,0.6
1602,103,1787.887665198238,15380.240088105727,0,0,False,2,20230110,1,0.6
1603,104,1787.8779141104294,15920.24110429448,0,0,False,2,20230110,1,0.6
1604,105,1787.7886850152904,16463.409480122325,1,1,False,2,20230110,1,0.6
1605,106,1787.795739348371,16995.780701754386,3,129,False,2,20230110,1,0.6
1606,107,1787.9177131526767,17531.68506278916,3,8,False,2,20230110,1,0.6
1607,108,1787.7003757044458,18067.5,4,176,True,2,20230110,1,0.6
1608,109,1787.6027617212587,18599.59505459217,6,200,True,2,20230110,1,0.6
1609,110,1787.896238244514,19139.314420062696,11,139,False,2,20230110,1,0.6
1610,111,1788.4214157168567,19675.5,5,10,False,2,20230110,1,0.6
1611,112,1788.0925925925926,20211.5,0,0,False,2,20230110,1,0.6
1612,113,1788.083280955374,20754.94688874921,0,0,False,2,20230110,1,0.6
1613,114,1788.294468887492,21283.5,0,0,False,2,20230110,1,0.6
1614,115,1791.89588688946,12707.309768637531,4,13,False,2,20230110,1,0.6
1615,116,2231.304755944931,1199.5,0,0,False,2,20230110,1,0.6
1616,117,2231.6907151819323,1727.8764115432873,1,1,False,2,20230110,1,0.6
1617,118,2231.5,2263.5,0,2,False,2,20230110,1,0.6
1618,119,2231.5,2799.5,0,0,False,2,20230110,1,0.6
1619,120,2231.5,3335.5,1,10,False,2,20230110,1,0.6
1620,121,2231.5,3871.5,0,5,False,2,20230110,1,0.6
1621,122,2231.695244055069,4407.5,0,0,False,2,20230110,1,0.6
1622,123,2231.5,4943.5,2,1,False,2,20230110,1,0.6
1623,124,2231.5,5479.5,1,1,False,2,20230110,1,0.6
1624,125,2231.6000641436817,6011.402501603592,2,4,False,2,20230110,1,0.6
1625,126,2231.690476190476,6543.8859649122805,0,124,False,2,20230110,1,0.6
1626,127,2231.89588688946,7083.690231362468,2,3,False,2,20230110,1,0.6
1627,128,2232.077164366374,7623.5,8,16,True,2,20230110,1,0.6
1628,129,2231.8859649122805,8151.690476190476,7,20,True,2,20230110,1,0.6
1629,130,2232.1076618229854,8695.5,0,0,False,2,20230110,1,0.6
1630,131,2231.79543994862,9219.787732819525,3,162,False,2,20230110,1,0.6
1631,132,2232.182549903413,9755.968770122345,5,24,False,2,20230110,1,0.6
1632,133,2232.182549903413,10291.968770122345,3,20,False,2,20230110,1,0.6
1633,134,2232.082474226804,10828.067010309278,2,130,False,2,20230110,1,0.6
1634,135,2231.6902377972465,11375.304755944931,0,0,False,2,20230110,1,0.6
1635,136,2232.165411173886,11903.969554300063,0,0,False,2,20230110,1,0.6
1636,137,2231.7002567394097,12443.5,1,2,False,2,20230110,1,0.6
1637,138,2232.0817245817248,12972.06628056628,4,8,False,2,20230110,1,0.6
1638,139,2232.3332284455632,13504.529578351165,2,156,False,2,20230110,1,0.6
1639,140,2232.3332284455632,14040.529578351165,5,123,False,2,20230110,1,0.6
1640,141,2232.241104294478,14579.87791411043,1,1,False,2,20230110,1,0.6
1641,142,2232.0817245817248,15116.06628056628,8,6,False,2,20230110,1,0.6
1642,143,2231.9695543000626,15648.165411173886,2,4,False,2,20230110,1,0.6
1643,144,2231.8859649122805,16191.690476190475,0,0,False,2,20230110,1,0.6
1644,145,2231.7002567394097,16731.5,0,0,False,2,20230110,1,0.6
1645,146,2232.241104294478,17267.681595092025,0,1,False,2,20230110,1,0.6
1646,147,2232.053921568628,17796.06862745098,0,5,False,2,20230110,1,0.6
1647,148,2231.8859649122805,18335.69047619048,1,2,False,2,20230110,1,0.6
1648,149,2232.33629675046,18867.220416922133,12,15,True,2,20230110,1,0.6
1649,150,2231.79543994862,19403.787732819525,1,5,False,2,20230110,1,0.6
1650,151,2231.89588688946,19947.309768637533,2,3,False,2,20230110,1,0.6
1651,152,2232.33629675046,20483.220416922133,3,3,False,2,20230110,1,0.6
1652,153,2231.89588688946,21019.309768637533,4,5,False,2,20230110,1,0.6
1653,154,2674.93137254902,928.0539215686274,0,0,False,2,20230110,1,0.6
1654,155,2677.859493670886,1462.4012658227848,2,120,False,2,20230110,1,0.6
1655,156,2675.406919779547,1999.776791181874,0,0,False,2,20230110,1,0.6
1656,157,2674.90666247643,2531.489943431804,0,0,False,2,20230110,1,0.6
1657,158,2675.1173694147265,3068.04877281309,5,111,False,2,20230110,1,0.6
1658,159,2674.6416309012875,3607.7722256284487,0,0,False,2,20230110,1,0.6
1659,160,2678.221252257676,4135.150812763395,2,4,False,2,20230110,1,0.6
1660,161,2679.5,4679.5,2,6,False,2,20230110,1,0.6
1661,162,2678.2738452309536,5208.111877624475,3,11,False,2,20230110,1,0.6
1662,163,2679.5,5747.5,0,0,False,2,20230110,1,0.6
1663,164,2680.4987699877,6275.849323493235,0,0,False,2,20230110,1,0.6
1664,165,2679.882775119617,6815.5,2,3,False,2,20230110,1,0.6
1665,166,2680.2616766467067,7351.859281437126,2,7,False,2,20230110,1,0.6
1666,167,2680.236225087925,8427.317116060962,6,113,False,2,20230110,1,0.6
1667,168,2679.907035175879,8951.680904522613,3,209,True,2,20230110,1,0.6
1668,169,2679.211389385808,9487.774299344066,1,244,True,2,20230110,1,0.6
1669,170,2680.0693779904304,10024.04066985646,0,0,False,2,20230110,1,0.6
1670,171,2681.5253470126736,10560.709414604707,0,0,False,2,20230110,1,0.6
1671,172,2680.147574517826,11099.766510812393,0,0,False,2,20230110,1,0.6
1672,173,2680.1638705811865,12175.766027561414,1,1,False,2,20230110,1,0.6
1673,174,2680.093137254902,12707.5,2,2,False,2,20230110,1,0.6
1674,175,2680.0840490797545,13236.039877300613,2,3,False,2,20230110,1,0.6
1675,176,2679.796024464832,13771.774006116208,0,0,False,2,20230110,1,0.6
1676,177,2680.459409594096,14308.385608856088,2,3,False,2,20230110,1,0.6
1677,178,2679.896572827417,14851.681150550796,2,6,False,2,20230110,1,0.6
1678,179,2680.0840490797545,15380.039877300613,1,125,False,2,20230110,1,0.6
1679,180,2680.0693779904304,15920.04066985646,2,149,False,2,20230110,1,0.6
1680,181,2679.980573819486,16463.406754333533,3,8,False,2,20230110,1,0.6
1681,182,2679.896572827417,16995.681150550794,2,109,False,2,20230110,1,0.6
1682,183,2679.605602060528,17531.592723760463,3,126,False,2,20230110,1,0.6
1683,184,2679.9935543278084,18067.58348680172,1,3,False,2,20230110,1,0.6
1684,185,2679.80923947203,18599.42206159648,2,138,False,2,20230110,1,0.6
1685,186,2680.1876155268023,19139.214109673445,6,158,False,2,20230110,1,0.6
1686,187,2680.4227166276346,19675.5,1,145,False,2,20230110,1,0.6
1687,188,2679.700488997555,20211.5,2,110,False,2,20230110,1,0.6
1688,189,2679.7963870177587,20755.22565829761,2,6,False,2,20230110,1,0.6
1689,190,2680.093137254902,21283.5,5,106,False,2,20230110,1,0.6
1690,191,2683.602761721259,7887.595054592164,2,5,False,2,20230110,1,0.6
1691,192,2683.9025806451614,11639.5,4,136,False,2,20230110,1,0.6
1692,193,3130.359950859951,1199.5,0,0,False,2,20230110,1,0.6
1693,194,3125.668888888889,1728.9653968253967,0,0,False,2,20230110,1,0.6
1694,195,3131.397238278741,2263.5950545921646,2,4,False,2,20230110,1,0.6
1695,196,3127.2105097545627,2799.7794210195093,0,0,False,2,20230110,1,0.6
1696,197,3129.775092936803,3336.6995043370507,1,6,False,2,20230110,1,0.6
1697,198,3131.397238278741,3871.5950545921646,0,0,False,2,20230110,1,0.6
1698,199,3130.726600985221,4406.869458128079,0,0,False,2,20230110,1,0.6
1699,200,3130.9945196647323,4943.595422308188,1,1,False,2,20230110,1,0.6
1700,201,3131.402260232132,5479.404703726329,0,0,False,2,20230110,1,0.6
1701,202,3131.203889585948,6011.781053952322,0,0,False,2,20230110,1,0.6
1702,203,3131.1220858895704,6544.241104294479,1,140,False,2,20230110,1,0.6
1703,204,3131.6001251564458,7083.595118898624,1,4,False,2,20230110,1,0.6
1704,205,3131.5,7623.127450980392,0,0,False,2,20230110,1,0.6
1705,206,3131.5,8151.872549019607,0,0,False,2,20230110,1,0.6
1706,207,3131.5,8695.309768637531,4,2,False,2,20230110,1,0.6
1707,208,3131.6956112852663,9219.876175548588,1,2,False,2,20230110,1,0.6
1708,209,3131.7961104140527,9755.781053952322,3,125,False,2,20230110,1,0.6
1709,210,3131.7961104140527,10291.781053952322,0,0,False,2,20230110,1,0.6
1710,211,3131.5,10828.06246076585,3,4,False,2,20230110,1,0.6
1711,212,3131.779926335175,11374.854205033764,10,24,False,2,20230110,1,0.6
1712,213,3131.6909424724604,11903.686046511628,2,10,False,2,20230110,1,0.6
1713,214,3131.6002506265663,12443.40476190476,0,2,False,2,20230110,1,0.6
1714,215,3131.7961104140527,12971.781053952322,2,4,False,2,20230110,1,0.6
1715,216,3131.7795830778664,13504.33629675046,0,0,False,2,20230110,1,0.6
1716,217,3131.7795830778664,14040.33629675046,5,5,False,2,20230110,1,0.6
1717,218,3131.960431654676,14579.960431654676,0,0,False,2,20230110,1,0.6
1718,219,3131.6956112852663,15115.876175548588,6,9,False,2,20230110,1,0.6
1719,220,3131.5,15648.063035495716,6,111,False,2,20230110,1,0.6
1720,221,3131.8823529411766,16191.5,3,9,False,2,20230110,1,0.6
1721,222,3131.5,16731.30964308078,2,148,False,2,20230110,1,0.6
1722,223,3131.6862686567165,17267.313731343285,8,129,False,2,20230110,1,0.6
1723,224,3131.313953488372,17795.68604651163,3,3,False,2,20230110,1,0.6
1724,225,3131.6909424724604,18335.31395348837,4,13,False,2,20230110,1,0.6
1725,226,3131.68671454219,18867.68671454219,0,5,False,2,20230110,1,0.6
1726,227,3131.700375704446,19403.5,3,141,False,2,20230110,1,0.6
1727,228,3131.5,19947.5,0,150,False,2,20230110,1,0.6
1728,229,3131.782634730539,20482.661676646705,2,2,False,2,20230110,1,0.6
1729,230,3131.7961104140527,21019.21894604768,3,118,False,2,20230110,1,0.6
1730,231,3570.6416309012875,927.7722256284488,0,0,False,2,20230110,1,0.6
1731,232,3571.5,1463.5,10,116,False,2,20230110,1,0.6
1732,233,3569.9433497536947,2000.5147783251232,4,111,False,2,20230110,1,0.6
1733,234,3571.3043887147337,2531.1238244514107,2,2,True,2,20230110,1,0.6
1734,235,3571.8962382445143,3067.6855799373043,2,6,True,2,20230110,1,0.6
1735,236,3571.5,3607.309523809524,0,0,False,2,20230110,1,0.6
1736,237,3571.597620500305,4135.595179987798,0,0,False,2,20230110,1,0.6
1737,238,3571.5,4679.5,0,0,False,2,20230110,1,0.6
1738,239,3571.88630806846,5207.6858190709045,1,1,False,2,20230110,1,0.6
1739,240,3571.7961104140527,5747.590338770389,1,2,False,2,20230110,1,0.6
1740,241,3571.8962382445143,6275.314420062696,0,0,False,2,20230110,1,0.6
1741,242,3571.69536019536,6815.5,2,115,False,2,20230110,1,0.6
1742,243,3572.166258420086,7351.041947336191,0,0,False,2,20230110,1,0.6
1743,244,3571.7056555269924,7887.5,2,10,False,2,20230110,1,0.6
1744,245,3572.5167865707435,8427.404076738609,0,0,False,2,20230110,1,0.6
1745,246,3571.9066924066924,8951.685328185327,0,0,False,2,20230110,1,0.6
1746,247,3572.260736196319,9487.86809815951,4,9,False,2,20230110,1,0.6
1747,248,3572.260736196319,10023.86809815951,2,152,False,2,20230110,1,0.6
1748,249,3572.0686274509803,10560.053921568628,0,4,False,2,20230110,1,0.6
1749,250,3574.511180124224,11097.66645962733,3,137,False,2,20230110,1,0.6
1750,251,3572.00998068255,11639.404700579524,1,1,False,2,20230110,1,0.6
1751,252,3572.3583690987125,12175.227774371551,0,0,False,2,20230110,1,0.6
1752,253,3572.0925925925926,12707.5,0,0,False,2,20230110,1,0.6
1753,254,3572.0825486503454,13236.052416823602,0,0,False,2,20230110,1,0.6
1754,255,3571.8962382445143,13771.685579937304,1,7,False,2,20230110,1,0.6
1755,256,3572.183417085427,14307.957286432162,0,0,False,2,20230110,1,0.6
1756,257,3571.700375704446,14851.5,6,115,False,2,20230110,1,0.6
1757,258,3572.183417085427,15379.957286432162,1,4,False,2,20230110,1,0.6
1758,259,3572.3583690987125,15919.772225628449,3,123,False,2,20230110,1,0.6
1759,260,3571.88630806846,16463.314180929094,2,121,False,2,20230110,1,0.6
1760,261,3572.0925925925926,16995.5,1,2,False,2,20230110,1,0.6
1761,262,3571.6055408970974,17531.594986807388,2,3,False,2,20230110,1,0.6
1762,263,3571.6001251564458,18067.40488110137,1,1,False,2,20230110,1,0.6
1763,264,3571.602761721259,18599.59505459217,1,4,False,2,20230110,1,0.6
1764,265,3572.0925925925926,19139.5,2,3,False,2,20230110,1,0.6
1765,266,3572.5167865707435,19675.59592326139,1,2,False,2,20230110,1,0.6
1766,267,3572.0925925925926,20211.5,3,5,False,2,20230110,1,0.6
1767,268,3572.183417085427,20755.04271356784,1,119,False,2,20230110,1,0.6
1768,269,3572.0925925925926,21283.5,2,1,False,2,20230110,1,0.6
1769,270,4023.1235884567127,1199.1135508155585,1,1,False,2,20230110,1,0.6
1770,271,4023.4024390243903,1727.5975609756097,0,0,False,2,20230110,1,0.6
1771,272,4023.5,2263.5,2,118,False,2,20230110,1,0.6
1772,273,4023.5,2799.304755944931,1,4,False,2,20230110,1,0.6
1773,274,4023.22057898049,3335.7794210195093,0,0,False,2,20230110,1,0.6
1774,275,4023.6026991441736,3871.597432521396,0,1,False,2,20230110,1,0.6
1775,276,4023.6911949685536,4407.308805031446,2,6,False,2,20230110,1,0.6
1776,277,4023.3973008558255,4943.597432521396,0,3,False,2,20230110,1,0.6
1777,278,4023.690476190476,5479.11403508772,2,9,False,2,20230110,1,0.6
1778,279,4023.6000641436817,6011.597498396408,0,0,False,2,20230110,1,0.6
1779,280,4023.690476190476,6543.8859649122805,4,92,False,2,20230110,1,0.6
1780,281,4023.7002567394097,7083.5,2,7,False,2,20230110,1,0.6
1781,282,4023.7884012539184,7623.211598746081,4,161,False,2,20230110,1,0.6
1782,283,4023.885964912281,8151.690476190476,2,3,False,2,20230110,1,0.6
1783,284,4023.6026991441736,8695.402567478604,4,134,False,2,20230110,1,0.6
1784,285,4023.7954399486193,9219.787732819525,2,2,False,2,20230110,1,0.6
1785,286,4023.89588688946,9755.690231362469,3,133,False,2,20230110,1,0.6
1786,287,4023.89588688946,10291.690231362469,4,108,False,2,20230110,1,0.6
1787,288,4023.6953727506425,10827.885604113111,3,8,False,2,20230110,1,0.6
1788,289,4023.7884012539184,11375.211598746082,2,120,False,2,20230110,1,0.6
1789,290,4023.885964912281,11903.690476190475,5,106,False,2,20230110,1,0.6
1790,291,4023.7002567394097,12443.5,0,0,False,2,20230110,1,0.6
1791,292,4023.7954399486193,12971.787732819525,6,155,False,2,20230110,1,0.6
1792,293,4023.969554300063,13504.165411173886,0,4,False,2,20230110,1,0.6
1793,294,4023.885964912281,14039.690476190475,0,0,False,2,20230110,1,0.6
1794,295,4023.87652811736,14579.690709046456,5,111,False,2,20230110,1,0.6
1795,296,4023.7954399486193,15115.787732819525,0,1,False,2,20230110,1,0.6
1796,297,4023.5975609756097,15647.40243902439,4,142,False,2,20230110,1,0.6
1797,298,4023.5,16191.5,9,121,False,2,20230110,1,0.6
1798,299,4023.6000641436817,16731.402501603592,7,125,False,2,20230110,1,0.6
1799,300,4023.4048200122015,17267.402379499694,4,194,False,2,20230110,1,0.6
1800,301,4024.053921568628,17796.06862745098,3,7,False,2,20230110,1,0.6
1801,302,4023.695244055069,18335.5,5,18,False,2,20230110,1,0.6
1802,303,4023.5,18867.5,3,120,False,2,20230110,1,0.6
1803,304,4023.6000641436817,19403.597498396408,0,0,False,2,20230110,1,0.6
1804,305,4023.89588688946,19947.309768637533,1,141,False,2,20230110,1,0.6
1805,306,4023.314180929096,20483.11369193154,1,3,False,2,20230110,1,0.6
1806,307,4023.6000641436817,21019.402501603592,1,121,False,2,20230110,1,0.6
1807,308,4467.308588957055,927.6865030674846,2,135,True,2,20230110,1,0.6
1808,309,4467.6027617212585,1463.5950545921644,2,2,False,2,20230110,1,0.6
1809,310,4467.69094247246,1999.686046511628,0,0,False,2,20230110,1,0.6
1810,311,4467.5,2531.5,2,6,False,2,20230110,1,0.6
1811,312,4467.103264281231,3067.133396107972,0,0,False,2,20230110,1,0.6
1812,313,4467.597620500305,3607.5951799877976,8,16,False,2,20230110,1,0.6
1813,314,4468.0700245700245,4135.490171990172,1,3,False,2,20230110,1,0.6
1814,315,4467.790461538461,4678.6704615384615,1,147,False,2,20230110,1,0.6
1815,316,4467.220416922134,5207.772225628449,1,8,False,2,20230110,1,0.6
1816,317,4467.600250626567,5747.4047619047615,4,12,False,2,20230110,1,0.6
1817,318,4467.695611285267,6275.876175548589,0,0,False,2,20230110,1,0.6
1818,319,4468.067931456549,6814.9467564259485,2,5,False,2,20230110,1,0.6
1819,320,4467.69094247246,7351.686046511628,3,7,False,2,20230110,1,0.6
1820,321,4467.705655526992,7887.5,3,45,False,2,20230110,1,0.6
1821,322,4467.9604316546765,8427.039568345324,6,115,False,2,20230110,1,0.6
1822,323,4467.803536977492,8951.78038585209,8,141,False,2,20230110,1,0.6
1823,324,4467.779926335175,9488.145794966236,7,16,False,2,20230110,1,0.6
1824,325,4467.970876762723,10023.958614347026,11,158,False,2,20230110,1,0.6
1825,326,4467.779926335175,10560.145794966236,3,119,False,2,20230110,1,0.6
1826,327,4467.773709483794,11099.773709483794,1,2,False,2,20230110,1,0.6
1827,328,4467.705655526992,11639.5,2,2,False,2,20230110,1,0.6
1828,329,4467.691411042945,12175.313496932517,3,8,False,2,20230110,1,0.6
1829,330,4467.992462311558,12707.404522613066,1,12,False,2,20230110,1,0.6
1830,331,4467.982412060302,13236.14824120603,3,4,False,2,20230110,1,0.6
1831,332,4467.695611285267,13771.876175548588,4,3,False,2,20230110,1,0.6
1832,333,4467.78679245283,14308.335220125786,4,126,False,2,20230110,1,0.6
1833,334,4467.700375704446,14851.5,7,125,False,2,20230110,1,0.6
1834,335,4467.695611285267,15379.876175548588,9,157,False,2,20230110,1,0.6
1835,336,4467.69094247246,15919.686046511628,3,142,False,2,20230110,1,0.6
1836,337,4467.597979179424,16463.03214941825,2,125,False,2,20230110,1,0.6
1837,338,4467.796110414053,16995.590338770387,3,11,False,2,20230110,1,0.6
1838,339,4467.812169312169,17531.589947089946,0,0,False,2,20230110,1,0.6
1839,340,4467.304143126177,18067.314187068423,4,13,False,2,20230110,1,0.6
1840,341,4467.6027617212585,18599.59505459217,5,12,False,2,20230110,1,0.6
1841,342,4467.992462311558,19139.59547738693,2,124,False,2,20230110,1,0.6
1842,343,4467.9604316546765,19675.586330935253,0,0,False,2,20230110,1,0.6
1843,344,4467.992462311558,20211.404522613066,1,2,False,2,20230110,1,0.6
1844,345,4467.695611285267,20755.87617554859,0,0,False,2,20230110,1,0.6
1845,346,4467.600250626567,21283.404761904763,1,113,False,2,20230110,1,0.6
1846,347,4910.279048765804,1198.8762793497892,0,0,False,2,20230110,1,0.6
1847,348,4909.975961538462,1726.3557692307693,0,0,False,2,20230110,1,0.6
1848,349,4911.294228356336,2263.5,0,0,False,2,20230110,1,0.6
1849,350,4910.738323353294,2799.859281437126,1,3,False,2,20230110,1,0.6
1850,351,4910.551497005988,3335.32754491018,1,2,False,2,20230110,1,0.6
1851,352,4911.092964824121,3871.680904522613,0,0,False,2,20230110,1,0.6
1852,353,4911.308383233533,4407.317964071856,0,0,False,2,20230110,1,0.6
1853,354,4911.298994974874,4943.133165829146,1,1,False,2,20230110,1,0.6
1854,355,4911.308841099164,5479.318399044206,2,131,False,2,20230110,1,0.6
1855,356,4911.696078431372,6011.318627450981,3,17,False,2,20230110,1,0.6
1856,357,4911.308383233533,6543.682035928144,5,11,True,2,20230110,1,0.6
1857,358,4911.796387017759,7083.225658297612,4,9,True,2,20230110,1,0.6
1858,359,4912.070743405276,7622.958033573142,3,116,False,2,20230110,1,0.6
1859,360,4911.5,8151.5,2,4,False,2,20230110,1,0.6
1860,361,4911.5,8694.951572327043,1,2,False,2,20230110,1,0.6
1861,362,4911.696078431372,9219.68137254902,2,8,False,2,20230110,1,0.6
1862,363,4911.69656019656,9755.681818181818,0,0,False,2,20230110,1,0.6
1863,364,4911.5,10291.863190184047,12,128,False,2,20230110,1,0.6
1864,365,4911.5,10827.863190184047,4,169,False,2,20230110,1,0.6
1865,366,4911.5,11374.602040816326,2,3,False,2,20230110,1,0.6
1866,367,4911.780407429598,11902.869682444578,6,113,False,2,20230110,1,0.6
1867,368,4911.600551808707,12443.043838136113,0,0,False,2,20230110,1,0.6
1868,369,4911.696078431372,12971.68137254902,9,165,True,2,20230110,1,0.6
1869,370,4911.780407429598,13504.130317555422,0,1,False,2,20230110,1,0.6
1870,371,4911.780407429598,14040.130317555422,0,0,False,2,20230110,1,0.6
1871,372,4911.774165202109,14579.232864674868,0,1,False,2,20230110,1,0.6
1872,373,4911.696078431372,15115.68137254902,4,4,False,2,20230110,1,0.6
1873,374,4911.780407429598,15648.130317555422,1,1,False,2,20230110,1,0.6
1874,375,4911.5,16191.136363636364,0,0,False,2,20230110,1,0.6
1875,376,4911.5,16731.5,1,1,False,2,20230110,1,0.6
1876,377,4911.869158878505,17266.77570093458,0,0,False,2,20230110,1,0.6
1877,378,4911.877182770663,17795.681606519207,2,3,False,2,20230110,1,0.6
1878,379,4912.261676646706,18335.32754491018,3,4,False,2,20230110,1,0.6
1879,380,4912.056725146199,18867.49064327485,3,122,False,2,20230110,1,0.6
1880,381,4911.696078431372,19403.68137254902,3,9,False,2,20230110,1,0.6
1881,382,4911.796387017759,19947.22565829761,1,11,False,2,20230110,1,0.6
1882,383,4911.961088355763,20483.050614394386,1,3,False,2,20230110,1,0.6
1883,384,4911.888206388207,21018.77764127764,6,5,False,2,20230110,1,0.6
1884,385,5354.359950859951,927.5,1,107,False,2,20230110,1,0.6
1885,386,5355.3972382787415,1463.4049454078356,4,104,False,2,20230110,1,0.6
1886,387,5354.355036855037,1999.8341523341523,2,114,False,2,20230110,1,0.6
1887,388,5355.103761755486,2531.314420062696,0,0,False,2,20230110,1,0.6
1888,389,5355.299624295554,3067.5,1,7,False,2,20230110,1,0.6
1889,390,5355.5,3607.309523809524,0,0,False,2,20230110,1,0.6
1890,391,5355.5,4135.5,0,0,False,2,20230110,1,0.6
1891,392,5355.87791411043,4678.758895705521,2,2,False,2,20230110,1,0.6
1892,393,5355.69094247246,5207.313953488372,2,7,False,2,20230110,1,0.6
1893,394,5355.695611285267,5747.123824451411,3,108,False,2,20230110,1,0.6
1894,395,5355.600250626567,6275.4047619047615,2,4,False,2,20230110,1,0.6
1895,396,5355.5,6815.1274509803925,2,150,False,2,20230110,1,0.6
1896,397,5355.597739767868,7351.404703726329,3,13,False,2,20230110,1,0.6
1897,398,5355.6027617212585,7887.404945407836,1,4,False,2,20230110,1,0.6
1898,399,5355.868641532017,8426.757929383602,2,0,False,2,20230110,1,0.6
1899,400,5355.6027617212585,8951.595054592164,3,9,False,2,20230110,1,0.6
1900,401,5355.69094247246,9487.686046511628,8,191,True,2,20230110,1,0.6
1901,402,5355.882352941177,10023.5,0,0,False,2,20230110,1,0.6
1902,403,5355.788685015291,10559.781345565749,3,156,False,2,20230110,1,0.6
1903,404,5355.87298266587,11099.5,0,0,False,2,20230110,1,0.6
1904,405,5355.803536977492,11639.21961414791,5,16,False,2,20230110,1,0.6
1905,406,5355.788685015291,12175.218654434251,3,110,False,2,20230110,1,0.6
1906,407,5355.796110414053,12707.218946047678,1,3,False,2,20230110,1,0.6
1907,408,5355.896238244514,13235.685579937304,0,0,False,2,20230110,1,0.6
1908,409,5355.700375704446,13771.5,1,1,False,2,20230110,1,0.6
1909,410,5355.796110414053,14307.781053952322,2,133,False,2,20230110,1,0.6
1910,411,5355.600125156446,14851.404881101376,7,15,False,2,20230110,1,0.6
1911,412,5355.700375704446,15379.5,2,124,False,2,20230110,1,0.6
1912,413,5355.88630806846,15919.685819070904,2,3,False,2,20230110,1,0.6
1913,414,5355.5,16462.936964504283,4,125,False,2,20230110,1,0.6
1914,415,5355.896238244514,16995.314420062696,7,138,False,2,20230110,1,0.6
1915,416,5355.917713152677,17531.31493721084,0,1,False,2,20230110,1,0.6
1916,417,5355.795739348371,18067.21929824561,1,3,False,2,20230110,1,0.6
1917,418,5355.6027617212585,18599.59505459217,2,14,False,2,20230110,1,0.6
1918,419,5355.700375704446,19139.5,1,4,False,2,20230110,1,0.6
1919,420,5355.968339307049,19675.40442054958,8,127,False,2,20230110,1,0.6
1920,421,5355.600125156446,20211.40488110137,3,115,False,2,20230110,1,0.6
1921,422,5355.795739348371,20755.21929824561,4,4,False,2,20230110,1,0.6
1922,423,5355.700375704446,21283.5,6,99,False,2,20230110,1,0.6
1923,424,5806.541916167665,1199.3179640718563,0,0,False,2,20230110,1,0.6
1924,425,5806.328331332533,1727.2454981992796,0,110,False,2,20230110,1,0.6
1925,426,5806.901257861635,2262.9616352201256,1,3,False,2,20230110,1,0.6
1926,427,5807.019426180514,2799.4067543335327,0,0,False,2,20230110,1,0.6
1927,428,5807.204504504504,3335.262162162162,0,0,False,2,20230110,1,0.6
1928,429,5807.705771643664,3871.5,1,142,False,2,20230110,1,0.6
1929,430,5807.308383233533,4407.317964071856,2,3,False,2,20230110,1,0.6
1930,431,5807.397049591965,4943.407093534212,0,0,False,2,20230110,1,0.6
1931,432,5807.5,5479.136363636364,1,2,False,2,20230110,1,0.6
1932,433,5807.5,6011.5,1,2,False,2,20230110,1,0.6
1933,434,5807.317964071856,6544.223353293413,0,0,False,2,20230110,1,0.6
1934,435,5807.303921568628,7083.318627450981,7,124,False,2,20230110,1,0.6
1935,436,5807.5,7623.136363636364,6,172,True,2,20230110,1,0.6
1936,437,5807.5,8151.5,9,189,True,2,20230110,1,0.6
1937,438,5807.5,8694.951572327043,1,2,False,2,20230110,1,0.6
1938,439,5807.399448191293,9219.956161863887,5,187,True,2,20230110,1,0.6
1939,440,5807.303921568628,9755.68137254902,7,201,True,2,20230110,1,0.6
1940,441,5807.5,10291.863190184047,6,115,False,2,20230110,1,0.6
1941,442,5807.5,10827.863190184047,10,119,False,2,20230110,1,0.6
1942,443,5807.5,11374.602040816326,5,111,False,2,20230110,1,0.6
1943,444,5807.691616766467,11903.317964071855,0,2,False,2,20230110,1,0.6
1944,445,5807.600551808707,12443.043838136113,5,139,False,2,20230110,1,0.6
1945,446,5807.696078431372,12971.68137254902,5,25,False,2,20230110,1,0.6
1946,447,5807.5,13503.863636363636,3,3,False,2,20230110,1,0.6
1947,448,5807.780407429598,14040.130317555422,2,5,False,2,20230110,1,0.6
1948,449,5807.5,14579.5,4,119,False,2,20230110,1,0.6
1949,450,5807.5,15115.5,5,124,False,2,20230110,1,0.6
1950,451,5807.308383233533,15647.682035928145,3,153,False,2,20230110,1,0.6
1951,452,5807.219592570402,16190.869682444578,0,0,False,2,20230110,1,0.6
1952,453,5807.203975535168,16731.225993883792,4,2,False,2,20230110,1,0.6
1953,454,5808.315897136177,17266.518118059616,4,8,False,2,20230110,1,0.6
1954,455,5807.5,17795.5,0,4,False,2,20230110,1,0.6
1955,456,5807.598027495517,18335.04333532576,0,4,False,2,20230110,1,0.6
1956,457,5807.686915887851,18867.317757009347,5,115,False,2,20230110,1,0.6
1957,458,5807.399694189602,19403.59296636085,1,110,False,2,20230110,1,0.6
1958,459,5807.600551808707,19947.04383813612,2,2,False,2,20230110,1,0.6
1959,460,5807.322429906542,20482.59813084112,5,108,False,2,20230110,1,0.6
1960,461,5807.600551808707,21019.04383813612,2,0,False,2,20230110,1,0.6
1961,462,6248.491920447483,929.41671845867,2,0,True,2,20230110,1,0.6
1962,463,6250.684516129032,1463.5,0,0,False,2,20230110,1,0.6
1963,464,6250.062461538461,1999.2710769230769,3,102,False,2,20230110,1,0.6
1964,465,6246.90797940798,2531.5,0,0,False,2,20230110,1,0.6
1965,466,6251.103761755486,3067.6855799373043,1,1,False,2,20230110,1,0.6
1966,467,6251.402379499695,3607.4048200122015,3,1,False,2,20230110,1,0.6
1967,468,6251.30905752754,4135.686046511628,0,3,False,2,20230110,1,0.6
1968,469,6251.788685015291,4679.21865443425,3,2,False,2,20230110,1,0.6
1969,470,6251.882352941177,5207.5,0,0,False,2,20230110,1,0.6
1970,471,6251.600250626567,5747.4047619047615,4,109,False,2,20230110,1,0.6
1971,472,6251.600250626567,6275.595238095239,6,108,False,2,20230110,1,0.6
1972,473,6251.5,6815.1274509803925,0,0,False,2,20230110,1,0.6
1973,474,6251.5,7351.5,4,111,False,2,20230110,1,0.6
1974,475,6251.6027617212585,7887.404945407836,3,130,False,2,20230110,1,0.6
1975,476,6251.773053892216,8426.853293413174,5,4,False,2,20230110,1,0.6
1976,477,6251.5,8951.690231362469,4,119,False,2,20230110,1,0.6
1977,478,6251.5,9487.872549019608,4,124,False,2,20230110,1,0.6
1978,479,6251.5,10023.872549019608,8,4,False,2,20230110,1,0.6
1979,480,6251.69094247246,10559.686046511628,2,0,False,2,20230110,1,0.6
1980,481,6251.87298266587,11099.5,4,121,False,2,20230110,1,0.6
1981,482,6251.6027617212585,11639.404945407836,1,1,False,2,20230110,1,0.6
1982,483,6251.597979179424,12175.032149418248,2,1,False,2,20230110,1,0.6
1983,484,6251.796110414053,12707.218946047678,2,112,True,2,20230110,1,0.6
1984,485,6251.896238244514,13235.685579937304,0,0,False,2,20230110,1,0.6
1985,486,6251.600125156446,13771.595118898624,5,133,False,2,20230110,1,0.6
1986,487,6251.795739348371,14307.780701754386,2,2,False,2,20230110,1,0.6
1987,488,6251.5,14851.309643080776,3,121,False,2,20230110,1,0.6
1988,489,6251.600250626567,15379.40476190476,2,104,False,2,20230110,1,0.6
1989,490,6251.5,15919.5,2,2,False,2,20230110,1,0.6
1990,491,6251.5,16462.389434889436,3,127,False,2,20230110,1,0.6
1991,492,6251.5,16995.30964308078,2,112,False,2,20230110,1,0.6
1992,493,6251.605540897098,17531.405013192612,2,126,False,2,20230110,1,0.6
1993,494,6251.5,18066.93753923415,2,120,False,2,20230110,1,0.6
1994,495,6251.5,18599.5,1,2,False,2,20230110,1,0.6
1995,496,6251.5,19139.30964308078,8,8,False,2,20230110,1,0.6
1996,497,6251.5,19675.12701733413,6,111,False,2,20230110,1,0.6
1997,498,6251.5,20211.30964308078,5,111,False,2,20230110,1,0.6
1998,499,6251.399874843554,20755.40488110137,3,107,False,2,20230110,1,0.6
1999,500,6251.600250626567,21283.404761904763,0,1,True,2,20230110,1,0.6
2000,1,899.004835589942,1464.1473243068988,2,1,False,2,20230110,1,0.65
2001,2,898.7570725707257,2000.5971709717096,1,1,False,2,20230110,1,0.65
2002,3,899.2132075471698,2532.3352201257862,0,0,False,2,20230110,1,0.65
2003,4,899.2132075471698,3068.3352201257862,4,117,False,2,20230110,1,0.65
2004,5,899.4020208205757,3607.967850581752,2,111,False,2,20230110,1,0.65
2005,6,899.2204169221336,4136.33629675046,2,3,False,2,20230110,1,0.65
2006,7,899.4020208205757,4679.967850581751,5,123,False,2,20230110,1,0.65
2007,8,899.7795830778664,5208.33629675046,2,132,False,2,20230110,1,0.65
2008,9,899.6956112852664,5747.876175548589,1,1,False,2,20230110,1,0.65
2009,10,899.204260651629,6275.7807017543855,3,114,False,2,20230110,1,0.65
2010,11,899.8779141104294,6816.241104294479,2,3,False,2,20230110,1,0.65
2011,12,900.0686274509804,7352.053921568628,4,127,False,2,20230110,1,0.65
2012,13,900.3051612903225,7887.866451612903,1,1,False,2,20230110,1,0.65
2013,14,900.6003003003003,8428.206306306307,1,1,False,2,20230110,1,0.65
2014,15,900.0979381443299,8952.051546391753,0,0,False,2,20230110,1,0.65
2015,16,900.2429274292743,9488.59717097171,1,124,False,2,20230110,1,0.65
2016,17,901.4233621755252,10024.187268232386,2,2,False,2,20230110,1,0.65
2017,18,901.0743368291178,10560.657310302282,3,113,False,2,20230110,1,0.65
2018,19,900.5989802039592,11100.224655068989,7,99,False,2,20230110,1,0.65
2019,20,899.7005141388174,11639.690231362469,2,7,False,2,20230110,1,0.65
2020,21,901.428306551298,12176.889369592089,3,0,False,2,20230110,1,0.65
2021,22,900.3805031446541,12707.771698113207,6,98,True,2,20230110,1,0.65
2022,23,900.3564231738035,13236.502518891688,4,125,True,2,20230110,1,0.65
2023,24,899.9824120603015,13772.14824120603,7,144,False,2,20230110,1,0.65
2024,25,900.1607818411097,14308.690416141237,8,117,False,2,20230110,1,0.65
2025,26,899.896238244514,14851.685579937304,4,107,False,2,20230110,1,0.65
2026,27,899.9824120603015,15380.14824120603,6,107,False,2,20230110,1,0.65
2027,28,899.7795830778664,15920.33629675046,6,119,False,2,20230110,1,0.65
2028,29,899.6909424724602,16463.68604651163,4,107,False,2,20230110,1,0.65
2029,30,899.6956112852664,16995.87617554859,8,112,False,2,20230110,1,0.65
2030,31,899.6055408970976,17531.594986807388,2,104,False,2,20230110,1,0.65
2031,32,899.5,18067.5,26,108,False,2,20230110,1,0.65
2032,33,899.5,18599.690231362467,12,109,False,2,20230110,1,0.65
2033,34,899.6002506265664,19139.404761904763,12,106,False,2,20230110,1,0.65
2034,35,900.1467065868263,19675.226946107785,15,105,False,2,20230110,1,0.65
2035,36,900.0925925925926,20211.5,12,98,False,2,20230110,1,0.65
2036,37,900.1842767295598,20754.86603773585,8,95,False,2,20230110,1,0.65
2037,38,903.89588688946,21283.309768637533,4,65,True,2,20230110,1,0.65
2038,39,1342.8345888261142,1199.9695543000628,1,1,False,2,20230110,1,0.65
2039,40,1343.293710691824,1728.4610062893082,7,133,False,2,20230110,1,0.65
2040,41,1343.1967699406723,2263.78740936058,6,12,False,2,20230110,1,0.65
2041,42,1343.2115987460816,2799.7884012539184,5,8,False,2,20230110,1,0.65
2042,43,1343.211959924859,3335.788040075141,0,2,False,2,20230110,1,0.65
2043,44,1343.5,3871.694993412385,9,143,False,2,20230110,1,0.65
2044,45,1343.5,4407.6952440550685,14,141,False,2,20230110,1,0.65
2045,46,1343.5,4943.5,9,22,False,2,20230110,1,0.65
2046,47,1343.5975609756097,5479.59756097561,8,10,False,2,20230110,1,0.65
2047,48,1343.5951768488746,6011.788102893891,1,6,False,2,20230110,1,0.65
2048,49,1343.7790697674418,6544.357322438717,3,11,False,2,20230110,1,0.65
2049,50,1343.7002567394095,7083.5,2,5,False,2,20230110,1,0.65
2050,51,1344.0771643663738,7623.5,0,0,False,2,20230110,1,0.65
2051,52,1343.7884012539184,8151.788401253919,5,132,False,2,20230110,1,0.65
2052,53,1343.705533596838,8695.5,2,143,False,2,20230110,1,0.65
2053,54,1343.6953727506427,9219.885604113111,17,116,False,2,20230110,1,0.65
2054,55,1343.89588688946,9755.690231362469,7,16,False,2,20230110,1,0.65
2055,56,1343.399935856318,10291.597498396408,1,113,False,2,20230110,1,0.65
2056,57,1344.0824742268042,10828.067010309278,5,14,False,2,20230110,1,0.65
2057,58,1344.4319899244333,11374.568010075567,10,140,False,2,20230110,1,0.65
2058,59,1343.8859649122808,11903.690476190475,12,126,False,2,20230110,1,0.65
2059,60,1343.89588688946,12443.309768637531,6,123,False,2,20230110,1,0.65
2060,61,1343.89588688946,12971.690231362469,7,11,False,2,20230110,1,0.65
2061,62,1343.690476190476,13503.88596491228,4,4,False,2,20230110,1,0.65
2062,63,1343.8859649122808,14039.690476190475,11,127,False,2,20230110,1,0.65
2063,64,1343.4044703000611,14579.402020820577,3,150,False,2,20230110,1,0.65
2064,65,1343.6953727506427,15115.885604113111,1,1,False,2,20230110,1,0.65
2065,66,1343.690476190476,15647.88596491228,2,6,False,2,20230110,1,0.65
2066,67,1343.7884012539184,16191.788401253918,4,109,False,2,20230110,1,0.65
2067,68,1343.399935856318,16731.402501603592,3,3,False,2,20230110,1,0.65
2068,69,1343.6865030674846,17267.308588957054,6,127,False,2,20230110,1,0.65
2069,70,1343.5955296999389,17795.98009797918,8,105,False,2,20230110,1,0.65
2070,71,1343.5975609756097,18335.40243902439,7,98,False,2,20230110,1,0.65
2071,72,1343.5,18867.88235294117,4,112,False,2,20230110,1,0.65
2072,73,1343.5,19403.5,4,3,False,2,20230110,1,0.65
2073,74,1343.89588688946,19947.309768637533,3,5,False,2,20230110,1,0.65
2074,75,1344.0539215686274,20482.93137254902,2,120,False,2,20230110,1,0.65
2075,76,1344.1825499034128,21019.03122987765,6,123,True,2,20230110,1,0.65
2076,77,1786.8558696988323,928.6923786109404,2,94,False,2,20230110,1,0.65
2077,78,1786.6937984496124,1464.37338501292,1,135,False,2,20230110,1,0.65
2078,79,1786.9313725490197,2000.053921568628,2,221,True,2,20230110,1,0.65
2079,80,1787.2038895859473,2531.781053952321,1,4,False,2,20230110,1,0.65
2080,81,1786.442065491184,3068.3110831234258,5,10,False,2,20230110,1,0.65
2081,82,1787.970300061237,3608.149112063688,1,7,False,2,20230110,1,0.65
2082,83,1787.5979791794243,4135.967850581751,5,11,False,2,20230110,1,0.65
2083,84,1787.2204169221336,4679.772225628449,1,16,False,2,20230110,1,0.65
2084,85,1787.029699938763,5208.149112063687,3,7,False,2,20230110,1,0.65
2085,86,1787.882149591452,5748.053111250786,2,6,False,2,20230110,1,0.65
2086,87,1787.9753476611884,6276.870417193426,3,15,False,2,20230110,1,0.65
2087,88,1788.0700245700243,6816.055282555282,1,122,False,2,20230110,1,0.65
2088,89,1788.0686274509803,7352.053921568628,1,0,False,2,20230110,1,0.65
2089,90,1787.9066924066924,7887.685328185328,3,155,False,2,20230110,1,0.65
2090,91,1788.4214157168567,8427.5,4,7,False,2,20230110,1,0.65
2091,92,1788.8411003236247,8951.057281553398,3,128,False,2,20230110,1,0.65
2092,93,1788.9590264941469,9488.74460874923,1,1,False,2,20230110,1,0.65
2093,94,1788.5325752919484,10024.31868469576,6,118,False,2,20230110,1,0.65
2094,95,1789.3282890673256,10560.925571340333,7,12,False,2,20230110,1,0.65
2095,96,1788.2420706163973,11099.868641532015,6,8,False,2,20230110,1,0.65
2096,97,1788.1082474226805,11639.5,9,148,False,2,20230110,1,0.65
2097,98,1788.8382533825338,12175.657441574416,5,129,False,2,20230110,1,0.65
2098,99,1788.3636363636365,13236.671717171715,3,127,False,2,20230110,1,0.65
2099,100,1788.083280955374,13772.053111250783,1,0,False,2,20230110,1,0.65
2100,101,1788.26214511041,14308.5952681388,0,6,False,2,20230110,1,0.65
2101,102,1788.0925925925926,14851.5,6,149,False,2,20230110,1,0.65
2102,103,1787.887665198238,15380.240088105727,4,6,False,2,20230110,1,0.65
2103,104,1787.8779141104294,15920.24110429448,6,9,False,2,20230110,1,0.65
2104,105,1787.7886850152904,16463.409480122325,1,6,False,2,20230110,1,0.65
2105,106,1787.795739348371,16995.780701754386,3,116,False,2,20230110,1,0.65
2106,107,1787.9177131526767,17531.68506278916,3,6,False,2,20230110,1,0.65
2107,108,1787.7003757044458,18067.5,2,128,False,2,20230110,1,0.65
2108,109,1787.6027617212587,18599.59505459217,7,124,False,2,20230110,1,0.65
2109,110,1787.896238244514,19139.314420062696,5,140,False,2,20230110,1,0.65
2110,111,1788.4214157168567,19675.5,4,111,False,2,20230110,1,0.65
2111,112,1788.0925925925926,20211.5,5,128,False,2,20230110,1,0.65
2112,113,1788.083280955374,20754.94688874921,8,119,False,2,20230110,1,0.65
2113,114,1788.294468887492,21283.5,2,86,False,2,20230110,1,0.65
2114,115,1791.89588688946,12707.309768637531,3,127,False,2,20230110,1,0.65
2115,116,2231.304755944931,1199.5,0,0,False,2,20230110,1,0.65
2116,117,2231.6907151819323,1727.8764115432873,1,4,False,2,20230110,1,0.65
2117,118,2231.5,2263.5,3,9,False,2,20230110,1,0.65
2118,119,2231.5,2799.5,11,144,False,2,20230110,1,0.65
2119,120,2231.5,3335.5,1,1,False,2,20230110,1,0.65
2120,121,2231.5,3871.5,5,122,False,2,20230110,1,0.65
2121,122,2231.695244055069,4407.5,0,0,False,2,20230110,1,0.65
2122,123,2231.5,4943.5,2,142,False,2,20230110,1,0.65
2123,124,2231.5,5479.5,0,0,False,2,20230110,1,0.65
2124,125,2231.6000641436817,6011.402501603592,8,139,False,2,20230110,1,0.65
2125,126,2231.690476190476,6543.8859649122805,4,13,False,2,20230110,1,0.65
2126,127,2231.89588688946,7083.690231362468,3,12,False,2,20230110,1,0.65
2127,128,2232.077164366374,7623.5,1,6,False,2,20230110,1,0.65
2128,129,2231.8859649122805,8151.690476190476,2,10,False,2,20230110,1,0.65
2129,130,2232.1076618229854,8695.5,0,6,False,2,20230110,1,0.65
2130,131,2231.79543994862,9219.787732819525,2,133,False,2,20230110,1,0.65
2131,132,2232.182549903413,9755.968770122345,1,1,False,2,20230110,1,0.65
2132,133,2232.182549903413,10291.968770122345,1,104,False,2,20230110,1,0.65
2133,134,2232.082474226804,10828.067010309278,1,1,False,2,20230110,1,0.65
2134,135,2231.6902377972465,11375.304755944931,1,1,False,2,20230110,1,0.65
2135,136,2232.165411173886,11903.969554300063,1,1,False,2,20230110,1,0.65
2136,137,2231.7002567394097,12443.5,2,7,False,2,20230110,1,0.65
2137,138,2232.0817245817248,12972.06628056628,9,114,False,2,20230110,1,0.65
2138,139,2232.3332284455632,13504.529578351165,1,6,False,2,20230110,1,0.65
2139,140,2232.3332284455632,14040.529578351165,1,1,False,2,20230110,1,0.65
2140,141,2232.241104294478,14579.87791411043,2,7,False,2,20230110,1,0.65
2141,142,2232.0817245817248,15116.06628056628,2,157,False,2,20230110,1,0.65
2142,143,2231.9695543000626,15648.165411173886,5,133,False,2,20230110,1,0.65
2143,144,2231.8859649122805,16191.690476190475,1,3,False,2,20230110,1,0.65
2144,145,2231.7002567394097,16731.5,4,12,False,2,20230110,1,0.65
2145,146,2232.241104294478,17267.681595092025,5,114,False,2,20230110,1,0.65
2146,147,2232.053921568628,17796.06862745098,5,10,False,2,20230110,1,0.65
2147,148,2231.8859649122805,18335.69047619048,13,127,False,2,20230110,1,0.65
2148,149,2232.33629675046,18867.220416922133,2,118,False,2,20230110,1,0.65
2149,150,2231.79543994862,19403.787732819525,4,5,False,2,20230110,1,0.65
2150,151,2231.89588688946,19947.309768637533,3,109,False,2,20230110,1,0.65
2151,152,2232.33629675046,20483.220416922133,0,0,False,2,20230110,1,0.65
2152,153,2231.89588688946,21019.309768637533,9,114,False,2,20230110,1,0.65
2153,154,2674.93137254902,928.0539215686274,4,100,False,2,20230110,1,0.65
2154,155,2677.859493670886,1462.4012658227848,3,9,False,2,20230110,1,0.65
2155,156,2675.406919779547,1999.776791181874,8,22,False,2,20230110,1,0.65
2156,157,2674.90666247643,2531.489943431804,3,6,False,2,20230110,1,0.65
2157,158,2675.1173694147265,3068.04877281309,4,139,False,2,20230110,1,0.65
2158,159,2674.6416309012875,3607.7722256284487,0,1,False,2,20230110,1,0.65
2159,160,2678.221252257676,4135.150812763395,3,6,False,2,20230110,1,0.65
2160,161,2679.5,4679.5,4,9,False,2,20230110,1,0.65
2161,162,2678.2738452309536,5208.111877624475,4,115,False,2,20230110,1,0.65
2162,163,2679.5,5747.5,0,0,False,2,20230110,1,0.65
2163,164,2680.4987699877,6275.849323493235,4,11,False,2,20230110,1,0.65
2164,165,2679.882775119617,6815.5,3,121,False,2,20230110,1,0.65
2165,166,2680.2616766467067,7351.859281437126,0,0,False,2,20230110,1,0.65
2166,167,2680.236225087925,8427.317116060962,0,0,False,2,20230110,1,0.65
2167,168,2679.907035175879,8951.680904522613,2,1,False,2,20230110,1,0.65
2168,169,2679.211389385808,9487.774299344066,0,0,False,2,20230110,1,0.65
2169,170,2680.0693779904304,10024.04066985646,3,7,False,2,20230110,1,0.65
2170,171,2681.5253470126736,10560.709414604707,0,0,False,2,20230110,1,0.65
2171,172,2680.147574517826,11099.766510812393,2,6,False,2,20230110,1,0.65
2172,173,2680.1638705811865,12175.766027561414,3,1,False,2,20230110,1,0.65
2173,174,2680.093137254902,12707.5,5,9,False,2,20230110,1,0.65
2174,175,2680.0840490797545,13236.039877300613,5,10,False,2,20230110,1,0.65
2175,176,2679.796024464832,13771.774006116208,6,124,False,2,20230110,1,0.65
2176,177,2680.459409594096,14308.385608856088,4,122,False,2,20230110,1,0.65
2177,178,2679.896572827417,14851.681150550796,3,151,False,2,20230110,1,0.65
2178,179,2680.0840490797545,15380.039877300613,3,5,False,2,20230110,1,0.65
2179,180,2680.0693779904304,15920.04066985646,6,11,False,2,20230110,1,0.65
2180,181,2679.980573819486,16463.406754333533,6,126,False,2,20230110,1,0.65
2181,182,2679.896572827417,16995.681150550794,4,6,False,2,20230110,1,0.65
2182,183,2679.605602060528,17531.592723760463,5,131,False,2,20230110,1,0.65
2183,184,2679.9935543278084,18067.58348680172,5,9,False,2,20230110,1,0.65
2184,185,2679.80923947203,18599.42206159648,5,7,False,2,20230110,1,0.65
2185,186,2680.1876155268023,19139.214109673445,3,122,False,2,20230110,1,0.65
2186,187,2680.4227166276346,19675.5,17,125,False,2,20230110,1,0.65
2187,188,2679.700488997555,20211.5,16,116,False,2,20230110,1,0.65
2188,189,2679.7963870177587,20755.22565829761,3,102,False,2,20230110,1,0.65
2189,190,2680.093137254902,21283.5,4,1,False,2,20230110,1,0.65
2190,191,2683.602761721259,7887.595054592164,2,3,False,2,20230110,1,0.65
2191,192,2683.9025806451614,11639.5,0,0,False,2,20230110,1,0.65
2192,193,3130.359950859951,1199.5,3,3,False,2,20230110,1,0.65
2193,194,3125.668888888889,1728.9653968253967,0,3,False,2,20230110,1,0.65
2194,195,3131.397238278741,2263.5950545921646,1,138,False,2,20230110,1,0.65
2195,196,3127.2105097545627,2799.7794210195093,0,0,False,2,20230110,1,0.65
2196,197,3129.775092936803,3336.6995043370507,1,1,False,2,20230110,1,0.65
2197,198,3131.397238278741,3871.5950545921646,3,137,False,2,20230110,1,0.65
2198,199,3130.726600985221,4406.869458128079,13,173,False,2,20230110,1,0.65
2199,200,3130.9945196647323,4943.595422308188,0,3,True,2,20230110,1,0.65
2200,201,3131.402260232132,5479.404703726329,2,3,True,2,20230110,1,0.65
2201,202,3131.203889585948,6011.781053952322,3,4,True,2,20230110,1,0.65
2202,203,3131.1220858895704,6544.241104294479,3,2,True,2,20230110,1,0.65
2203,204,3131.6001251564458,7083.595118898624,1,7,False,2,20230110,1,0.65
2204,205,3131.5,7623.127450980392,0,0,False,2,20230110,1,0.65
2205,206,3131.5,8151.872549019607,0,1,False,2,20230110,1,0.65
2206,207,3131.5,8695.309768637531,2,4,False,2,20230110,1,0.65
2207,208,3131.6956112852663,9219.876175548588,2,5,False,2,20230110,1,0.65
2208,209,3131.7961104140527,9755.781053952322,2,3,False,2,20230110,1,0.65
2209,210,3131.7961104140527,10291.781053952322,4,13,False,2,20230110,1,0.65
2210,211,3131.5,10828.06246076585,5,128,False,2,20230110,1,0.65
2211,212,3131.779926335175,11374.854205033764,0,0,False,2,20230110,1,0.65
2212,213,3131.6909424724604,11903.686046511628,0,0,False,2,20230110,1,0.65
2213,214,3131.6002506265663,12443.40476190476,0,6,False,2,20230110,1,0.65
2214,215,3131.7961104140527,12971.781053952322,2,6,False,2,20230110,1,0.65
2215,216,3131.7795830778664,13504.33629675046,10,16,False,2,20230110,1,0.65
2216,217,3131.7795830778664,14040.33629675046,0,0,False,2,20230110,1,0.65
2217,218,3131.960431654676,14579.960431654676,1,5,False,2,20230110,1,0.65
2218,219,3131.6956112852663,15115.876175548588,8,130,False,2,20230110,1,0.65
2219,220,3131.5,15648.063035495716,8,152,False,2,20230110,1,0.65
2220,221,3131.8823529411766,16191.5,4,4,False,2,20230110,1,0.65
2221,222,3131.5,16731.30964308078,4,140,False,2,20230110,1,0.65
2222,223,3131.6862686567165,17267.313731343285,2,3,False,2,20230110,1,0.65
2223,224,3131.313953488372,17795.68604651163,3,10,False,2,20230110,1,0.65
2224,225,3131.6909424724604,18335.31395348837,4,151,False,2,20230110,1,0.65
2225,226,3131.68671454219,18867.68671454219,7,113,False,2,20230110,1,0.65
2226,227,3131.700375704446,19403.5,2,5,False,2,20230110,1,0.65
2227,228,3131.5,19947.5,0,0,False,2,20230110,1,0.65
2228,229,3131.782634730539,20482.661676646705,0,1,False,2,20230110,1,0.65
2229,230,3131.7961104140527,21019.21894604768,1,1,False,2,20230110,1,0.65
2230,231,3570.6416309012875,927.7722256284488,3,111,False,2,20230110,1,0.65
2231,232,3571.5,1463.5,2,6,False,2,20230110,1,0.65
2232,233,3569.9433497536947,2000.5147783251232,0,0,False,2,20230110,1,0.65
2233,234,3571.3043887147337,2531.1238244514107,3,2,False,2,20230110,1,0.65
2234,235,3571.8962382445143,3067.6855799373043,1,5,False,2,20230110,1,0.65
2235,236,3571.5,3607.309523809524,0,0,False,2,20230110,1,0.65
2236,237,3571.597620500305,4135.595179987798,1,2,False,2,20230110,1,0.65
2237,238,3571.5,4679.5,1,4,False,2,20230110,1,0.65
2238,239,3571.88630806846,5207.6858190709045,0,0,False,2,20230110,1,0.65
2239,240,3571.7961104140527,5747.590338770389,2,11,False,2,20230110,1,0.65
2240,241,3571.8962382445143,6275.314420062696,2,9,False,2,20230110,1,0.65
2241,242,3571.69536019536,6815.5,4,11,False,2,20230110,1,0.65
2242,243,3572.166258420086,7351.041947336191,1,3,False,2,20230110,1,0.65
2243,244,3571.7056555269924,7887.5,3,17,False,2,20230110,1,0.65
2244,245,3572.5167865707435,8427.404076738609,3,5,False,2,20230110,1,0.65
2245,246,3571.9066924066924,8951.685328185327,0,0,False,2,20230110,1,0.65
2246,247,3572.260736196319,9487.86809815951,4,5,False,2,20230110,1,0.65
2247,248,3572.260736196319,10023.86809815951,4,3,False,2,20230110,1,0.65
2248,249,3572.0686274509803,10560.053921568628,1,2,False,2,20230110,1,0.65
2249,250,3574.511180124224,11097.66645962733,6,143,False,2,20230110,1,0.65
2250,251,3572.00998068255,11639.404700579524,3,110,False,2,20230110,1,0.65
2251,252,3572.3583690987125,12175.227774371551,1,1,False,2,20230110,1,0.65
2252,253,3572.0925925925926,12707.5,4,11,False,2,20230110,1,0.65
2253,254,3572.0825486503454,13236.052416823602,3,10,False,2,20230110,1,0.65
2254,255,3571.8962382445143,13771.685579937304,3,14,False,2,20230110,1,0.65
2255,256,3572.183417085427,14307.957286432162,6,16,False,2,20230110,1,0.65
2256,257,3571.700375704446,14851.5,4,144,False,2,20230110,1,0.65
2257,258,3572.183417085427,15379.957286432162,1,5,False,2,20230110,1,0.65
2258,259,3572.3583690987125,15919.772225628449,4,112,False,2,20230110,1,0.65
2259,260,3571.88630806846,16463.314180929094,2,6,False,2,20230110,1,0.65
2260,261,3572.0925925925926,16995.5,7,155,False,2,20230110,1,0.65
2261,262,3571.6055408970974,17531.594986807388,6,148,False,2,20230110,1,0.65
2262,263,3571.6001251564458,18067.40488110137,2,3,False,2,20230110,1,0.65
2263,264,3571.602761721259,18599.59505459217,6,21,False,2,20230110,1,0.65
2264,265,3572.0925925925926,19139.5,13,112,False,2,20230110,1,0.65
2265,266,3572.5167865707435,19675.59592326139,0,0,False,2,20230110,1,0.65
2266,267,3572.0925925925926,20211.5,4,115,False,2,20230110,1,0.65
2267,268,3572.183417085427,20755.04271356784,2,106,False,2,20230110,1,0.65
2268,269,3572.0925925925926,21283.5,2,104,False,2,20230110,1,0.65
2269,270,4023.1235884567127,1199.1135508155585,10,118,False,2,20230110,1,0.65
2270,271,4023.4024390243903,1727.5975609756097,1,0,False,2,20230110,1,0.65
2271,272,4023.5,2263.5,8,13,False,2,20230110,1,0.65
2272,273,4023.5,2799.304755944931,6,13,False,2,20230110,1,0.65
2273,274,4023.22057898049,3335.7794210195093,6,11,False,2,20230110,1,0.65
2274,275,4023.6026991441736,3871.597432521396,1,1,False,2,20230110,1,0.65
2275,276,4023.6911949685536,4407.308805031446,3,5,False,2,20230110,1,0.65
2276,277,4023.3973008558255,4943.597432521396,1,2,False,2,20230110,1,0.65
2277,278,4023.690476190476,5479.11403508772,4,108,False,2,20230110,1,0.65
2278,279,4023.6000641436817,6011.597498396408,0,1,False,2,20230110,1,0.65
2279,280,4023.690476190476,6543.8859649122805,1,5,False,2,20230110,1,0.65
2280,281,4023.7002567394097,7083.5,4,8,True,2,20230110,1,0.65
2281,282,4023.7884012539184,7623.211598746081,7,10,True,2,20230110,1,0.65
2282,283,4023.885964912281,8151.690476190476,5,7,False,2,20230110,1,0.65
2283,284,4023.6026991441736,8695.402567478604,3,112,False,2,20230110,1,0.65
2284,285,4023.7954399486193,9219.787732819525,11,141,False,2,20230110,1,0.65
2285,286,4023.89588688946,9755.690231362469,3,12,False,2,20230110,1,0.65
2286,287,4023.89588688946,10291.690231362469,1,165,False,2,20230110,1,0.65
2287,288,4023.6953727506425,10827.885604113111,7,120,False,2,20230110,1,0.65
2288,289,4023.7884012539184,11375.211598746082,4,16,False,2,20230110,1,0.65
2289,290,4023.885964912281,11903.690476190475,5,127,False,2,20230110,1,0.65
2290,291,4023.7002567394097,12443.5,0,0,False,2,20230110,1,0.65
2291,292,4023.7954399486193,12971.787732819525,3,9,False,2,20230110,1,0.65
2292,293,4023.969554300063,13504.165411173886,0,1,False,2,20230110,1,0.65
2293,294,4023.885964912281,14039.690476190475,2,0,False,2,20230110,1,0.65
2294,295,4023.87652811736,14579.690709046456,1,1,True,2,20230110,1,0.65
2295,296,4023.7954399486193,15115.787732819525,4,7,True,2,20230110,1,0.65
2296,297,4023.5975609756097,15647.40243902439,1,157,False,2,20230110,1,0.65
2297,298,4023.5,16191.5,1,125,False,2,20230110,1,0.65
2298,299,4023.6000641436817,16731.402501603592,4,12,False,2,20230110,1,0.65
2299,300,4023.4048200122015,17267.402379499694,6,127,False,2,20230110,1,0.65
2300,301,4024.053921568628,17796.06862745098,1,1,False,2,20230110,1,0.65
2301,302,4023.695244055069,18335.5,6,14,False,2,20230110,1,0.65
2302,303,4023.5,18867.5,2,2,False,2,20230110,1,0.65
2303,304,4023.6000641436817,19403.597498396408,6,125,False,2,20230110,1,0.65
2304,305,4023.89588688946,19947.309768637533,4,9,False,2,20230110,1,0.65
2305,306,4023.314180929096,20483.11369193154,1,3,False,2,20230110,1,0.65
2306,307,4023.6000641436817,21019.402501603592,4,106,False,2,20230110,1,0.65
2307,308,4467.308588957055,927.6865030674846,6,2,False,2,20230110,1,0.65
2308,309,4467.6027617212585,1463.5950545921644,0,126,False,2,20230110,1,0.65
2309,310,4467.69094247246,1999.686046511628,4,123,False,2,20230110,1,0.65
2310,311,4467.5,2531.5,0,0,False,2,20230110,1,0.65
2311,312,4467.103264281231,3067.133396107972,4,12,False,2,20230110,1,0.65
2312,313,4467.597620500305,3607.5951799877976,3,14,False,2,20230110,1,0.65
2313,314,4468.0700245700245,4135.490171990172,0,1,False,2,20230110,1,0.65
2314,315,4467.790461538461,4678.6704615384615,5,194,True,2,20230110,1,0.65
2315,316,4467.220416922134,5207.772225628449,3,212,True,2,20230110,1,0.65
2316,317,4467.600250626567,5747.4047619047615,1,2,False,2,20230110,1,0.65
2317,318,4467.695611285267,6275.876175548589,0,0,False,2,20230110,1,0.65
2318,319,4468.067931456549,6814.9467564259485,4,11,False,2,20230110,1,0.65
2319,320,4467.69094247246,7351.686046511628,1,8,False,2,20230110,1,0.65
2320,321,4467.705655526992,7887.5,4,9,False,2,20230110,1,0.65
2321,322,4467.9604316546765,8427.039568345324,3,118,False,2,20230110,1,0.65
2322,323,4467.803536977492,8951.78038585209,1,4,False,2,20230110,1,0.65
2323,324,4467.779926335175,9488.145794966236,0,0,False,2,20230110,1,0.65
2324,325,4467.970876762723,10023.958614347026,4,160,False,2,20230110,1,0.65
2325,326,4467.779926335175,10560.145794966236,1,159,False,2,20230110,1,0.65
2326,327,4467.773709483794,11099.773709483794,6,13,False,2,20230110,1,0.65
2327,328,4467.705655526992,11639.5,3,2,False,2,20230110,1,0.65
2328,329,4467.691411042945,12175.313496932517,7,121,False,2,20230110,1,0.65
2329,330,4467.992462311558,12707.404522613066,3,8,False,2,20230110,1,0.65
2330,331,4467.982412060302,13236.14824120603,2,2,True,2,20230110,1,0.65
2331,332,4467.695611285267,13771.876175548588,5,18,True,2,20230110,1,0.65
2332,333,4467.78679245283,14308.335220125786,3,133,False,2,20230110,1,0.65
2333,334,4467.700375704446,14851.5,2,151,False,2,20230110,1,0.65
2334,335,4467.695611285267,15379.876175548588,3,126,False,2,20230110,1,0.65
2335,336,4467.69094247246,15919.686046511628,8,162,False,2,20230110,1,0.65
2336,337,4467.597979179424,16463.03214941825,3,5,False,2,20230110,1,0.65
2337,338,4467.796110414053,16995.590338770387,2,6,False,2,20230110,1,0.65
2338,339,4467.812169312169,17531.589947089946,2,2,False,2,20230110,1,0.65
2339,340,4467.304143126177,18067.314187068423,2,8,False,2,20230110,1,0.65
2340,341,4467.6027617212585,18599.59505459217,1,14,False,2,20230110,1,0.65
2341,342,4467.992462311558,19139.59547738693,1,3,False,2,20230110,1,0.65
2342,343,4467.9604316546765,19675.586330935253,0,0,False,2,20230110,1,0.65
2343,344,4467.992462311558,20211.404522613066,3,4,False,2,20230110,1,0.65
2344,345,4467.695611285267,20755.87617554859,1,8,False,2,20230110,1,0.65
2345,346,4467.600250626567,21283.404761904763,7,93,False,2,20230110,1,0.65
2346,347,4910.279048765804,1198.8762793497892,5,3,False,2,20230110,1,0.65
2347,348,4909.975961538462,1726.3557692307693,1,137,False,2,20230110,1,0.65
2348,349,4911.294228356336,2263.5,0,0,False,2,20230110,1,0.65
2349,350,4910.738323353294,2799.859281437126,1,3,True,2,20230110,1,0.65
2350,351,4910.551497005988,3335.32754491018,1,2,False,2,20230110,1,0.65
2351,352,4911.092964824121,3871.680904522613,4,119,False,2,20230110,1,0.65
2352,353,4911.308383233533,4407.317964071856,1,2,True,2,20230110,1,0.65
2353,354,4911.298994974874,4943.133165829146,1,6,False,2,20230110,1,0.65
2354,355,4911.308841099164,5479.318399044206,6,17,False,2,20230110,1,0.65
2355,356,4911.696078431372,6011.318627450981,3,3,False,2,20230110,1,0.65
2356,357,4911.308383233533,6543.682035928144,1,142,False,2,20230110,1,0.65
2357,358,4911.796387017759,7083.225658297612,7,24,False,2,20230110,1,0.65
2358,359,4912.070743405276,7622.958033573142,7,12,False,2,20230110,1,0.65
2359,360,4911.5,8151.5,1,8,False,2,20230110,1,0.65
2360,361,4911.5,8694.951572327043,1,1,False,2,20230110,1,0.65
2361,362,4911.696078431372,9219.68137254902,2,131,False,2,20230110,1,0.65
2362,363,4911.69656019656,9755.681818181818,0,126,False,2,20230110,1,0.65
2363,364,4911.5,10291.863190184047,4,12,False,2,20230110,1,0.65
2364,365,4911.5,10827.863190184047,11,115,False,2,20230110,1,0.65
2365,366,4911.5,11374.602040816326,1,4,False,2,20230110,1,0.65
2366,367,4911.780407429598,11902.869682444578,6,117,False,2,20230110,1,0.65
2367,368,4911.600551808707,12443.043838136113,0,0,False,2,20230110,1,0.65
2368,369,4911.696078431372,12971.68137254902,2,8,False,2,20230110,1,0.65
2369,370,4911.780407429598,13504.130317555422,1,127,False,2,20230110,1,0.65
2370,371,4911.780407429598,14040.130317555422,1,3,False,2,20230110,1,0.65
2371,372,4911.774165202109,14579.232864674868,1,0,False,2,20230110,1,0.65
2372,373,4911.696078431372,15115.68137254902,2,5,False,2,20230110,1,0.65
2373,374,4911.780407429598,15648.130317555422,6,14,False,2,20230110,1,0.65
2374,375,4911.5,16191.136363636364,1,5,False,2,20230110,1,0.65
2375,376,4911.5,16731.5,2,152,False,2,20230110,1,0.65
2376,377,4911.869158878505,17266.77570093458,2,9,False,2,20230110,1,0.65
2377,378,4911.877182770663,17795.681606519207,2,130,False,2,20230110,1,0.65
2378,379,4912.261676646706,18335.32754491018,1,1,False,2,20230110,1,0.65
2379,380,4912.056725146199,18867.49064327485,3,5,False,2,20230110,1,0.65
2380,381,4911.696078431372,19403.68137254902,3,100,False,2,20230110,1,0.65
2381,382,4911.796387017759,19947.22565829761,3,11,False,2,20230110,1,0.65
2382,383,4911.961088355763,20483.050614394386,1,137,False,2,20230110,1,0.65
2383,384,4911.888206388207,21018.77764127764,3,124,False,2,20230110,1,0.65
2384,385,5354.359950859951,927.5,10,121,False,2,20230110,1,0.65
2385,386,5355.3972382787415,1463.4049454078356,3,8,False,2,20230110,1,0.65
2386,387,5354.355036855037,1999.8341523341523,7,9,False,2,20230110,1,0.65
2387,388,5355.103761755486,2531.314420062696,2,7,False,2,20230110,1,0.65
2388,389,5355.299624295554,3067.5,2,6,False,2,20230110,1,0.65
2389,390,5355.5,3607.309523809524,0,0,False,2,20230110,1,0.65
2390,391,5355.5,4135.5,4,112,False,2,20230110,1,0.65
2391,392,5355.87791411043,4678.758895705521,7,124,False,2,20230110,1,0.65
2392,393,5355.69094247246,5207.313953488372,3,10,False,2,20230110,1,0.65
2393,394,5355.695611285267,5747.123824451411,2,123,False,2,20230110,1,0.65
2394,395,5355.600250626567,6275.4047619047615,1,3,False,2,20230110,1,0.65
2395,396,5355.5,6815.1274509803925,5,272,True,2,20230110,1,0.65
2396,397,5355.597739767868,7351.404703726329,3,7,False,2,20230110,1,0.65
2397,398,5355.6027617212585,7887.404945407836,0,0,False,2,20230110,1,0.65
2398,399,5355.868641532017,8426.757929383602,0,0,False,2,20230110,1,0.65
2399,400,5355.6027617212585,8951.595054592164,2,7,False,2,20230110,1,0.65
2400,401,5355.69094247246,9487.686046511628,4,151,False,2,20230110,1,0.65
2401,402,5355.882352941177,10023.5,0,0,False,2,20230110,1,0.65
2402,403,5355.788685015291,10559.781345565749,1,1,False,2,20230110,1,0.65
2403,404,5355.87298266587,11099.5,1,1,False,2,20230110,1,0.65
2404,405,5355.803536977492,11639.21961414791,2,2,False,2,20230110,1,0.65
2405,406,5355.788685015291,12175.218654434251,2,3,False,2,20230110,1,0.65
2406,407,5355.796110414053,12707.218946047678,6,8,False,2,20230110,1,0.65
2407,408,5355.896238244514,13235.685579937304,2,8,False,2,20230110,1,0.65
2408,409,5355.700375704446,13771.5,0,0,False,2,20230110,1,0.65
2409,410,5355.796110414053,14307.781053952322,2,6,False,2,20230110,1,0.65
2410,411,5355.600125156446,14851.404881101376,0,0,False,2,20230110,1,0.65
2411,412,5355.700375704446,15379.5,7,126,False,2,20230110,1,0.65
2412,413,5355.88630806846,15919.685819070904,1,116,False,2,20230110,1,0.65
2413,414,5355.5,16462.936964504283,1,3,False,2,20230110,1,0.65
2414,415,5355.896238244514,16995.314420062696,0,0,False,2,20230110,1,0.65
2415,416,5355.917713152677,17531.31493721084,6,135,False,2,20230110,1,0.65
2416,417,5355.795739348371,18067.21929824561,0,0,False,2,20230110,1,0.65
2417,418,5355.6027617212585,18599.59505459217,0,0,False,2,20230110,1,0.65
2418,419,5355.700375704446,19139.5,2,4,False,2,20230110,1,0.65
2419,420,5355.968339307049,19675.40442054958,0,0,False,2,20230110,1,0.65
2420,421,5355.600125156446,20211.40488110137,0,0,False,2,20230110,1,0.65
2421,422,5355.795739348371,20755.21929824561,5,3,False,2,20230110,1,0.65
2422,423,5355.700375704446,21283.5,1,90,False,2,20230110,1,0.65
2423,424,5806.541916167665,1199.3179640718563,0,0,False,2,20230110,1,0.65
2424,425,5806.328331332533,1727.2454981992796,1,1,False,2,20230110,1,0.65
2425,426,5806.901257861635,2262.9616352201256,4,184,False,2,20230110,1,0.65
2426,427,5807.019426180514,2799.4067543335327,4,7,False,2,20230110,1,0.65
2427,428,5807.204504504504,3335.262162162162,3,4,False,2,20230110,1,0.65
2428,429,5807.705771643664,3871.5,0,0,False,2,20230110,1,0.65
2429,430,5807.308383233533,4407.317964071856,4,10,False,2,20230110,1,0.65
2430,431,5807.397049591965,4943.407093534212,0,13,True,2,20230110,1,0.65
2431,432,5807.5,5479.136363636364,3,8,False,2,20230110,1,0.65
2432,433,5807.5,6011.5,1,1,False,2,20230110,1,0.65
2433,434,5807.317964071856,6544.223353293413,2,119,False,2,20230110,1,0.65
2434,435,5807.303921568628,7083.318627450981,1,2,False,2,20230110,1,0.65
2435,436,5807.5,7623.136363636364,2,3,False,2,20230110,1,0.65
2436,437,5807.5,8151.5,0,1,False,2,20230110,1,0.65
2437,438,5807.5,8694.951572327043,2,4,False,2,20230110,1,0.65
2438,439,5807.399448191293,9219.956161863887,5,127,False,2,20230110,1,0.65
2439,440,5807.303921568628,9755.68137254902,2,6,False,2,20230110,1,0.65
2440,441,5807.5,10291.863190184047,2,1,False,2,20230110,1,0.65
2441,442,5807.5,10827.863190184047,0,0,False,2,20230110,1,0.65
2442,443,5807.5,11374.602040816326,0,0,False,2,20230110,1,0.65
2443,444,5807.691616766467,11903.317964071855,2,4,False,2,20230110,1,0.65
2444,445,5807.600551808707,12443.043838136113,0,0,False,2,20230110,1,0.65
2445,446,5807.696078431372,12971.68137254902,2,6,False,2,20230110,1,0.65
2446,447,5807.5,13503.863636363636,2,1,False,2,20230110,1,0.65
2447,448,5807.780407429598,14040.130317555422,1,130,False,2,20230110,1,0.65
2448,449,5807.5,14579.5,4,10,False,2,20230110,1,0.65
2449,450,5807.5,15115.5,3,2,True,2,20230110,1,0.65
2450,451,5807.308383233533,15647.682035928145,2,1,True,2,20230110,1,0.65
2451,452,5807.219592570402,16190.869682444578,2,3,False,2,20230110,1,0.65
2452,453,5807.203975535168,16731.225993883792,0,0,False,2,20230110,1,0.65
2453,454,5808.315897136177,17266.518118059616,5,5,False,2,20230110,1,0.65
2454,455,5807.5,17795.5,0,0,False,2,20230110,1,0.65
2455,456,5807.598027495517,18335.04333532576,3,8,False,2,20230110,1,0.65
2456,457,5807.686915887851,18867.317757009347,6,128,False,2,20230110,1,0.65
2457,458,5807.399694189602,19403.59296636085,3,2,False,2,20230110,1,0.65
2458,459,5807.600551808707,19947.04383813612,3,131,False,2,20230110,1,0.65
2459,460,5807.322429906542,20482.59813084112,1,0,False,2,20230110,1,0.65
2460,461,5807.600551808707,21019.04383813612,0,94,False,2,20230110,1,0.65
2461,462,6248.491920447483,929.41671845867,3,84,True,2,20230110,1,0.65
2462,463,6250.684516129032,1463.5,0,0,True,2,20230110,1,0.65
2463,464,6250.062461538461,1999.2710769230769,1,1,False,2,20230110,1,0.65
2464,465,6246.90797940798,2531.5,0,2,False,2,20230110,1,0.65
2465,466,6251.103761755486,3067.6855799373043,2,113,False,2,20230110,1,0.65
2466,467,6251.402379499695,3607.4048200122015,0,0,False,2,20230110,1,0.65
2467,468,6251.30905752754,4135.686046511628,4,1,False,2,20230110,1,0.65
2468,469,6251.788685015291,4679.21865443425,1,139,False,2,20230110,1,0.65
2469,470,6251.882352941177,5207.5,0,0,False,2,20230110,1,0.65
2470,471,6251.600250626567,5747.4047619047615,0,1,False,2,20230110,1,0.65
2471,472,6251.600250626567,6275.595238095239,6,121,False,2,20230110,1,0.65
2472,473,6251.5,6815.1274509803925,2,4,False,2,20230110,1,0.65
2473,474,6251.5,7351.5,2,111,False,2,20230110,1,0.65
2474,475,6251.6027617212585,7887.404945407836,3,113,False,2,20230110,1,0.65
2475,476,6251.773053892216,8426.853293413174,6,4,False,2,20230110,1,0.65
2476,477,6251.5,8951.690231362469,4,1,False,2,20230110,1,0.65
2477,478,6251.5,9487.872549019608,1,118,False,2,20230110,1,0.65
2478,479,6251.5,10023.872549019608,2,2,False,2,20230110,1,0.65
2479,480,6251.69094247246,10559.686046511628,1,1,False,2,20230110,1,0.65
2480,481,6251.87298266587,11099.5,4,5,False,2,20230110,1,0.65
2481,482,6251.6027617212585,11639.404945407836,5,2,False,2,20230110,1,0.65
2482,483,6251.597979179424,12175.032149418248,1,1,False,2,20230110,1,0.65
2483,484,6251.796110414053,12707.218946047678,2,1,False,2,20230110,1,0.65
2484,485,6251.896238244514,13235.685579937304,1,0,False,2,20230110,1,0.65
2485,486,6251.600125156446,13771.595118898624,2,3,False,2,20230110,1,0.65
2486,487,6251.795739348371,14307.780701754386,1,1,False,2,20230110,1,0.65
2487,488,6251.5,14851.309643080776,5,131,False,2,20230110,1,0.65
2488,489,6251.600250626567,15379.40476190476,3,5,False,2,20230110,1,0.65
2489,490,6251.5,15919.5,0,0,False,2,20230110,1,0.65
2490,491,6251.5,16462.389434889436,0,1,False,2,20230110,1,0.65
2491,492,6251.5,16995.30964308078,2,2,False,2,20230110,1,0.65
2492,493,6251.605540897098,17531.405013192612,0,0,False,2,20230110,1,0.65
2493,494,6251.5,18066.93753923415,4,110,False,2,20230110,1,0.65
2494,495,6251.5,18599.5,4,92,False,2,20230110,1,0.65
2495,496,6251.5,19139.30964308078,4,112,False,2,20230110,1,0.65
2496,497,6251.5,19675.12701733413,2,104,True,2,20230110,1,0.65
2497,498,6251.5,20211.30964308078,3,105,False,2,20230110,1,0.65
2498,499,6251.399874843554,20755.40488110137,2,0,False,2,20230110,1,0.65
2499,500,6251.600250626567,21283.404761904763,0,71,True,2,20230110,1,0.65
2500,1,899.004835589942,1464.1473243068988,6,2,False,2,20230110,1,0.7
2501,2,898.7570725707257,2000.5971709717096,8,5,False,2,20230110,1,0.7
2502,3,899.2132075471698,2532.3352201257862,9,4,False,2,20230110,1,0.7
2503,4,899.2132075471698,3068.3352201257862,8,2,False,2,20230110,1,0.7
2504,5,899.4020208205757,3607.967850581752,7,7,False,2,20230110,1,0.7
2505,6,899.2204169221336,4136.33629675046,15,15,False,2,20230110,1,0.7
2506,7,899.4020208205757,4679.967850581751,12,11,False,2,20230110,1,0.7
2507,8,899.7795830778664,5208.33629675046,7,6,False,2,20230110,1,0.7
2508,9,899.6956112852664,5747.876175548589,4,2,False,2,20230110,1,0.7
2509,10,899.204260651629,6275.7807017543855,1,1,False,2,20230110,1,0.7
2510,11,899.8779141104294,6816.241104294479,8,110,False,2,20230110,1,0.7
2511,12,900.0686274509804,7352.053921568628,7,4,False,2,20230110,1,0.7
2512,13,900.3051612903225,7887.866451612903,5,3,False,2,20230110,1,0.7
2513,14,900.6003003003003,8428.206306306307,8,3,False,2,20230110,1,0.7
2514,15,900.0979381443299,8952.051546391753,3,0,False,2,20230110,1,0.7
2515,16,900.2429274292743,9488.59717097171,9,4,False,2,20230110,1,0.7
2516,17,901.4233621755252,10024.187268232386,12,110,False,2,20230110,1,0.7
2517,18,901.0743368291178,10560.657310302282,0,0,True,2,20230110,1,0.7
2518,19,900.5989802039592,11100.224655068989,0,0,True,2,20230110,1,0.7
2519,20,899.7005141388174,11639.690231362469,2,1,True,2,20230110,1,0.7
2520,21,901.428306551298,12176.889369592089,0,0,True,2,20230110,1,0.7
2521,22,900.3805031446541,12707.771698113207,0,1,True,2,20230110,1,0.7
2522,23,900.3564231738035,13236.502518891688,0,0,False,2,20230110,1,0.7
2523,24,899.9824120603015,13772.14824120603,19,123,False,2,20230110,1,0.7
2524,25,900.1607818411097,14308.690416141237,40,108,False,2,20230110,1,0.7
2525,26,899.896238244514,14851.685579937304,22,105,False,2,20230110,1,0.7
2526,27,899.9824120603015,15380.14824120603,26,101,False,2,20230110,1,0.7
2527,28,899.7795830778664,15920.33629675046,25,112,False,2,20230110,1,0.7
2528,29,899.6909424724602,16463.68604651163,39,109,False,2,20230110,1,0.7
2529,30,899.6956112852664,16995.87617554859,18,116,False,2,20230110,1,0.7
2530,31,899.6055408970976,17531.594986807388,18,104,False,2,20230110,1,0.7
2531,32,899.5,18067.5,12,5,False,2,20230110,1,0.7
2532,33,899.5,18599.690231362467,10,110,False,2,20230110,1,0.7
2533,34,899.6002506265664,19139.404761904763,5,110,False,2,20230110,1,0.7
2534,35,900.1467065868263,19675.226946107785,15,106,False,2,20230110,1,0.7
2535,36,900.0925925925926,20211.5,18,100,False,2,20230110,1,0.7
2536,37,900.1842767295598,20754.86603773585,25,95,True,2,20230110,1,0.7
2537,38,903.89588688946,21283.309768637533,22,77,False,2,20230110,1,0.7
2538,39,1342.8345888261142,1199.9695543000628,8,3,False,2,20230110,1,0.7
2539,40,1343.293710691824,1728.4610062893082,19,116,False,2,20230110,1,0.7
2540,41,1343.1967699406723,2263.78740936058,15,21,True,2,20230110,1,0.7
2541,42,1343.2115987460816,2799.7884012539184,7,16,False,2,20230110,1,0.7
2542,43,1343.211959924859,3335.788040075141,5,12,False,2,20230110,1,0.7
2543,44,1343.5,3871.694993412385,10,13,False,2,20230110,1,0.7
2544,45,1343.5,4407.6952440550685,4,0,False,2,20230110,1,0.7
2545,46,1343.5,4943.5,10,11,False,2,20230110,1,0.7
2546,47,1343.5975609756097,5479.59756097561,21,26,False,2,20230110,1,0.7
2547,48,1343.5951768488746,6011.788102893891,17,13,False,2,20230110,1,0.7
2548,49,1343.7790697674418,6544.357322438717,19,22,False,2,20230110,1,0.7
2549,50,1343.7002567394095,7083.5,7,12,False,2,20230110,1,0.7
2550,51,1344.0771643663738,7623.5,9,15,False,2,20230110,1,0.7
2551,52,1343.7884012539184,8151.788401253919,17,146,False,2,20230110,1,0.7
2552,53,1343.705533596838,8695.5,18,134,False,2,20230110,1,0.7
2553,54,1343.6953727506427,9219.885604113111,29,113,False,2,20230110,1,0.7
2554,55,1343.89588688946,9755.690231362469,11,13,False,2,20230110,1,0.7
2555,56,1343.399935856318,10291.597498396408,16,104,False,2,20230110,1,0.7
2556,57,1344.0824742268042,10828.067010309278,13,13,False,2,20230110,1,0.7
2557,58,1344.4319899244333,11374.568010075567,18,113,False,2,20230110,1,0.7
2558,59,1343.8859649122808,11903.690476190475,40,81,False,2,20230110,1,0.7
2559,60,1343.89588688946,12443.309768637531,33,78,False,2,20230110,1,0.7
2560,61,1343.89588688946,12971.690231362469,10,7,False,2,20230110,1,0.7
2561,62,1343.690476190476,13503.88596491228,16,15,False,2,20230110,1,0.7
2562,63,1343.8859649122808,14039.690476190475,9,13,False,2,20230110,1,0.7
2563,64,1343.4044703000611,14579.402020820577,18,127,True,2,20230110,1,0.7
2564,65,1343.6953727506427,15115.885604113111,13,118,False,2,20230110,1,0.7
2565,66,1343.690476190476,15647.88596491228,10,12,False,2,20230110,1,0.7
2566,67,1343.7884012539184,16191.788401253918,4,3,False,2,20230110,1,0.7
2567,68,1343.399935856318,16731.402501603592,23,119,False,2,20230110,1,0.7
2568,69,1343.6865030674846,17267.308588957054,38,111,False,2,20230110,1,0.7
2569,70,1343.5955296999389,17795.98009797918,36,128,False,2,20230110,1,0.7
2570,71,1343.5975609756097,18335.40243902439,20,121,False,2,20230110,1,0.7
2571,72,1343.5,18867.88235294117,33,146,True,2,20230110,1,0.7
2572,73,1343.5,19403.5,22,116,False,2,20230110,1,0.7
2573,74,1343.89588688946,19947.309768637533,19,13,False,2,20230110,1,0.7
2574,75,1344.0539215686274,20482.93137254902,25,205,True,2,20230110,1,0.7
2575,76,1344.1825499034128,21019.03122987765,29,104,False,2,20230110,1,0.7
2576,77,1786.8558696988323,928.6923786109404,11,110,False,2,20230110,1,0.7
2577,78,1786.6937984496124,1464.37338501292,11,7,False,2,20230110,1,0.7
2578,79,1786.9313725490197,2000.053921568628,2,3,False,2,20230110,1,0.7
2579,80,1787.2038895859473,2531.781053952321,6,5,False,2,20230110,1,0.7
2580,81,1786.442065491184,3068.3110831234258,7,5,False,2,20230110,1,0.7
2581,82,1787.970300061237,3608.149112063688,11,11,False,2,20230110,1,0.7
2582,83,1787.5979791794243,4135.967850581751,5,6,False,2,20230110,1,0.7
2583,84,1787.2204169221336,4679.772225628449,8,124,False,2,20230110,1,0.7
2584,85,1787.029699938763,5208.149112063687,18,108,False,2,20230110,1,0.7
2585,86,1787.882149591452,5748.053111250786,13,105,False,2,20230110,1,0.7
2586,87,1787.9753476611884,6276.870417193426,15,15,False,2,20230110,1,0.7
2587,88,1788.0700245700243,6816.055282555282,11,14,False,2,20230110,1,0.7
2588,89,1788.0686274509803,7352.053921568628,12,19,False,2,20230110,1,0.7
2589,90,1787.9066924066924,7887.685328185328,10,13,False,2,20230110,1,0.7
2590,91,1788.4214157168567,8427.5,6,7,False,2,20230110,1,0.7
2591,92,1788.8411003236247,8951.057281553398,12,134,False,2,20230110,1,0.7
2592,93,1788.9590264941469,9488.74460874923,19,17,False,2,20230110,1,0.7
2593,94,1788.5325752919484,10024.31868469576,4,3,False,2,20230110,1,0.7
2594,95,1789.3282890673256,10560.925571340333,4,150,False,2,20230110,1,0.7
2595,96,1788.2420706163973,11099.868641532015,14,123,False,2,20230110,1,0.7
2596,97,1788.1082474226805,11639.5,11,114,False,2,20230110,1,0.7
2597,98,1788.8382533825338,12175.657441574416,25,122,False,2,20230110,1,0.7
2598,99,1788.3636363636365,13236.671717171715,28,145,False,2,20230110,1,0.7
2599,100,1788.083280955374,13772.053111250783,12,17,False,2,20230110,1,0.7
2600,101,1788.26214511041,14308.5952681388,22,119,False,2,20230110,1,0.7
2601,102,1788.0925925925926,14851.5,20,129,False,2,20230110,1,0.7
2602,103,1787.887665198238,15380.240088105727,14,17,False,2,20230110,1,0.7
2603,104,1787.8779141104294,15920.24110429448,38,122,False,2,20230110,1,0.7
2604,105,1787.7886850152904,16463.409480122325,30,131,False,2,20230110,1,0.7
2605,106,1787.795739348371,16995.780701754386,20,133,False,2,20230110,1,0.7
2606,107,1787.9177131526767,17531.68506278916,23,121,False,2,20230110,1,0.7
2607,108,1787.7003757044458,18067.5,22,19,False,2,20230110,1,0.7
2608,109,1787.6027617212587,18599.59505459217,15,129,False,2,20230110,1,0.7
2609,110,1787.896238244514,19139.314420062696,9,7,False,2,20230110,1,0.7
2610,111,1788.4214157168567,19675.5,31,117,False,2,20230110,1,0.7
2611,112,1788.0925925925926,20211.5,13,111,False,2,20230110,1,0.7
2612,113,1788.083280955374,20754.94688874921,40,134,False,2,20230110,1,0.7
2613,114,1788.294468887492,21283.5,24,87,False,2,20230110,1,0.7
2614,115,1791.89588688946,12707.309768637531,13,118,False,2,20230110,1,0.7
2615,116,2231.304755944931,1199.5,4,3,False,2,20230110,1,0.7
2616,117,2231.6907151819323,1727.8764115432873,2,11,False,2,20230110,1,0.7
2617,118,2231.5,2263.5,13,18,False,2,20230110,1,0.7
2618,119,2231.5,2799.5,18,19,False,2,20230110,1,0.7
2619,120,2231.5,3335.5,8,20,False,2,20230110,1,0.7
2620,121,2231.5,3871.5,14,117,False,2,20230110,1,0.7
2621,122,2231.695244055069,4407.5,8,25,False,2,20230110,1,0.7
2622,123,2231.5,4943.5,13,19,False,2,20230110,1,0.7
2623,124,2231.5,5479.5,11,15,False,2,20230110,1,0.7
2624,125,2231.6000641436817,6011.402501603592,3,5,False,2,20230110,1,0.7
2625,126,2231.690476190476,6543.8859649122805,14,123,False,2,20230110,1,0.7
2626,127,2231.89588688946,7083.690231362468,13,28,False,2,20230110,1,0.7
2627,128,2232.077164366374,7623.5,11,29,False,2,20230110,1,0.7
2628,129,2231.8859649122805,8151.690476190476,7,17,False,2,20230110,1,0.7
2629,130,2232.1076618229854,8695.5,25,110,False,2,20230110,1,0.7
2630,131,2231.79543994862,9219.787732819525,23,200,True,2,20230110,1,0.7
2631,132,2232.182549903413,9755.968770122345,22,219,True,2,20230110,1,0.7
2632,133,2232.182549903413,10291.968770122345,21,119,False,2,20230110,1,0.7
2633,134,2232.082474226804,10828.067010309278,23,116,False,2,20230110,1,0.7
2634,135,2231.6902377972465,11375.304755944931,20,11,False,2,20230110,1,0.7
2635,136,2232.165411173886,11903.969554300063,21,24,False,2,20230110,1,0.7
2636,137,2231.7002567394097,12443.5,27,125,False,2,20230110,1,0.7
2637,138,2232.0817245817248,12972.06628056628,21,13,False,2,20230110,1,0.7
2638,139,2232.3332284455632,13504.529578351165,5,9,False,2,20230110,1,0.7
2639,140,2232.3332284455632,14040.529578351165,29,127,False,2,20230110,1,0.7
2640,141,2232.241104294478,14579.87791411043,21,15,False,2,20230110,1,0.7
2641,142,2232.0817245817248,15116.06628056628,26,145,False,2,20230110,1,0.7
2642,143,2231.9695543000626,15648.165411173886,21,126,False,2,20230110,1,0.7
2643,144,2231.8859649122805,16191.690476190475,29,129,False,2,20230110,1,0.7
2644,145,2231.7002567394097,16731.5,28,117,False,2,20230110,1,0.7
2645,146,2232.241104294478,17267.681595092025,23,121,False,2,20230110,1,0.7
2646,147,2232.053921568628,17796.06862745098,13,147,False,2,20230110,1,0.7
2647,148,2231.8859649122805,18335.69047619048,22,120,False,2,20230110,1,0.7
2648,149,2232.33629675046,18867.220416922133,23,121,False,2,20230110,1,0.7
2649,150,2231.79543994862,19403.787732819525,23,128,True,2,20230110,1,0.7
2650,151,2231.89588688946,19947.309768637533,38,113,False,2,20230110,1,0.7
2651,152,2232.33629675046,20483.220416922133,37,118,False,2,20230110,1,0.7
2652,153,2231.89588688946,21019.309768637533,40,101,False,2,20230110,1,0.7
2653,154,2674.93137254902,928.0539215686274,4,12,True,2,20230110,1,0.7
2654,155,2677.859493670886,1462.4012658227848,7,13,True,2,20230110,1,0.7
2655,156,2675.406919779547,1999.776791181874,19,28,True,2,20230110,1,0.7
2656,157,2674.90666247643,2531.489943431804,7,150,False,2,20230110,1,0.7
2657,158,2675.1173694147265,3068.04877281309,14,21,False,2,20230110,1,0.7
2658,159,2674.6416309012875,3607.7722256284487,6,135,False,2,20230110,1,0.7
2659,160,2678.221252257676,4135.150812763395,12,17,False,2,20230110,1,0.7
2660,161,2679.5,4679.5,17,124,False,2,20230110,1,0.7
2661,162,2678.2738452309536,5208.111877624475,15,25,False,2,20230110,1,0.7
2662,163,2679.5,5747.5,9,17,False,2,20230110,1,0.7
2663,164,2680.4987699877,6275.849323493235,9,19,False,2,20230110,1,0.7
2664,165,2679.882775119617,6815.5,23,28,False,2,20230110,1,0.7
2665,166,2680.2616766467067,7351.859281437126,7,6,False,2,20230110,1,0.7
2666,167,2680.236225087925,8427.317116060962,8,8,False,2,20230110,1,0.7
2667,168,2679.907035175879,8951.680904522613,13,19,False,2,20230110,1,0.7
2668,169,2679.211389385808,9487.774299344066,40,222,True,2,20230110,1,0.7
2669,170,2680.0693779904304,10024.04066985646,3,3,False,2,20230110,1,0.7
2670,171,2681.5253470126736,10560.709414604707,9,17,False,2,20230110,1,0.7
2671,172,2680.147574517826,11099.766510812393,17,24,False,2,20230110,1,0.7
2672,173,2680.1638705811865,12175.766027561414,15,22,False,2,20230110,1,0.7
2673,174,2680.093137254902,12707.5,21,146,False,2,20230110,1,0.7
2674,175,2680.0840490797545,13236.039877300613,17,175,True,2,20230110,1,0.7
2675,176,2679.796024464832,13771.774006116208,12,20,False,2,20230110,1,0.7
2676,177,2680.459409594096,14308.385608856088,24,126,False,2,20230110,1,0.7
2677,178,2679.896572827417,14851.681150550796,28,121,False,2,20230110,1,0.7
2678,179,2680.0840490797545,15380.039877300613,35,116,False,2,20230110,1,0.7
2679,180,2680.0693779904304,15920.04066985646,22,111,False,2,20230110,1,0.7
2680,181,2679.980573819486,16463.406754333533,30,119,False,2,20230110,1,0.7
2681,182,2679.896572827417,16995.681150550794,13,15,False,2,20230110,1,0.7
2682,183,2679.605602060528,17531.592723760463,23,118,False,2,20230110,1,0.7
2683,184,2679.9935543278084,18067.58348680172,21,100,False,2,20230110,1,0.7
2684,185,2679.80923947203,18599.42206159648,32,126,False,2,20230110,1,0.7
2685,186,2680.1876155268023,19139.214109673445,24,114,False,2,20230110,1,0.7
2686,187,2680.4227166276346,19675.5,43,119,False,2,20230110,1,0.7
2687,188,2679.700488997555,20211.5,43,113,False,2,20230110,1,0.7
2688,189,2679.7963870177587,20755.22565829761,44,107,False,2,20230110,1,0.7
2689,190,2680.093137254902,21283.5,30,103,False,2,20230110,1,0.7
2690,191,2683.602761721259,7887.595054592164,11,14,False,2,20230110,1,0.7
2691,192,2683.9025806451614,11639.5,9,5,False,2,20230110,1,0.7
2692,193,3130.359950859951,1199.5,6,5,False,2,20230110,1,0.7
2693,194,3125.668888888889,1728.9653968253967,12,8,False,2,20230110,1,0.7
2694,195,3131.397238278741,2263.5950545921646,6,8,False,2,20230110,1,0.7
2695,196,3127.2105097545627,2799.7794210195093,6,16,False,2,20230110,1,0.7
2696,197,3129.775092936803,3336.6995043370507,19,24,False,2,20230110,1,0.7
2697,198,3131.397238278741,3871.5950545921646,4,11,False,2,20230110,1,0.7
2698,199,3130.726600985221,4406.869458128079,1,0,False,2,20230110,1,0.7
2699,200,3130.9945196647323,4943.595422308188,7,141,False,2,20230110,1,0.7
2700,201,3131.402260232132,5479.404703726329,14,16,False,2,20230110,1,0.7
2701,202,3131.203889585948,6011.781053952322,5,7,False,2,20230110,1,0.7
2702,203,3131.1220858895704,6544.241104294479,15,25,False,2,20230110,1,0.7
2703,204,3131.6001251564458,7083.595118898624,21,28,False,2,20230110,1,0.7
2704,205,3131.5,7623.127450980392,7,14,False,2,20230110,1,0.7
2705,206,3131.5,8151.872549019607,13,30,False,2,20230110,1,0.7
2706,207,3131.5,8695.309768637531,24,119,False,2,20230110,1,0.7
2707,208,3131.6956112852663,9219.876175548588,21,161,True,2,20230110,1,0.7
2708,209,3131.7961104140527,9755.781053952322,22,207,True,2,20230110,1,0.7
2709,210,3131.7961104140527,10291.781053952322,9,14,False,2,20230110,1,0.7
2710,211,3131.5,10828.06246076585,15,28,False,2,20230110,1,0.7
2711,212,3131.779926335175,11374.854205033764,17,25,False,2,20230110,1,0.7
2712,213,3131.6909424724604,11903.686046511628,10,26,False,2,20230110,1,0.7
2713,214,3131.6002506265663,12443.40476190476,13,154,False,2,20230110,1,0.7
2714,215,3131.7961104140527,12971.781053952322,12,162,False,2,20230110,1,0.7
2715,216,3131.7795830778664,13504.33629675046,13,18,False,2,20230110,1,0.7
2716,217,3131.7795830778664,14040.33629675046,37,128,False,2,20230110,1,0.7
2717,218,3131.960431654676,14579.960431654676,10,18,False,2,20230110,1,0.7
2718,219,3131.6956112852663,15115.876175548588,20,123,False,2,20230110,1,0.7
2719,220,3131.5,15648.063035495716,10,168,False,2,20230110,1,0.7
2720,221,3131.8823529411766,16191.5,21,133,False,2,20230110,1,0.7
2721,222,3131.5,16731.30964308078,13,131,False,2,20230110,1,0.7
2722,223,3131.6862686567165,17267.313731343285,17,139,False,2,20230110,1,0.7
2723,224,3131.313953488372,17795.68604651163,10,14,False,2,20230110,1,0.7
2724,225,3131.6909424724604,18335.31395348837,18,113,False,2,20230110,1,0.7
2725,226,3131.68671454219,18867.68671454219,21,23,False,2,20230110,1,0.7
2726,227,3131.700375704446,19403.5,31,110,False,2,20230110,1,0.7
2727,228,3131.5,19947.5,28,144,False,2,20230110,1,0.7
2728,229,3131.782634730539,20482.661676646705,18,118,False,2,20230110,1,0.7
2729,230,3131.7961104140527,21019.21894604768,23,118,False,2,20230110,1,0.7
2730,231,3570.6416309012875,927.7722256284488,3,1,False,2,20230110,1,0.7
2731,232,3571.5,1463.5,20,120,False,2,20230110,1,0.7
2732,233,3569.9433497536947,2000.5147783251232,8,8,False,2,20230110,1,0.7
2733,234,3571.3043887147337,2531.1238244514107,10,10,False,2,20230110,1,0.7
2734,235,3571.8962382445143,3067.6855799373043,14,21,False,2,20230110,1,0.7
2735,236,3571.5,3607.309523809524,8,11,False,2,20230110,1,0.7
2736,237,3571.597620500305,4135.595179987798,6,14,False,2,20230110,1,0.7
2737,238,3571.5,4679.5,22,87,False,2,20230110,1,0.7
2738,239,3571.88630806846,5207.6858190709045,17,162,False,2,20230110,1,0.7
2739,240,3571.7961104140527,5747.590338770389,8,15,False,2,20230110,1,0.7
2740,241,3571.8962382445143,6275.314420062696,12,17,False,2,20230110,1,0.7
2741,242,3571.69536019536,6815.5,6,11,False,2,20230110,1,0.7
2742,243,3572.166258420086,7351.041947336191,34,46,True,2,20230110,1,0.7
2743,244,3571.7056555269924,7887.5,3,5,False,2,20230110,1,0.7
2744,245,3572.5167865707435,8427.404076738609,18,31,False,2,20230110,1,0.7
2745,246,3571.9066924066924,8951.685328185327,10,109,False,2,20230110,1,0.7
2746,247,3572.260736196319,9487.86809815951,21,189,True,2,20230110,1,0.7
2747,248,3572.260736196319,10023.86809815951,25,166,True,2,20230110,1,0.7
2748,249,3572.0686274509803,10560.053921568628,13,163,False,2,20230110,1,0.7
2749,250,3574.511180124224,11097.66645962733,9,15,False,2,20230110,1,0.7
2750,251,3572.00998068255,11639.404700579524,15,119,False,2,20230110,1,0.7
2751,252,3572.3583690987125,12175.227774371551,16,124,False,2,20230110,1,0.7
2752,253,3572.0925925925926,12707.5,21,167,False,2,20230110,1,0.7
2753,254,3572.0825486503454,13236.052416823602,15,20,False,2,20230110,1,0.7
2754,255,3571.8962382445143,13771.685579937304,15,139,False,2,20230110,1,0.7
2755,256,3572.183417085427,14307.957286432162,14,20,False,2,20230110,1,0.7
2756,257,3571.700375704446,14851.5,17,25,False,2,20230110,1,0.7
2757,258,3572.183417085427,15379.957286432162,9,139,False,2,20230110,1,0.7
2758,259,3572.3583690987125,15919.772225628449,25,129,False,2,20230110,1,0.7
2759,260,3571.88630806846,16463.314180929094,4,7,False,2,20230110,1,0.7
2760,261,3572.0925925925926,16995.5,28,129,False,2,20230110,1,0.7
2761,262,3571.6055408970974,17531.594986807388,11,19,False,2,20230110,1,0.7
2762,263,3571.6001251564458,18067.40488110137,17,126,False,2,20230110,1,0.7
2763,264,3571.602761721259,18599.59505459217,14,23,False,2,20230110,1,0.7
2764,265,3572.0925925925926,19139.5,16,128,False,2,20230110,1,0.7
2765,266,3572.5167865707435,19675.59592326139,31,116,False,2,20230110,1,0.7
2766,267,3572.0925925925926,20211.5,24,143,False,2,20230110,1,0.7
2767,268,3572.183417085427,20755.04271356784,16,123,False,2,20230110,1,0.7
2768,269,3572.0925925925926,21283.5,17,119,False,2,20230110,1,0.7
2769,270,4023.1235884567127,1199.1135508155585,22,114,False,2,20230110,1,0.7
2770,271,4023.4024390243903,1727.5975609756097,11,13,False,2,20230110,1,0.7
2771,272,4023.5,2263.5,13,165,False,2,20230110,1,0.7
2772,273,4023.5,2799.304755944931,7,24,False,2,20230110,1,0.7
2773,274,4023.22057898049,3335.7794210195093,10,145,False,2,20230110,1,0.7
2774,275,4023.6026991441736,3871.597432521396,14,14,False,2,20230110,1,0.7
2775,276,4023.6911949685536,4407.308805031446,17,18,False,2,20230110,1,0.7
2776,277,4023.3973008558255,4943.597432521396,9,22,False,2,20230110,1,0.7
2777,278,4023.690476190476,5479.11403508772,4,9,False,2,20230110,1,0.7
2778,279,4023.6000641436817,6011.597498396408,3,8,False,2,20230110,1,0.7
2779,280,4023.690476190476,6543.8859649122805,15,134,False,2,20230110,1,0.7
2780,281,4023.7002567394097,7083.5,10,24,False,2,20230110,1,0.7
2781,282,4023.7884012539184,7623.211598746081,8,21,False,2,20230110,1,0.7
2782,283,4023.885964912281,8151.690476190476,5,159,False,2,20230110,1,0.7
2783,284,4023.6026991441736,8695.402567478604,22,153,False,2,20230110,1,0.7
2784,285,4023.7954399486193,9219.787732819525,19,32,False,2,20230110,1,0.7
2785,286,4023.89588688946,9755.690231362469,6,18,False,2,20230110,1,0.7
2786,287,4023.89588688946,10291.690231362469,20,29,False,2,20230110,1,0.7
2787,288,4023.6953727506425,10827.885604113111,15,131,False,2,20230110,1,0.7
2788,289,4023.7884012539184,11375.211598746082,20,123,False,2,20230110,1,0.7
2789,290,4023.885964912281,11903.690476190475,10,142,False,2,20230110,1,0.7
2790,291,4023.7002567394097,12443.5,16,26,False,2,20230110,1,0.7
2791,292,4023.7954399486193,12971.787732819525,10,21,False,2,20230110,1,0.7
2792,293,4023.969554300063,13504.165411173886,19,22,False,2,20230110,1,0.7
2793,294,4023.885964912281,14039.690476190475,24,140,False,2,20230110,1,0.7
2794,295,4023.87652811736,14579.690709046456,5,116,False,2,20230110,1,0.7
2795,296,4023.7954399486193,15115.787732819525,16,28,False,2,20230110,1,0.7
2796,297,4023.5975609756097,15647.40243902439,7,19,False,2,20230110,1,0.7
2797,298,4023.5,16191.5,14,21,False,2,20230110,1,0.7
2798,299,4023.6000641436817,16731.402501603592,17,144,False,2,20230110,1,0.7
2799,300,4023.4048200122015,17267.402379499694,14,16,False,2,20230110,1,0.7
2800,301,4024.053921568628,17796.06862745098,18,26,False,2,20230110,1,0.7
2801,302,4023.695244055069,18335.5,18,140,False,2,20230110,1,0.7
2802,303,4023.5,18867.5,21,22,False,2,20230110,1,0.7
2803,304,4023.6000641436817,19403.597498396408,18,114,False,2,20230110,1,0.7
2804,305,4023.89588688946,19947.309768637533,16,120,False,2,20230110,1,0.7
2805,306,4023.314180929096,20483.11369193154,14,128,False,2,20230110,1,0.7
2806,307,4023.6000641436817,21019.402501603592,20,119,False,2,20230110,1,0.7
2807,308,4467.308588957055,927.6865030674846,5,126,False,2,20230110,1,0.7
2808,309,4467.6027617212585,1463.5950545921644,1,2,True,2,20230110,1,0.7
2809,310,4467.69094247246,1999.686046511628,4,4,False,2,20230110,1,0.7
2810,311,4467.5,2531.5,13,19,False,2,20230110,1,0.7
2811,312,4467.103264281231,3067.133396107972,13,19,False,2,20230110,1,0.7
2812,313,4467.597620500305,3607.5951799877976,15,25,False,2,20230110,1,0.7
2813,314,4468.0700245700245,4135.490171990172,15,13,False,2,20230110,1,0.7
2814,315,4467.790461538461,4678.6704615384615,13,22,False,2,20230110,1,0.7
2815,316,4467.220416922134,5207.772225628449,9,11,False,2,20230110,1,0.7
2816,317,4467.600250626567,5747.4047619047615,6,11,False,2,20230110,1,0.7
2817,318,4467.695611285267,6275.876175548589,19,120,False,2,20230110,1,0.7
2818,319,4468.067931456549,6814.9467564259485,11,20,False,2,20230110,1,0.7
2819,320,4467.69094247246,7351.686046511628,8,6,False,2,20230110,1,0.7
2820,321,4467.705655526992,7887.5,8,160,False,2,20230110,1,0.7
2821,322,4467.9604316546765,8427.039568345324,3,9,False,2,20230110,1,0.7
2822,323,4467.803536977492,8951.78038585209,14,21,True,2,20230110,1,0.7
2823,324,4467.779926335175,9488.145794966236,6,10,False,2,20230110,1,0.7
2824,325,4467.970876762723,10023.958614347026,16,22,False,2,20230110,1,0.7
2825,326,4467.779926335175,10560.145794966236,7,19,False,2,20230110,1,0.7
2826,327,4467.773709483794,11099.773709483794,16,133,False,2,20230110,1,0.7
2827,328,4467.705655526992,11639.5,17,18,False,2,20230110,1,0.7
2828,329,4467.691411042945,12175.313496932517,8,17,False,2,20230110,1,0.7
2829,330,4467.992462311558,12707.404522613066,4,8,False,2,20230110,1,0.7
2830,331,4467.982412060302,13236.14824120603,19,22,False,2,20230110,1,0.7
2831,332,4467.695611285267,13771.876175548588,19,23,False,2,20230110,1,0.7
2832,333,4467.78679245283,14308.335220125786,7,7,False,2,20230110,1,0.7
2833,334,4467.700375704446,14851.5,18,140,False,2,20230110,1,0.7
2834,335,4467.695611285267,15379.876175548588,9,12,False,2,20230110,1,0.7
2835,336,4467.69094247246,15919.686046511628,14,25,False,2,20230110,1,0.7
2836,337,4467.597979179424,16463.03214941825,25,166,False,2,20230110,1,0.7
2837,338,4467.796110414053,16995.590338770387,6,13,False,2,20230110,1,0.7
2838,339,4467.812169312169,17531.589947089946,17,22,False,2,20230110,1,0.7
2839,340,4467.304143126177,18067.314187068423,17,195,True,2,20230110,1,0.7
2840,341,4467.6027617212585,18599.59505459217,18,193,True,2,20230110,1,0.7
2841,342,4467.992462311558,19139.59547738693,8,16,False,2,20230110,1,0.7
2842,343,4467.9604316546765,19675.586330935253,29,119,False,2,20230110,1,0.7
2843,344,4467.992462311558,20211.404522613066,10,15,False,2,20230110,1,0.7
2844,345,4467.695611285267,20755.87617554859,16,115,False,2,20230110,1,0.7
2845,346,4467.600250626567,21283.404761904763,16,110,False,2,20230110,1,0.7
2846,347,4910.279048765804,1198.8762793497892,13,6,False,2,20230110,1,0.7
2847,348,4909.975961538462,1726.3557692307693,8,18,False,2,20230110,1,0.7
2848,349,4911.294228356336,2263.5,19,10,False,2,20230110,1,0.7
2849,350,4910.738323353294,2799.859281437126,7,21,False,2,20230110,1,0.7
2850,351,4910.551497005988,3335.32754491018,5,15,False,2,20230110,1,0.7
2851,352,4911.092964824121,3871.680904522613,11,24,True,2,20230110,1,0.7
2852,353,4911.308383233533,4407.317964071856,21,38,True,2,20230110,1,0.7
2853,354,4911.298994974874,4943.133165829146,16,132,False,2,20230110,1,0.7
2854,355,4911.308841099164,5479.318399044206,6,19,False,2,20230110,1,0.7
2855,356,4911.696078431372,6011.318627450981,7,24,False,2,20230110,1,0.7
2856,357,4911.308383233533,6543.682035928144,6,8,False,2,20230110,1,0.7
2857,358,4911.796387017759,7083.225658297612,9,15,False,2,20230110,1,0.7
2858,359,4912.070743405276,7622.958033573142,7,18,False,2,20230110,1,0.7
2859,360,4911.5,8151.5,18,132,False,2,20230110,1,0.7
2860,361,4911.5,8694.951572327043,17,148,False,2,20230110,1,0.7
2861,362,4911.696078431372,9219.68137254902,22,17,True,2,20230110,1,0.7
2862,363,4911.69656019656,9755.681818181818,10,15,False,2,20230110,1,0.7
2863,364,4911.5,10291.863190184047,8,14,False,2,20230110,1,0.7
2864,365,4911.5,10827.863190184047,30,234,True,2,20230110,1,0.7
2865,366,4911.5,11374.602040816326,10,20,True,2,20230110,1,0.7
2866,367,4911.780407429598,11902.869682444578,29,127,False,2,20230110,1,0.7
2867,368,4911.600551808707,12443.043838136113,5,17,False,2,20230110,1,0.7
2868,369,4911.696078431372,12971.68137254902,13,18,False,2,20230110,1,0.7
2869,370,4911.780407429598,13504.130317555422,14,121,False,2,20230110,1,0.7
2870,371,4911.780407429598,14040.130317555422,7,10,False,2,20230110,1,0.7
2871,372,4911.774165202109,14579.232864674868,14,23,False,2,20230110,1,0.7
2872,373,4911.696078431372,15115.68137254902,22,25,False,2,20230110,1,0.7
2873,374,4911.780407429598,15648.130317555422,8,12,False,2,20230110,1,0.7
2874,375,4911.5,16191.136363636364,26,18,False,2,20230110,1,0.7
2875,376,4911.5,16731.5,7,20,False,2,20230110,1,0.7
2876,377,4911.869158878505,17266.77570093458,11,21,False,2,20230110,1,0.7
2877,378,4911.877182770663,17795.681606519207,11,13,False,2,20230110,1,0.7
2878,379,4912.261676646706,18335.32754491018,4,5,False,2,20230110,1,0.7
2879,380,4912.056725146199,18867.49064327485,18,117,False,2,20230110,1,0.7
2880,381,4911.696078431372,19403.68137254902,26,105,False,2,20230110,1,0.7
2881,382,4911.796387017759,19947.22565829761,29,122,False,2,20230110,1,0.7
2882,383,4911.961088355763,20483.050614394386,31,114,False,2,20230110,1,0.7
2883,384,4911.888206388207,21018.77764127764,27,108,False,2,20230110,1,0.7
2884,385,5354.359950859951,927.5,2,1,False,2,20230110,1,0.7
2885,386,5355.3972382787415,1463.4049454078356,6,9,False,2,20230110,1,0.7
2886,387,5354.355036855037,1999.8341523341523,3,9,False,2,20230110,1,0.7
2887,388,5355.103761755486,2531.314420062696,12,13,False,2,20230110,1,0.7
2888,389,5355.299624295554,3067.5,14,121,False,2,20230110,1,0.7
2889,390,5355.5,3607.309523809524,26,157,False,2,20230110,1,0.7
2890,391,5355.5,4135.5,15,19,True,2,20230110,1,0.7
2891,392,5355.87791411043,4678.758895705521,12,25,False,2,20230110,1,0.7
2892,393,5355.69094247246,5207.313953488372,22,164,False,2,20230110,1,0.7
2893,394,5355.695611285267,5747.123824451411,16,12,False,2,20230110,1,0.7
2894,395,5355.600250626567,6275.4047619047615,10,11,False,2,20230110,1,0.7
2895,396,5355.5,6815.1274509803925,13,13,False,2,20230110,1,0.7
2896,397,5355.597739767868,7351.404703726329,8,13,False,2,20230110,1,0.7
2897,398,5355.6027617212585,7887.404945407836,23,21,False,2,20230110,1,0.7
2898,399,5355.868641532017,8426.757929383602,16,18,False,2,20230110,1,0.7
2899,400,5355.6027617212585,8951.595054592164,12,15,False,2,20230110,1,0.7
2900,401,5355.69094247246,9487.686046511628,24,164,False,2,20230110,1,0.7
2901,402,5355.882352941177,10023.5,20,21,False,2,20230110,1,0.7
2902,403,5355.788685015291,10559.781345565749,6,3,False,2,20230110,1,0.7
2903,404,5355.87298266587,11099.5,21,114,False,2,20230110,1,0.7
2904,405,5355.803536977492,11639.21961414791,9,9,False,2,20230110,1,0.7
2905,406,5355.788685015291,12175.218654434251,17,24,False,2,20230110,1,0.7
2906,407,5355.796110414053,12707.218946047678,12,25,False,2,20230110,1,0.7
2907,408,5355.896238244514,13235.685579937304,11,20,False,2,20230110,1,0.7
2908,409,5355.700375704446,13771.5,16,147,False,2,20230110,1,0.7
2909,410,5355.796110414053,14307.781053952322,25,182,False,2,20230110,1,0.7
2910,411,5355.600125156446,14851.404881101376,6,10,False,2,20230110,1,0.7
2911,412,5355.700375704446,15379.5,13,157,False,2,20230110,1,0.7
2912,413,5355.88630806846,15919.685819070904,16,166,False,2,20230110,1,0.7
2913,414,5355.5,16462.936964504283,6,5,False,2,20230110,1,0.7
2914,415,5355.896238244514,16995.314420062696,16,135,False,2,20230110,1,0.7
2915,416,5355.917713152677,17531.31493721084,9,149,False,2,20230110,1,0.7
2916,417,5355.795739348371,18067.21929824561,6,4,False,2,20230110,1,0.7
2917,418,5355.6027617212585,18599.59505459217,14,137,False,2,20230110,1,0.7
2918,419,5355.700375704446,19139.5,21,138,False,2,20230110,1,0.7
2919,420,5355.968339307049,19675.40442054958,13,114,False,2,20230110,1,0.7
2920,421,5355.600125156446,20211.40488110137,32,110,False,2,20230110,1,0.7
2921,422,5355.795739348371,20755.21929824561,10,115,False,2,20230110,1,0.7
2922,423,5355.700375704446,21283.5,18,95,False,2,20230110,1,0.7
2923,424,5806.541916167665,1199.3179640718563,10,7,True,2,20230110,1,0.7
2924,425,5806.328331332533,1727.2454981992796,3,6,False,2,20230110,1,0.7
2925,426,5806.901257861635,2262.9616352201256,13,122,False,2,20230110,1,0.7
2926,427,5807.019426180514,2799.4067543335327,9,16,False,2,20230110,1,0.7
2927,428,5807.204504504504,3335.262162162162,8,7,False,2,20230110,1,0.7
2928,429,5807.705771643664,3871.5,7,12,False,2,20230110,1,0.7
2929,430,5807.308383233533,4407.317964071856,11,13,False,2,20230110,1,0.7
2930,431,5807.397049591965,4943.407093534212,10,15,False,2,20230110,1,0.7
2931,432,5807.5,5479.136363636364,16,32,True,2,20230110,1,0.7
2932,433,5807.5,6011.5,21,18,True,2,20230110,1,0.7
2933,434,5807.317964071856,6544.223353293413,11,12,False,2,20230110,1,0.7
2934,435,5807.303921568628,7083.318627450981,7,11,False,2,20230110,1,0.7
2935,436,5807.5,7623.136363636364,8,119,False,2,20230110,1,0.7
2936,437,5807.5,8151.5,22,118,False,2,20230110,1,0.7
2937,438,5807.5,8694.951572327043,13,119,False,2,20230110,1,0.7
2938,439,5807.399448191293,9219.956161863887,22,103,False,2,20230110,1,0.7
2939,440,5807.303921568628,9755.68137254902,20,135,False,2,20230110,1,0.7
2940,441,5807.5,10291.863190184047,23,114,False,2,20230110,1,0.7
2941,442,5807.5,10827.863190184047,14,13,False,2,20230110,1,0.7
2942,443,5807.5,11374.602040816326,10,21,True,2,20230110,1,0.7
2943,444,5807.691616766467,11903.317964071855,13,124,False,2,20230110,1,0.7
2944,445,5807.600551808707,12443.043838136113,12,29,False,2,20230110,1,0.7
2945,446,5807.696078431372,12971.68137254902,1,4,False,2,20230110,1,0.7
2946,447,5807.5,13503.863636363636,12,30,False,2,20230110,1,0.7
2947,448,5807.780407429598,14040.130317555422,12,11,False,2,20230110,1,0.7
2948,449,5807.5,14579.5,11,26,False,2,20230110,1,0.7
2949,450,5807.5,15115.5,14,31,False,2,20230110,1,0.7
2950,451,5807.308383233533,15647.682035928145,23,19,True,2,20230110,1,0.7
2951,452,5807.219592570402,16190.869682444578,19,168,False,2,20230110,1,0.7
2952,453,5807.203975535168,16731.225993883792,16,17,False,2,20230110,1,0.7
2953,454,5808.315897136177,17266.518118059616,22,38,False,2,20230110,1,0.7
2954,455,5807.5,17795.5,4,2,False,2,20230110,1,0.7
2955,456,5807.598027495517,18335.04333532576,17,21,False,2,20230110,1,0.7
2956,457,5807.686915887851,18867.317757009347,16,148,False,2,20230110,1,0.7
2957,458,5807.399694189602,19403.59296636085,7,7,False,2,20230110,1,0.7
2958,459,5807.600551808707,19947.04383813612,10,21,False,2,20230110,1,0.7
2959,460,5807.322429906542,20482.59813084112,18,15,False,2,20230110,1,0.7
2960,461,5807.600551808707,21019.04383813612,27,103,False,2,20230110,1,0.7
2961,462,6248.491920447483,929.41671845867,9,7,True,2,20230110,1,0.7
2962,463,6250.684516129032,1463.5,9,5,True,2,20230110,1,0.7
2963,464,6250.062461538461,1999.2710769230769,12,11,True,2,20230110,1,0.7
2964,465,6246.90797940798,2531.5,7,2,False,2,20230110,1,0.7
2965,466,6251.103761755486,3067.6855799373043,5,3,False,2,20230110,1,0.7
2966,467,6251.402379499695,3607.4048200122015,6,125,False,2,20230110,1,0.7
2967,468,6251.30905752754,4135.686046511628,7,5,False,2,20230110,1,0.7
2968,469,6251.788685015291,4679.21865443425,6,6,False,2,20230110,1,0.7
2969,470,6251.882352941177,5207.5,9,9,False,2,20230110,1,0.7
2970,471,6251.600250626567,5747.4047619047615,17,21,True,2,20230110,1,0.7
2971,472,6251.600250626567,6275.595238095239,0,0,False,2,20230110,1,0.7
2972,473,6251.5,6815.1274509803925,6,120,False,2,20230110,1,0.7
2973,474,6251.5,7351.5,7,3,False,2,20230110,1,0.7
2974,475,6251.6027617212585,7887.404945407836,2,3,False,2,20230110,1,0.7
2975,476,6251.773053892216,8426.853293413174,3,2,False,2,20230110,1,0.7
2976,477,6251.5,8951.690231362469,14,187,True,2,20230110,1,0.7
2977,478,6251.5,9487.872549019608,22,219,True,2,20230110,1,0.7
2978,479,6251.5,10023.872549019608,7,106,False,2,20230110,1,0.7
2979,480,6251.69094247246,10559.686046511628,9,5,False,2,20230110,1,0.7
2980,481,6251.87298266587,11099.5,6,4,False,2,20230110,1,0.7
2981,482,6251.6027617212585,11639.404945407836,11,109,False,2,20230110,1,0.7
2982,483,6251.597979179424,12175.032149418248,9,123,False,2,20230110,1,0.7
2983,484,6251.796110414053,12707.218946047678,8,8,False,2,20230110,1,0.7
2984,485,6251.896238244514,13235.685579937304,14,9,False,2,20230110,1,0.7
2985,486,6251.600125156446,13771.595118898624,15,12,False,2,20230110,1,0.7
2986,487,6251.795739348371,14307.780701754386,32,88,False,2,20230110,1,0.7
2987,488,6251.5,14851.309643080776,9,118,False,2,20230110,1,0.7
2988,489,6251.600250626567,15379.40476190476,23,117,False,2,20230110,1,0.7
2989,490,6251.5,15919.5,19,113,False,2,20230110,1,0.7
2990,491,6251.5,16462.389434889436,17,128,False,2,20230110,1,0.7
2991,492,6251.5,16995.30964308078,17,116,False,2,20230110,1,0.7
2992,493,6251.605540897098,17531.405013192612,10,6,False,2,20230110,1,0.7
2993,494,6251.5,18066.93753923415,18,133,False,2,20230110,1,0.7
2994,495,6251.5,18599.5,8,139,False,2,20230110,1,0.7
2995,496,6251.5,19139.30964308078,26,112,False,2,20230110,1,0.7
2996,497,6251.5,19675.12701733413,17,114,False,2,20230110,1,0.7
2997,498,6251.5,20211.30964308078,7,2,False,2,20230110,1,0.7
2998,499,6251.399874843554,20755.40488110137,33,98,False,2,20230110,1,0.7
2999,500,6251.600250626567,21283.404761904763,11,87,False,2,20230110,1,0.7
1500,1,899.004835589942,1464.1473243068988,2,0,False,0,20221101,1,0.75
1501,2,898.7570725707257,2000.5971709717096,0,0,False,0,20221101,1,0.75
1502,3,899.2132075471698,2532.3352201257862,0,0,False,0,20221101,1,0.75
1503,4,899.2132075471698,3068.3352201257862,1,2,False,0,20221101,1,0.75
1504,5,899.4020208205757,3607.967850581752,0,0,False,0,20221101,1,0.75
1505,6,899.2204169221336,4136.33629675046,0,0,False,0,20221101,1,0.75
1506,7,899.4020208205757,4679.967850581751,1,0,False,0,20221101,1,0.75
1507,8,899.7795830778664,5208.33629675046,0,0,False,0,20221101,1,0.75
1508,9,899.6956112852664,5747.876175548589,1,0,False,0,20221101,1,0.75
1509,10,899.204260651629,6275.7807017543855,0,0,False,0,20221101,1,0.75
1510,11,899.8779141104294,6816.241104294479,1,76,False,0,20221101,1,0.75
1511,12,900.0686274509804,7352.053921568628,2,0,False,0,20221101,1,0.75
1512,13,900.3051612903225,7887.866451612903,2,1,False,0,20221101,1,0.75
1513,14,900.6003003003003,8428.206306306307,1,0,False,0,20221101,1,0.75
1514,15,900.0979381443299,8952.051546391753,0,0,False,0,20221101,1,0.75
1515,16,900.2429274292743,9488.59717097171,0,0,False,0,20221101,1,0.75
1516,17,901.4233621755252,10024.187268232386,0,0,False,0,20221101,1,0.75
1517,18,901.0743368291178,10560.657310302282,0,0,False,0,20221101,1,0.75
1518,19,900.5989802039592,11100.224655068989,0,0,False,0,20221101,1,0.75
1519,20,899.7005141388174,11639.690231362469,0,0,False,0,20221101,1,0.75
1520,21,901.428306551298,12176.889369592089,0,2,False,0,20221101,1,0.75
1521,22,900.3805031446541,12707.771698113207,3,1,False,0,20221101,1,0.75
1522,23,900.3564231738035,13236.502518891688,6,83,False,0,20221101,1,0.75
1523,24,899.9824120603015,13772.14824120603,2,0,False,0,20221101,1,0.75
1524,25,900.1607818411097,14308.690416141237,2,2,False,0,20221101,1,0.75
1525,26,899.896238244514,14851.685579937304,3,3,False,0,20221101,1,0.75
1526,27,899.9824120603015,15380.14824120603,0,0,False,0,20221101,1,0.75
1527,28,899.7795830778664,15920.33629675046,1,0,False,0,20221101,1,0.75
1528,29,899.6909424724602,16463.68604651163,1,0,False,0,20221101,1,0.75
1529,30,899.6956112852664,16995.87617554859,3,0,False,0,20221101,1,0.75
1530,31,899.6055408970976,17531.594986807388,1,2,False,0,20221101,1,0.75
1531,32,899.5,18067.5,0,0,False,0,20221101,1,0.75
1532,33,899.5,18599.690231362467,2,0,False,0,20221101,1,0.75
1533,34,899.6002506265664,19139.404761904763,6,4,False,0,20221101,1,0.75
1534,35,900.1467065868263,19675.226946107785,6,2,False,0,20221101,1,0.75
1535,36,900.0925925925926,20211.5,1,0,False,0,20221101,1,0.75
1536,37,900.1842767295598,20754.86603773585,3,1,False,0,20221101,1,0.75
1537,38,903.89588688946,21283.309768637533,4,34,True,0,20221101,1,0.75
1538,39,1342.8345888261142,1199.9695543000628,0,0,False,0,20221101,1,0.75
1539,40,1343.293710691824,1728.4610062893082,0,0,False,0,20221101,1,0.75
1540,41,1343.1967699406723,2263.78740936058,1,0,False,0,20221101,1,0.75
1541,42,1343.2115987460816,2799.7884012539184,0,0,False,0,20221101,1,0.75
1542,43,1343.211959924859,3335.788040075141,1,1,False,0,20221101,1,0.75
1543,44,1343.5,3871.694993412385,0,1,False,0,20221101,1,0.75
1544,45,1343.5,4407.6952440550685,1,0,False,0,20221101,1,0.75
1545,46,1343.5,4943.5,0,0,False,0,20221101,1,0.75
1546,47,1343.5975609756097,5479.59756097561,0,0,False,0,20221101,1,0.75
1547,48,1343.5951768488746,6011.788102893891,2,2,False,0,20221101,1,0.75
1548,49,1343.7790697674418,6544.357322438717,0,0,False,0,20221101,1,0.75
1549,50,1343.7002567394095,7083.5,0,0,False,0,20221101,1,0.75
1550,51,1344.0771643663738,7623.5,0,0,False,0,20221101,1,0.75
1551,52,1343.7884012539184,8151.788401253919,2,0,True,0,20221101,1,0.75
1552,53,1343.705533596838,8695.5,2,2,False,0,20221101,1,0.75
1553,54,1343.6953727506427,9219.885604113111,2,1,False,0,20221101,1,0.75
1554,55,1343.89588688946,9755.690231362469,3,1,False,0,20221101,1,0.75
1555,56,1343.399935856318,10291.597498396408,2,3,False,0,20221101,1,0.75
1556,57,1344.0824742268042,10828.067010309278,1,1,False,0,20221101,1,0.75
1557,58,1344.4319899244333,11374.568010075567,0,0,False,0,20221101,1,0.75
1558,59,1343.8859649122808,11903.690476190475,0,0,True,0,20221101,1,0.75
1559,60,1343.89588688946,12443.309768637531,0,0,False,0,20221101,1,0.75
1560,61,1343.89588688946,12971.690231362469,1,2,False,0,20221101,1,0.75
1561,62,1343.690476190476,13503.88596491228,0,0,False,0,20221101,1,0.75
1562,63,1343.8859649122808,14039.690476190475,1,0,False,0,20221101,1,0.75
1563,64,1343.4044703000611,14579.402020820577,2,3,False,0,20221101,1,0.75
1564,65,1343.6953727506427,15115.885604113111,4,1,False,0,20221101,1,0.75
1565,66,1343.690476190476,15647.88596491228,1,2,False,0,20221101,1,0.75
1566,67,1343.7884012539184,16191.788401253918,3,4,False,0,20221101,1,0.75
1567,68,1343.399935856318,16731.402501603592,1,1,False,0,20221101,1,0.75
1568,69,1343.6865030674846,17267.308588957054,2,5,False,0,20221101,1,0.75
1569,70,1343.5955296999389,17795.98009797918,9,1,True,0,20221101,1,0.75
1570,71,1343.5975609756097,18335.40243902439,4,1,True,0,20221101,1,0.75
1571,72,1343.5,18867.88235294117,5,4,False,0,20221101,1,0.75
1572,73,1343.5,19403.5,7,6,False,0,20221101,1,0.75
1573,74,1343.89588688946,19947.309768637533,6,1,False,0,20221101,1,0.75
1574,75,1344.0539215686274,20482.93137254902,2,6,False,0,20221101,1,0.75
1575,76,1344.1825499034128,21019.03122987765,1,0,False,0,20221101,1,0.75
1576,77,1786.8558696988323,928.6923786109404,0,0,False,0,20221101,1,0.75
1577,78,1786.6937984496124,1464.37338501292,2,1,False,0,20221101,1,0.75
1578,79,1786.9313725490197,2000.053921568628,2,1,False,0,20221101,1,0.75
1579,80,1787.2038895859473,2531.781053952321,0,0,False,0,20221101,1,0.75
1580,81,1786.442065491184,3068.3110831234258,1,0,False,0,20221101,1,0.75
1581,82,1787.970300061237,3608.149112063688,0,0,False,0,20221101,1,0.75
1582,83,1787.5979791794243,4135.967850581751,0,0,False,0,20221101,1,0.75
1583,84,1787.2204169221336,4679.772225628449,0,0,False,0,20221101,1,0.75
1584,85,1787.029699938763,5208.149112063687,0,0,False,0,20221101,1,0.75
1585,86,1787.882149591452,5748.053111250786,1,1,False,0,20221101,1,0.75
1586,87,1787.9753476611884,6276.870417193426,1,1,False,0,20221101,1,0.75
1587,88,1788.0700245700243,6816.055282555282,3,0,True,0,20221101,1,0.75
1588,89,1788.0686274509803,7352.053921568628,0,0,False,0,20221101,1,0.75
1589,90,1787.9066924066924,7887.685328185328,0,0,False,0,20221101,1,0.75
1590,91,1788.4214157168567,8427.5,0,0,False,0,20221101,1,0.75
1591,92,1788.8411003236247,8951.057281553398,0,0,False,0,20221101,1,0.75
1592,93,1788.9590264941469,9488.74460874923,0,0,False,0,20221101,1,0.75
1593,94,1788.5325752919484,10024.31868469576,1,122,False,0,20221101,1,0.75
1594,95,1789.3282890673256,10560.925571340333,1,2,False,0,20221101,1,0.75
1595,96,1788.2420706163973,11099.868641532015,0,0,False,0,20221101,1,0.75
1596,97,1788.1082474226805,11639.5,2,0,True,0,20221101,1,0.75
1597,98,1788.8382533825338,12175.657441574416,5,6,False,0,20221101,1,0.75
1598,99,1788.3636363636365,13236.671717171715,2,2,False,0,20221101,1,0.75
1599,100,1788.083280955374,13772.053111250783,1,4,False,0,20221101,1,0.75
1600,101,1788.26214511041,14308.5952681388,2,1,False,0,20221101,1,0.75
1601,102,1788.0925925925926,14851.5,2,1,False,0,20221101,1,0.75
1602,103,1787.887665198238,15380.240088105727,0,0,False,0,20221101,1,0.75
1603,104,1787.8779141104294,15920.24110429448,0,0,False,0,20221101,1,0.75
1604,105,1787.7886850152904,16463.409480122325,3,0,False,0,20221101,1,0.75
1605,106,1787.795739348371,16995.780701754386,1,3,False,0,20221101,1,0.75
1606,107,1787.9177131526767,17531.68506278916,3,1,False,0,20221101,1,0.75
1607,108,1787.7003757044458,18067.5,6,7,False,0,20221101,1,0.75
1608,109,1787.6027617212587,18599.59505459217,1,0,False,0,20221101,1,0.75
1609,110,1787.896238244514,19139.314420062696,4,4,False,0,20221101,1,0.75
1610,111,1788.4214157168567,19675.5,4,9,False,0,20221101,1,0.75
1611,112,1788.0925925925926,20211.5,3,2,False,0,20221101,1,0.75
1612,113,1788.083280955374,20754.94688874921,6,4,False,0,20221101,1,0.75
1613,114,1788.294468887492,21283.5,7,2,False,0,20221101,1,0.75
1614,115,1791.89588688946,12707.309768637531,1,0,False,0,20221101,1,0.75
1615,116,2231.304755944931,1199.5,2,0,False,0,20221101,1,0.75
1616,117,2231.6907151819323,1727.8764115432873,0,0,False,0,20221101,1,0.75
1617,118,2231.5,2263.5,3,2,False,0,20221101,1,0.75
1618,119,2231.5,2799.5,1,1,False,0,20221101,1,0.75
1619,120,2231.5,3335.5,2,0,False,0,20221101,1,0.75
1620,121,2231.5,3871.5,0,0,False,0,20221101,1,0.75
1621,122,2231.695244055069,4407.5,2,1,False,0,20221101,1,0.75
1622,123,2231.5,4943.5,0,0,False,0,20221101,1,0.75
1623,124,2231.5,5479.5,2,0,False,0,20221101,1,0.75
1624,125,2231.6000641436817,6011.402501603592,0,0,False,0,20221101,1,0.75
1625,126,2231.690476190476,6543.8859649122805,0,0,False,0,20221101,1,0.75
1626,127,2231.89588688946,7083.690231362468,0,0,False,0,20221101,1,0.75
1627,128,2232.077164366374,7623.5,0,0,False,0,20221101,1,0.75
1628,129,2231.8859649122805,8151.690476190476,0,0,False,0,20221101,1,0.75
1629,130,2232.1076618229854,8695.5,4,0,False,0,20221101,1,0.75
1630,131,2231.79543994862,9219.787732819525,1,0,False,0,20221101,1,0.75
1631,132,2232.182549903413,9755.968770122345,3,2,False,0,20221101,1,0.75
1632,133,2232.182549903413,10291.968770122345,2,1,False,0,20221101,1,0.75
1633,134,2232.082474226804,10828.067010309278,0,0,False,0,20221101,1,0.75
1634,135,2231.6902377972465,11375.304755944931,1,0,False,0,20221101,1,0.75
1635,136,2232.165411173886,11903.969554300063,1,0,False,0,20221101,1,0.75
1636,137,2231.7002567394097,12443.5,3,0,False,0,20221101,1,0.75
1637,138,2232.0817245817248,12972.06628056628,4,4,False,0,20221101,1,0.75
1638,139,2232.3332284455632,13504.529578351165,1,0,False,0,20221101,1,0.75
1639,140,2232.3332284455632,14040.529578351165,0,0,False,0,20221101,1,0.75
1640,141,2232.241104294478,14579.87791411043,1,1,False,0,20221101,1,0.75
1641,142,2232.0817245817248,15116.06628056628,0,0,False,0,20221101,1,0.75
1642,143,2231.9695543000626,15648.165411173886,0,0,False,0,20221101,1,0.75
1643,144,2231.8859649122805,16191.690476190475,3,1,False,0,20221101,1,0.75
1644,145,2231.7002567394097,16731.5,1,0,False,0,20221101,1,0.75
1645,146,2232.241104294478,17267.681595092025,4,5,False,0,20221101,1,0.75
1646,147,2232.053921568628,17796.06862745098,4,3,False,0,20221101,1,0.75
1647,148,2231.8859649122805,18335.69047619048,2,4,False,0,20221101,1,0.75
1648,149,2232.33629675046,18867.220416922133,2,0,False,0,20221101,1,0.75
1649,150,2231.79543994862,19403.787732819525,1,1,False,0,20221101,1,0.75
1650,151,2231.89588688946,19947.309768637533,5,2,False,0,20221101,1,0.75
1651,152,2232.33629675046,20483.220416922133,3,2,False,0,20221101,1,0.75
1652,153,2231.89588688946,21019.309768637533,1,0,False,0,20221101,1,0.75
1653,154,2674.93137254902,928.0539215686274,0,0,False,0,20221101,1,0.75
1654,155,2677.859493670886,1462.4012658227848,1,2,False,0,20221101,1,0.75
1655,156,2675.406919779547,1999.776791181874,2,0,False,0,20221101,1,0.75
1656,157,2674.90666247643,2531.489943431804,0,0,False,0,20221101,1,0.75
1657,158,2675.1173694147265,3068.04877281309,1,0,False,0,20221101,1,0.75
1658,159,2674.6416309012875,3607.7722256284487,1,0,False,0,20221101,1,0.75
1659,160,2678.221252257676,4135.150812763395,1,1,False,0,20221101,1,0.75
1660,161,2679.5,4679.5,3,1,False,0,20221101,1,0.75
1661,162,2678.2738452309536,5208.111877624475,1,0,False,0,20221101,1,0.75
1662,163,2679.5,5747.5,1,0,False,0,20221101,1,0.75
1663,164,2680.4987699877,6275.849323493235,0,0,False,0,20221101,1,0.75
1664,165,2679.882775119617,6815.5,3,1,False,0,20221101,1,0.75
1665,166,2680.2616766467067,7351.859281437126,2,0,False,0,20221101,1,0.75
1666,167,2680.236225087925,8427.317116060962,0,0,False,0,20221101,1,0.75
1667,168,2679.907035175879,8951.680904522613,2,1,False,0,20221101,1,0.75
1668,169,2679.211389385808,9487.774299344066,0,0,False,0,20221101,1,0.75
1669,170,2680.0693779904304,10024.04066985646,0,0,False,0,20221101,1,0.75
1670,171,2681.5253470126736,10560.709414604707,2,0,False,0,20221101,1,0.75
1671,172,2680.147574517826,11099.766510812393,5,0,False,0,20221101,1,0.75
1672,173,2680.1638705811865,12175.766027561414,3,0,False,0,20221101,1,0.75
1673,174,2680.093137254902,12707.5,0,0,False,0,20221101,1,0.75
1674,175,2680.0840490797545,13236.039877300613,0,0,False,0,20221101,1,0.75
1675,176,2679.796024464832,13771.774006116208,3,0,False,0,20221101,1,0.75
1676,177,2680.459409594096,14308.385608856088,1,0,False,0,20221101,1,0.75
1677,178,2679.896572827417,14851.681150550796,1,0,False,0,20221101,1,0.75
1678,179,2680.0840490797545,15380.039877300613,0,0,False,0,20221101,1,0.75
1679,180,2680.0693779904304,15920.04066985646,0,1,False,0,20221101,1,0.75
1680,181,2679.980573819486,16463.406754333533,3,1,False,0,20221101,1,0.75
1681,182,2679.896572827417,16995.681150550794,7,3,False,0,20221101,1,0.75
1682,183,2679.605602060528,17531.592723760463,2,0,False,0,20221101,1,0.75
1683,184,2679.9935543278084,18067.58348680172,1,2,False,0,20221101,1,0.75
1684,185,2679.80923947203,18599.42206159648,5,0,False,0,20221101,1,0.75
1685,186,2680.1876155268023,19139.214109673445,2,0,False,0,20221101,1,0.75
1686,187,2680.4227166276346,19675.5,1,2,False,0,20221101,1,0.75
1687,188,2679.700488997555,20211.5,8,3,False,0,20221101,1,0.75
1688,189,2679.7963870177587,20755.22565829761,2,2,False,0,20221101,1,0.75
1689,190,2680.093137254902,21283.5,0,1,False,0,20221101,1,0.75
1690,191,2683.602761721259,7887.595054592164,1,0,False,0,20221101,1,0.75
1691,192,2683.9025806451614,11639.5,3,0,False,0,20221101,1,0.75
1692,193,3130.359950859951,1199.5,0,0,False,0,20221101,1,0.75
1693,194,3125.668888888889,1728.9653968253967,0,0,False,0,20221101,1,0.75
1694,195,3131.397238278741,2263.5950545921646,1,0,False,0,20221101,1,0.75
1695,196,3127.2105097545627,2799.7794210195093,0,0,False,0,20221101,1,0.75
1696,197,3129.775092936803,3336.6995043370507,1,0,False,0,20221101,1,0.75
1697,198,3131.397238278741,3871.5950545921646,1,0,False,0,20221101,1,0.75
1698,199,3130.726600985221,4406.869458128079,1,0,True,0,20221101,1,0.75
1699,200,3130.9945196647323,4943.595422308188,0,0,False,0,20221101,1,0.75
1700,201,3131.402260232132,5479.404703726329,0,0,False,0,20221101,1,0.75
1701,202,3131.203889585948,6011.781053952322,1,0,False,0,20221101,1,0.75
1702,203,3131.1220858895704,6544.241104294479,1,0,False,0,20221101,1,0.75
1703,204,3131.6001251564458,7083.595118898624,1,2,False,0,20221101,1,0.75
1704,205,3131.5,7623.127450980392,1,0,False,0,20221101,1,0.75
1705,206,3131.5,8151.872549019607,1,1,False,0,20221101,1,0.75
1706,207,3131.5,8695.309768637531,0,0,False,0,20221101,1,0.75
1707,208,3131.6956112852663,9219.876175548588,0,0,False,0,20221101,1,0.75
1708,209,3131.7961104140527,9755.781053952322,0,0,False,0,20221101,1,0.75
1709,210,3131.7961104140527,10291.781053952322,0,0,False,0,20221101,1,0.75
1710,211,3131.5,10828.06246076585,3,1,False,0,20221101,1,0.75
1711,212,3131.779926335175,11374.854205033764,2,2,False,0,20221101,1,0.75
1712,213,3131.6909424724604,11903.686046511628,1,0,False,0,20221101,1,0.75
1713,214,3131.6002506265663,12443.40476190476,0,1,False,0,20221101,1,0.75
1714,215,3131.7961104140527,12971.781053952322,4,3,False,0,20221101,1,0.75
1715,216,3131.7795830778664,13504.33629675046,0,0,False,0,20221101,1,0.75
1716,217,3131.7795830778664,14040.33629675046,11,1,False,0,20221101,1,0.75
1717,218,3131.960431654676,14579.960431654676,0,0,False,0,20221101,1,0.75
1718,219,3131.6956112852663,15115.876175548588,4,2,False,0,20221101,1,0.75
1719,220,3131.5,15648.063035495716,2,1,False,0,20221101,1,0.75
1720,221,3131.8823529411766,16191.5,2,0,False,0,20221101,1,0.75
1721,222,3131.5,16731.30964308078,2,0,False,0,20221101,1,0.75
1722,223,3131.6862686567165,17267.313731343285,0,0,False,0,20221101,1,0.75
1723,224,3131.313953488372,17795.68604651163,2,1,False,0,20221101,1,0.75
1724,225,3131.6909424724604,18335.31395348837,1,1,False,0,20221101,1,0.75
1725,226,3131.68671454219,18867.68671454219,2,0,False,0,20221101,1,0.75
1726,227,3131.700375704446,19403.5,1,0,False,0,20221101,1,0.75
1727,228,3131.5,19947.5,3,1,False,0,20221101,1,0.75
1728,229,3131.782634730539,20482.661676646705,0,0,False,0,20221101,1,0.75
1729,230,3131.7961104140527,21019.21894604768,1,0,False,0,20221101,1,0.75
1730,231,3570.6416309012875,927.7722256284488,2,3,False,0,20221101,1,0.75
1731,232,3571.5,1463.5,1,0,False,0,20221101,1,0.75
1732,233,3569.9433497536947,2000.5147783251232,1,0,False,0,20221101,1,0.75
1733,234,3571.3043887147337,2531.1238244514107,1,0,False,0,20221101,1,0.75
1734,235,3571.8962382445143,3067.6855799373043,1,0,False,0,20221101,1,0.75
1735,236,3571.5,3607.309523809524,0,0,False,0,20221101,1,0.75
1736,237,3571.597620500305,4135.595179987798,4,1,False,0,20221101,1,0.75
1737,238,3571.5,4679.5,0,0,False,0,20221101,1,0.75
1738,239,3571.88630806846,5207.6858190709045,0,0,False,0,20221101,1,0.75
1739,240,3571.7961104140527,5747.590338770389,4,1,False,0,20221101,1,0.75
1740,241,3571.8962382445143,6275.314420062696,0,0,False,0,20221101,1,0.75
1741,242,3571.69536019536,6815.5,2,2,False,0,20221101,1,0.75
1742,243,3572.166258420086,7351.041947336191,1,0,False,0,20221101,1,0.75
1743,244,3571.7056555269924,7887.5,0,0,False,0,20221101,1,0.75
1744,245,3572.5167865707435,8427.404076738609,1,0,False,0,20221101,1,0.75
1745,246,3571.9066924066924,8951.685328185327,0,0,True,0,20221101,1,0.75
1746,247,3572.260736196319,9487.86809815951,2,0,False,0,20221101,1,0.75
1747,248,3572.260736196319,10023.86809815951,1,0,False,0,20221101,1,0.75
1748,249,3572.0686274509803,10560.053921568628,2,1,False,0,20221101,1,0.75
1749,250,3574.511180124224,11097.66645962733,1,1,False,0,20221101,1,0.75
1750,251,3572.00998068255,11639.404700579524,1,1,False,0,20221101,1,0.75
1751,252,3572.3583690987125,12175.227774371551,0,0,False,0,20221101,1,0.75
1752,253,3572.0925925925926,12707.5,1,1,False,0,20221101,1,0.75
1753,254,3572.0825486503454,13236.052416823602,1,0,False,0,20221101,1,0.75
1754,255,3571.8962382445143,13771.685579937304,5,1,True,0,20221101,1,0.75
1755,256,3572.183417085427,14307.957286432162,14,0,True,0,20221101,1,0.75
1756,257,3571.700375704446,14851.5,0,2,False,0,20221101,1,0.75
1757,258,3572.183417085427,15379.957286432162,1,0,False,0,20221101,1,0.75
1758,259,3572.3583690987125,15919.772225628449,0,0,False,0,20221101,1,0.75
1759,260,3571.88630806846,16463.314180929094,1,0,False,0,20221101,1,0.75
1760,261,3572.0925925925926,16995.5,5,3,False,0,20221101,1,0.75
1761,262,3571.6055408970974,17531.594986807388,0,0,False,0,20221101,1,0.75
1762,263,3571.6001251564458,18067.40488110137,1,0,False,0,20221101,1,0.75
1763,264,3571.602761721259,18599.59505459217,4,2,False,0,20221101,1,0.75
1764,265,3572.0925925925926,19139.5,1,0,False,0,20221101,1,0.75
1765,266,3572.5167865707435,19675.59592326139,0,0,False,0,20221101,1,0.75
1766,267,3572.0925925925926,20211.5,5,2,False,0,20221101,1,0.75
1767,268,3572.183417085427,20755.04271356784,0,0,False,0,20221101,1,0.75
1768,269,3572.0925925925926,21283.5,2,5,False,0,20221101,1,0.75
1769,270,4023.1235884567127,1199.1135508155585,0,0,False,0,20221101,1,0.75
1770,271,4023.4024390243903,1727.5975609756097,1,0,False,0,20221101,1,0.75
1771,272,4023.5,2263.5,0,0,False,0,20221101,1,0.75
1772,273,4023.5,2799.304755944931,0,0,False,0,20221101,1,0.75
1773,274,4023.22057898049,3335.7794210195093,0,0,False,0,20221101,1,0.75
1774,275,4023.6026991441736,3871.597432521396,0,0,False,0,20221101,1,0.75
1775,276,4023.6911949685536,4407.308805031446,0,0,False,0,20221101,1,0.75
1776,277,4023.3973008558255,4943.597432521396,2,0,False,0,20221101,1,0.75
1777,278,4023.690476190476,5479.11403508772,1,0,False,0,20221101,1,0.75
1778,279,4023.6000641436817,6011.597498396408,0,0,False,0,20221101,1,0.75
1779,280,4023.690476190476,6543.8859649122805,0,0,False,0,20221101,1,0.75
1780,281,4023.7002567394097,7083.5,0,0,True,0,20221101,1,0.75
1781,282,4023.7884012539184,7623.211598746081,1,1,False,0,20221101,1,0.75
1782,283,4023.885964912281,8151.690476190476,0,0,False,0,20221101,1,0.75
1783,284,4023.6026991441736,8695.402567478604,1,1,False,0,20221101,1,0.75
1784,285,4023.7954399486193,9219.787732819525,1,0,False,0,20221101,1,0.75
1785,286,4023.89588688946,9755.690231362469,0,0,False,0,20221101,1,0.75
1786,287,4023.89588688946,10291.690231362469,0,0,False,0,20221101,1,0.75
1787,288,4023.6953727506425,10827.885604113111,0,0,False,0,20221101,1,0.75
1788,289,4023.7884012539184,11375.211598746082,2,0,False,0,20221101,1,0.75
1789,290,4023.885964912281,11903.690476190475,3,2,False,0,20221101,1,0.75
1790,291,4023.7002567394097,12443.5,1,0,False,0,20221101,1,0.75
1791,292,4023.7954399486193,12971.787732819525,1,2,False,0,20221101,1,0.75
1792,293,4023.969554300063,13504.165411173886,1,1,True,0,20221101,1,0.75
1793,294,4023.885964912281,14039.690476190475,3,0,True,0,20221101,1,0.75
1794,295,4023.87652811736,14579.690709046456,0,0,False,0,20221101,1,0.75
1795,296,4023.7954399486193,15115.787732819525,1,0,False,0,20221101,1,0.75
1796,297,4023.5975609756097,15647.40243902439,2,2,False,0,20221101,1,0.75
1797,298,4023.5,16191.5,1,0,False,0,20221101,1,0.75
1798,299,4023.6000641436817,16731.402501603592,1,1,False,0,20221101,1,0.75
1799,300,4023.4048200122015,17267.402379499694,2,1,False,0,20221101,1,0.75
1800,301,4024.053921568628,17796.06862745098,1,0,False,0,20221101,1,0.75
1801,302,4023.695244055069,18335.5,3,3,False,0,20221101,1,0.75
1802,303,4023.5,18867.5,0,2,False,0,20221101,1,0.75
1803,304,4023.6000641436817,19403.597498396408,1,0,False,0,20221101,1,0.75
1804,305,4023.89588688946,19947.309768637533,0,2,False,0,20221101,1,0.75
1805,306,4023.314180929096,20483.11369193154,1,1,False,0,20221101,1,0.75
1806,307,4023.6000641436817,21019.402501603592,2,2,False,0,20221101,1,0.75
1807,308,4467.308588957055,927.6865030674846,1,1,False,0,20221101,1,0.75
1808,309,4467.6027617212585,1463.5950545921644,4,1,False,0,20221101,1,0.75
1809,310,4467.69094247246,1999.686046511628,3,1,False,0,20221101,1,0.75
1810,311,4467.5,2531.5,2,1,False,0,20221101,1,0.75
1811,312,4467.103264281231,3067.133396107972,1,0,False,0,20221101,1,0.75
1812,313,4467.597620500305,3607.5951799877976,0,0,False,0,20221101,1,0.75
1813,314,4468.0700245700245,4135.490171990172,0,0,False,0,20221101,1,0.75
1814,315,4467.790461538461,4678.6704615384615,0,0,False,0,20221101,1,0.75
1815,316,4467.220416922134,5207.772225628449,2,0,False,0,20221101,1,0.75
1816,317,4467.600250626567,5747.4047619047615,1,0,False,0,20221101,1,0.75
1817,318,4467.695611285267,6275.876175548589,0,0,False,0,20221101,1,0.75
1818,319,4468.067931456549,6814.9467564259485,1,1,False,0,20221101,1,0.75
1819,320,4467.69094247246,7351.686046511628,0,0,True,0,20221101,1,0.75
1820,321,4467.705655526992,7887.5,1,0,False,0,20221101,1,0.75
1821,322,4467.9604316546765,8427.039568345324,1,0,False,0,20221101,1,0.75
1822,323,4467.803536977492,8951.78038585209,0,0,False,0,20221101,1,0.75
1823,324,4467.779926335175,9488.145794966236,1,0,False,0,20221101,1,0.75
1824,325,4467.970876762723,10023.958614347026,1,1,False,0,20221101,1,0.75
1825,326,4467.779926335175,10560.145794966236,4,4,False,0,20221101,1,0.75
1826,327,4467.773709483794,11099.773709483794,0,0,False,0,20221101,1,0.75
1827,328,4467.705655526992,11639.5,1,0,False,0,20221101,1,0.75
1828,329,4467.691411042945,12175.313496932517,1,0,False,0,20221101,1,0.75
1829,330,4467.992462311558,12707.404522613066,1,0,False,0,20221101,1,0.75
1830,331,4467.982412060302,13236.14824120603,0,0,False,0,20221101,1,0.75
1831,332,4467.695611285267,13771.876175548588,1,2,True,0,20221101,1,0.75
1832,333,4467.78679245283,14308.335220125786,5,1,False,0,20221101,1,0.75
1833,334,4467.700375704446,14851.5,1,1,False,0,20221101,1,0.75
1834,335,4467.695611285267,15379.876175548588,0,0,False,0,20221101,1,0.75
1835,336,4467.69094247246,15919.686046511628,2,2,False,0,20221101,1,0.75
1836,337,4467.597979179424,16463.03214941825,2,0,False,0,20221101,1,0.75
1837,338,4467.796110414053,16995.590338770387,1,0,False,0,20221101,1,0.75
1838,339,4467.812169312169,17531.589947089946,4,0,False,0,20221101,1,0.75
1839,340,4467.304143126177,18067.314187068423,2,1,False,0,20221101,1,0.75
1840,341,4467.6027617212585,18599.59505459217,3,3,False,0,20221101,1,0.75
1841,342,4467.992462311558,19139.59547738693,4,2,False,0,20221101,1,0.75
1842,343,4467.9604316546765,19675.586330935253,0,0,False,0,20221101,1,0.75
1843,344,4467.992462311558,20211.404522613066,3,2,False,0,20221101,1,0.75
1844,345,4467.695611285267,20755.87617554859,2,0,False,0,20221101,1,0.75
1845,346,4467.600250626567,21283.404761904763,2,61,False,0,20221101,1,0.75
1846,347,4910.279048765804,1198.8762793497892,1,0,False,0,20221101,1,0.75
1847,348,4909.975961538462,1726.3557692307693,0,0,False,0,20221101,1,0.75
1848,349,4911.294228356336,2263.5,2,1,False,0,20221101,1,0.75
1849,350,4910.738323353294,2799.859281437126,0,0,False,0,20221101,1,0.75
1850,351,4910.551497005988,3335.32754491018,1,3,False,0,20221101,1,0.75
1851,352,4911.092964824121,3871.680904522613,0,0,False,0,20221101,1,0.75
1852,353,4911.308383233533,4407.317964071856,1,0,False,0,20221101,1,0.75
1853,354,4911.298994974874,4943.133165829146,1,0,False,0,20221101,1,0.75
1854,355,4911.308841099164,5479.318399044206,0,0,False,0,20221101,1,0.75
1855,356,4911.696078431372,6011.318627450981,0,0,False,0,20221101,1,0.75
1856,357,4911.308383233533,6543.682035928144,1,1,False,0,20221101,1,0.75
1857,358,4911.796387017759,7083.225658297612,1,1,False,0,20221101,1,0.75
1858,359,4912.070743405276,7622.958033573142,0,1,False,0,20221101,1,0.75
1859,360,4911.5,8151.5,0,0,False,0,20221101,1,0.75
1860,361,4911.5,8694.951572327043,1,0,False,0,20221101,1,0.75
1861,362,4911.696078431372,9219.68137254902,0,0,False,0,20221101,1,0.75
1862,363,4911.69656019656,9755.681818181818,0,0,False,0,20221101,1,0.75
1863,364,4911.5,10291.863190184047,0,0,False,0,20221101,1,0.75
1864,365,4911.5,10827.863190184047,1,0,False,0,20221101,1,0.75
1865,366,4911.5,11374.602040816326,4,2,False,0,20221101,1,0.75
1866,367,4911.780407429598,11902.869682444578,0,0,False,0,20221101,1,0.75
1867,368,4911.600551808707,12443.043838136113,2,2,False,0,20221101,1,0.75
1868,369,4911.696078431372,12971.68137254902,2,0,False,0,20221101,1,0.75
1869,370,4911.780407429598,13504.130317555422,0,0,False,0,20221101,1,0.75
1870,371,4911.780407429598,14040.130317555422,0,0,False,0,20221101,1,0.75
1871,372,4911.774165202109,14579.232864674868,4,1,False,0,20221101,1,0.75
1872,373,4911.696078431372,15115.68137254902,6,3,False,0,20221101,1,0.75
1873,374,4911.780407429598,15648.130317555422,2,0,False,0,20221101,1,0.75
1874,375,4911.5,16191.136363636364,4,1,False,0,20221101,1,0.75
1875,376,4911.5,16731.5,1,0,False,0,20221101,1,0.75
1876,377,4911.869158878505,17266.77570093458,2,1,False,0,20221101,1,0.75
1877,378,4911.877182770663,17795.681606519207,3,1,False,0,20221101,1,0.75
1878,379,4912.261676646706,18335.32754491018,3,0,False,0,20221101,1,0.75
1879,380,4912.056725146199,18867.49064327485,1,0,True,0,20221101,1,0.75
1880,381,4911.696078431372,19403.68137254902,1,1,False,0,20221101,1,0.75
1881,382,4911.796387017759,19947.22565829761,3,1,False,0,20221101,1,0.75
1882,383,4911.961088355763,20483.050614394386,2,1,False,0,20221101,1,0.75
1883,384,4911.888206388207,21018.77764127764,2,0,False,0,20221101,1,0.75
1884,385,5354.359950859951,927.5,4,2,False,0,20221101,1,0.75
1885,386,5355.3972382787415,1463.4049454078356,0,0,False,0,20221101,1,0.75
1886,387,5354.355036855037,1999.8341523341523,2,0,False,0,20221101,1,0.75
1887,388,5355.103761755486,2531.314420062696,0,0,False,0,20221101,1,0.75
1888,389,5355.299624295554,3067.5,1,0,False,0,20221101,1,0.75
1889,390,5355.5,3607.309523809524,0,0,False,0,20221101,1,0.75
1890,391,5355.5,4135.5,0,0,False,0,20221101,1,0.75
1891,392,5355.87791411043,4678.758895705521,2,0,False,0,20221101,1,0.75
1892,393,5355.69094247246,5207.313953488372,0,0,False,0,20221101,1,0.75
1893,394,5355.695611285267,5747.123824451411,0,0,False,0,20221101,1,0.75
1894,395,5355.600250626567,6275.4047619047615,1,0,False,0,20221101,1,0.75
1895,396,5355.5,6815.1274509803925,0,0,False,0,20221101,1,0.75
1896,397,5355.597739767868,7351.404703726329,0,0,False,0,20221101,1,0.75
1897,398,5355.6027617212585,7887.404945407836,1,0,False,0,20221101,1,0.75
1898,399,5355.868641532017,8426.757929383602,0,0,False,0,20221101,1,0.75
1899,400,5355.6027617212585,8951.595054592164,0,0,False,0,20221101,1,0.75
1900,401,5355.69094247246,9487.686046511628,2,0,False,0,20221101,1,0.75
1901,402,5355.882352941177,10023.5,3,1,False,0,20221101,1,0.75
1902,403,5355.788685015291,10559.781345565749,0,0,False,0,20221101,1,0.75
1903,404,5355.87298266587,11099.5,0,0,False,0,20221101,1,0.75
1904,405,5355.803536977492,11639.21961414791,0,0,False,0,20221101,1,0.75
1905,406,5355.788685015291,12175.218654434251,0,0,False,0,20221101,1,0.75
1906,407,5355.796110414053,12707.218946047678,0,0,False,0,20221101,1,0.75
1907,408,5355.896238244514,13235.685579937304,0,0,False,0,20221101,1,0.75
1908,409,5355.700375704446,13771.5,3,4,False,0,20221101,1,0.75
1909,410,5355.796110414053,14307.781053952322,4,1,False,0,20221101,1,0.75
1910,411,5355.600125156446,14851.404881101376,4,2,False,0,20221101,1,0.75
1911,412,5355.700375704446,15379.5,1,0,False,0,20221101,1,0.75
1912,413,5355.88630806846,15919.685819070904,0,1,False,0,20221101,1,0.75
1913,414,5355.5,16462.936964504283,1,3,False,0,20221101,1,0.75
1914,415,5355.896238244514,16995.314420062696,2,2,False,0,20221101,1,0.75
1915,416,5355.917713152677,17531.31493721084,1,0,True,0,20221101,1,0.75
1916,417,5355.795739348371,18067.21929824561,6,1,False,0,20221101,1,0.75
1917,418,5355.6027617212585,18599.59505459217,1,0,True,0,20221101,1,0.75
1918,419,5355.700375704446,19139.5,0,0,False,0,20221101,1,0.75
1919,420,5355.968339307049,19675.40442054958,0,0,False,0,20221101,1,0.75
1920,421,5355.600125156446,20211.40488110137,0,0,False,0,20221101,1,0.75
1921,422,5355.795739348371,20755.21929824561,4,0,False,0,20221101,1,0.75
1922,423,5355.700375704446,21283.5,7,0,False,0,20221101,1,0.75
1923,424,5806.541916167665,1199.3179640718563,0,0,False,0,20221101,1,0.75
1924,425,5806.328331332533,1727.2454981992796,0,2,False,0,20221101,1,0.75
1925,426,5806.901257861635,2262.9616352201256,0,0,False,0,20221101,1,0.75
1926,427,5807.019426180514,2799.4067543335327,0,0,False,0,20221101,1,0.75
1927,428,5807.204504504504,3335.262162162162,0,0,False,0,20221101,1,0.75
1928,429,5807.705771643664,3871.5,1,1,False,0,20221101,1,0.75
1929,430,5807.308383233533,4407.317964071856,1,0,False,0,20221101,1,0.75
1930,431,5807.397049591965,4943.407093534212,0,0,False,0,20221101,1,0.75
1931,432,5807.5,5479.136363636364,0,0,False,0,20221101,1,0.75
1932,433,5807.5,6011.5,5,2,False,0,20221101,1,0.75
1933,434,5807.317964071856,6544.223353293413,0,0,False,0,20221101,1,0.75
1934,435,5807.303921568628,7083.318627450981,1,1,False,0,20221101,1,0.75
1935,436,5807.5,7623.136363636364,2,1,False,0,20221101,1,0.75
1936,437,5807.5,8151.5,1,0,False,0,20221101,1,0.75
1937,438,5807.5,8694.951572327043,2,0,False,0,20221101,1,0.75
1938,439,5807.399448191293,9219.956161863887,2,1,False,0,20221101,1,0.75
1939,440,5807.303921568628,9755.68137254902,1,0,False,0,20221101,1,0.75
1940,441,5807.5,10291.863190184047,1,0,False,0,20221101,1,0.75
1941,442,5807.5,10827.863190184047,2,1,False,0,20221101,1,0.75
1942,443,5807.5,11374.602040816326,2,1,False,0,20221101,1,0.75
1943,444,5807.691616766467,11903.317964071855,0,0,False,0,20221101,1,0.75
1944,445,5807.600551808707,12443.043838136113,2,1,False,0,20221101,1,0.75
1945,446,5807.696078431372,12971.68137254902,0,2,False,0,20221101,1,0.75
1946,447,5807.5,13503.863636363636,0,0,False,0,20221101,1,0.75
1947,448,5807.780407429598,14040.130317555422,5,2,False,0,20221101,1,0.75
1948,449,5807.5,14579.5,3,1,False,0,20221101,1,0.75
1949,450,5807.5,15115.5,0,0,False,0,20221101,1,0.75
1950,451,5807.308383233533,15647.682035928145,0,0,False,0,20221101,1,0.75
1951,452,5807.219592570402,16190.869682444578,0,0,False,0,20221101,1,0.75
1952,453,5807.203975535168,16731.225993883792,0,0,False,0,20221101,1,0.75
1953,454,5808.315897136177,17266.518118059616,2,0,True,0,20221101,1,0.75
1954,455,5807.5,17795.5,2,0,True,0,20221101,1,0.75
1955,456,5807.598027495517,18335.04333532576,0,0,False,0,20221101,1,0.75
1956,457,5807.686915887851,18867.317757009347,1,0,False,0,20221101,1,0.75
1957,458,5807.399694189602,19403.59296636085,0,0,False,0,20221101,1,0.75
1958,459,5807.600551808707,19947.04383813612,0,0,False,0,20221101,1,0.75
1959,460,5807.322429906542,20482.59813084112,1,0,False,0,20221101,1,0.75
1960,461,5807.600551808707,21019.04383813612,2,0,False,0,20221101,1,0.75
1961,462,6248.491920447483,929.41671845867,1,0,False,0,20221101,1,0.75
1962,463,6250.684516129032,1463.5,1,0,False,0,20221101,1,0.75
1963,464,6250.062461538461,1999.2710769230769,1,2,False,0,20221101,1,0.75
1964,465,6246.90797940798,2531.5,0,0,False,0,20221101,1,0.75
1965,466,6251.103761755486,3067.6855799373043,0,0,False,0,20221101,1,0.75
1966,467,6251.402379499695,3607.4048200122015,0,1,False,0,20221101,1,0.75
1967,468,6251.30905752754,4135.686046511628,4,4,False,0,20221101,1,0.75
1968,469,6251.788685015291,4679.21865443425,1,0,False,0,20221101,1,0.75
1969,470,6251.882352941177,5207.5,1,1,False,0,20221101,1,0.75
1970,471,6251.600250626567,5747.4047619047615,0,0,False,0,20221101,1,0.75
1971,472,6251.600250626567,6275.595238095239,0,0,False,0,20221101,1,0.75
1972,473,6251.5,6815.1274509803925,0,0,False,0,20221101,1,0.75
1973,474,6251.5,7351.5,0,0,False,0,20221101,1,0.75
1974,475,6251.6027617212585,7887.404945407836,1,0,False,0,20221101,1,0.75
1975,476,6251.773053892216,8426.853293413174,2,3,False,0,20221101,1,0.75
1976,477,6251.5,8951.690231362469,0,0,False,0,20221101,1,0.75
1977,478,6251.5,9487.872549019608,0,1,False,0,20221101,1,0.75
1978,479,6251.5,10023.872549019608,0,0,False,0,20221101,1,0.75
1979,480,6251.69094247246,10559.686046511628,1,0,False,0,20221101,1,0.75
1980,481,6251.87298266587,11099.5,0,0,False,0,20221101,1,0.75
1981,482,6251.6027617212585,11639.404945407836,0,0,False,0,20221101,1,0.75
1982,483,6251.597979179424,12175.032149418248,1,0,False,0,20221101,1,0.75
1983,484,6251.796110414053,12707.218946047678,0,0,False,0,20221101,1,0.75
1984,485,6251.896238244514,13235.685579937304,1,2,False,0,20221101,1,0.75
1985,486,6251.600125156446,13771.595118898624,1,0,False,0,20221101,1,0.75
1986,487,6251.795739348371,14307.780701754386,1,0,False,0,20221101,1,0.75
1987,488,6251.5,14851.309643080776,0,0,False,0,20221101,1,0.75
1988,489,6251.600250626567,15379.40476190476,2,0,False,0,20221101,1,0.75
1989,490,6251.5,15919.5,0,0,False,0,20221101,1,0.75
1990,491,6251.5,16462.389434889436,0,0,False,0,20221101,1,0.75
1991,492,6251.5,16995.30964308078,0,0,False,0,20221101,1,0.75
1992,493,6251.605540897098,17531.405013192612,0,0,False,0,20221101,1,0.75
1993,494,6251.5,18066.93753923415,3,1,False,0,20221101,1,0.75
1994,495,6251.5,18599.5,0,1,False,0,20221101,1,0.75
1995,496,6251.5,19139.30964308078,0,1,False,0,20221101,1,0.75
1996,497,6251.5,19675.12701733413,1,0,False,0,20221101,1,0.75
1997,498,6251.5,20211.30964308078,4,3,False,0,20221101,1,0.75
1998,499,6251.399874843554,20755.40488110137,0,0,False,0,20221101,1,0.75
1999,500,6251.600250626567,21283.404761904763,4,1,True,0,20221101,1,0.75
1500,1,899.004835589942,1464.1473243068988,0,0,False,1,20221101,2,0.75
1501,2,898.7570725707257,2000.5971709717096,1,1,False,1,20221101,2,0.75
1502,3,899.2132075471698,2532.3352201257862,1,2,False,1,20221101,2,0.75
1503,4,899.2132075471698,3068.3352201257862,1,1,False,1,20221101,2,0.75
1504,5,899.4020208205757,3607.967850581752,1,2,False,1,20221101,2,0.75
1505,6,899.2204169221336,4136.33629675046,3,82,False,1,20221101,2,0.75
1506,7,899.4020208205757,4679.967850581751,0,0,False,1,20221101,2,0.75
1507,8,899.7795830778664,5208.33629675046,0,0,False,1,20221101,2,0.75
1508,9,899.6956112852664,5747.876175548589,1,1,False,1,20221101,2,0.75
1509,10,899.204260651629,6275.7807017543855,0,0,False,1,20221101,2,0.75
1510,11,899.8779141104294,6816.241104294479,2,3,False,1,20221101,2,0.75
1511,12,900.0686274509804,7352.053921568628,2,0,False,1,20221101,2,0.75
1512,13,900.3051612903225,7887.866451612903,1,1,False,1,20221101,2,0.75
1513,14,900.6003003003003,8428.206306306307,1,2,False,1,20221101,2,0.75
1514,15,900.0979381443299,8952.051546391753,3,4,False,1,20221101,2,0.75
1515,16,900.2429274292743,9488.59717097171,0,93,False,1,20221101,2,0.75
1516,17,901.4233621755252,10024.187268232386,2,0,False,1,20221101,2,0.75
1517,18,901.0743368291178,10560.657310302282,0,1,False,1,20221101,2,0.75
1518,19,900.5989802039592,11100.224655068989,0,1,False,1,20221101,2,0.75
1519,20,899.7005141388174,11639.690231362469,1,2,False,1,20221101,2,0.75
1520,21,901.428306551298,12176.889369592089,0,2,False,1,20221101,2,0.75
1521,22,900.3805031446541,12707.771698113207,1,1,False,1,20221101,2,0.75
1522,23,900.3564231738035,13236.502518891688,0,4,False,1,20221101,2,0.75
1523,24,899.9824120603015,13772.14824120603,2,4,False,1,20221101,2,0.75
1524,25,900.1607818411097,14308.690416141237,3,81,False,1,20221101,2,0.75
1525,26,899.896238244514,14851.685579937304,2,0,False,1,20221101,2,0.75
1526,27,899.9824120603015,15380.14824120603,1,1,False,1,20221101,2,0.75
1527,28,899.7795830778664,15920.33629675046,1,2,False,1,20221101,2,0.75
1528,29,899.6909424724602,16463.68604651163,2,94,False,1,20221101,2,0.75
1529,30,899.6956112852664,16995.87617554859,3,1,False,1,20221101,2,0.75
1530,31,899.6055408970976,17531.594986807388,3,4,False,1,20221101,2,0.75
1531,32,899.5,18067.5,3,3,False,1,20221101,2,0.75
1532,33,899.5,18599.690231362467,1,7,False,1,20221101,2,0.75
1533,34,899.6002506265664,19139.404761904763,6,90,False,1,20221101,2,0.75
1534,35,900.1467065868263,19675.226946107785,1,5,False,1,20221101,2,0.75
1535,36,900.0925925925926,20211.5,0,2,False,1,20221101,2,0.75
1536,37,900.1842767295598,20754.86603773585,4,5,False,1,20221101,2,0.75
1537,38,903.89588688946,21283.309768637533,2,50,True,1,20221101,2,0.75
1538,39,1342.8345888261142,1199.9695543000628,0,0,False,1,20221101,2,0.75
1539,40,1343.293710691824,1728.4610062893082,0,1,False,1,20221101,2,0.75
1540,41,1343.1967699406723,2263.78740936058,1,2,False,1,20221101,2,0.75
1541,42,1343.2115987460816,2799.7884012539184,2,2,False,1,20221101,2,0.75
1542,43,1343.211959924859,3335.788040075141,1,1,False,1,20221101,2,0.75
1543,44,1343.5,3871.694993412385,2,0,False,1,20221101,2,0.75
1544,45,1343.5,4407.6952440550685,1,87,False,1,20221101,2,0.75
1545,46,1343.5,4943.5,0,0,False,1,20221101,2,0.75
1546,47,1343.5975609756097,5479.59756097561,1,1,False,1,20221101,2,0.75
1547,48,1343.5951768488746,6011.788102893891,0,0,False,1,20221101,2,0.75
1548,49,1343.7790697674418,6544.357322438717,0,122,False,1,20221101,2,0.75
1549,50,1343.7002567394095,7083.5,1,5,False,1,20221101,2,0.75
1550,51,1344.0771643663738,7623.5,0,8,False,1,20221101,2,0.75
1551,52,1343.7884012539184,8151.788401253919,0,0,False,1,20221101,2,0.75
1552,53,1343.705533596838,8695.5,1,2,False,1,20221101,2,0.75
1553,54,1343.6953727506427,9219.885604113111,0,1,False,1,20221101,2,0.75
1554,55,1343.89588688946,9755.690231362469,0,0,False,1,20221101,2,0.75
1555,56,1343.399935856318,10291.597498396408,0,0,False,1,20221101,2,0.75
1556,57,1344.0824742268042,10828.067010309278,1,2,False,1,20221101,2,0.75
1557,58,1344.4319899244333,11374.568010075567,1,1,False,1,20221101,2,0.75
1558,59,1343.8859649122808,11903.690476190475,1,1,False,1,20221101,2,0.75
1559,60,1343.89588688946,12443.309768637531,0,1,False,1,20221101,2,0.75
1560,61,1343.89588688946,12971.690231362469,2,0,False,1,20221101,2,0.75
1561,62,1343.690476190476,13503.88596491228,1,1,False,1,20221101,2,0.75
1562,63,1343.8859649122808,14039.690476190475,0,0,False,1,20221101,2,0.75
1563,64,1343.4044703000611,14579.402020820577,3,10,False,1,20221101,2,0.75
1564,65,1343.6953727506427,15115.885604113111,0,2,False,1,20221101,2,0.75
1565,66,1343.690476190476,15647.88596491228,1,1,False,1,20221101,2,0.75
1566,67,1343.7884012539184,16191.788401253918,2,3,False,1,20221101,2,0.75
1567,68,1343.399935856318,16731.402501603592,1,2,False,1,20221101,2,0.75
1568,69,1343.6865030674846,17267.308588957054,0,0,False,1,20221101,2,0.75
1569,70,1343.5955296999389,17795.98009797918,0,3,False,1,20221101,2,0.75
1570,71,1343.5975609756097,18335.40243902439,1,1,False,1,20221101,2,0.75
1571,72,1343.5,18867.88235294117,1,101,False,1,20221101,2,0.75
1572,73,1343.5,19403.5,1,137,False,1,20221101,2,0.75
1573,74,1343.89588688946,19947.309768637533,1,1,False,1,20221101,2,0.75
1574,75,1344.0539215686274,20482.93137254902,2,3,False,1,20221101,2,0.75
1575,76,1344.1825499034128,21019.03122987765,1,1,False,1,20221101,2,0.75
1576,77,1786.8558696988323,928.6923786109404,4,7,False,1,20221101,2,0.75
1577,78,1786.6937984496124,1464.37338501292,0,0,False,1,20221101,2,0.75
1578,79,1786.9313725490197,2000.053921568628,0,1,False,1,20221101,2,0.75
1579,80,1787.2038895859473,2531.781053952321,0,0,False,1,20221101,2,0.75
1580,81,1786.442065491184,3068.3110831234258,0,0,False,1,20221101,2,0.75
1581,82,1787.970300061237,3608.149112063688,1,1,False,1,20221101,2,0.75
1582,83,1787.5979791794243,4135.967850581751,1,1,False,1,20221101,2,0.75
1583,84,1787.2204169221336,4679.772225628449,0,0,False,1,20221101,2,0.75
1584,85,1787.029699938763,5208.149112063687,2,0,False,1,20221101,2,0.75
1585,86,1787.882149591452,5748.053111250786,0,1,False,1,20221101,2,0.75
1586,87,1787.9753476611884,6276.870417193426,0,0,False,1,20221101,2,0.75
1587,88,1788.0700245700243,6816.055282555282,1,0,False,1,20221101,2,0.75
1588,89,1788.0686274509803,7352.053921568628,0,0,False,1,20221101,2,0.75
1589,90,1787.9066924066924,7887.685328185328,3,1,False,1,20221101,2,0.75
1590,91,1788.4214157168567,8427.5,0,1,False,1,20221101,2,0.75
1591,92,1788.8411003236247,8951.057281553398,1,1,False,1,20221101,2,0.75
1592,93,1788.9590264941469,9488.74460874923,0,4,False,1,20221101,2,0.75
1593,94,1788.5325752919484,10024.31868469576,2,4,False,1,20221101,2,0.75
1594,95,1789.3282890673256,10560.925571340333,0,1,False,1,20221101,2,0.75
1595,96,1788.2420706163973,11099.868641532015,0,1,False,1,20221101,2,0.75
1596,97,1788.1082474226805,11639.5,2,9,False,1,20221101,2,0.75
1597,98,1788.8382533825338,12175.657441574416,1,0,False,1,20221101,2,0.75
1598,99,1788.3636363636365,13236.671717171715,1,0,False,1,20221101,2,0.75
1599,100,1788.083280955374,13772.053111250783,0,1,False,1,20221101,2,0.75
1600,101,1788.26214511041,14308.5952681388,1,0,False,1,20221101,2,0.75
1601,102,1788.0925925925926,14851.5,1,1,False,1,20221101,2,0.75
1602,103,1787.887665198238,15380.240088105727,0,2,True,1,20221101,2,0.75
1603,104,1787.8779141104294,15920.24110429448,3,3,True,1,20221101,2,0.75
1604,105,1787.7886850152904,16463.409480122325,1,125,False,1,20221101,2,0.75
1605,106,1787.795739348371,16995.780701754386,0,123,False,1,20221101,2,0.75
1606,107,1787.9177131526767,17531.68506278916,0,5,False,1,20221101,2,0.75
1607,108,1787.7003757044458,18067.5,0,0,False,1,20221101,2,0.75
1608,109,1787.6027617212587,18599.59505459217,6,152,False,1,20221101,2,0.75
1609,110,1787.896238244514,19139.314420062696,1,2,False,1,20221101,2,0.75
1610,111,1788.4214157168567,19675.5,2,0,False,1,20221101,2,0.75
1611,112,1788.0925925925926,20211.5,1,3,False,1,20221101,2,0.75
1612,113,1788.083280955374,20754.94688874921,1,3,False,1,20221101,2,0.75
1613,114,1788.294468887492,21283.5,2,2,False,1,20221101,2,0.75
1614,115,1791.89588688946,12707.309768637531,1,3,False,1,20221101,2,0.75
1615,116,2231.304755944931,1199.5,0,0,False,1,20221101,2,0.75
1616,117,2231.6907151819323,1727.8764115432873,0,0,False,1,20221101,2,0.75
1617,118,2231.5,2263.5,2,2,False,1,20221101,2,0.75
1618,119,2231.5,2799.5,0,1,False,1,20221101,2,0.75
1619,120,2231.5,3335.5,1,0,False,1,20221101,2,0.75
1620,121,2231.5,3871.5,1,0,False,1,20221101,2,0.75
1621,122,2231.695244055069,4407.5,2,0,True,1,20221101,2,0.75
1622,123,2231.5,4943.5,0,0,False,1,20221101,2,0.75
1623,124,2231.5,5479.5,2,1,False,1,20221101,2,0.75
1624,125,2231.6000641436817,6011.402501603592,0,1,False,1,20221101,2,0.75
1625,126,2231.690476190476,6543.8859649122805,0,0,False,1,20221101,2,0.75
1626,127,2231.89588688946,7083.690231362468,1,3,False,1,20221101,2,0.75
1627,128,2232.077164366374,7623.5,0,1,False,1,20221101,2,0.75
1628,129,2231.8859649122805,8151.690476190476,1,4,False,1,20221101,2,0.75
1629,130,2232.1076618229854,8695.5,1,3,False,1,20221101,2,0.75
1630,131,2231.79543994862,9219.787732819525,0,1,False,1,20221101,2,0.75
1631,132,2232.182549903413,9755.968770122345,0,0,False,1,20221101,2,0.75
1632,133,2232.182549903413,10291.968770122345,2,1,False,1,20221101,2,0.75
1633,134,2232.082474226804,10828.067010309278,0,1,False,1,20221101,2,0.75
1634,135,2231.6902377972465,11375.304755944931,0,1,False,1,20221101,2,0.75
1635,136,2232.165411173886,11903.969554300063,2,115,False,1,20221101,2,0.75
1636,137,2231.7002567394097,12443.5,1,0,False,1,20221101,2,0.75
1637,138,2232.0817245817248,12972.06628056628,0,1,False,1,20221101,2,0.75
1638,139,2232.3332284455632,13504.529578351165,0,2,False,1,20221101,2,0.75
1639,140,2232.3332284455632,14040.529578351165,0,2,False,1,20221101,2,0.75
1640,141,2232.241104294478,14579.87791411043,1,0,False,1,20221101,2,0.75
1641,142,2232.0817245817248,15116.06628056628,5,202,False,1,20221101,2,0.75
1642,143,2231.9695543000626,15648.165411173886,1,3,False,1,20221101,2,0.75
1643,144,2231.8859649122805,16191.690476190475,1,4,False,1,20221101,2,0.75
1644,145,2231.7002567394097,16731.5,0,1,False,1,20221101,2,0.75
1645,146,2232.241104294478,17267.681595092025,4,2,False,1,20221101,2,0.75
1646,147,2232.053921568628,17796.06862745098,1,3,False,1,20221101,2,0.75
1647,148,2231.8859649122805,18335.69047619048,1,2,False,1,20221101,2,0.75
1648,149,2232.33629675046,18867.220416922133,0,0,False,1,20221101,2,0.75
1649,150,2231.79543994862,19403.787732819525,0,4,False,1,20221101,2,0.75
1650,151,2231.89588688946,19947.309768637533,3,0,False,1,20221101,2,0.75
1651,152,2232.33629675046,20483.220416922133,0,1,False,1,20221101,2,0.75
1652,153,2231.89588688946,21019.309768637533,1,99,False,1,20221101,2,0.75
1653,154,2674.93137254902,928.0539215686274,0,1,False,1,20221101,2,0.75
1654,155,2677.859493670886,1462.4012658227848,5,1,False,1,20221101,2,0.75
1655,156,2675.406919779547,1999.776791181874,1,0,False,1,20221101,2,0.75
1656,157,2674.90666247643,2531.489943431804,0,0,False,1,20221101,2,0.75
1657,158,2675.1173694147265,3068.04877281309,0,2,True,1,20221101,2,0.75
1658,159,2674.6416309012875,3607.7722256284487,0,0,True,1,20221101,2,0.75
1659,160,2678.221252257676,4135.150812763395,1,3,False,1,20221101,2,0.75
1660,161,2679.5,4679.5,2,3,False,1,20221101,2,0.75
1661,162,2678.2738452309536,5208.111877624475,1,0,True,1,20221101,2,0.75
1662,163,2679.5,5747.5,0,0,False,1,20221101,2,0.75
1663,164,2680.4987699877,6275.849323493235,0,0,False,1,20221101,2,0.75
1664,165,2679.882775119617,6815.5,0,0,False,1,20221101,2,0.75
1665,166,2680.2616766467067,7351.859281437126,2,0,False,1,20221101,2,0.75
1666,167,2680.236225087925,8427.317116060962,0,1,False,1,20221101,2,0.75
1667,168,2679.907035175879,8951.680904522613,0,1,True,1,20221101,2,0.75
1668,169,2679.211389385808,9487.774299344066,0,0,True,1,20221101,2,0.75
1669,170,2680.0693779904304,10024.04066985646,0,0,False,1,20221101,2,0.75
1670,171,2681.5253470126736,10560.709414604707,1,0,False,1,20221101,2,0.75
1671,172,2680.147574517826,11099.766510812393,0,1,False,1,20221101,2,0.75
1672,173,2680.1638705811865,12175.766027561414,0,0,False,1,20221101,2,0.75
1673,174,2680.093137254902,12707.5,0,2,False,1,20221101,2,0.75
1674,175,2680.0840490797545,13236.039877300613,0,0,False,1,20221101,2,0.75
1675,176,2679.796024464832,13771.774006116208,1,1,False,1,20221101,2,0.75
1676,177,2680.459409594096,14308.385608856088,1,0,True,1,20221101,2,0.75
1677,178,2679.896572827417,14851.681150550796,1,1,False,1,20221101,2,0.75
1678,179,2680.0840490797545,15380.039877300613,0,0,False,1,20221101,2,0.75
1679,180,2680.0693779904304,15920.04066985646,1,6,False,1,20221101,2,0.75
1680,181,2679.980573819486,16463.406754333533,0,1,False,1,20221101,2,0.75
1681,182,2679.896572827417,16995.681150550794,0,0,False,1,20221101,2,0.75
1682,183,2679.605602060528,17531.592723760463,0,142,False,1,20221101,2,0.75
1683,184,2679.9935543278084,18067.58348680172,1,2,False,1,20221101,2,0.75
1684,185,2679.80923947203,18599.42206159648,0,0,False,1,20221101,2,0.75
1685,186,2680.1876155268023,19139.214109673445,1,0,False,1,20221101,2,0.75
1686,187,2680.4227166276346,19675.5,0,0,False,1,20221101,2,0.75
1687,188,2679.700488997555,20211.5,0,0,False,1,20221101,2,0.75
1688,189,2679.7963870177587,20755.22565829761,0,0,False,1,20221101,2,0.75
1689,190,2680.093137254902,21283.5,0,71,False,1,20221101,2,0.75
1690,191,2683.602761721259,7887.595054592164,0,0,False,1,20221101,2,0.75
1691,192,2683.9025806451614,11639.5,3,124,False,1,20221101,2,0.75
1692,193,3130.359950859951,1199.5,0,0,False,1,20221101,2,0.75
1693,194,3125.668888888889,1728.9653968253967,1,0,False,1,20221101,2,0.75
1694,195,3131.397238278741,2263.5950545921646,1,1,False,1,20221101,2,0.75
1695,196,3127.2105097545627,2799.7794210195093,1,3,False,1,20221101,2,0.75
1696,197,3129.775092936803,3336.6995043370507,0,0,False,1,20221101,2,0.75
1697,198,3131.397238278741,3871.5950545921646,0,1,True,1,20221101,2,0.75
1698,199,3130.726600985221,4406.869458128079,0,0,False,1,20221101,2,0.75
1699,200,3130.9945196647323,4943.595422308188,2,2,True,1,20221101,2,0.75
1700,201,3131.402260232132,5479.404703726329,0,0,True,1,20221101,2,0.75
1701,202,3131.203889585948,6011.781053952322,0,0,True,1,20221101,2,0.75
1702,203,3131.1220858895704,6544.241104294479,0,1,False,1,20221101,2,0.75
1703,204,3131.6001251564458,7083.595118898624,1,0,False,1,20221101,2,0.75
1704,205,3131.5,7623.127450980392,1,0,False,1,20221101,2,0.75
1705,206,3131.5,8151.872549019607,3,2,False,1,20221101,2,0.75
1706,207,3131.5,8695.309768637531,0,0,True,1,20221101,2,0.75
1707,208,3131.6956112852663,9219.876175548588,1,73,False,1,20221101,2,0.75
1708,209,3131.7961104140527,9755.781053952322,1,0,True,1,20221101,2,0.75
1709,210,3131.7961104140527,10291.781053952322,0,1,False,1,20221101,2,0.75
1710,211,3131.5,10828.06246076585,0,1,False,1,20221101,2,0.75
1711,212,3131.779926335175,11374.854205033764,0,1,False,1,20221101,2,0.75
1712,213,3131.6909424724604,11903.686046511628,1,1,False,1,20221101,2,0.75
1713,214,3131.6002506265663,12443.40476190476,2,1,True,1,20221101,2,0.75
1714,215,3131.7961104140527,12971.781053952322,0,0,False,1,20221101,2,0.75
1715,216,3131.7795830778664,13504.33629675046,0,0,False,1,20221101,2,0.75
1716,217,3131.7795830778664,14040.33629675046,2,0,False,1,20221101,2,0.75
1717,218,3131.960431654676,14579.960431654676,0,1,False,1,20221101,2,0.75
1718,219,3131.6956112852663,15115.876175548588,0,115,False,1,20221101,2,0.75
1719,220,3131.5,15648.063035495716,0,2,False,1,20221101,2,0.75
1720,221,3131.8823529411766,16191.5,0,262,True,1,20221101,2,0.75
1721,222,3131.5,16731.30964308078,0,2,False,1,20221101,2,0.75
1722,223,3131.6862686567165,17267.313731343285,2,0,False,1,20221101,2,0.75
1723,224,3131.313953488372,17795.68604651163,3,0,False,1,20221101,2,0.75
1724,225,3131.6909424724604,18335.31395348837,0,0,False,1,20221101,2,0.75
1725,226,3131.68671454219,18867.68671454219,1,119,False,1,20221101,2,0.75
1726,227,3131.700375704446,19403.5,0,0,False,1,20221101,2,0.75
1727,228,3131.5,19947.5,0,1,False,1,20221101,2,0.75
1728,229,3131.782634730539,20482.661676646705,0,1,False,1,20221101,2,0.75
1729,230,3131.7961104140527,21019.21894604768,0,2,True,1,20221101,2,0.75
1730,231,3570.6416309012875,927.7722256284488,0,42,True,1,20221101,2,0.75
1731,232,3571.5,1463.5,0,40,True,1,20221101,2,0.75
1732,233,3569.9433497536947,2000.5147783251232,0,0,False,1,20221101,2,0.75
1733,234,3571.3043887147337,2531.1238244514107,1,2,False,1,20221101,2,0.75
1734,235,3571.8962382445143,3067.6855799373043,0,0,False,1,20221101,2,0.75
1735,236,3571.5,3607.309523809524,0,0,False,1,20221101,2,0.75
1736,237,3571.597620500305,4135.595179987798,0,2,False,1,20221101,2,0.75
1737,238,3571.5,4679.5,1,0,False,1,20221101,2,0.75
1738,239,3571.88630806846,5207.6858190709045,1,5,False,1,20221101,2,0.75
1739,240,3571.7961104140527,5747.590338770389,0,0,False,1,20221101,2,0.75
1740,241,3571.8962382445143,6275.314420062696,1,0,True,1,20221101,2,0.75
1741,242,3571.69536019536,6815.5,1,2,True,1,20221101,2,0.75
1742,243,3572.166258420086,7351.041947336191,1,0,False,1,20221101,2,0.75
1743,244,3571.7056555269924,7887.5,1,2,False,1,20221101,2,0.75
1744,245,3572.5167865707435,8427.404076738609,0,0,False,1,20221101,2,0.75
1745,246,3571.9066924066924,8951.685328185327,0,0,False,1,20221101,2,0.75
1746,247,3572.260736196319,9487.86809815951,0,0,True,1,20221101,2,0.75
1747,248,3572.260736196319,10023.86809815951,1,1,True,1,20221101,2,0.75
1748,249,3572.0686274509803,10560.053921568628,0,0,False,1,20221101,2,0.75
1749,250,3574.511180124224,11097.66645962733,1,1,False,1,20221101,2,0.75
1750,251,3572.00998068255,11639.404700579524,1,1,False,1,20221101,2,0.75
1751,252,3572.3583690987125,12175.227774371551,0,1,False,1,20221101,2,0.75
1752,253,3572.0925925925926,12707.5,1,3,False,1,20221101,2,0.75
1753,254,3572.0825486503454,13236.052416823602,3,2,False,1,20221101,2,0.75
1754,255,3571.8962382445143,13771.685579937304,0,0,False,1,20221101,2,0.75
1755,256,3572.183417085427,14307.957286432162,0,2,False,1,20221101,2,0.75
1756,257,3571.700375704446,14851.5,2,2,False,1,20221101,2,0.75
1757,258,3572.183417085427,15379.957286432162,2,183,False,1,20221101,2,0.75
1758,259,3572.3583690987125,15919.772225628449,1,2,False,1,20221101,2,0.75
1759,260,3571.88630806846,16463.314180929094,2,2,False,1,20221101,2,0.75
1760,261,3572.0925925925926,16995.5,1,1,False,1,20221101,2,0.75
1761,262,3571.6055408970974,17531.594986807388,0,1,False,1,20221101,2,0.75
1762,263,3571.6001251564458,18067.40488110137,3,0,True,1,20221101,2,0.75
1763,264,3571.602761721259,18599.59505459217,3,146,False,1,20221101,2,0.75
1764,265,3572.0925925925926,19139.5,0,0,False,1,20221101,2,0.75
1765,266,3572.5167865707435,19675.59592326139,2,2,False,1,20221101,2,0.75
1766,267,3572.0925925925926,20211.5,0,1,False,1,20221101,2,0.75
1767,268,3572.183417085427,20755.04271356784,0,94,True,1,20221101,2,0.75
1768,269,3572.0925925925926,21283.5,0,0,True,1,20221101,2,0.75
1769,270,4023.1235884567127,1199.1135508155585,0,0,False,1,20221101,2,0.75
1770,271,4023.4024390243903,1727.5975609756097,1,0,False,1,20221101,2,0.75
1771,272,4023.5,2263.5,1,1,False,1,20221101,2,0.75
1772,273,4023.5,2799.304755944931,0,4,False,1,20221101,2,0.75
1773,274,4023.22057898049,3335.7794210195093,0,0,False,1,20221101,2,0.75
1774,275,4023.6026991441736,3871.597432521396,0,0,True,1,20221101,2,0.75
1775,276,4023.6911949685536,4407.308805031446,0,0,True,1,20221101,2,0.75
1776,277,4023.3973008558255,4943.597432521396,0,3,False,1,20221101,2,0.75
1777,278,4023.690476190476,5479.11403508772,0,0,False,1,20221101,2,0.75
1778,279,4023.6000641436817,6011.597498396408,0,2,False,1,20221101,2,0.75
1779,280,4023.690476190476,6543.8859649122805,0,0,False,1,20221101,2,0.75
1780,281,4023.7002567394097,7083.5,1,252,False,1,20221101,2,0.75
1781,282,4023.7884012539184,7623.211598746081,0,0,False,1,20221101,2,0.75
1782,283,4023.885964912281,8151.690476190476,0,0,False,1,20221101,2,0.75
1783,284,4023.6026991441736,8695.402567478604,0,1,False,1,20221101,2,0.75
1784,285,4023.7954399486193,9219.787732819525,0,1,False,1,20221101,2,0.75
1785,286,4023.89588688946,9755.690231362469,0,0,True,1,20221101,2,0.75
1786,287,4023.89588688946,10291.690231362469,0,0,True,1,20221101,2,0.75
1787,288,4023.6953727506425,10827.885604113111,0,0,True,1,20221101,2,0.75
1788,289,4023.7884012539184,11375.211598746082,0,5,True,1,20221101,2,0.75
1789,290,4023.885964912281,11903.690476190475,1,0,False,1,20221101,2,0.75
1790,291,4023.7002567394097,12443.5,0,0,False,1,20221101,2,0.75
1791,292,4023.7954399486193,12971.787732819525,0,0,False,1,20221101,2,0.75
1792,293,4023.969554300063,13504.165411173886,1,1,False,1,20221101,2,0.75
1793,294,4023.885964912281,14039.690476190475,2,3,False,1,20221101,2,0.75
1794,295,4023.87652811736,14579.690709046456,1,3,False,1,20221101,2,0.75
1795,296,4023.7954399486193,15115.787732819525,0,3,False,1,20221101,2,0.75
1796,297,4023.5975609756097,15647.40243902439,0,1,False,1,20221101,2,0.75
1797,298,4023.5,16191.5,3,1,False,1,20221101,2,0.75
1798,299,4023.6000641436817,16731.402501603592,0,1,False,1,20221101,2,0.75
1799,300,4023.4048200122015,17267.402379499694,0,2,False,1,20221101,2,0.75
1800,301,4024.053921568628,17796.06862745098,0,1,False,1,20221101,2,0.75
1801,302,4023.695244055069,18335.5,1,0,False,1,20221101,2,0.75
1802,303,4023.5,18867.5,1,1,False,1,20221101,2,0.75
1803,304,4023.6000641436817,19403.597498396408,0,0,False,1,20221101,2,0.75
1804,305,4023.89588688946,19947.309768637533,3,1,False,1,20221101,2,0.75
1805,306,4023.314180929096,20483.11369193154,0,1,False,1,20221101,2,0.75
1806,307,4023.6000641436817,21019.402501603592,6,3,False,1,20221101,2,0.75
1807,308,4467.308588957055,927.6865030674846,1,174,True,1,20221101,2,0.75
1808,309,4467.6027617212585,1463.5950545921644,0,0,False,1,20221101,2,0.75
1809,310,4467.69094247246,1999.686046511628,3,1,False,1,20221101,2,0.75
1810,311,4467.5,2531.5,1,0,False,1,20221101,2,0.75
1811,312,4467.103264281231,3067.133396107972,0,0,True,1,20221101,2,0.75
1812,313,4467.597620500305,3607.5951799877976,0,0,True,1,20221101,2,0.75
1813,314,4468.0700245700245,4135.490171990172,0,0,False,1,20221101,2,0.75
1814,315,4467.790461538461,4678.6704615384615,0,0,False,1,20221101,2,0.75
1815,316,4467.220416922134,5207.772225628449,0,0,False,1,20221101,2,0.75
1816,317,4467.600250626567,5747.4047619047615,0,1,False,1,20221101,2,0.75
1817,318,4467.695611285267,6275.876175548589,2,1,False,1,20221101,2,0.75
1818,319,4468.067931456549,6814.9467564259485,0,2,False,1,20221101,2,0.75
1819,320,4467.69094247246,7351.686046511628,1,2,True,1,20221101,2,0.75
1820,321,4467.705655526992,7887.5,1,1,True,1,20221101,2,0.75
1821,322,4467.9604316546765,8427.039568345324,0,0,False,1,20221101,2,0.75
1822,323,4467.803536977492,8951.78038585209,0,0,True,1,20221101,2,0.75
1823,324,4467.779926335175,9488.145794966236,0,0,False,1,20221101,2,0.75
1824,325,4467.970876762723,10023.958614347026,0,0,False,1,20221101,2,0.75
1825,326,4467.779926335175,10560.145794966236,0,0,False,1,20221101,2,0.75
1826,327,4467.773709483794,11099.773709483794,0,1,False,1,20221101,2,0.75
1827,328,4467.705655526992,11639.5,0,0,False,1,20221101,2,0.75
1828,329,4467.691411042945,12175.313496932517,2,3,False,1,20221101,2,0.75
1829,330,4467.992462311558,12707.404522613066,4,4,False,1,20221101,2,0.75
1830,331,4467.982412060302,13236.14824120603,3,0,True,1,20221101,2,0.75
1831,332,4467.695611285267,13771.876175548588,1,1,False,1,20221101,2,0.75
1832,333,4467.78679245283,14308.335220125786,1,1,False,1,20221101,2,0.75
1833,334,4467.700375704446,14851.5,1,1,False,1,20221101,2,0.75
1834,335,4467.695611285267,15379.876175548588,0,3,False,1,20221101,2,0.75
1835,336,4467.69094247246,15919.686046511628,0,2,False,1,20221101,2,0.75
1836,337,4467.597979179424,16463.03214941825,0,3,False,1,20221101,2,0.75
1837,338,4467.796110414053,16995.590338770387,0,0,False,1,20221101,2,0.75
1838,339,4467.812169312169,17531.589947089946,1,4,False,1,20221101,2,0.75
1839,340,4467.304143126177,18067.314187068423,1,3,False,1,20221101,2,0.75
1840,341,4467.6027617212585,18599.59505459217,0,0,False,1,20221101,2,0.75
1841,342,4467.992462311558,19139.59547738693,0,114,False,1,20221101,2,0.75
1842,343,4467.9604316546765,19675.586330935253,1,3,False,1,20221101,2,0.75
1843,344,4467.992462311558,20211.404522613066,0,0,False,1,20221101,2,0.75
1844,345,4467.695611285267,20755.87617554859,0,0,False,1,20221101,2,0.75
1845,346,4467.600250626567,21283.404761904763,1,1,False,1,20221101,2,0.75
1846,347,4910.279048765804,1198.8762793497892,2,184,True,1,20221101,2,0.75
1847,348,4909.975961538462,1726.3557692307693,0,1,False,1,20221101,2,0.75
1848,349,4911.294228356336,2263.5,0,2,False,1,20221101,2,0.75
1849,350,4910.738323353294,2799.859281437126,0,1,False,1,20221101,2,0.75
1850,351,4910.551497005988,3335.32754491018,0,1,False,1,20221101,2,0.75
1851,352,4911.092964824121,3871.680904522613,0,0,False,1,20221101,2,0.75
1852,353,4911.308383233533,4407.317964071856,1,0,False,1,20221101,2,0.75
1853,354,4911.298994974874,4943.133165829146,0,0,False,1,20221101,2,0.75
1854,355,4911.308841099164,5479.318399044206,0,1,False,1,20221101,2,0.75
1855,356,4911.696078431372,6011.318627450981,0,0,False,1,20221101,2,0.75
1856,357,4911.308383233533,6543.682035928144,1,0,False,1,20221101,2,0.75
1857,358,4911.796387017759,7083.225658297612,1,1,False,1,20221101,2,0.75
1858,359,4912.070743405276,7622.958033573142,1,0,True,1,20221101,2,0.75
1859,360,4911.5,8151.5,0,0,False,1,20221101,2,0.75
1860,361,4911.5,8694.951572327043,0,0,False,1,20221101,2,0.75
1861,362,4911.696078431372,9219.68137254902,0,0,False,1,20221101,2,0.75
1862,363,4911.69656019656,9755.681818181818,0,1,False,1,20221101,2,0.75
1863,364,4911.5,10291.863190184047,0,2,False,1,20221101,2,0.75
1864,365,4911.5,10827.863190184047,1,0,False,1,20221101,2,0.75
1865,366,4911.5,11374.602040816326,0,0,False,1,20221101,2,0.75
1866,367,4911.780407429598,11902.869682444578,1,0,False,1,20221101,2,0.75
1867,368,4911.600551808707,12443.043838136113,5,3,False,1,20221101,2,0.75
1868,369,4911.696078431372,12971.68137254902,2,3,False,1,20221101,2,0.75
1869,370,4911.780407429598,13504.130317555422,1,125,False,1,20221101,2,0.75
1870,371,4911.780407429598,14040.130317555422,0,1,False,1,20221101,2,0.75
1871,372,4911.774165202109,14579.232864674868,0,1,False,1,20221101,2,0.75
1872,373,4911.696078431372,15115.68137254902,0,1,False,1,20221101,2,0.75
1873,374,4911.780407429598,15648.130317555422,1,2,False,1,20221101,2,0.75
1874,375,4911.5,16191.136363636364,0,0,False,1,20221101,2,0.75
1875,376,4911.5,16731.5,3,2,False,1,20221101,2,0.75
1876,377,4911.869158878505,17266.77570093458,1,1,False,1,20221101,2,0.75
1877,378,4911.877182770663,17795.681606519207,0,0,False,1,20221101,2,0.75
1878,379,4912.261676646706,18335.32754491018,2,1,False,1,20221101,2,0.75
1879,380,4912.056725146199,18867.49064327485,0,0,False,1,20221101,2,0.75
1880,381,4911.696078431372,19403.68137254902,1,1,False,1,20221101,2,0.75
1881,382,4911.796387017759,19947.22565829761,0,4,False,1,20221101,2,0.75
1882,383,4911.961088355763,20483.050614394386,0,3,False,1,20221101,2,0.75
1883,384,4911.888206388207,21018.77764127764,3,3,False,1,20221101,2,0.75
1884,385,5354.359950859951,927.5,1,2,False,1,20221101,2,0.75
1885,386,5355.3972382787415,1463.4049454078356,0,1,False,1,20221101,2,0.75
1886,387,5354.355036855037,1999.8341523341523,1,1,False,1,20221101,2,0.75
1887,388,5355.103761755486,2531.314420062696,3,1,False,1,20221101,2,0.75
1888,389,5355.299624295554,3067.5,0,0,False,1,20221101,2,0.75
1889,390,5355.5,3607.309523809524,0,0,False,1,20221101,2,0.75
1890,391,5355.5,4135.5,0,0,False,1,20221101,2,0.75
1891,392,5355.87791411043,4678.758895705521,0,0,False,1,20221101,2,0.75
1892,393,5355.69094247246,5207.313953488372,1,3,False,1,20221101,2,0.75
1893,394,5355.695611285267,5747.123824451411,0,0,False,1,20221101,2,0.75
1894,395,5355.600250626567,6275.4047619047615,0,0,False,1,20221101,2,0.75
1895,396,5355.5,6815.1274509803925,2,1,False,1,20221101,2,0.75
1896,397,5355.597739767868,7351.404703726329,0,0,False,1,20221101,2,0.75
1897,398,5355.6027617212585,7887.404945407836,0,2,False,1,20221101,2,0.75
1898,399,5355.868641532017,8426.757929383602,1,1,False,1,20221101,2,0.75
1899,400,5355.6027617212585,8951.595054592164,1,2,True,1,20221101,2,0.75
1900,401,5355.69094247246,9487.686046511628,0,1,False,1,20221101,2,0.75
1901,402,5355.882352941177,10023.5,0,1,False,1,20221101,2,0.75
1902,403,5355.788685015291,10559.781345565749,0,0,False,1,20221101,2,0.75
1903,404,5355.87298266587,11099.5,1,1,False,1,20221101,2,0.75
1904,405,5355.803536977492,11639.21961414791,0,0,False,1,20221101,2,0.75
1905,406,5355.788685015291,12175.218654434251,0,0,False,1,20221101,2,0.75
1906,407,5355.796110414053,12707.218946047678,0,3,False,1,20221101,2,0.75
1907,408,5355.896238244514,13235.685579937304,0,1,False,1,20221101,2,0.75
1908,409,5355.700375704446,13771.5,1,0,False,1,20221101,2,0.75
1909,410,5355.796110414053,14307.781053952322,0,1,False,1,20221101,2,0.75
1910,411,5355.600125156446,14851.404881101376,1,0,False,1,20221101,2,0.75
1911,412,5355.700375704446,15379.5,0,3,False,1,20221101,2,0.75
1912,413,5355.88630806846,15919.685819070904,2,2,False,1,20221101,2,0.75
1913,414,5355.5,16462.936964504283,5,1,False,1,20221101,2,0.75
1914,415,5355.896238244514,16995.314420062696,1,2,False,1,20221101,2,0.75
1915,416,5355.917713152677,17531.31493721084,0,1,False,1,20221101,2,0.75
1916,417,5355.795739348371,18067.21929824561,2,2,False,1,20221101,2,0.75
1917,418,5355.6027617212585,18599.59505459217,0,0,True,1,20221101,2,0.75
1918,419,5355.700375704446,19139.5,1,0,True,1,20221101,2,0.75
1919,420,5355.968339307049,19675.40442054958,1,5,False,1,20221101,2,0.75
1920,421,5355.600125156446,20211.40488110137,1,3,False,1,20221101,2,0.75
1921,422,5355.795739348371,20755.21929824561,1,0,False,1,20221101,2,0.75
1922,423,5355.700375704446,21283.5,1,0,False,1,20221101,2,0.75
1923,424,5806.541916167665,1199.3179640718563,0,0,False,1,20221101,2,0.75
1924,425,5806.328331332533,1727.2454981992796,1,0,False,1,20221101,2,0.75
1925,426,5806.901257861635,2262.9616352201256,0,0,False,1,20221101,2,0.75
1926,427,5807.019426180514,2799.4067543335327,0,1,False,1,20221101,2,0.75
1927,428,5807.204504504504,3335.262162162162,0,1,False,1,20221101,2,0.75
1928,429,5807.705771643664,3871.5,0,0,False,1,20221101,2,0.75
1929,430,5807.308383233533,4407.317964071856,0,0,False,1,20221101,2,0.75
1930,431,5807.397049591965,4943.407093534212,0,1,False,1,20221101,2,0.75
1931,432,5807.5,5479.136363636364,0,0,False,1,20221101,2,0.75
1932,433,5807.5,6011.5,0,1,False,1,20221101,2,0.75
1933,434,5807.317964071856,6544.223353293413,0,0,False,1,20221101,2,0.75
1934,435,5807.303921568628,7083.318627450981,0,0,False,1,20221101,2,0.75
1935,436,5807.5,7623.136363636364,0,0,False,1,20221101,2,0.75
1936,437,5807.5,8151.5,1,0,False,1,20221101,2,0.75
1937,438,5807.5,8694.951572327043,1,1,False,1,20221101,2,0.75
1938,439,5807.399448191293,9219.956161863887,0,0,False,1,20221101,2,0.75
1939,440,5807.303921568628,9755.68137254902,2,2,False,1,20221101,2,0.75
1940,441,5807.5,10291.863190184047,1,0,False,1,20221101,2,0.75
1941,442,5807.5,10827.863190184047,0,0,False,1,20221101,2,0.75
1942,443,5807.5,11374.602040816326,1,1,True,1,20221101,2,0.75
1943,444,5807.691616766467,11903.317964071855,0,0,False,1,20221101,2,0.75
1944,445,5807.600551808707,12443.043838136113,0,0,False,1,20221101,2,0.75
1945,446,5807.696078431372,12971.68137254902,2,1,False,1,20221101,2,0.75
1946,447,5807.5,13503.863636363636,0,1,False,1,20221101,2,0.75
1947,448,5807.780407429598,14040.130317555422,0,0,True,1,20221101,2,0.75
1948,449,5807.5,14579.5,0,5,False,1,20221101,2,0.75
1949,450,5807.5,15115.5,1,3,False,1,20221101,2,0.75
1950,451,5807.308383233533,15647.682035928145,1,2,False,1,20221101,2,0.75
1951,452,5807.219592570402,16190.869682444578,1,1,False,1,20221101,2,0.75
1952,453,5807.203975535168,16731.225993883792,2,2,False,1,20221101,2,0.75
1953,454,5808.315897136177,17266.518118059616,0,0,False,1,20221101,2,0.75
1954,455,5807.5,17795.5,0,3,False,1,20221101,2,0.75
1955,456,5807.598027495517,18335.04333532576,1,2,False,1,20221101,2,0.75
1956,457,5807.686915887851,18867.317757009347,3,0,True,1,20221101,2,0.75
1957,458,5807.399694189602,19403.59296636085,0,0,False,1,20221101,2,0.75
1958,459,5807.600551808707,19947.04383813612,0,0,False,1,20221101,2,0.75
1959,460,5807.322429906542,20482.59813084112,4,4,False,1,20221101,2,0.75
1960,461,5807.600551808707,21019.04383813612,2,1,False,1,20221101,2,0.75
1961,462,6248.491920447483,929.41671845867,0,58,True,1,20221101,2,0.75
1962,463,6250.684516129032,1463.5,1,70,False,1,20221101,2,0.75
1963,464,6250.062461538461,1999.2710769230769,0,1,False,1,20221101,2,0.75
1964,465,6246.90797940798,2531.5,0,0,False,1,20221101,2,0.75
1965,466,6251.103761755486,3067.6855799373043,2,81,False,1,20221101,2,0.75
1966,467,6251.402379499695,3607.4048200122015,1,1,False,1,20221101,2,0.75
1967,468,6251.30905752754,4135.686046511628,0,2,False,1,20221101,2,0.75
1968,469,6251.788685015291,4679.21865443425,2,3,False,1,20221101,2,0.75
1969,470,6251.882352941177,5207.5,2,4,False,1,20221101,2,0.75
1970,471,6251.600250626567,5747.4047619047615,0,1,False,1,20221101,2,0.75
1971,472,6251.600250626567,6275.595238095239,0,0,False,1,20221101,2,0.75
1972,473,6251.5,6815.1274509803925,0,1,False,1,20221101,2,0.75
1973,474,6251.5,7351.5,0,0,False,1,20221101,2,0.75
1974,475,6251.6027617212585,7887.404945407836,0,0,False,1,20221101,2,0.75
1975,476,6251.773053892216,8426.853293413174,1,0,False,1,20221101,2,0.75
1976,477,6251.5,8951.690231362469,1,6,False,1,20221101,2,0.75
1977,478,6251.5,9487.872549019608,0,0,False,1,20221101,2,0.75
1978,479,6251.5,10023.872549019608,1,1,False,1,20221101,2,0.75
1979,480,6251.69094247246,10559.686046511628,1,3,False,1,20221101,2,0.75
1980,481,6251.87298266587,11099.5,0,0,False,1,20221101,2,0.75
1981,482,6251.6027617212585,11639.404945407836,1,2,True,1,20221101,2,0.75
1982,483,6251.597979179424,12175.032149418248,0,0,False,1,20221101,2,0.75
1983,484,6251.796110414053,12707.218946047678,0,2,False,1,20221101,2,0.75
1984,485,6251.896238244514,13235.685579937304,1,2,False,1,20221101,2,0.75
1985,486,6251.600125156446,13771.595118898624,3,6,False,1,20221101,2,0.75
1986,487,6251.795739348371,14307.780701754386,0,0,False,1,20221101,2,0.75
1987,488,6251.5,14851.309643080776,0,2,False,1,20221101,2,0.75
1988,489,6251.600250626567,15379.40476190476,0,1,False,1,20221101,2,0.75
1989,490,6251.5,15919.5,0,1,False,1,20221101,2,0.75
1990,491,6251.5,16462.389434889436,1,1,False,1,20221101,2,0.75
1991,492,6251.5,16995.30964308078,1,84,False,1,20221101,2,0.75
1992,493,6251.605540897098,17531.405013192612,0,0,False,1,20221101,2,0.75
1993,494,6251.5,18066.93753923415,1,105,False,1,20221101,2,0.75
1994,495,6251.5,18599.5,1,89,False,1,20221101,2,0.75
1995,496,6251.5,19139.30964308078,0,1,False,1,20221101,2,0.75
1996,497,6251.5,19675.12701733413,0,2,False,1,20221101,2,0.75
1997,498,6251.5,20211.30964308078,0,72,False,1,20221101,2,0.75
1998,499,6251.399874843554,20755.40488110137,2,4,False,1,20221101,2,0.75
1999,500,6251.600250626567,21283.404761904763,2,57,True,1,20221101,2,0.75
0,1,899.004835589942,1464.1473243068988,1,0,False,3,20230110,2,0.75
1,2,898.7570725707257,2000.5971709717096,0,0,False,3,20230110,2,0.75
2,3,899.2132075471698,2532.3352201257862,0,1,False,3,20230110,2,0.75
3,4,899.2132075471698,3068.3352201257862,0,0,False,3,20230110,2,0.75
4,5,899.4020208205757,3607.967850581752,0,0,False,3,20230110,2,0.75
5,6,899.2204169221336,4136.33629675046,0,0,False,3,20230110,2,0.75
6,7,899.4020208205757,4679.967850581751,0,0,False,3,20230110,2,0.75
7,8,899.7795830778664,5208.33629675046,0,0,False,3,20230110,2,0.75
8,9,899.6956112852664,5747.876175548589,2,1,False,3,20230110,2,0.75
9,10,899.204260651629,6275.7807017543855,0,1,False,3,20230110,2,0.75
10,11,899.8779141104294,6816.241104294479,1,0,False,3,20230110,2,0.75
11,12,900.0686274509804,7352.053921568628,0,0,False,3,20230110,2,0.75
12,13,900.3051612903225,7887.866451612903,1,0,False,3,20230110,2,0.75
13,14,900.6003003003003,8428.206306306307,2,2,False,3,20230110,2,0.75
14,15,900.0979381443299,8952.051546391753,2,1,False,3,20230110,2,0.75
15,16,900.2429274292743,9488.59717097171,6,3,False,3,20230110,2,0.75
16,17,901.4233621755252,10024.187268232386,4,2,False,3,20230110,2,0.75
17,18,901.0743368291178,10560.657310302282,1,0,False,3,20230110,2,0.75
18,19,900.5989802039592,11100.224655068989,1,1,False,3,20230110,2,0.75
19,20,899.7005141388174,11639.690231362469,2,1,False,3,20230110,2,0.75
20,21,901.428306551298,12176.889369592089,1,2,False,3,20230110,2,0.75
21,22,900.3805031446541,12707.771698113207,1,0,False,3,20230110,2,0.75
22,23,900.3564231738035,13236.502518891688,4,1,False,3,20230110,2,0.75
23,24,899.9824120603015,13772.14824120603,2,0,False,3,20230110,2,0.75
24,25,900.1607818411097,14308.690416141237,2,123,False,3,20230110,2,0.75
25,26,899.896238244514,14851.685579937304,4,0,False,3,20230110,2,0.75
26,27,899.9824120603015,15380.14824120603,3,2,False,3,20230110,2,0.75
27,28,899.7795830778664,15920.33629675046,3,3,False,3,20230110,2,0.75
28,29,899.6909424724602,16463.68604651163,1,0,False,3,20230110,2,0.75
29,30,899.6956112852664,16995.87617554859,1,0,False,3,20230110,2,0.75
30,31,899.6055408970976,17531.594986807388,5,2,False,3,20230110,2,0.75
31,32,899.5,18067.5,2,2,False,3,20230110,2,0.75
32,33,899.5,18599.690231362467,0,1,False,3,20230110,2,0.75
33,34,899.6002506265664,19139.404761904763,2,1,False,3,20230110,2,0.75
34,35,900.1467065868263,19675.226946107785,2,2,False,3,20230110,2,0.75
35,36,900.0925925925926,20211.5,4,1,False,3,20230110,2,0.75
36,37,900.1842767295598,20754.86603773585,3,1,False,3,20230110,2,0.75
37,38,903.89588688946,21283.309768637533,1,0,False,3,20230110,2,0.75
38,39,1342.8345888261142,1199.9695543000628,1,0,False,3,20230110,2,0.75
39,40,1343.293710691824,1728.4610062893082,0,0,False,3,20230110,2,0.75
40,41,1343.1967699406723,2263.78740936058,3,0,False,3,20230110,2,0.75
41,42,1343.2115987460816,2799.7884012539184,2,0,False,3,20230110,2,0.75
42,43,1343.211959924859,3335.788040075141,2,1,False,3,20230110,2,0.75
43,44,1343.5,3871.694993412385,3,0,False,3,20230110,2,0.75
44,45,1343.5,4407.6952440550685,1,0,False,3,20230110,2,0.75
45,46,1343.5,4943.5,4,2,False,3,20230110,2,0.75
46,47,1343.5975609756097,5479.59756097561,1,1,False,3,20230110,2,0.75
47,48,1343.5951768488746,6011.788102893891,0,0,False,3,20230110,2,0.75
48,49,1343.7790697674418,6544.357322438717,1,1,False,3,20230110,2,0.75
49,50,1343.7002567394095,7083.5,0,0,False,3,20230110,2,0.75
50,51,1344.0771643663738,7623.5,1,2,False,3,20230110,2,0.75
51,52,1343.7884012539184,8151.788401253919,0,0,False,3,20230110,2,0.75
52,53,1343.705533596838,8695.5,1,1,False,3,20230110,2,0.75
53,54,1343.6953727506427,9219.885604113111,0,0,False,3,20230110,2,0.75
54,55,1343.89588688946,9755.690231362469,0,0,False,3,20230110,2,0.75
55,56,1343.399935856318,10291.597498396408,2,0,False,3,20230110,2,0.75
56,57,1344.0824742268042,10828.067010309278,1,2,False,3,20230110,2,0.75
57,58,1344.4319899244333,11374.568010075567,0,0,False,3,20230110,2,0.75
58,59,1343.8859649122808,11903.690476190475,0,0,False,3,20230110,2,0.75
59,60,1343.89588688946,12443.309768637531,3,0,False,3,20230110,2,0.75
60,61,1343.89588688946,12971.690231362469,1,1,False,3,20230110,2,0.75
61,62,1343.690476190476,13503.88596491228,4,1,False,3,20230110,2,0.75
62,63,1343.8859649122808,14039.690476190475,2,3,False,3,20230110,2,0.75
63,64,1343.4044703000611,14579.402020820577,1,0,False,3,20230110,2,0.75
64,65,1343.6953727506427,15115.885604113111,6,1,False,3,20230110,2,0.75
65,66,1343.690476190476,15647.88596491228,1,1,False,3,20230110,2,0.75
66,67,1343.7884012539184,16191.788401253918,7,4,True,3,20230110,2,0.75
67,68,1343.399935856318,16731.402501603592,4,3,True,3,20230110,2,0.75
68,69,1343.6865030674846,17267.308588957054,4,0,False,3,20230110,2,0.75
69,70,1343.5955296999389,17795.98009797918,1,0,False,3,20230110,2,0.75
70,71,1343.5975609756097,18335.40243902439,1,2,False,3,20230110,2,0.75
71,72,1343.5,18867.88235294117,3,4,False,3,20230110,2,0.75
72,73,1343.5,19403.5,1,1,False,3,20230110,2,0.75
73,74,1343.89588688946,19947.309768637533,4,6,True,3,20230110,2,0.75
74,75,1344.0539215686274,20482.93137254902,6,4,True,3,20230110,2,0.75
75,76,1344.1825499034128,21019.03122987765,2,113,False,3,20230110,2,0.75
76,77,1786.8558696988323,928.6923786109404,2,1,False,3,20230110,2,0.75
77,78,1786.6937984496124,1464.37338501292,5,3,True,3,20230110,2,0.75
78,79,1786.9313725490197,2000.053921568628,2,1,False,3,20230110,2,0.75
79,80,1787.2038895859473,2531.781053952321,0,0,False,3,20230110,2,0.75
80,81,1786.442065491184,3068.3110831234258,2,1,False,3,20230110,2,0.75
81,82,1787.970300061237,3608.149112063688,0,0,False,3,20230110,2,0.75
82,83,1787.5979791794243,4135.967850581751,0,0,False,3,20230110,2,0.75
83,84,1787.2204169221336,4679.772225628449,0,2,False,3,20230110,2,0.75
84,85,1787.029699938763,5208.149112063687,2,2,False,3,20230110,2,0.75
85,86,1787.882149591452,5748.053111250786,2,2,False,3,20230110,2,0.75
86,87,1787.9753476611884,6276.870417193426,0,0,False,3,20230110,2,0.75
87,88,1788.0700245700243,6816.055282555282,1,0,False,3,20230110,2,0.75
88,89,1788.0686274509803,7352.053921568628,1,3,False,3,20230110,2,0.75
89,90,1787.9066924066924,7887.685328185328,0,0,False,3,20230110,2,0.75
90,91,1788.4214157168567,8427.5,1,0,False,3,20230110,2,0.75
91,92,1788.8411003236247,8951.057281553398,1,1,False,3,20230110,2,0.75
92,93,1788.9590264941469,9488.74460874923,2,2,False,3,20230110,2,0.75
93,94,1788.5325752919484,10024.31868469576,0,2,False,3,20230110,2,0.75
94,95,1789.3282890673256,10560.925571340333,2,1,False,3,20230110,2,0.75
95,96,1788.2420706163973,11099.868641532015,3,5,False,3,20230110,2,0.75
96,97,1788.1082474226805,11639.5,4,2,False,3,20230110,2,0.75
97,98,1788.8382533825338,12175.657441574416,1,0,False,3,20230110,2,0.75
98,99,1788.3636363636365,13236.671717171715,4,7,False,3,20230110,2,0.75
99,100,1788.083280955374,13772.053111250783,3,4,True,3,20230110,2,0.75
100,101,1788.26214511041,14308.5952681388,0,0,False,3,20230110,2,0.75
101,102,1788.0925925925926,14851.5,1,0,False,3,20230110,2,0.75
102,103,1787.887665198238,15380.240088105727,4,1,False,3,20230110,2,0.75
103,104,1787.8779141104294,15920.24110429448,1,1,False,3,20230110,2,0.75
104,105,1787.7886850152904,16463.409480122325,2,2,False,3,20230110,2,0.75
105,106,1787.795739348371,16995.780701754386,2,1,False,3,20230110,2,0.75
106,107,1787.9177131526767,17531.68506278916,0,0,False,3,20230110,2,0.75
107,108,1787.7003757044458,18067.5,3,6,False,3,20230110,2,0.75
108,109,1787.6027617212587,18599.59505459217,7,3,True,3,20230110,2,0.75
109,110,1787.896238244514,19139.314420062696,4,3,False,3,20230110,2,0.75
110,111,1788.4214157168567,19675.5,7,2,False,3,20230110,2,0.75
111,112,1788.0925925925926,20211.5,1,1,False,3,20230110,2,0.75
112,113,1788.083280955374,20754.94688874921,5,2,False,3,20230110,2,0.75
113,114,1788.294468887492,21283.5,0,0,False,3,20230110,2,0.75
114,115,1791.89588688946,12707.309768637531,0,0,False,3,20230110,2,0.75
115,116,2231.304755944931,1199.5,3,3,False,3,20230110,2,0.75
116,117,2231.6907151819323,1727.8764115432873,0,0,False,3,20230110,2,0.75
117,118,2231.5,2263.5,0,0,False,3,20230110,2,0.75
118,119,2231.5,2799.5,1,1,False,3,20230110,2,0.75
119,120,2231.5,3335.5,2,3,False,3,20230110,2,0.75
120,121,2231.5,3871.5,0,1,False,3,20230110,2,0.75
121,122,2231.695244055069,4407.5,3,2,False,3,20230110,2,0.75
122,123,2231.5,4943.5,1,1,False,3,20230110,2,0.75
123,124,2231.5,5479.5,4,11,False,3,20230110,2,0.75
124,125,2231.6000641436817,6011.402501603592,1,1,False,3,20230110,2,0.75
125,126,2231.690476190476,6543.8859649122805,0,0,False,3,20230110,2,0.75
126,127,2231.89588688946,7083.690231362468,0,0,False,3,20230110,2,0.75
127,128,2232.077164366374,7623.5,1,1,False,3,20230110,2,0.75
128,129,2231.8859649122805,8151.690476190476,3,5,False,3,20230110,2,0.75
129,130,2232.1076618229854,8695.5,1,0,False,3,20230110,2,0.75
130,131,2231.79543994862,9219.787732819525,0,0,False,3,20230110,2,0.75
131,132,2232.182549903413,9755.968770122345,0,0,False,3,20230110,2,0.75
132,133,2232.182549903413,10291.968770122345,5,2,False,3,20230110,2,0.75
133,134,2232.082474226804,10828.067010309278,4,2,False,3,20230110,2,0.75
134,135,2231.6902377972465,11375.304755944931,1,1,False,3,20230110,2,0.75
135,136,2232.165411173886,11903.969554300063,1,0,True,3,20230110,2,0.75
136,137,2231.7002567394097,12443.5,3,1,True,3,20230110,2,0.75
137,138,2232.0817245817248,12972.06628056628,1,12,False,3,20230110,2,0.75
138,139,2232.3332284455632,13504.529578351165,0,1,True,3,20230110,2,0.75
139,140,2232.3332284455632,14040.529578351165,1,2,False,3,20230110,2,0.75
140,141,2232.241104294478,14579.87791411043,2,3,False,3,20230110,2,0.75
141,142,2232.0817245817248,15116.06628056628,2,3,False,3,20230110,2,0.75
142,143,2231.9695543000626,15648.165411173886,0,0,False,3,20230110,2,0.75
143,144,2231.8859649122805,16191.690476190475,0,0,False,3,20230110,2,0.75
144,145,2231.7002567394097,16731.5,1,1,False,3,20230110,2,0.75
145,146,2232.241104294478,17267.681595092025,1,1,False,3,20230110,2,0.75
146,147,2232.053921568628,17796.06862745098,3,2,False,3,20230110,2,0.75
147,148,2231.8859649122805,18335.69047619048,2,3,False,3,20230110,2,0.75
148,149,2232.33629675046,18867.220416922133,5,4,False,3,20230110,2,0.75
149,150,2231.79543994862,19403.787732819525,3,0,False,3,20230110,2,0.75
150,151,2231.89588688946,19947.309768637533,4,3,False,3,20230110,2,0.75
151,152,2232.33629675046,20483.220416922133,2,2,False,3,20230110,2,0.75
152,153,2231.89588688946,21019.309768637533,6,3,False,3,20230110,2,0.75
153,154,2674.93137254902,928.0539215686274,0,0,False,3,20230110,2,0.75
154,155,2677.859493670886,1462.4012658227848,0,0,False,3,20230110,2,0.75
155,156,2675.406919779547,1999.776791181874,2,2,False,3,20230110,2,0.75
156,157,2674.90666247643,2531.489943431804,0,0,False,3,20230110,2,0.75
157,158,2675.1173694147265,3068.04877281309,0,0,False,3,20230110,2,0.75
158,159,2674.6416309012875,3607.7722256284487,0,0,False,3,20230110,2,0.75
159,160,2678.221252257676,4135.150812763395,2,2,False,3,20230110,2,0.75
160,161,2679.5,4679.5,0,0,False,3,20230110,2,0.75
161,162,2678.2738452309536,5208.111877624475,1,1,False,3,20230110,2,0.75
162,163,2679.5,5747.5,0,0,False,3,20230110,2,0.75
163,164,2680.4987699877,6275.849323493235,1,2,False,3,20230110,2,0.75
164,165,2679.882775119617,6815.5,1,0,False,3,20230110,2,0.75
165,166,2680.2616766467067,7351.859281437126,0,0,False,3,20230110,2,0.75
166,167,2680.236225087925,8427.317116060962,2,2,True,3,20230110,2,0.75
167,168,2679.907035175879,8951.680904522613,1,1,False,3,20230110,2,0.75
168,169,2679.211389385808,9487.774299344066,3,4,False,3,20230110,2,0.75
169,170,2680.0693779904304,10024.04066985646,2,5,False,3,20230110,2,0.75
170,171,2681.5253470126736,10560.709414604707,2,1,False,3,20230110,2,0.75
171,172,2680.147574517826,11099.766510812393,0,0,False,3,20230110,2,0.75
172,173,2680.1638705811865,12175.766027561414,1,1,True,3,20230110,2,0.75
173,174,2680.093137254902,12707.5,3,1,False,3,20230110,2,0.75
174,175,2680.0840490797545,13236.039877300613,4,4,False,3,20230110,2,0.75
175,176,2679.796024464832,13771.774006116208,2,1,False,3,20230110,2,0.75
176,177,2680.459409594096,14308.385608856088,1,0,False,3,20230110,2,0.75
177,178,2679.896572827417,14851.681150550796,0,0,False,3,20230110,2,0.75
178,179,2680.0840490797545,15380.039877300613,2,1,False,3,20230110,2,0.75
179,180,2680.0693779904304,15920.04066985646,0,0,False,3,20230110,2,0.75
180,181,2679.980573819486,16463.406754333533,0,0,False,3,20230110,2,0.75
181,182,2679.896572827417,16995.681150550794,3,2,False,3,20230110,2,0.75
182,183,2679.605602060528,17531.592723760463,2,2,False,3,20230110,2,0.75
183,184,2679.9935543278084,18067.58348680172,0,0,False,3,20230110,2,0.75
184,185,2679.80923947203,18599.42206159648,5,1,False,3,20230110,2,0.75
185,186,2680.1876155268023,19139.214109673445,1,3,False,3,20230110,2,0.75
186,187,2680.4227166276346,19675.5,1,1,False,3,20230110,2,0.75
187,188,2679.700488997555,20211.5,4,3,False,3,20230110,2,0.75
188,189,2679.7963870177587,20755.22565829761,1,1,False,3,20230110,2,0.75
189,190,2680.093137254902,21283.5,3,0,False,3,20230110,2,0.75
190,191,2683.602761721259,7887.595054592164,2,1,False,3,20230110,2,0.75
191,192,2683.9025806451614,11639.5,1,1,False,3,20230110,2,0.75
192,193,3130.359950859951,1199.5,0,0,False,3,20230110,2,0.75
193,194,3125.668888888889,1728.9653968253967,0,0,False,3,20230110,2,0.75
194,195,3131.397238278741,2263.5950545921646,1,1,False,3,20230110,2,0.75
195,196,3127.2105097545627,2799.7794210195093,3,2,False,3,20230110,2,0.75
196,197,3129.775092936803,3336.6995043370507,3,5,False,3,20230110,2,0.75
197,198,3131.397238278741,3871.5950545921646,0,0,False,3,20230110,2,0.75
198,199,3130.726600985221,4406.869458128079,3,0,False,3,20230110,2,0.75
199,200,3130.9945196647323,4943.595422308188,1,1,False,3,20230110,2,0.75
200,201,3131.402260232132,5479.404703726329,2,1,False,3,20230110,2,0.75
201,202,3131.203889585948,6011.781053952322,2,0,False,3,20230110,2,0.75
202,203,3131.1220858895704,6544.241104294479,4,3,True,3,20230110,2,0.75
203,204,3131.6001251564458,7083.595118898624,0,0,False,3,20230110,2,0.75
204,205,3131.5,7623.127450980392,1,1,False,3,20230110,2,0.75
205,206,3131.5,8151.872549019607,2,0,True,3,20230110,2,0.75
206,207,3131.5,8695.309768637531,2,2,False,3,20230110,2,0.75
207,208,3131.6956112852663,9219.876175548588,0,0,True,3,20230110,2,0.75
208,209,3131.7961104140527,9755.781053952322,2,1,False,3,20230110,2,0.75
209,210,3131.7961104140527,10291.781053952322,0,1,False,3,20230110,2,0.75
210,211,3131.5,10828.06246076585,3,2,False,3,20230110,2,0.75
211,212,3131.779926335175,11374.854205033764,0,0,False,3,20230110,2,0.75
212,213,3131.6909424724604,11903.686046511628,2,2,False,3,20230110,2,0.75
213,214,3131.6002506265663,12443.40476190476,0,0,False,3,20230110,2,0.75
214,215,3131.7961104140527,12971.781053952322,3,2,False,3,20230110,2,0.75
215,216,3131.7795830778664,13504.33629675046,0,0,False,3,20230110,2,0.75
216,217,3131.7795830778664,14040.33629675046,0,0,False,3,20230110,2,0.75
217,218,3131.960431654676,14579.960431654676,1,1,False,3,20230110,2,0.75
218,219,3131.6956112852663,15115.876175548588,2,6,False,3,20230110,2,0.75
219,220,3131.5,15648.063035495716,1,1,False,3,20230110,2,0.75
220,221,3131.8823529411766,16191.5,0,0,False,3,20230110,2,0.75
221,222,3131.5,16731.30964308078,4,1,False,3,20230110,2,0.75
222,223,3131.6862686567165,17267.313731343285,4,2,False,3,20230110,2,0.75
223,224,3131.313953488372,17795.68604651163,1,5,False,3,20230110,2,0.75
224,225,3131.6909424724604,18335.31395348837,0,0,False,3,20230110,2,0.75
225,226,3131.68671454219,18867.68671454219,4,2,False,3,20230110,2,0.75
226,227,3131.700375704446,19403.5,0,0,False,3,20230110,2,0.75
227,228,3131.5,19947.5,1,1,False,3,20230110,2,0.75
228,229,3131.782634730539,20482.661676646705,4,5,False,3,20230110,2,0.75
229,230,3131.7961104140527,21019.21894604768,5,6,False,3,20230110,2,0.75
230,231,3570.6416309012875,927.7722256284488,0,0,True,3,20230110,2,0.75
231,232,3571.5,1463.5,1,0,False,3,20230110,2,0.75
232,233,3569.9433497536947,2000.5147783251232,0,0,False,3,20230110,2,0.75
233,234,3571.3043887147337,2531.1238244514107,0,0,False,3,20230110,2,0.75
234,235,3571.8962382445143,3067.6855799373043,1,0,False,3,20230110,2,0.75
235,236,3571.5,3607.309523809524,0,0,False,3,20230110,2,0.75
236,237,3571.597620500305,4135.595179987798,0,0,False,3,20230110,2,0.75
237,238,3571.5,4679.5,0,0,False,3,20230110,2,0.75
238,239,3571.88630806846,5207.6858190709045,2,1,False,3,20230110,2,0.75
239,240,3571.7961104140527,5747.590338770389,0,0,False,3,20230110,2,0.75
240,241,3571.8962382445143,6275.314420062696,0,0,False,3,20230110,2,0.75
241,242,3571.69536019536,6815.5,0,0,False,3,20230110,2,0.75
242,243,3572.166258420086,7351.041947336191,1,0,True,3,20230110,2,0.75
243,244,3571.7056555269924,7887.5,0,0,False,3,20230110,2,0.75
244,245,3572.5167865707435,8427.404076738609,4,5,False,3,20230110,2,0.75
245,246,3571.9066924066924,8951.685328185327,4,4,False,3,20230110,2,0.75
246,247,3572.260736196319,9487.86809815951,0,0,False,3,20230110,2,0.75
247,248,3572.260736196319,10023.86809815951,4,3,True,3,20230110,2,0.75
248,249,3572.0686274509803,10560.053921568628,4,1,False,3,20230110,2,0.75
249,250,3574.511180124224,11097.66645962733,4,5,False,3,20230110,2,0.75
250,251,3572.00998068255,11639.404700579524,1,1,False,3,20230110,2,0.75
251,252,3572.3583690987125,12175.227774371551,4,2,False,3,20230110,2,0.75
252,253,3572.0925925925926,12707.5,2,2,False,3,20230110,2,0.75
253,254,3572.0825486503454,13236.052416823602,2,0,False,3,20230110,2,0.75
254,255,3571.8962382445143,13771.685579937304,5,6,False,3,20230110,2,0.75
255,256,3572.183417085427,14307.957286432162,0,2,False,3,20230110,2,0.75
256,257,3571.700375704446,14851.5,0,0,True,3,20230110,2,0.75
257,258,3572.183417085427,15379.957286432162,2,2,False,3,20230110,2,0.75
258,259,3572.3583690987125,15919.772225628449,0,0,False,3,20230110,2,0.75
259,260,3571.88630806846,16463.314180929094,3,1,False,3,20230110,2,0.75
260,261,3572.0925925925926,16995.5,3,4,False,3,20230110,2,0.75
261,262,3571.6055408970974,17531.594986807388,1,1,False,3,20230110,2,0.75
262,263,3571.6001251564458,18067.40488110137,5,1,False,3,20230110,2,0.75
263,264,3571.602761721259,18599.59505459217,4,4,False,3,20230110,2,0.75
264,265,3572.0925925925926,19139.5,2,3,False,3,20230110,2,0.75
265,266,3572.5167865707435,19675.59592326139,0,0,False,3,20230110,2,0.75
266,267,3572.0925925925926,20211.5,2,2,False,3,20230110,2,0.75
267,268,3572.183417085427,20755.04271356784,3,4,True,3,20230110,2,0.75
268,269,3572.0925925925926,21283.5,2,0,False,3,20230110,2,0.75
269,270,4023.1235884567127,1199.1135508155585,4,0,False,3,20230110,2,0.75
270,271,4023.4024390243903,1727.5975609756097,1,1,False,3,20230110,2,0.75
271,272,4023.5,2263.5,0,0,False,3,20230110,2,0.75
272,273,4023.5,2799.304755944931,1,0,False,3,20230110,2,0.75
273,274,4023.22057898049,3335.7794210195093,0,0,False,3,20230110,2,0.75
274,275,4023.6026991441736,3871.597432521396,1,0,False,3,20230110,2,0.75
275,276,4023.6911949685536,4407.308805031446,2,0,False,3,20230110,2,0.75
276,277,4023.3973008558255,4943.597432521396,0,0,False,3,20230110,2,0.75
277,278,4023.690476190476,5479.11403508772,2,1,False,3,20230110,2,0.75
278,279,4023.6000641436817,6011.597498396408,2,0,False,3,20230110,2,0.75
279,280,4023.690476190476,6543.8859649122805,2,4,False,3,20230110,2,0.75
280,281,4023.7002567394097,7083.5,3,2,False,3,20230110,2,0.75
281,282,4023.7884012539184,7623.211598746081,2,1,False,3,20230110,2,0.75
282,283,4023.885964912281,8151.690476190476,0,0,True,3,20230110,2,0.75
283,284,4023.6026991441736,8695.402567478604,0,0,False,3,20230110,2,0.75
284,285,4023.7954399486193,9219.787732819525,2,2,False,3,20230110,2,0.75
285,286,4023.89588688946,9755.690231362469,1,2,False,3,20230110,2,0.75
286,287,4023.89588688946,10291.690231362469,0,0,False,3,20230110,2,0.75
287,288,4023.6953727506425,10827.885604113111,1,0,False,3,20230110,2,0.75
288,289,4023.7884012539184,11375.211598746082,6,5,False,3,20230110,2,0.75
289,290,4023.885964912281,11903.690476190475,4,3,False,3,20230110,2,0.75
290,291,4023.7002567394097,12443.5,1,0,False,3,20230110,2,0.75
291,292,4023.7954399486193,12971.787732819525,2,1,False,3,20230110,2,0.75
292,293,4023.969554300063,13504.165411173886,0,0,False,3,20230110,2,0.75
293,294,4023.885964912281,14039.690476190475,1,2,False,3,20230110,2,0.75
294,295,4023.87652811736,14579.690709046456,2,1,True,3,20230110,2,0.75
295,296,4023.7954399486193,15115.787732819525,0,2,True,3,20230110,2,0.75
296,297,4023.5975609756097,15647.40243902439,1,0,False,3,20230110,2,0.75
297,298,4023.5,16191.5,4,3,False,3,20230110,2,0.75
298,299,4023.6000641436817,16731.402501603592,0,0,False,3,20230110,2,0.75
299,300,4023.4048200122015,17267.402379499694,1,3,False,3,20230110,2,0.75
300,301,4024.053921568628,17796.06862745098,4,3,False,3,20230110,2,0.75
301,302,4023.695244055069,18335.5,1,2,False,3,20230110,2,0.75
302,303,4023.5,18867.5,3,2,False,3,20230110,2,0.75
303,304,4023.6000641436817,19403.597498396408,0,0,False,3,20230110,2,0.75
304,305,4023.89588688946,19947.309768637533,3,1,False,3,20230110,2,0.75
305,306,4023.314180929096,20483.11369193154,4,2,True,3,20230110,2,0.75
306,307,4023.6000641436817,21019.402501603592,1,0,False,3,20230110,2,0.75
307,308,4467.308588957055,927.6865030674846,3,2,False,3,20230110,2,0.75
308,309,4467.6027617212585,1463.5950545921644,0,0,False,3,20230110,2,0.75
309,310,4467.69094247246,1999.686046511628,0,1,False,3,20230110,2,0.75
310,311,4467.5,2531.5,0,0,False,3,20230110,2,0.75
311,312,4467.103264281231,3067.133396107972,3,0,True,3,20230110,2,0.75
312,313,4467.597620500305,3607.5951799877976,1,2,True,3,20230110,2,0.75
313,314,4468.0700245700245,4135.490171990172,0,0,False,3,20230110,2,0.75
314,315,4467.790461538461,4678.6704615384615,1,1,False,3,20230110,2,0.75
315,316,4467.220416922134,5207.772225628449,0,0,False,3,20230110,2,0.75
316,317,4467.600250626567,5747.4047619047615,4,1,False,3,20230110,2,0.75
317,318,4467.695611285267,6275.876175548589,2,1,False,3,20230110,2,0.75
318,319,4468.067931456549,6814.9467564259485,3,2,True,3,20230110,2,0.75
319,320,4467.69094247246,7351.686046511628,2,0,True,3,20230110,2,0.75
320,321,4467.705655526992,7887.5,1,1,False,3,20230110,2,0.75
321,322,4467.9604316546765,8427.039568345324,2,1,False,3,20230110,2,0.75
322,323,4467.803536977492,8951.78038585209,0,2,False,3,20230110,2,0.75
323,324,4467.779926335175,9488.145794966236,3,3,True,3,20230110,2,0.75
324,325,4467.970876762723,10023.958614347026,4,2,False,3,20230110,2,0.75
325,326,4467.779926335175,10560.145794966236,1,1,False,3,20230110,2,0.75
326,327,4467.773709483794,11099.773709483794,2,1,False,3,20230110,2,0.75
327,328,4467.705655526992,11639.5,3,2,False,3,20230110,2,0.75
328,329,4467.691411042945,12175.313496932517,3,4,True,3,20230110,2,0.75
329,330,4467.992462311558,12707.404522613066,3,3,False,3,20230110,2,0.75
330,331,4467.982412060302,13236.14824120603,1,2,False,3,20230110,2,0.75
331,332,4467.695611285267,13771.876175548588,2,2,False,3,20230110,2,0.75
332,333,4467.78679245283,14308.335220125786,1,2,False,3,20230110,2,0.75
333,334,4467.700375704446,14851.5,0,0,False,3,20230110,2,0.75
334,335,4467.695611285267,15379.876175548588,0,0,False,3,20230110,2,0.75
335,336,4467.69094247246,15919.686046511628,0,1,False,3,20230110,2,0.75
336,337,4467.597979179424,16463.03214941825,0,0,False,3,20230110,2,0.75
337,338,4467.796110414053,16995.590338770387,5,4,False,3,20230110,2,0.75
338,339,4467.812169312169,17531.589947089946,4,1,False,3,20230110,2,0.75
339,340,4467.304143126177,18067.314187068423,2,2,False,3,20230110,2,0.75
340,341,4467.6027617212585,18599.59505459217,2,2,False,3,20230110,2,0.75
341,342,4467.992462311558,19139.59547738693,1,1,False,3,20230110,2,0.75
342,343,4467.9604316546765,19675.586330935253,0,0,False,3,20230110,2,0.75
343,344,4467.992462311558,20211.404522613066,1,2,False,3,20230110,2,0.75
344,345,4467.695611285267,20755.87617554859,4,2,False,3,20230110,2,0.75
345,346,4467.600250626567,21283.404761904763,2,2,False,3,20230110,2,0.75
346,347,4910.279048765804,1198.8762793497892,0,0,False,3,20230110,2,0.75
347,348,4909.975961538462,1726.3557692307693,1,0,False,3,20230110,2,0.75
348,349,4911.294228356336,2263.5,1,1,False,3,20230110,2,0.75
349,350,4910.738323353294,2799.859281437126,0,1,False,3,20230110,2,0.75
350,351,4910.551497005988,3335.32754491018,2,1,True,3,20230110,2,0.75
351,352,4911.092964824121,3871.680904522613,3,0,False,3,20230110,2,0.75
352,353,4911.308383233533,4407.317964071856,2,2,False,3,20230110,2,0.75
353,354,4911.298994974874,4943.133165829146,0,0,False,3,20230110,2,0.75
354,355,4911.308841099164,5479.318399044206,0,0,False,3,20230110,2,0.75
355,356,4911.696078431372,6011.318627450981,0,0,False,3,20230110,2,0.75
356,357,4911.308383233533,6543.682035928144,0,0,False,3,20230110,2,0.75
357,358,4911.796387017759,7083.225658297612,1,1,True,3,20230110,2,0.75
358,359,4912.070743405276,7622.958033573142,4,1,False,3,20230110,2,0.75
359,360,4911.5,8151.5,3,2,False,3,20230110,2,0.75
360,361,4911.5,8694.951572327043,0,0,False,3,20230110,2,0.75
361,362,4911.696078431372,9219.68137254902,0,1,False,3,20230110,2,0.75
362,363,4911.69656019656,9755.681818181818,3,3,False,3,20230110,2,0.75
363,364,4911.5,10291.863190184047,3,1,False,3,20230110,2,0.75
364,365,4911.5,10827.863190184047,0,0,False,3,20230110,2,0.75
365,366,4911.5,11374.602040816326,3,5,False,3,20230110,2,0.75
366,367,4911.780407429598,11902.869682444578,4,3,True,3,20230110,2,0.75
367,368,4911.600551808707,12443.043838136113,6,2,True,3,20230110,2,0.75
368,369,4911.696078431372,12971.68137254902,6,3,False,3,20230110,2,0.75
369,370,4911.780407429598,13504.130317555422,2,2,False,3,20230110,2,0.75
370,371,4911.780407429598,14040.130317555422,5,10,False,3,20230110,2,0.75
371,372,4911.774165202109,14579.232864674868,2,0,False,3,20230110,2,0.75
372,373,4911.696078431372,15115.68137254902,1,1,False,3,20230110,2,0.75
373,374,4911.780407429598,15648.130317555422,0,0,False,3,20230110,2,0.75
374,375,4911.5,16191.136363636364,0,0,True,3,20230110,2,0.75
375,376,4911.5,16731.5,2,3,False,3,20230110,2,0.75
376,377,4911.869158878505,17266.77570093458,2,0,False,3,20230110,2,0.75
377,378,4911.877182770663,17795.681606519207,0,1,False,3,20230110,2,0.75
378,379,4912.261676646706,18335.32754491018,2,2,False,3,20230110,2,0.75
379,380,4912.056725146199,18867.49064327485,1,0,False,3,20230110,2,0.75
380,381,4911.696078431372,19403.68137254902,1,0,False,3,20230110,2,0.75
381,382,4911.796387017759,19947.22565829761,3,1,False,3,20230110,2,0.75
382,383,4911.961088355763,20483.050614394386,1,2,False,3,20230110,2,0.75
383,384,4911.888206388207,21018.77764127764,0,0,False,3,20230110,2,0.75
384,385,5354.359950859951,927.5,0,0,False,3,20230110,2,0.75
385,386,5355.3972382787415,1463.4049454078356,5,1,False,3,20230110,2,0.75
386,387,5354.355036855037,1999.8341523341523,2,0,False,3,20230110,2,0.75
387,388,5355.103761755486,2531.314420062696,7,3,False,3,20230110,2,0.75
388,389,5355.299624295554,3067.5,2,2,False,3,20230110,2,0.75
389,390,5355.5,3607.309523809524,1,1,False,3,20230110,2,0.75
390,391,5355.5,4135.5,0,0,False,3,20230110,2,0.75
391,392,5355.87791411043,4678.758895705521,1,1,False,3,20230110,2,0.75
392,393,5355.69094247246,5207.313953488372,1,0,False,3,20230110,2,0.75
393,394,5355.695611285267,5747.123824451411,0,0,False,3,20230110,2,0.75
394,395,5355.600250626567,6275.4047619047615,1,1,True,3,20230110,2,0.75
395,396,5355.5,6815.1274509803925,0,0,False,3,20230110,2,0.75
396,397,5355.597739767868,7351.404703726329,0,0,False,3,20230110,2,0.75
397,398,5355.6027617212585,7887.404945407836,0,1,False,3,20230110,2,0.75
398,399,5355.868641532017,8426.757929383602,4,5,False,3,20230110,2,0.75
399,400,5355.6027617212585,8951.595054592164,5,126,False,3,20230110,2,0.75
400,401,5355.69094247246,9487.686046511628,1,0,False,3,20230110,2,0.75
401,402,5355.882352941177,10023.5,0,0,False,3,20230110,2,0.75
402,403,5355.788685015291,10559.781345565749,0,0,False,3,20230110,2,0.75
403,404,5355.87298266587,11099.5,1,1,False,3,20230110,2,0.75
404,405,5355.803536977492,11639.21961414791,1,1,False,3,20230110,2,0.75
405,406,5355.788685015291,12175.218654434251,0,0,False,3,20230110,2,0.75
406,407,5355.796110414053,12707.218946047678,6,5,False,3,20230110,2,0.75
407,408,5355.896238244514,13235.685579937304,3,2,False,3,20230110,2,0.75
408,409,5355.700375704446,13771.5,0,0,False,3,20230110,2,0.75
409,410,5355.796110414053,14307.781053952322,1,1,False,3,20230110,2,0.75
410,411,5355.600125156446,14851.404881101376,3,1,False,3,20230110,2,0.75
411,412,5355.700375704446,15379.5,1,2,False,3,20230110,2,0.75
412,413,5355.88630806846,15919.685819070904,1,5,False,3,20230110,2,0.75
413,414,5355.5,16462.936964504283,0,0,False,3,20230110,2,0.75
414,415,5355.896238244514,16995.314420062696,2,3,False,3,20230110,2,0.75
415,416,5355.917713152677,17531.31493721084,2,3,True,3,20230110,2,0.75
416,417,5355.795739348371,18067.21929824561,4,2,False,3,20230110,2,0.75
417,418,5355.6027617212585,18599.59505459217,2,3,True,3,20230110,2,0.75
418,419,5355.700375704446,19139.5,1,1,False,3,20230110,2,0.75
419,420,5355.968339307049,19675.40442054958,0,0,False,3,20230110,2,0.75
420,421,5355.600125156446,20211.40488110137,4,2,True,3,20230110,2,0.75
421,422,5355.795739348371,20755.21929824561,4,2,True,3,20230110,2,0.75
422,423,5355.700375704446,21283.5,1,1,False,3,20230110,2,0.75
423,424,5806.541916167665,1199.3179640718563,4,3,False,3,20230110,2,0.75
424,425,5806.328331332533,1727.2454981992796,1,2,False,3,20230110,2,0.75
425,426,5806.901257861635,2262.9616352201256,1,1,False,3,20230110,2,0.75
426,427,5807.019426180514,2799.4067543335327,1,2,False,3,20230110,2,0.75
427,428,5807.204504504504,3335.262162162162,1,1,False,3,20230110,2,0.75
428,429,5807.705771643664,3871.5,3,1,False,3,20230110,2,0.75
429,430,5807.308383233533,4407.317964071856,1,1,False,3,20230110,2,0.75
430,431,5807.397049591965,4943.407093534212,1,1,False,3,20230110,2,0.75
431,432,5807.5,5479.136363636364,1,1,False,3,20230110,2,0.75
432,433,5807.5,6011.5,0,2,False,3,20230110,2,0.75
433,434,5807.317964071856,6544.223353293413,0,0,False,3,20230110,2,0.75
434,435,5807.303921568628,7083.318627450981,3,119,False,3,20230110,2,0.75
435,436,5807.5,7623.136363636364,2,3,False,3,20230110,2,0.75
436,437,5807.5,8151.5,2,1,False,3,20230110,2,0.75
437,438,5807.5,8694.951572327043,2,0,False,3,20230110,2,0.75
438,439,5807.399448191293,9219.956161863887,2,1,False,3,20230110,2,0.75
439,440,5807.303921568628,9755.68137254902,1,2,False,3,20230110,2,0.75
440,441,5807.5,10291.863190184047,4,4,False,3,20230110,2,0.75
441,442,5807.5,10827.863190184047,1,1,False,3,20230110,2,0.75
442,443,5807.5,11374.602040816326,5,3,False,3,20230110,2,0.75
443,444,5807.691616766467,11903.317964071855,0,0,False,3,20230110,2,0.75
444,445,5807.600551808707,12443.043838136113,1,0,False,3,20230110,2,0.75
445,446,5807.696078431372,12971.68137254902,0,0,False,3,20230110,2,0.75
446,447,5807.5,13503.863636363636,1,1,False,3,20230110,2,0.75
447,448,5807.780407429598,14040.130317555422,1,0,False,3,20230110,2,0.75
448,449,5807.5,14579.5,0,0,False,3,20230110,2,0.75
449,450,5807.5,15115.5,2,0,False,3,20230110,2,0.75
450,451,5807.308383233533,15647.682035928145,2,2,False,3,20230110,2,0.75
451,452,5807.219592570402,16190.869682444578,1,0,False,3,20230110,2,0.75
452,453,5807.203975535168,16731.225993883792,5,0,False,3,20230110,2,0.75
453,454,5808.315897136177,17266.518118059616,0,0,False,3,20230110,2,0.75
454,455,5807.5,17795.5,1,1,False,3,20230110,2,0.75
455,456,5807.598027495517,18335.04333532576,2,3,True,3,20230110,2,0.75
456,457,5807.686915887851,18867.317757009347,3,1,True,3,20230110,2,0.75
457,458,5807.399694189602,19403.59296636085,2,1,False,3,20230110,2,0.75
458,459,5807.600551808707,19947.04383813612,1,0,False,3,20230110,2,0.75
459,460,5807.322429906542,20482.59813084112,2,5,False,3,20230110,2,0.75
460,461,5807.600551808707,21019.04383813612,1,0,False,3,20230110,2,0.75
461,462,6248.491920447483,929.41671845867,5,1,False,3,20230110,2,0.75
462,463,6250.684516129032,1463.5,1,0,False,3,20230110,2,0.75
463,464,6250.062461538461,1999.2710769230769,5,4,False,3,20230110,2,0.75
464,465,6246.90797940798,2531.5,0,0,False,3,20230110,2,0.75
465,466,6251.103761755486,3067.6855799373043,1,1,False,3,20230110,2,0.75
466,467,6251.402379499695,3607.4048200122015,0,0,False,3,20230110,2,0.75
467,468,6251.30905752754,4135.686046511628,0,0,False,3,20230110,2,0.75
468,469,6251.788685015291,4679.21865443425,1,1,False,3,20230110,2,0.75
469,470,6251.882352941177,5207.5,1,1,False,3,20230110,2,0.75
470,471,6251.600250626567,5747.4047619047615,0,0,False,3,20230110,2,0.75
471,472,6251.600250626567,6275.595238095239,1,1,False,3,20230110,2,0.75
472,473,6251.5,6815.1274509803925,0,0,False,3,20230110,2,0.75
473,474,6251.5,7351.5,0,0,False,3,20230110,2,0.75
474,475,6251.6027617212585,7887.404945407836,1,0,False,3,20230110,2,0.75
475,476,6251.773053892216,8426.853293413174,0,0,False,3,20230110,2,0.75
476,477,6251.5,8951.690231362469,1,2,False,3,20230110,2,0.75
477,478,6251.5,9487.872549019608,2,3,False,3,20230110,2,0.75
478,479,6251.5,10023.872549019608,3,2,False,3,20230110,2,0.75
479,480,6251.69094247246,10559.686046511628,5,0,False,3,20230110,2,0.75
480,481,6251.87298266587,11099.5,1,0,False,3,20230110,2,0.75
481,482,6251.6027617212585,11639.404945407836,4,0,False,3,20230110,2,0.75
482,483,6251.597979179424,12175.032149418248,1,0,False,3,20230110,2,0.75
483,484,6251.796110414053,12707.218946047678,2,0,False,3,20230110,2,0.75
484,485,6251.896238244514,13235.685579937304,1,2,False,3,20230110,2,0.75
485,486,6251.600125156446,13771.595118898624,1,3,False,3,20230110,2,0.75
486,487,6251.795739348371,14307.780701754386,2,0,False,3,20230110,2,0.75
487,488,6251.5,14851.309643080776,5,0,False,3,20230110,2,0.75
488,489,6251.600250626567,15379.40476190476,4,0,False,3,20230110,2,0.75
489,490,6251.5,15919.5,5,2,False,3,20230110,2,0.75
490,491,6251.5,16462.389434889436,2,0,False,3,20230110,2,0.75
491,492,6251.5,16995.30964308078,3,0,False,3,20230110,2,0.75
492,493,6251.605540897098,17531.405013192612,4,0,False,3,20230110,2,0.75
493,494,6251.5,18066.93753923415,5,0,False,3,20230110,2,0.75
494,495,6251.5,18599.5,4,1,False,3,20230110,2,0.75
495,496,6251.5,19139.30964308078,0,0,False,3,20230110,2,0.75
496,497,6251.5,19675.12701733413,1,0,False,3,20230110,2,0.75
497,498,6251.5,20211.30964308078,4,2,False,3,20230110,2,0.75
498,499,6251.399874843554,20755.40488110137,2,0,False,3,20230110,2,0.75
499,500,6251.600250626567,21283.404761904763,3,1,False,3,20230110,2,0.75
500,1,899.004835589942,1464.1473243068988,4,0,False,3,20230110,2,0.8
501,2,898.7570725707257,2000.5971709717096,5,0,False,3,20230110,2,0.8
502,3,899.2132075471698,2532.3352201257862,5,5,False,3,20230110,2,0.8
503,4,899.2132075471698,3068.3352201257862,11,4,False,3,20230110,2,0.8
504,5,899.4020208205757,3607.967850581752,5,1,False,3,20230110,2,0.8
505,6,899.2204169221336,4136.33629675046,10,4,False,3,20230110,2,0.8
506,7,899.4020208205757,4679.967850581751,6,3,False,3,20230110,2,0.8
507,8,899.7795830778664,5208.33629675046,9,9,False,3,20230110,2,0.8
508,9,899.6956112852664,5747.876175548589,6,1,False,3,20230110,2,0.8
509,10,899.204260651629,6275.7807017543855,10,2,False,3,20230110,2,0.8
510,11,899.8779141104294,6816.241104294479,7,0,False,3,20230110,2,0.8
511,12,900.0686274509804,7352.053921568628,10,3,False,3,20230110,2,0.8
512,13,900.3051612903225,7887.866451612903,2,2,False,3,20230110,2,0.8
513,14,900.6003003003003,8428.206306306307,12,7,False,3,20230110,2,0.8
514,15,900.0979381443299,8952.051546391753,6,1,False,3,20230110,2,0.8
515,16,900.2429274292743,9488.59717097171,3,1,False,3,20230110,2,0.8
516,17,901.4233621755252,10024.187268232386,10,4,False,3,20230110,2,0.8
517,18,901.0743368291178,10560.657310302282,3,1,False,3,20230110,2,0.8
518,19,900.5989802039592,11100.224655068989,5,0,False,3,20230110,2,0.8
519,20,899.7005141388174,11639.690231362469,3,2,False,3,20230110,2,0.8
520,21,901.428306551298,12176.889369592089,2,3,False,3,20230110,2,0.8
521,22,900.3805031446541,12707.771698113207,4,2,False,3,20230110,2,0.8
522,23,900.3564231738035,13236.502518891688,3,4,False,3,20230110,2,0.8
523,24,899.9824120603015,13772.14824120603,2,4,False,3,20230110,2,0.8
524,25,900.1607818411097,14308.690416141237,4,1,False,3,20230110,2,0.8
525,26,899.896238244514,14851.685579937304,8,3,False,3,20230110,2,0.8
526,27,899.9824120603015,15380.14824120603,4,5,False,3,20230110,2,0.8
527,28,899.7795830778664,15920.33629675046,10,14,False,3,20230110,2,0.8
528,29,899.6909424724602,16463.68604651163,7,4,False,3,20230110,2,0.8
529,30,899.6956112852664,16995.87617554859,20,14,False,3,20230110,2,0.8
530,31,899.6055408970976,17531.594986807388,13,9,False,3,20230110,2,0.8
531,32,899.5,18067.5,8,2,False,3,20230110,2,0.8
532,33,899.5,18599.690231362467,9,121,False,3,20230110,2,0.8
533,34,899.6002506265664,19139.404761904763,7,3,False,3,20230110,2,0.8
534,35,900.1467065868263,19675.226946107785,4,1,False,3,20230110,2,0.8
535,36,900.0925925925926,20211.5,8,7,False,3,20230110,2,0.8
536,37,900.1842767295598,20754.86603773585,7,3,False,3,20230110,2,0.8
537,38,903.89588688946,21283.309768637533,14,2,False,3,20230110,2,0.8
538,39,1342.8345888261142,1199.9695543000628,3,1,False,3,20230110,2,0.8
539,40,1343.293710691824,1728.4610062893082,1,0,False,3,20230110,2,0.8
540,41,1343.1967699406723,2263.78740936058,5,2,False,3,20230110,2,0.8
541,42,1343.2115987460816,2799.7884012539184,4,5,False,3,20230110,2,0.8
542,43,1343.211959924859,3335.788040075141,2,1,False,3,20230110,2,0.8
543,44,1343.5,3871.694993412385,0,0,False,3,20230110,2,0.8
544,45,1343.5,4407.6952440550685,3,3,False,3,20230110,2,0.8
545,46,1343.5,4943.5,6,9,False,3,20230110,2,0.8
546,47,1343.5975609756097,5479.59756097561,7,3,False,3,20230110,2,0.8
547,48,1343.5951768488746,6011.788102893891,8,9,True,3,20230110,2,0.8
548,49,1343.7790697674418,6544.357322438717,7,5,True,3,20230110,2,0.8
549,50,1343.7002567394095,7083.5,24,19,False,3,20230110,2,0.8
550,51,1344.0771643663738,7623.5,5,10,False,3,20230110,2,0.8
551,52,1343.7884012539184,8151.788401253919,2,3,False,3,20230110,2,0.8
552,53,1343.705533596838,8695.5,3,1,False,3,20230110,2,0.8
553,54,1343.6953727506427,9219.885604113111,5,2,False,3,20230110,2,0.8
554,55,1343.89588688946,9755.690231362469,5,2,False,3,20230110,2,0.8
555,56,1343.399935856318,10291.597498396408,5,14,False,3,20230110,2,0.8
556,57,1344.0824742268042,10828.067010309278,3,0,False,3,20230110,2,0.8
557,58,1344.4319899244333,11374.568010075567,3,2,False,3,20230110,2,0.8
558,59,1343.8859649122808,11903.690476190475,1,0,False,3,20230110,2,0.8
559,60,1343.89588688946,12443.309768637531,2,3,False,3,20230110,2,0.8
560,61,1343.89588688946,12971.690231362469,5,2,False,3,20230110,2,0.8
561,62,1343.690476190476,13503.88596491228,7,3,False,3,20230110,2,0.8
562,63,1343.8859649122808,14039.690476190475,0,1,False,3,20230110,2,0.8
563,64,1343.4044703000611,14579.402020820577,7,15,False,3,20230110,2,0.8
564,65,1343.6953727506427,15115.885604113111,6,8,False,3,20230110,2,0.8
565,66,1343.690476190476,15647.88596491228,5,9,False,3,20230110,2,0.8
566,67,1343.7884012539184,16191.788401253918,6,8,False,3,20230110,2,0.8
567,68,1343.399935856318,16731.402501603592,8,7,False,3,20230110,2,0.8
568,69,1343.6865030674846,17267.308588957054,6,8,False,3,20230110,2,0.8
569,70,1343.5955296999389,17795.98009797918,10,10,False,3,20230110,2,0.8
570,71,1343.5975609756097,18335.40243902439,13,6,False,3,20230110,2,0.8
571,72,1343.5,18867.88235294117,6,4,False,3,20230110,2,0.8
572,73,1343.5,19403.5,8,7,False,3,20230110,2,0.8
573,74,1343.89588688946,19947.309768637533,14,8,False,3,20230110,2,0.8
574,75,1344.0539215686274,20482.93137254902,9,4,False,3,20230110,2,0.8
575,76,1344.1825499034128,21019.03122987765,6,5,False,3,20230110,2,0.8
576,77,1786.8558696988323,928.6923786109404,3,1,False,3,20230110,2,0.8
577,78,1786.6937984496124,1464.37338501292,2,110,False,3,20230110,2,0.8
578,79,1786.9313725490197,2000.053921568628,1,0,False,3,20230110,2,0.8
579,80,1787.2038895859473,2531.781053952321,3,5,False,3,20230110,2,0.8
580,81,1786.442065491184,3068.3110831234258,4,132,False,3,20230110,2,0.8
581,82,1787.970300061237,3608.149112063688,3,5,False,3,20230110,2,0.8
582,83,1787.5979791794243,4135.967850581751,1,1,False,3,20230110,2,0.8
583,84,1787.2204169221336,4679.772225628449,0,0,False,3,20230110,2,0.8
584,85,1787.029699938763,5208.149112063687,2,1,False,3,20230110,2,0.8
585,86,1787.882149591452,5748.053111250786,0,18,False,3,20230110,2,0.8
586,87,1787.9753476611884,6276.870417193426,10,3,True,3,20230110,2,0.8
587,88,1788.0700245700243,6816.055282555282,11,8,False,3,20230110,2,0.8
588,89,1788.0686274509803,7352.053921568628,5,4,False,3,20230110,2,0.8
589,90,1787.9066924066924,7887.685328185328,3,2,False,3,20230110,2,0.8
590,91,1788.4214157168567,8427.5,11,10,False,3,20230110,2,0.8
591,92,1788.8411003236247,8951.057281553398,3,7,False,3,20230110,2,0.8
592,93,1788.9590264941469,9488.74460874923,5,2,False,3,20230110,2,0.8
593,94,1788.5325752919484,10024.31868469576,1,3,False,3,20230110,2,0.8
594,95,1789.3282890673256,10560.925571340333,2,2,False,3,20230110,2,0.8
595,96,1788.2420706163973,11099.868641532015,2,3,False,3,20230110,2,0.8
596,97,1788.1082474226805,11639.5,3,3,False,3,20230110,2,0.8
597,98,1788.8382533825338,12175.657441574416,3,4,False,3,20230110,2,0.8
598,99,1788.3636363636365,13236.671717171715,2,2,False,3,20230110,2,0.8
599,100,1788.083280955374,13772.053111250783,4,4,False,3,20230110,2,0.8
600,101,1788.26214511041,14308.5952681388,9,3,False,3,20230110,2,0.8
601,102,1788.0925925925926,14851.5,2,1,False,3,20230110,2,0.8
602,103,1787.887665198238,15380.240088105727,6,4,False,3,20230110,2,0.8
603,104,1787.8779141104294,15920.24110429448,6,3,False,3,20230110,2,0.8
604,105,1787.7886850152904,16463.409480122325,13,12,False,3,20230110,2,0.8
605,106,1787.795739348371,16995.780701754386,7,121,False,3,20230110,2,0.8
606,107,1787.9177131526767,17531.68506278916,7,2,False,3,20230110,2,0.8
607,108,1787.7003757044458,18067.5,9,7,False,3,20230110,2,0.8
608,109,1787.6027617212587,18599.59505459217,10,2,False,3,20230110,2,0.8
609,110,1787.896238244514,19139.314420062696,13,7,False,3,20230110,2,0.8
610,111,1788.4214157168567,19675.5,11,6,False,3,20230110,2,0.8
611,112,1788.0925925925926,20211.5,10,12,False,3,20230110,2,0.8
612,113,1788.083280955374,20754.94688874921,19,12,True,3,20230110,2,0.8
613,114,1788.294468887492,21283.5,12,2,True,3,20230110,2,0.8
614,115,1791.89588688946,12707.309768637531,1,1,False,3,20230110,2,0.8
615,116,2231.304755944931,1199.5,3,1,False,3,20230110,2,0.8
616,117,2231.6907151819323,1727.8764115432873,2,2,False,3,20230110,2,0.8
617,118,2231.5,2263.5,3,5,False,3,20230110,2,0.8
618,119,2231.5,2799.5,8,6,False,3,20230110,2,0.8
619,120,2231.5,3335.5,6,2,False,3,20230110,2,0.8
620,121,2231.5,3871.5,6,10,True,3,20230110,2,0.8
621,122,2231.695244055069,4407.5,14,7,True,3,20230110,2,0.8
622,123,2231.5,4943.5,3,3,False,3,20230110,2,0.8
623,124,2231.5,5479.5,5,4,False,3,20230110,2,0.8
624,125,2231.6000641436817,6011.402501603592,1,1,False,3,20230110,2,0.8
625,126,2231.690476190476,6543.8859649122805,4,4,False,3,20230110,2,0.8
626,127,2231.89588688946,7083.690231362468,0,5,False,3,20230110,2,0.8
627,128,2232.077164366374,7623.5,1,0,False,3,20230110,2,0.8
628,129,2231.8859649122805,8151.690476190476,3,3,False,3,20230110,2,0.8
629,130,2232.1076618229854,8695.5,4,4,False,3,20230110,2,0.8
630,131,2231.79543994862,9219.787732819525,6,6,False,3,20230110,2,0.8
631,132,2232.182549903413,9755.968770122345,1,2,False,3,20230110,2,0.8
632,133,2232.182549903413,10291.968770122345,2,2,False,3,20230110,2,0.8
633,134,2232.082474226804,10828.067010309278,4,1,False,3,20230110,2,0.8
634,135,2231.6902377972465,11375.304755944931,2,1,False,3,20230110,2,0.8
635,136,2232.165411173886,11903.969554300063,1,1,False,3,20230110,2,0.8
636,137,2231.7002567394097,12443.5,3,7,True,3,20230110,2,0.8
637,138,2232.0817245817248,12972.06628056628,2,3,False,3,20230110,2,0.8
638,139,2232.3332284455632,13504.529578351165,0,1,False,3,20230110,2,0.8
639,140,2232.3332284455632,14040.529578351165,4,1,False,3,20230110,2,0.8
640,141,2232.241104294478,14579.87791411043,17,5,False,3,20230110,2,0.8
641,142,2232.0817245817248,15116.06628056628,5,6,False,3,20230110,2,0.8
642,143,2231.9695543000626,15648.165411173886,8,9,False,3,20230110,2,0.8
643,144,2231.8859649122805,16191.690476190475,6,3,False,3,20230110,2,0.8
644,145,2231.7002567394097,16731.5,14,8,False,3,20230110,2,0.8
645,146,2232.241104294478,17267.681595092025,8,11,False,3,20230110,2,0.8
646,147,2232.053921568628,17796.06862745098,14,12,False,3,20230110,2,0.8
647,148,2231.8859649122805,18335.69047619048,11,14,False,3,20230110,2,0.8
648,149,2232.33629675046,18867.220416922133,15,16,False,3,20230110,2,0.8
649,150,2231.79543994862,19403.787732819525,12,10,False,3,20230110,2,0.8
650,151,2231.89588688946,19947.309768637533,13,16,False,3,20230110,2,0.8
651,152,2232.33629675046,20483.220416922133,15,5,True,3,20230110,2,0.8
652,153,2231.89588688946,21019.309768637533,22,13,False,3,20230110,2,0.8
653,154,2674.93137254902,928.0539215686274,0,1,False,3,20230110,2,0.8
654,155,2677.859493670886,1462.4012658227848,3,1,False,3,20230110,2,0.8
655,156,2675.406919779547,1999.776791181874,1,2,False,3,20230110,2,0.8
656,157,2674.90666247643,2531.489943431804,3,3,False,3,20230110,2,0.8
657,158,2675.1173694147265,3068.04877281309,5,2,False,3,20230110,2,0.8
658,159,2674.6416309012875,3607.7722256284487,2,1,False,3,20230110,2,0.8
659,160,2678.221252257676,4135.150812763395,1,2,False,3,20230110,2,0.8
660,161,2679.5,4679.5,6,3,False,3,20230110,2,0.8
661,162,2678.2738452309536,5208.111877624475,8,10,False,3,20230110,2,0.8
662,163,2679.5,5747.5,2,1,False,3,20230110,2,0.8
663,164,2680.4987699877,6275.849323493235,0,0,False,3,20230110,2,0.8
664,165,2679.882775119617,6815.5,2,3,False,3,20230110,2,0.8
665,166,2680.2616766467067,7351.859281437126,2,1,False,3,20230110,2,0.8
666,167,2680.236225087925,8427.317116060962,3,2,False,3,20230110,2,0.8
667,168,2679.907035175879,8951.680904522613,5,4,False,3,20230110,2,0.8
668,169,2679.211389385808,9487.774299344066,8,4,False,3,20230110,2,0.8
669,170,2680.0693779904304,10024.04066985646,8,11,True,3,20230110,2,0.8
670,171,2681.5253470126736,10560.709414604707,7,2,True,3,20230110,2,0.8
671,172,2680.147574517826,11099.766510812393,14,8,True,3,20230110,2,0.8
672,173,2680.1638705811865,12175.766027561414,2,3,False,3,20230110,2,0.8
673,174,2680.093137254902,12707.5,1,1,False,3,20230110,2,0.8
674,175,2680.0840490797545,13236.039877300613,8,4,False,3,20230110,2,0.8
675,176,2679.796024464832,13771.774006116208,2,0,False,3,20230110,2,0.8
676,177,2680.459409594096,14308.385608856088,6,1,False,3,20230110,2,0.8
677,178,2679.896572827417,14851.681150550796,14,5,False,3,20230110,2,0.8
678,179,2680.0840490797545,15380.039877300613,3,1,False,3,20230110,2,0.8
679,180,2680.0693779904304,15920.04066985646,6,7,True,3,20230110,2,0.8
680,181,2679.980573819486,16463.406754333533,5,6,False,3,20230110,2,0.8
681,182,2679.896572827417,16995.681150550794,10,15,False,3,20230110,2,0.8
682,183,2679.605602060528,17531.592723760463,11,7,False,3,20230110,2,0.8
683,184,2679.9935543278084,18067.58348680172,12,11,False,3,20230110,2,0.8
684,185,2679.80923947203,18599.42206159648,13,10,False,3,20230110,2,0.8
685,186,2680.1876155268023,19139.214109673445,22,10,False,3,20230110,2,0.8
686,187,2680.4227166276346,19675.5,13,13,False,3,20230110,2,0.8
687,188,2679.700488997555,20211.5,25,307,True,3,20230110,2,0.8
688,189,2679.7963870177587,20755.22565829761,22,118,False,3,20230110,2,0.8
689,190,2680.093137254902,21283.5,7,126,False,3,20230110,2,0.8
690,191,2683.602761721259,7887.595054592164,7,108,False,3,20230110,2,0.8
691,192,2683.9025806451614,11639.5,12,7,True,3,20230110,2,0.8
692,193,3130.359950859951,1199.5,0,1,False,3,20230110,2,0.8
693,194,3125.668888888889,1728.9653968253967,1,4,False,3,20230110,2,0.8
694,195,3131.397238278741,2263.5950545921646,4,1,False,3,20230110,2,0.8
695,196,3127.2105097545627,2799.7794210195093,3,2,False,3,20230110,2,0.8
696,197,3129.775092936803,3336.6995043370507,3,10,False,3,20230110,2,0.8
697,198,3131.397238278741,3871.5950545921646,2,2,False,3,20230110,2,0.8
698,199,3130.726600985221,4406.869458128079,8,5,False,3,20230110,2,0.8
699,200,3130.9945196647323,4943.595422308188,6,0,False,3,20230110,2,0.8
700,201,3131.402260232132,5479.404703726329,3,1,False,3,20230110,2,0.8
701,202,3131.203889585948,6011.781053952322,6,9,False,3,20230110,2,0.8
702,203,3131.1220858895704,6544.241104294479,6,6,False,3,20230110,2,0.8
703,204,3131.6001251564458,7083.595118898624,3,4,False,3,20230110,2,0.8
704,205,3131.5,7623.127450980392,3,5,False,3,20230110,2,0.8
705,206,3131.5,8151.872549019607,0,0,False,3,20230110,2,0.8
706,207,3131.5,8695.309768637531,4,7,False,3,20230110,2,0.8
707,208,3131.6956112852663,9219.876175548588,7,4,True,3,20230110,2,0.8
708,209,3131.7961104140527,9755.781053952322,1,0,True,3,20230110,2,0.8
709,210,3131.7961104140527,10291.781053952322,7,12,False,3,20230110,2,0.8
710,211,3131.5,10828.06246076585,0,3,False,3,20230110,2,0.8
711,212,3131.779926335175,11374.854205033764,9,4,True,3,20230110,2,0.8
712,213,3131.6909424724604,11903.686046511628,14,13,True,3,20230110,2,0.8
713,214,3131.6002506265663,12443.40476190476,2,2,False,3,20230110,2,0.8
714,215,3131.7961104140527,12971.781053952322,0,0,False,3,20230110,2,0.8
715,216,3131.7795830778664,13504.33629675046,11,9,False,3,20230110,2,0.8
716,217,3131.7795830778664,14040.33629675046,8,8,False,3,20230110,2,0.8
717,218,3131.960431654676,14579.960431654676,5,5,False,3,20230110,2,0.8
718,219,3131.6956112852663,15115.876175548588,6,9,False,3,20230110,2,0.8
719,220,3131.5,15648.063035495716,16,14,False,3,20230110,2,0.8
720,221,3131.8823529411766,16191.5,5,6,False,3,20230110,2,0.8
721,222,3131.5,16731.30964308078,11,10,True,3,20230110,2,0.8
722,223,3131.6862686567165,17267.313731343285,9,9,True,3,20230110,2,0.8
723,224,3131.313953488372,17795.68604651163,4,5,False,3,20230110,2,0.8
724,225,3131.6909424724604,18335.31395348837,13,13,False,3,20230110,2,0.8
725,226,3131.68671454219,18867.68671454219,15,14,False,3,20230110,2,0.8
726,227,3131.700375704446,19403.5,6,2,False,3,20230110,2,0.8
727,228,3131.5,19947.5,18,20,False,3,20230110,2,0.8
728,229,3131.782634730539,20482.661676646705,4,6,False,3,20230110,2,0.8
729,230,3131.7961104140527,21019.21894604768,14,8,False,3,20230110,2,0.8
730,231,3570.6416309012875,927.7722256284488,3,1,False,3,20230110,2,0.8
731,232,3571.5,1463.5,3,1,False,3,20230110,2,0.8
732,233,3569.9433497536947,2000.5147783251232,10,7,False,3,20230110,2,0.8
733,234,3571.3043887147337,2531.1238244514107,6,2,True,3,20230110,2,0.8
734,235,3571.8962382445143,3067.6855799373043,1,0,False,3,20230110,2,0.8
735,236,3571.5,3607.309523809524,1,2,False,3,20230110,2,0.8
736,237,3571.597620500305,4135.595179987798,3,1,False,3,20230110,2,0.8
737,238,3571.5,4679.5,2,0,False,3,20230110,2,0.8
738,239,3571.88630806846,5207.6858190709045,3,4,False,3,20230110,2,0.8
739,240,3571.7961104140527,5747.590338770389,1,4,False,3,20230110,2,0.8
740,241,3571.8962382445143,6275.314420062696,4,6,False,3,20230110,2,0.8
741,242,3571.69536019536,6815.5,3,3,False,3,20230110,2,0.8
742,243,3572.166258420086,7351.041947336191,4,1,False,3,20230110,2,0.8
743,244,3571.7056555269924,7887.5,4,3,False,3,20230110,2,0.8
744,245,3572.5167865707435,8427.404076738609,2,2,False,3,20230110,2,0.8
745,246,3571.9066924066924,8951.685328185327,3,5,False,3,20230110,2,0.8
746,247,3572.260736196319,9487.86809815951,4,2,False,3,20230110,2,0.8
747,248,3572.260736196319,10023.86809815951,12,12,False,3,20230110,2,0.8
748,249,3572.0686274509803,10560.053921568628,6,8,False,3,20230110,2,0.8
749,250,3574.511180124224,11097.66645962733,2,3,False,3,20230110,2,0.8
750,251,3572.00998068255,11639.404700579524,2,2,False,3,20230110,2,0.8
751,252,3572.3583690987125,12175.227774371551,2,2,False,3,20230110,2,0.8
752,253,3572.0925925925926,12707.5,3,3,False,3,20230110,2,0.8
753,254,3572.0825486503454,13236.052416823602,4,2,False,3,20230110,2,0.8
754,255,3571.8962382445143,13771.685579937304,9,5,False,3,20230110,2,0.8
755,256,3572.183417085427,14307.957286432162,14,7,False,3,20230110,2,0.8
756,257,3571.700375704446,14851.5,5,4,False,3,20230110,2,0.8
757,258,3572.183417085427,15379.957286432162,9,5,False,3,20230110,2,0.8
758,259,3572.3583690987125,15919.772225628449,9,6,False,3,20230110,2,0.8
759,260,3571.88630806846,16463.314180929094,6,8,False,3,20230110,2,0.8
760,261,3572.0925925925926,16995.5,9,5,False,3,20230110,2,0.8
761,262,3571.6055408970974,17531.594986807388,6,6,False,3,20230110,2,0.8
762,263,3571.6001251564458,18067.40488110137,7,4,False,3,20230110,2,0.8
763,264,3571.602761721259,18599.59505459217,19,9,True,3,20230110,2,0.8
764,265,3572.0925925925926,19139.5,18,9,True,3,20230110,2,0.8
765,266,3572.5167865707435,19675.59592326139,7,3,False,3,20230110,2,0.8
766,267,3572.0925925925926,20211.5,6,5,False,3,20230110,2,0.8
767,268,3572.183417085427,20755.04271356784,16,138,False,3,20230110,2,0.8
768,269,3572.0925925925926,21283.5,9,2,False,3,20230110,2,0.8
769,270,4023.1235884567127,1199.1135508155585,1,2,False,3,20230110,2,0.8
770,271,4023.4024390243903,1727.5975609756097,5,4,False,3,20230110,2,0.8
771,272,4023.5,2263.5,5,6,True,3,20230110,2,0.8
772,273,4023.5,2799.304755944931,8,7,False,3,20230110,2,0.8
773,274,4023.22057898049,3335.7794210195093,5,8,False,3,20230110,2,0.8
774,275,4023.6026991441736,3871.597432521396,2,3,False,3,20230110,2,0.8
775,276,4023.6911949685536,4407.308805031446,2,0,False,3,20230110,2,0.8
776,277,4023.3973008558255,4943.597432521396,6,1,False,3,20230110,2,0.8
777,278,4023.690476190476,5479.11403508772,7,5,False,3,20230110,2,0.8
778,279,4023.6000641436817,6011.597498396408,2,1,False,3,20230110,2,0.8
779,280,4023.690476190476,6543.8859649122805,4,2,False,3,20230110,2,0.8
780,281,4023.7002567394097,7083.5,4,2,False,3,20230110,2,0.8
781,282,4023.7884012539184,7623.211598746081,5,7,False,3,20230110,2,0.8
782,283,4023.885964912281,8151.690476190476,0,0,False,3,20230110,2,0.8
783,284,4023.6026991441736,8695.402567478604,0,0,False,3,20230110,2,0.8
784,285,4023.7954399486193,9219.787732819525,1,1,False,3,20230110,2,0.8
785,286,4023.89588688946,9755.690231362469,1,3,False,3,20230110,2,0.8
786,287,4023.89588688946,10291.690231362469,7,7,False,3,20230110,2,0.8
787,288,4023.6953727506425,10827.885604113111,2,5,False,3,20230110,2,0.8
788,289,4023.7884012539184,11375.211598746082,8,13,False,3,20230110,2,0.8
789,290,4023.885964912281,11903.690476190475,8,4,False,3,20230110,2,0.8
790,291,4023.7002567394097,12443.5,14,22,True,3,20230110,2,0.8
791,292,4023.7954399486193,12971.787732819525,16,14,True,3,20230110,2,0.8
792,293,4023.969554300063,13504.165411173886,7,5,False,3,20230110,2,0.8
793,294,4023.885964912281,14039.690476190475,8,5,False,3,20230110,2,0.8
794,295,4023.87652811736,14579.690709046456,9,14,False,3,20230110,2,0.8
795,296,4023.7954399486193,15115.787732819525,11,11,True,3,20230110,2,0.8
796,297,4023.5975609756097,15647.40243902439,15,10,True,3,20230110,2,0.8
797,298,4023.5,16191.5,5,3,False,3,20230110,2,0.8
798,299,4023.6000641436817,16731.402501603592,3,4,False,3,20230110,2,0.8
799,300,4023.4048200122015,17267.402379499694,5,9,False,3,20230110,2,0.8
800,301,4024.053921568628,17796.06862745098,4,1,False,3,20230110,2,0.8
801,302,4023.695244055069,18335.5,10,17,False,3,20230110,2,0.8
802,303,4023.5,18867.5,7,12,False,3,20230110,2,0.8
803,304,4023.6000641436817,19403.597498396408,14,9,False,3,20230110,2,0.8
804,305,4023.89588688946,19947.309768637533,4,8,False,3,20230110,2,0.8
805,306,4023.314180929096,20483.11369193154,10,14,False,3,20230110,2,0.8
806,307,4023.6000641436817,21019.402501603592,9,5,False,3,20230110,2,0.8
807,308,4467.308588957055,927.6865030674846,2,1,False,3,20230110,2,0.8
808,309,4467.6027617212585,1463.5950545921644,1,0,False,3,20230110,2,0.8
809,310,4467.69094247246,1999.686046511628,3,3,False,3,20230110,2,0.8
810,311,4467.5,2531.5,10,10,True,3,20230110,2,0.8
811,312,4467.103264281231,3067.133396107972,7,7,False,3,20230110,2,0.8
812,313,4467.597620500305,3607.5951799877976,2,2,False,3,20230110,2,0.8
813,314,4468.0700245700245,4135.490171990172,1,0,False,3,20230110,2,0.8
814,315,4467.790461538461,4678.6704615384615,7,8,False,3,20230110,2,0.8
815,316,4467.220416922134,5207.772225628449,2,0,False,3,20230110,2,0.8
816,317,4467.600250626567,5747.4047619047615,0,0,False,3,20230110,2,0.8
817,318,4467.695611285267,6275.876175548589,1,1,False,3,20230110,2,0.8
818,319,4468.067931456549,6814.9467564259485,0,0,False,3,20230110,2,0.8
819,320,4467.69094247246,7351.686046511628,8,5,False,3,20230110,2,0.8
820,321,4467.705655526992,7887.5,12,10,False,3,20230110,2,0.8
821,322,4467.9604316546765,8427.039568345324,3,121,False,3,20230110,2,0.8
822,323,4467.803536977492,8951.78038585209,12,5,False,3,20230110,2,0.8
823,324,4467.779926335175,9488.145794966236,4,3,False,3,20230110,2,0.8
824,325,4467.970876762723,10023.958614347026,2,2,False,3,20230110,2,0.8
825,326,4467.779926335175,10560.145794966236,1,1,False,3,20230110,2,0.8
826,327,4467.773709483794,11099.773709483794,0,0,False,3,20230110,2,0.8
827,328,4467.705655526992,11639.5,7,8,False,3,20230110,2,0.8
828,329,4467.691411042945,12175.313496932517,3,4,False,3,20230110,2,0.8
829,330,4467.992462311558,12707.404522613066,0,0,False,3,20230110,2,0.8
830,331,4467.982412060302,13236.14824120603,2,2,False,3,20230110,2,0.8
831,332,4467.695611285267,13771.876175548588,4,5,False,3,20230110,2,0.8
832,333,4467.78679245283,14308.335220125786,6,17,False,3,20230110,2,0.8
833,334,4467.700375704446,14851.5,6,7,False,3,20230110,2,0.8
834,335,4467.695611285267,15379.876175548588,9,6,False,3,20230110,2,0.8
835,336,4467.69094247246,15919.686046511628,4,2,False,3,20230110,2,0.8
836,337,4467.597979179424,16463.03214941825,9,2,False,3,20230110,2,0.8
837,338,4467.796110414053,16995.590338770387,1,4,False,3,20230110,2,0.8
838,339,4467.812169312169,17531.589947089946,8,5,False,3,20230110,2,0.8
839,340,4467.304143126177,18067.314187068423,8,10,False,3,20230110,2,0.8
840,341,4467.6027617212585,18599.59505459217,5,5,False,3,20230110,2,0.8
841,342,4467.992462311558,19139.59547738693,8,4,False,3,20230110,2,0.8
842,343,4467.9604316546765,19675.586330935253,4,3,False,3,20230110,2,0.8
843,344,4467.992462311558,20211.404522613066,6,9,False,3,20230110,2,0.8
844,345,4467.695611285267,20755.87617554859,9,7,False,3,20230110,2,0.8
845,346,4467.600250626567,21283.404761904763,7,122,False,3,20230110,2,0.8
846,347,4910.279048765804,1198.8762793497892,2,1,False,3,20230110,2,0.8
847,348,4909.975961538462,1726.3557692307693,6,4,False,3,20230110,2,0.8
848,349,4911.294228356336,2263.5,12,5,True,3,20230110,2,0.8
849,350,4910.738323353294,2799.859281437126,0,0,False,3,20230110,2,0.8
850,351,4910.551497005988,3335.32754491018,1,3,False,3,20230110,2,0.8
851,352,4911.092964824121,3871.680904522613,2,1,False,3,20230110,2,0.8
852,353,4911.308383233533,4407.317964071856,6,1,False,3,20230110,2,0.8
853,354,4911.298994974874,4943.133165829146,3,1,False,3,20230110,2,0.8
854,355,4911.308841099164,5479.318399044206,1,2,False,3,20230110,2,0.8
855,356,4911.696078431372,6011.318627450981,3,5,False,3,20230110,2,0.8
856,357,4911.308383233533,6543.682035928144,4,1,False,3,20230110,2,0.8
857,358,4911.796387017759,7083.225658297612,5,0,False,3,20230110,2,0.8
858,359,4912.070743405276,7622.958033573142,1,3,False,3,20230110,2,0.8
859,360,4911.5,8151.5,5,1,False,3,20230110,2,0.8
860,361,4911.5,8694.951572327043,2,4,False,3,20230110,2,0.8
861,362,4911.696078431372,9219.68137254902,2,5,False,3,20230110,2,0.8
862,363,4911.69656019656,9755.681818181818,3,3,False,3,20230110,2,0.8
863,364,4911.5,10291.863190184047,4,1,False,3,20230110,2,0.8
864,365,4911.5,10827.863190184047,2,1,False,3,20230110,2,0.8
865,366,4911.5,11374.602040816326,6,3,False,3,20230110,2,0.8
866,367,4911.780407429598,11902.869682444578,4,2,False,3,20230110,2,0.8
867,368,4911.600551808707,12443.043838136113,3,3,False,3,20230110,2,0.8
868,369,4911.696078431372,12971.68137254902,4,4,False,3,20230110,2,0.8
869,370,4911.780407429598,13504.130317555422,7,7,False,3,20230110,2,0.8
870,371,4911.780407429598,14040.130317555422,7,2,False,3,20230110,2,0.8
871,372,4911.774165202109,14579.232864674868,3,2,False,3,20230110,2,0.8
872,373,4911.696078431372,15115.68137254902,11,9,False,3,20230110,2,0.8
873,374,4911.780407429598,15648.130317555422,8,3,False,3,20230110,2,0.8
874,375,4911.5,16191.136363636364,8,18,False,3,20230110,2,0.8
875,376,4911.5,16731.5,5,6,False,3,20230110,2,0.8
876,377,4911.869158878505,17266.77570093458,3,0,False,3,20230110,2,0.8
877,378,4911.877182770663,17795.681606519207,6,2,False,3,20230110,2,0.8
878,379,4912.261676646706,18335.32754491018,0,2,False,3,20230110,2,0.8
879,380,4912.056725146199,18867.49064327485,5,9,False,3,20230110,2,0.8
880,381,4911.696078431372,19403.68137254902,6,5,False,3,20230110,2,0.8
881,382,4911.796387017759,19947.22565829761,3,4,False,3,20230110,2,0.8
882,383,4911.961088355763,20483.050614394386,9,10,False,3,20230110,2,0.8
883,384,4911.888206388207,21018.77764127764,9,4,False,3,20230110,2,0.8
884,385,5354.359950859951,927.5,1,0,False,3,20230110,2,0.8
885,386,5355.3972382787415,1463.4049454078356,1,1,False,3,20230110,2,0.8
886,387,5354.355036855037,1999.8341523341523,2,1,False,3,20230110,2,0.8
887,388,5355.103761755486,2531.314420062696,1,2,False,3,20230110,2,0.8
888,389,5355.299624295554,3067.5,2,1,False,3,20230110,2,0.8
889,390,5355.5,3607.309523809524,0,1,False,3,20230110,2,0.8
890,391,5355.5,4135.5,3,3,False,3,20230110,2,0.8
891,392,5355.87791411043,4678.758895705521,9,6,False,3,20230110,2,0.8
892,393,5355.69094247246,5207.313953488372,8,3,False,3,20230110,2,0.8
893,394,5355.695611285267,5747.123824451411,12,5,False,3,20230110,2,0.8
894,395,5355.600250626567,6275.4047619047615,2,0,False,3,20230110,2,0.8
895,396,5355.5,6815.1274509803925,5,2,False,3,20230110,2,0.8
896,397,5355.597739767868,7351.404703726329,1,1,False,3,20230110,2,0.8
897,398,5355.6027617212585,7887.404945407836,0,1,False,3,20230110,2,0.8
898,399,5355.868641532017,8426.757929383602,9,8,True,3,20230110,2,0.8
899,400,5355.6027617212585,8951.595054592164,3,3,False,3,20230110,2,0.8
900,401,5355.69094247246,9487.686046511628,5,2,False,3,20230110,2,0.8
901,402,5355.882352941177,10023.5,4,6,False,3,20230110,2,0.8
902,403,5355.788685015291,10559.781345565749,1,1,False,3,20230110,2,0.8
903,404,5355.87298266587,11099.5,2,3,False,3,20230110,2,0.8
904,405,5355.803536977492,11639.21961414791,0,0,False,3,20230110,2,0.8
905,406,5355.788685015291,12175.218654434251,4,6,False,3,20230110,2,0.8
906,407,5355.796110414053,12707.218946047678,4,2,False,3,20230110,2,0.8
907,408,5355.896238244514,13235.685579937304,4,0,False,3,20230110,2,0.8
908,409,5355.700375704446,13771.5,2,9,False,3,20230110,2,0.8
909,410,5355.796110414053,14307.781053952322,2,0,False,3,20230110,2,0.8
910,411,5355.600125156446,14851.404881101376,4,2,False,3,20230110,2,0.8
911,412,5355.700375704446,15379.5,4,5,False,3,20230110,2,0.8
912,413,5355.88630806846,15919.685819070904,4,2,False,3,20230110,2,0.8
913,414,5355.5,16462.936964504283,15,11,True,3,20230110,2,0.8
914,415,5355.896238244514,16995.314420062696,6,4,False,3,20230110,2,0.8
915,416,5355.917713152677,17531.31493721084,7,5,False,3,20230110,2,0.8
916,417,5355.795739348371,18067.21929824561,5,12,False,3,20230110,2,0.8
917,418,5355.6027617212585,18599.59505459217,7,3,False,3,20230110,2,0.8
918,419,5355.700375704446,19139.5,5,8,True,3,20230110,2,0.8
919,420,5355.968339307049,19675.40442054958,9,7,True,3,20230110,2,0.8
920,421,5355.600125156446,20211.40488110137,4,5,False,3,20230110,2,0.8
921,422,5355.795739348371,20755.21929824561,2,3,False,3,20230110,2,0.8
922,423,5355.700375704446,21283.5,6,3,False,3,20230110,2,0.8
923,424,5806.541916167665,1199.3179640718563,0,0,False,3,20230110,2,0.8
924,425,5806.328331332533,1727.2454981992796,0,0,False,3,20230110,2,0.8
925,426,5806.901257861635,2262.9616352201256,2,3,False,3,20230110,2,0.8
926,427,5807.019426180514,2799.4067543335327,2,1,False,3,20230110,2,0.8
927,428,5807.204504504504,3335.262162162162,0,0,False,3,20230110,2,0.8
928,429,5807.705771643664,3871.5,3,0,False,3,20230110,2,0.8
929,430,5807.308383233533,4407.317964071856,4,2,False,3,20230110,2,0.8
930,431,5807.397049591965,4943.407093534212,5,1,False,3,20230110,2,0.8
931,432,5807.5,5479.136363636364,1,2,False,3,20230110,2,0.8
932,433,5807.5,6011.5,0,0,False,3,20230110,2,0.8
933,434,5807.317964071856,6544.223353293413,5,3,False,3,20230110,2,0.8
934,435,5807.303921568628,7083.318627450981,4,3,False,3,20230110,2,0.8
935,436,5807.5,7623.136363636364,0,0,False,3,20230110,2,0.8
936,437,5807.5,8151.5,3,0,False,3,20230110,2,0.8
937,438,5807.5,8694.951572327043,9,5,False,3,20230110,2,0.8
938,439,5807.399448191293,9219.956161863887,5,8,False,3,20230110,2,0.8
939,440,5807.303921568628,9755.68137254902,6,4,False,3,20230110,2,0.8
940,441,5807.5,10291.863190184047,1,2,False,3,20230110,2,0.8
941,442,5807.5,10827.863190184047,2,0,False,3,20230110,2,0.8
942,443,5807.5,11374.602040816326,6,6,False,3,20230110,2,0.8
943,444,5807.691616766467,11903.317964071855,0,0,False,3,20230110,2,0.8
944,445,5807.600551808707,12443.043838136113,5,0,False,3,20230110,2,0.8
945,446,5807.696078431372,12971.68137254902,0,2,False,3,20230110,2,0.8
946,447,5807.5,13503.863636363636,3,0,False,3,20230110,2,0.8
947,448,5807.780407429598,14040.130317555422,2,3,False,3,20230110,2,0.8
948,449,5807.5,14579.5,2,4,False,3,20230110,2,0.8
949,450,5807.5,15115.5,7,6,False,3,20230110,2,0.8
950,451,5807.308383233533,15647.682035928145,5,6,False,3,20230110,2,0.8
951,452,5807.219592570402,16190.869682444578,7,10,False,3,20230110,2,0.8
952,453,5807.203975535168,16731.225993883792,15,8,False,3,20230110,2,0.8
953,454,5808.315897136177,17266.518118059616,9,9,True,3,20230110,2,0.8
954,455,5807.5,17795.5,7,4,True,3,20230110,2,0.8
955,456,5807.598027495517,18335.04333532576,15,7,True,3,20230110,2,0.8
956,457,5807.686915887851,18867.317757009347,1,1,False,3,20230110,2,0.8
957,458,5807.399694189602,19403.59296636085,3,3,False,3,20230110,2,0.8
958,459,5807.600551808707,19947.04383813612,11,6,False,3,20230110,2,0.8
959,460,5807.322429906542,20482.59813084112,3,6,False,3,20230110,2,0.8
960,461,5807.600551808707,21019.04383813612,7,1,False,3,20230110,2,0.8
961,462,6248.491920447483,929.41671845867,2,1,False,3,20230110,2,0.8
962,463,6250.684516129032,1463.5,2,0,False,3,20230110,2,0.8
963,464,6250.062461538461,1999.2710769230769,1,1,False,3,20230110,2,0.8
964,465,6246.90797940798,2531.5,0,0,False,3,20230110,2,0.8
965,466,6251.103761755486,3067.6855799373043,2,2,False,3,20230110,2,0.8
966,467,6251.402379499695,3607.4048200122015,1,1,False,3,20230110,2,0.8
967,468,6251.30905752754,4135.686046511628,0,0,False,3,20230110,2,0.8
968,469,6251.788685015291,4679.21865443425,2,123,False,3,20230110,2,0.8
969,470,6251.882352941177,5207.5,2,3,False,3,20230110,2,0.8
970,471,6251.600250626567,5747.4047619047615,2,1,False,3,20230110,2,0.8
971,472,6251.600250626567,6275.595238095239,0,0,False,3,20230110,2,0.8
972,473,6251.5,6815.1274509803925,2,0,False,3,20230110,2,0.8
973,474,6251.5,7351.5,7,2,False,3,20230110,2,0.8
974,475,6251.6027617212585,7887.404945407836,6,2,False,3,20230110,2,0.8
975,476,6251.773053892216,8426.853293413174,2,1,False,3,20230110,2,0.8
976,477,6251.5,8951.690231362469,4,2,False,3,20230110,2,0.8
977,478,6251.5,9487.872549019608,3,4,False,3,20230110,2,0.8
978,479,6251.5,10023.872549019608,3,4,False,3,20230110,2,0.8
979,480,6251.69094247246,10559.686046511628,3,0,False,3,20230110,2,0.8
980,481,6251.87298266587,11099.5,8,9,False,3,20230110,2,0.8
981,482,6251.6027617212585,11639.404945407836,2,5,False,3,20230110,2,0.8
982,483,6251.597979179424,12175.032149418248,10,120,False,3,20230110,2,0.8
983,484,6251.796110414053,12707.218946047678,3,2,False,3,20230110,2,0.8
984,485,6251.896238244514,13235.685579937304,0,1,False,3,20230110,2,0.8
985,486,6251.600125156446,13771.595118898624,3,3,False,3,20230110,2,0.8
986,487,6251.795739348371,14307.780701754386,5,2,False,3,20230110,2,0.8
987,488,6251.5,14851.309643080776,0,2,False,3,20230110,2,0.8
988,489,6251.600250626567,15379.40476190476,6,2,False,3,20230110,2,0.8
989,490,6251.5,15919.5,4,1,False,3,20230110,2,0.8
990,491,6251.5,16462.389434889436,1,2,False,3,20230110,2,0.8
991,492,6251.5,16995.30964308078,7,3,False,3,20230110,2,0.8
992,493,6251.605540897098,17531.405013192612,12,5,False,3,20230110,2,0.8
993,494,6251.5,18066.93753923415,10,8,False,3,20230110,2,0.8
994,495,6251.5,18599.5,6,0,False,3,20230110,2,0.8
995,496,6251.5,19139.30964308078,10,121,False,3,20230110,2,0.8
996,497,6251.5,19675.12701733413,8,3,False,3,20230110,2,0.8
997,498,6251.5,20211.30964308078,4,1,False,3,20230110,2,0.8
998,499,6251.399874843554,20755.40488110137,2,3,False,3,20230110,2,0.8
999,500,6251.600250626567,21283.404761904763,7,3,False,3,20230110,2,0.8
1000,1,899.004835589942,1464.1473243068988,2,1,False,3,20230110,2,0.85
1001,2,898.7570725707257,2000.5971709717096,2,1,False,3,20230110,2,0.85
1002,3,899.2132075471698,2532.3352201257862,3,3,False,3,20230110,2,0.85
1003,4,899.2132075471698,3068.3352201257862,4,1,False,3,20230110,2,0.85
1004,5,899.4020208205757,3607.967850581752,5,2,False,3,20230110,2,0.85
1005,6,899.2204169221336,4136.33629675046,6,4,False,3,20230110,2,0.85
1006,7,899.4020208205757,4679.967850581751,5,2,False,3,20230110,2,0.85
1007,8,899.7795830778664,5208.33629675046,5,3,False,3,20230110,2,0.85
1008,9,899.6956112852664,5747.876175548589,7,2,False,3,20230110,2,0.85
1009,10,899.204260651629,6275.7807017543855,6,3,False,3,20230110,2,0.85
1010,11,899.8779141104294,6816.241104294479,3,0,False,3,20230110,2,0.85
1011,12,900.0686274509804,7352.053921568628,3,4,False,3,20230110,2,0.85
1012,13,900.3051612903225,7887.866451612903,4,0,False,3,20230110,2,0.85
1013,14,900.6003003003003,8428.206306306307,3,4,False,3,20230110,2,0.85
1014,15,900.0979381443299,8952.051546391753,3,0,False,3,20230110,2,0.85
1015,16,900.2429274292743,9488.59717097171,5,7,False,3,20230110,2,0.85
1016,17,901.4233621755252,10024.187268232386,3,4,False,3,20230110,2,0.85
1017,18,901.0743368291178,10560.657310302282,7,3,False,3,20230110,2,0.85
1018,19,900.5989802039592,11100.224655068989,3,0,False,3,20230110,2,0.85
1019,20,899.7005141388174,11639.690231362469,5,3,False,3,20230110,2,0.85
1020,21,901.428306551298,12176.889369592089,3,3,False,3,20230110,2,0.85
1021,22,900.3805031446541,12707.771698113207,2,0,False,3,20230110,2,0.85
1022,23,900.3564231738035,13236.502518891688,7,4,False,3,20230110,2,0.85
1023,24,899.9824120603015,13772.14824120603,1,1,False,3,20230110,2,0.85
1024,25,900.1607818411097,14308.690416141237,3,3,False,3,20230110,2,0.85
1025,26,899.896238244514,14851.685579937304,4,4,False,3,20230110,2,0.85
1026,27,899.9824120603015,15380.14824120603,5,2,False,3,20230110,2,0.85
1027,28,899.7795830778664,15920.33629675046,3,2,False,3,20230110,2,0.85
1028,29,899.6909424724602,16463.68604651163,5,5,False,3,20230110,2,0.85
1029,30,899.6956112852664,16995.87617554859,8,3,False,3,20230110,2,0.85
1030,31,899.6055408970976,17531.594986807388,2,2,False,3,20230110,2,0.85
1031,32,899.5,18067.5,0,1,False,3,20230110,2,0.85
1032,33,899.5,18599.690231362467,9,5,False,3,20230110,2,0.85
1033,34,899.6002506265664,19139.404761904763,9,3,False,3,20230110,2,0.85
1034,35,900.1467065868263,19675.226946107785,3,8,False,3,20230110,2,0.85
1035,36,900.0925925925926,20211.5,6,3,False,3,20230110,2,0.85
1036,37,900.1842767295598,20754.86603773585,9,3,False,3,20230110,2,0.85
1037,38,903.89588688946,21283.309768637533,28,91,False,3,20230110,2,0.85
1038,39,1342.8345888261142,1199.9695543000628,1,1,False,3,20230110,2,0.85
1039,40,1343.293710691824,1728.4610062893082,1,1,False,3,20230110,2,0.85
1040,41,1343.1967699406723,2263.78740936058,4,2,False,3,20230110,2,0.85
1041,42,1343.2115987460816,2799.7884012539184,1,0,False,3,20230110,2,0.85
1042,43,1343.211959924859,3335.788040075141,3,2,False,3,20230110,2,0.85
1043,44,1343.5,3871.694993412385,3,1,False,3,20230110,2,0.85
1044,45,1343.5,4407.6952440550685,0,1,False,3,20230110,2,0.85
1045,46,1343.5,4943.5,1,2,False,3,20230110,2,0.85
1046,47,1343.5975609756097,5479.59756097561,4,1,False,3,20230110,2,0.85
1047,48,1343.5951768488746,6011.788102893891,0,0,False,3,20230110,2,0.85
1048,49,1343.7790697674418,6544.357322438717,1,0,False,3,20230110,2,0.85
1049,50,1343.7002567394095,7083.5,7,3,False,3,20230110,2,0.85
1050,51,1344.0771643663738,7623.5,1,4,False,3,20230110,2,0.85
1051,52,1343.7884012539184,8151.788401253919,0,0,False,3,20230110,2,0.85
1052,53,1343.705533596838,8695.5,8,10,False,3,20230110,2,0.85
1053,54,1343.6953727506427,9219.885604113111,2,3,False,3,20230110,2,0.85
1054,55,1343.89588688946,9755.690231362469,4,7,False,3,20230110,2,0.85
1055,56,1343.399935856318,10291.597498396408,0,3,False,3,20230110,2,0.85
1056,57,1344.0824742268042,10828.067010309278,4,1,False,3,20230110,2,0.85
1057,58,1344.4319899244333,11374.568010075567,5,4,False,3,20230110,2,0.85
1058,59,1343.8859649122808,11903.690476190475,6,7,False,3,20230110,2,0.85
1059,60,1343.89588688946,12443.309768637531,2,7,False,3,20230110,2,0.85
1060,61,1343.89588688946,12971.690231362469,1,2,False,3,20230110,2,0.85
1061,62,1343.690476190476,13503.88596491228,3,4,False,3,20230110,2,0.85
1062,63,1343.8859649122808,14039.690476190475,4,6,False,3,20230110,2,0.85
1063,64,1343.4044703000611,14579.402020820577,0,0,False,3,20230110,2,0.85
1064,65,1343.6953727506427,15115.885604113111,5,4,False,3,20230110,2,0.85
1065,66,1343.690476190476,15647.88596491228,6,5,False,3,20230110,2,0.85
1066,67,1343.7884012539184,16191.788401253918,7,3,False,3,20230110,2,0.85
1067,68,1343.399935856318,16731.402501603592,1,2,False,3,20230110,2,0.85
1068,69,1343.6865030674846,17267.308588957054,3,6,False,3,20230110,2,0.85
1069,70,1343.5955296999389,17795.98009797918,9,11,False,3,20230110,2,0.85
1070,71,1343.5975609756097,18335.40243902439,9,17,False,3,20230110,2,0.85
1071,72,1343.5,18867.88235294117,9,9,False,3,20230110,2,0.85
1072,73,1343.5,19403.5,6,4,False,3,20230110,2,0.85
1073,74,1343.89588688946,19947.309768637533,6,7,False,3,20230110,2,0.85
1074,75,1344.0539215686274,20482.93137254902,9,6,False,3,20230110,2,0.85
1075,76,1344.1825499034128,21019.03122987765,16,10,False,3,20230110,2,0.85
1076,77,1786.8558696988323,928.6923786109404,1,1,False,3,20230110,2,0.85
1077,78,1786.6937984496124,1464.37338501292,0,0,False,3,20230110,2,0.85
1078,79,1786.9313725490197,2000.053921568628,3,0,False,3,20230110,2,0.85
1079,80,1787.2038895859473,2531.781053952321,2,3,False,3,20230110,2,0.85
1080,81,1786.442065491184,3068.3110831234258,4,6,False,3,20230110,2,0.85
1081,82,1787.970300061237,3608.149112063688,1,0,False,3,20230110,2,0.85
1082,83,1787.5979791794243,4135.967850581751,2,3,False,3,20230110,2,0.85
1083,84,1787.2204169221336,4679.772225628449,7,5,False,3,20230110,2,0.85
1084,85,1787.029699938763,5208.149112063687,2,1,False,3,20230110,2,0.85
1085,86,1787.882149591452,5748.053111250786,0,0,False,3,20230110,2,0.85
1086,87,1787.9753476611884,6276.870417193426,2,1,False,3,20230110,2,0.85
1087,88,1788.0700245700243,6816.055282555282,1,0,False,3,20230110,2,0.85
1088,89,1788.0686274509803,7352.053921568628,2,1,False,3,20230110,2,0.85
1089,90,1787.9066924066924,7887.685328185328,2,1,False,3,20230110,2,0.85
1090,91,1788.4214157168567,8427.5,3,6,False,3,20230110,2,0.85
1091,92,1788.8411003236247,8951.057281553398,4,3,False,3,20230110,2,0.85
1092,93,1788.9590264941469,9488.74460874923,1,5,False,3,20230110,2,0.85
1093,94,1788.5325752919484,10024.31868469576,1,4,False,3,20230110,2,0.85
1094,95,1789.3282890673256,10560.925571340333,1,1,True,3,20230110,2,0.85
1095,96,1788.2420706163973,11099.868641532015,3,3,False,3,20230110,2,0.85
1096,97,1788.1082474226805,11639.5,4,2,True,3,20230110,2,0.85
1097,98,1788.8382533825338,12175.657441574416,7,3,False,3,20230110,2,0.85
1098,99,1788.3636363636365,13236.671717171715,1,2,True,3,20230110,2,0.85
1099,100,1788.083280955374,13772.053111250783,3,2,False,3,20230110,2,0.85
1100,101,1788.26214511041,14308.5952681388,4,5,False,3,20230110,2,0.85
1101,102,1788.0925925925926,14851.5,4,2,False,3,20230110,2,0.85
1102,103,1787.887665198238,15380.240088105727,5,2,False,3,20230110,2,0.85
1103,104,1787.8779141104294,15920.24110429448,13,9,False,3,20230110,2,0.85
1104,105,1787.7886850152904,16463.409480122325,13,15,False,3,20230110,2,0.85
1105,106,1787.795739348371,16995.780701754386,13,8,False,3,20230110,2,0.85
1106,107,1787.9177131526767,17531.68506278916,8,4,False,3,20230110,2,0.85
1107,108,1787.7003757044458,18067.5,6,7,False,3,20230110,2,0.85
1108,109,1787.6027617212587,18599.59505459217,5,4,False,3,20230110,2,0.85
1109,110,1787.896238244514,19139.314420062696,9,6,False,3,20230110,2,0.85
1110,111,1788.4214157168567,19675.5,6,3,False,3,20230110,2,0.85
1111,112,1788.0925925925926,20211.5,17,9,False,3,20230110,2,0.85
1112,113,1788.083280955374,20754.94688874921,24,13,False,3,20230110,2,0.85
1113,114,1788.294468887492,21283.5,7,6,False,3,20230110,2,0.85
1114,115,1791.89588688946,12707.309768637531,2,0,False,3,20230110,2,0.85
1115,116,2231.304755944931,1199.5,3,1,False,3,20230110,2,0.85
1116,117,2231.6907151819323,1727.8764115432873,0,0,False,3,20230110,2,0.85
1117,118,2231.5,2263.5,0,0,False,3,20230110,2,0.85
1118,119,2231.5,2799.5,2,0,False,3,20230110,2,0.85
1119,120,2231.5,3335.5,5,3,False,3,20230110,2,0.85
1120,121,2231.5,3871.5,2,3,True,3,20230110,2,0.85
1121,122,2231.695244055069,4407.5,3,1,True,3,20230110,2,0.85
1122,123,2231.5,4943.5,3,0,False,3,20230110,2,0.85
1123,124,2231.5,5479.5,0,0,False,3,20230110,2,0.85
1124,125,2231.6000641436817,6011.402501603592,3,0,False,3,20230110,2,0.85
1125,126,2231.690476190476,6543.8859649122805,18,9,False,3,20230110,2,0.85
1126,127,2231.89588688946,7083.690231362468,6,5,False,3,20230110,2,0.85
1127,128,2232.077164366374,7623.5,4,2,False,3,20230110,2,0.85
1128,129,2231.8859649122805,8151.690476190476,1,4,False,3,20230110,2,0.85
1129,130,2232.1076618229854,8695.5,5,5,False,3,20230110,2,0.85
1130,131,2231.79543994862,9219.787732819525,2,3,False,3,20230110,2,0.85
1131,132,2232.182549903413,9755.968770122345,3,4,False,3,20230110,2,0.85
1132,133,2232.182549903413,10291.968770122345,2,3,False,3,20230110,2,0.85
1133,134,2232.082474226804,10828.067010309278,6,5,False,3,20230110,2,0.85
1134,135,2231.6902377972465,11375.304755944931,5,3,False,3,20230110,2,0.85
1135,136,2232.165411173886,11903.969554300063,5,4,True,3,20230110,2,0.85
1136,137,2231.7002567394097,12443.5,2,2,False,3,20230110,2,0.85
1137,138,2232.0817245817248,12972.06628056628,2,2,True,3,20230110,2,0.85
1138,139,2232.3332284455632,13504.529578351165,0,1,False,3,20230110,2,0.85
1139,140,2232.3332284455632,14040.529578351165,5,4,False,3,20230110,2,0.85
1140,141,2232.241104294478,14579.87791411043,2,2,False,3,20230110,2,0.85
1141,142,2232.0817245817248,15116.06628056628,7,5,False,3,20230110,2,0.85
1142,143,2231.9695543000626,15648.165411173886,7,15,False,3,20230110,2,0.85
1143,144,2231.8859649122805,16191.690476190475,3,3,False,3,20230110,2,0.85
1144,145,2231.7002567394097,16731.5,7,8,True,3,20230110,2,0.85
1145,146,2232.241104294478,17267.681595092025,9,19,False,3,20230110,2,0.85
1146,147,2232.053921568628,17796.06862745098,2,1,False,3,20230110,2,0.85
1147,148,2231.8859649122805,18335.69047619048,5,4,False,3,20230110,2,0.85
1148,149,2232.33629675046,18867.220416922133,7,6,False,3,20230110,2,0.85
1149,150,2231.79543994862,19403.787732819525,9,11,False,3,20230110,2,0.85
1150,151,2231.89588688946,19947.309768637533,7,2,False,3,20230110,2,0.85
1151,152,2232.33629675046,20483.220416922133,12,9,False,3,20230110,2,0.85
1152,153,2231.89588688946,21019.309768637533,19,8,False,3,20230110,2,0.85
1153,154,2674.93137254902,928.0539215686274,1,1,False,3,20230110,2,0.85
1154,155,2677.859493670886,1462.4012658227848,1,0,False,3,20230110,2,0.85
1155,156,2675.406919779547,1999.776791181874,4,2,False,3,20230110,2,0.85
1156,157,2674.90666247643,2531.489943431804,2,3,False,3,20230110,2,0.85
1157,158,2675.1173694147265,3068.04877281309,2,0,False,3,20230110,2,0.85
1158,159,2674.6416309012875,3607.7722256284487,1,0,False,3,20230110,2,0.85
1159,160,2678.221252257676,4135.150812763395,6,6,False,3,20230110,2,0.85
1160,161,2679.5,4679.5,3,1,False,3,20230110,2,0.85
1161,162,2678.2738452309536,5208.111877624475,3,2,False,3,20230110,2,0.85
1162,163,2679.5,5747.5,3,5,False,3,20230110,2,0.85
1163,164,2680.4987699877,6275.849323493235,1,2,False,3,20230110,2,0.85
1164,165,2679.882775119617,6815.5,3,2,False,3,20230110,2,0.85
1165,166,2680.2616766467067,7351.859281437126,2,0,False,3,20230110,2,0.85
1166,167,2680.236225087925,8427.317116060962,1,0,False,3,20230110,2,0.85
1167,168,2679.907035175879,8951.680904522613,0,0,False,3,20230110,2,0.85
1168,169,2679.211389385808,9487.774299344066,3,4,False,3,20230110,2,0.85
1169,170,2680.0693779904304,10024.04066985646,1,0,False,3,20230110,2,0.85
1170,171,2681.5253470126736,10560.709414604707,2,4,False,3,20230110,2,0.85
1171,172,2680.147574517826,11099.766510812393,0,0,False,3,20230110,2,0.85
1172,173,2680.1638705811865,12175.766027561414,4,0,True,3,20230110,2,0.85
1173,174,2680.093137254902,12707.5,2,1,True,3,20230110,2,0.85
1174,175,2680.0840490797545,13236.039877300613,2,3,False,3,20230110,2,0.85
1175,176,2679.796024464832,13771.774006116208,4,4,False,3,20230110,2,0.85
1176,177,2680.459409594096,14308.385608856088,5,5,False,3,20230110,2,0.85
1177,178,2679.896572827417,14851.681150550796,7,5,False,3,20230110,2,0.85
1178,179,2680.0840490797545,15380.039877300613,1,3,False,3,20230110,2,0.85
1179,180,2680.0693779904304,15920.04066985646,11,12,False,3,20230110,2,0.85
1180,181,2679.980573819486,16463.406754333533,0,2,False,3,20230110,2,0.85
1181,182,2679.896572827417,16995.681150550794,5,3,False,3,20230110,2,0.85
1182,183,2679.605602060528,17531.592723760463,3,0,False,3,20230110,2,0.85
1183,184,2679.9935543278084,18067.58348680172,1,1,False,3,20230110,2,0.85
1184,185,2679.80923947203,18599.42206159648,6,7,False,3,20230110,2,0.85
1185,186,2680.1876155268023,19139.214109673445,10,9,False,3,20230110,2,0.85
1186,187,2680.4227166276346,19675.5,4,5,False,3,20230110,2,0.85
1187,188,2679.700488997555,20211.5,9,16,False,3,20230110,2,0.85
1188,189,2679.7963870177587,20755.22565829761,11,8,False,3,20230110,2,0.85
1189,190,2680.093137254902,21283.5,3,3,False,3,20230110,2,0.85
1190,191,2683.602761721259,7887.595054592164,5,3,False,3,20230110,2,0.85
1191,192,2683.9025806451614,11639.5,2,3,False,3,20230110,2,0.85
1192,193,3130.359950859951,1199.5,3,3,False,3,20230110,2,0.85
1193,194,3125.668888888889,1728.9653968253967,3,2,False,3,20230110,2,0.85
1194,195,3131.397238278741,2263.5950545921646,3,5,False,3,20230110,2,0.85
1195,196,3127.2105097545627,2799.7794210195093,3,0,False,3,20230110,2,0.85
1196,197,3129.775092936803,3336.6995043370507,4,4,False,3,20230110,2,0.85
1197,198,3131.397238278741,3871.5950545921646,1,1,False,3,20230110,2,0.85
1198,199,3130.726600985221,4406.869458128079,2,5,False,3,20230110,2,0.85
1199,200,3130.9945196647323,4943.595422308188,6,3,False,3,20230110,2,0.85
1200,201,3131.402260232132,5479.404703726329,3,1,False,3,20230110,2,0.85
1201,202,3131.203889585948,6011.781053952322,6,3,False,3,20230110,2,0.85
1202,203,3131.1220858895704,6544.241104294479,6,9,True,3,20230110,2,0.85
1203,204,3131.6001251564458,7083.595118898624,0,0,False,3,20230110,2,0.85
1204,205,3131.5,7623.127450980392,0,1,False,3,20230110,2,0.85
1205,206,3131.5,8151.872549019607,0,3,False,3,20230110,2,0.85
1206,207,3131.5,8695.309768637531,2,2,False,3,20230110,2,0.85
1207,208,3131.6956112852663,9219.876175548588,0,0,False,3,20230110,2,0.85
1208,209,3131.7961104140527,9755.781053952322,1,1,False,3,20230110,2,0.85
1209,210,3131.7961104140527,10291.781053952322,4,2,True,3,20230110,2,0.85
1210,211,3131.5,10828.06246076585,2,2,False,3,20230110,2,0.85
1211,212,3131.779926335175,11374.854205033764,1,3,False,3,20230110,2,0.85
1212,213,3131.6909424724604,11903.686046511628,14,8,False,3,20230110,2,0.85
1213,214,3131.6002506265663,12443.40476190476,2,2,False,3,20230110,2,0.85
1214,215,3131.7961104140527,12971.781053952322,2,3,False,3,20230110,2,0.85
1215,216,3131.7795830778664,13504.33629675046,0,1,False,3,20230110,2,0.85
1216,217,3131.7795830778664,14040.33629675046,7,10,False,3,20230110,2,0.85
1217,218,3131.960431654676,14579.960431654676,4,3,False,3,20230110,2,0.85
1218,219,3131.6956112852663,15115.876175548588,3,4,False,3,20230110,2,0.85
1219,220,3131.5,15648.063035495716,7,8,False,3,20230110,2,0.85
1220,221,3131.8823529411766,16191.5,6,5,False,3,20230110,2,0.85
1221,222,3131.5,16731.30964308078,5,3,False,3,20230110,2,0.85
1222,223,3131.6862686567165,17267.313731343285,12,12,False,3,20230110,2,0.85
1223,224,3131.313953488372,17795.68604651163,9,6,False,3,20230110,2,0.85
1224,225,3131.6909424724604,18335.31395348837,10,5,False,3,20230110,2,0.85
1225,226,3131.68671454219,18867.68671454219,8,11,True,3,20230110,2,0.85
1226,227,3131.700375704446,19403.5,14,7,False,3,20230110,2,0.85
1227,228,3131.5,19947.5,4,4,False,3,20230110,2,0.85
1228,229,3131.782634730539,20482.661676646705,3,2,False,3,20230110,2,0.85
1229,230,3131.7961104140527,21019.21894604768,3,0,False,3,20230110,2,0.85
1230,231,3570.6416309012875,927.7722256284488,3,1,False,3,20230110,2,0.85
1231,232,3571.5,1463.5,2,2,False,3,20230110,2,0.85
1232,233,3569.9433497536947,2000.5147783251232,5,3,False,3,20230110,2,0.85
1233,234,3571.3043887147337,2531.1238244514107,3,3,False,3,20230110,2,0.85
1234,235,3571.8962382445143,3067.6855799373043,0,0,False,3,20230110,2,0.85
1235,236,3571.5,3607.309523809524,2,0,False,3,20230110,2,0.85
1236,237,3571.597620500305,4135.595179987798,1,0,False,3,20230110,2,0.85
1237,238,3571.5,4679.5,2,2,False,3,20230110,2,0.85
1238,239,3571.88630806846,5207.6858190709045,5,7,False,3,20230110,2,0.85
1239,240,3571.7961104140527,5747.590338770389,4,2,False,3,20230110,2,0.85
1240,241,3571.8962382445143,6275.314420062696,1,0,False,3,20230110,2,0.85
1241,242,3571.69536019536,6815.5,2,2,False,3,20230110,2,0.85
1242,243,3572.166258420086,7351.041947336191,0,0,False,3,20230110,2,0.85
1243,244,3571.7056555269924,7887.5,7,5,False,3,20230110,2,0.85
1244,245,3572.5167865707435,8427.404076738609,1,0,False,3,20230110,2,0.85
1245,246,3571.9066924066924,8951.685328185327,2,1,False,3,20230110,2,0.85
1246,247,3572.260736196319,9487.86809815951,0,2,False,3,20230110,2,0.85
1247,248,3572.260736196319,10023.86809815951,7,3,True,3,20230110,2,0.85
1248,249,3572.0686274509803,10560.053921568628,0,1,False,3,20230110,2,0.85
1249,250,3574.511180124224,11097.66645962733,1,3,False,3,20230110,2,0.85
1250,251,3572.00998068255,11639.404700579524,7,3,True,3,20230110,2,0.85
1251,252,3572.3583690987125,12175.227774371551,3,4,False,3,20230110,2,0.85
1252,253,3572.0925925925926,12707.5,0,0,False,3,20230110,2,0.85
1253,254,3572.0825486503454,13236.052416823602,1,1,False,3,20230110,2,0.85
1254,255,3571.8962382445143,13771.685579937304,0,0,False,3,20230110,2,0.85
1255,256,3572.183417085427,14307.957286432162,0,0,False,3,20230110,2,0.85
1256,257,3571.700375704446,14851.5,3,2,False,3,20230110,2,0.85
1257,258,3572.183417085427,15379.957286432162,1,3,False,3,20230110,2,0.85
1258,259,3572.3583690987125,15919.772225628449,2,0,False,3,20230110,2,0.85
1259,260,3571.88630806846,16463.314180929094,4,4,False,3,20230110,2,0.85
1260,261,3572.0925925925926,16995.5,3,3,False,3,20230110,2,0.85
1261,262,3571.6055408970974,17531.594986807388,4,4,False,3,20230110,2,0.85
1262,263,3571.6001251564458,18067.40488110137,10,7,False,3,20230110,2,0.85
1263,264,3571.602761721259,18599.59505459217,5,8,False,3,20230110,2,0.85
1264,265,3572.0925925925926,19139.5,9,8,True,3,20230110,2,0.85
1265,266,3572.5167865707435,19675.59592326139,5,6,False,3,20230110,2,0.85
1266,267,3572.0925925925926,20211.5,2,6,False,3,20230110,2,0.85
1267,268,3572.183417085427,20755.04271356784,11,6,False,3,20230110,2,0.85
1268,269,3572.0925925925926,21283.5,8,4,False,3,20230110,2,0.85
1269,270,4023.1235884567127,1199.1135508155585,2,0,False,3,20230110,2,0.85
1270,271,4023.4024390243903,1727.5975609756097,4,0,False,3,20230110,2,0.85
1271,272,4023.5,2263.5,2,2,False,3,20230110,2,0.85
1272,273,4023.5,2799.304755944931,0,0,False,3,20230110,2,0.85
1273,274,4023.22057898049,3335.7794210195093,1,1,False,3,20230110,2,0.85
1274,275,4023.6026991441736,3871.597432521396,3,1,False,3,20230110,2,0.85
1275,276,4023.6911949685536,4407.308805031446,1,0,False,3,20230110,2,0.85
1276,277,4023.3973008558255,4943.597432521396,0,0,False,3,20230110,2,0.85
1277,278,4023.690476190476,5479.11403508772,3,4,False,3,20230110,2,0.85
1278,279,4023.6000641436817,6011.597498396408,8,5,True,3,20230110,2,0.85
1279,280,4023.690476190476,6543.8859649122805,10,5,True,3,20230110,2,0.85
1280,281,4023.7002567394097,7083.5,3,4,False,3,20230110,2,0.85
1281,282,4023.7884012539184,7623.211598746081,2,3,False,3,20230110,2,0.85
1282,283,4023.885964912281,8151.690476190476,5,7,True,3,20230110,2,0.85
1283,284,4023.6026991441736,8695.402567478604,2,2,False,3,20230110,2,0.85
1284,285,4023.7954399486193,9219.787732819525,3,2,False,3,20230110,2,0.85
1285,286,4023.89588688946,9755.690231362469,4,0,False,3,20230110,2,0.85
1286,287,4023.89588688946,10291.690231362469,4,0,False,3,20230110,2,0.85
1287,288,4023.6953727506425,10827.885604113111,1,0,False,3,20230110,2,0.85
1288,289,4023.7884012539184,11375.211598746082,1,0,False,3,20230110,2,0.85
1289,290,4023.885964912281,11903.690476190475,5,1,False,3,20230110,2,0.85
1290,291,4023.7002567394097,12443.5,0,0,False,3,20230110,2,0.85
1291,292,4023.7954399486193,12971.787732819525,1,0,False,3,20230110,2,0.85
1292,293,4023.969554300063,13504.165411173886,3,2,False,3,20230110,2,0.85
1293,294,4023.885964912281,14039.690476190475,2,2,False,3,20230110,2,0.85
1294,295,4023.87652811736,14579.690709046456,6,4,False,3,20230110,2,0.85
1295,296,4023.7954399486193,15115.787732819525,4,2,False,3,20230110,2,0.85
1296,297,4023.5975609756097,15647.40243902439,5,6,False,3,20230110,2,0.85
1297,298,4023.5,16191.5,6,3,False,3,20230110,2,0.85
1298,299,4023.6000641436817,16731.402501603592,3,1,False,3,20230110,2,0.85
1299,300,4023.4048200122015,17267.402379499694,13,3,False,3,20230110,2,0.85
1300,301,4024.053921568628,17796.06862745098,4,5,False,3,20230110,2,0.85
1301,302,4023.695244055069,18335.5,6,5,False,3,20230110,2,0.85
1302,303,4023.5,18867.5,6,3,False,3,20230110,2,0.85
1303,304,4023.6000641436817,19403.597498396408,5,2,False,3,20230110,2,0.85
1304,305,4023.89588688946,19947.309768637533,3,2,False,3,20230110,2,0.85
1305,306,4023.314180929096,20483.11369193154,4,5,False,3,20230110,2,0.85
1306,307,4023.6000641436817,21019.402501603592,31,25,True,3,20230110,2,0.85
1307,308,4467.308588957055,927.6865030674846,7,2,False,3,20230110,2,0.85
1308,309,4467.6027617212585,1463.5950545921644,3,3,False,3,20230110,2,0.85
1309,310,4467.69094247246,1999.686046511628,2,1,False,3,20230110,2,0.85
1310,311,4467.5,2531.5,2,0,False,3,20230110,2,0.85
1311,312,4467.103264281231,3067.133396107972,2,3,False,3,20230110,2,0.85
1312,313,4467.597620500305,3607.5951799877976,1,3,False,3,20230110,2,0.85
1313,314,4468.0700245700245,4135.490171990172,8,4,False,3,20230110,2,0.85
1314,315,4467.790461538461,4678.6704615384615,3,1,False,3,20230110,2,0.85
1315,316,4467.220416922134,5207.772225628449,2,1,False,3,20230110,2,0.85
1316,317,4467.600250626567,5747.4047619047615,0,1,False,3,20230110,2,0.85
1317,318,4467.695611285267,6275.876175548589,0,0,False,3,20230110,2,0.85
1318,319,4468.067931456549,6814.9467564259485,1,1,False,3,20230110,2,0.85
1319,320,4467.69094247246,7351.686046511628,10,8,False,3,20230110,2,0.85
1320,321,4467.705655526992,7887.5,4,1,False,3,20230110,2,0.85
1321,322,4467.9604316546765,8427.039568345324,0,1,False,3,20230110,2,0.85
1322,323,4467.803536977492,8951.78038585209,5,4,False,3,20230110,2,0.85
1323,324,4467.779926335175,9488.145794966236,0,0,False,3,20230110,2,0.85
1324,325,4467.970876762723,10023.958614347026,2,4,False,3,20230110,2,0.85
1325,326,4467.779926335175,10560.145794966236,3,2,False,3,20230110,2,0.85
1326,327,4467.773709483794,11099.773709483794,4,4,False,3,20230110,2,0.85
1327,328,4467.705655526992,11639.5,0,0,True,3,20230110,2,0.85
1328,329,4467.691411042945,12175.313496932517,7,3,False,3,20230110,2,0.85
1329,330,4467.992462311558,12707.404522613066,3,1,False,3,20230110,2,0.85
1330,331,4467.982412060302,13236.14824120603,5,0,False,3,20230110,2,0.85
1331,332,4467.695611285267,13771.876175548588,5,4,False,3,20230110,2,0.85
1332,333,4467.78679245283,14308.335220125786,3,8,False,3,20230110,2,0.85
1333,334,4467.700375704446,14851.5,5,6,False,3,20230110,2,0.85
1334,335,4467.695611285267,15379.876175548588,2,3,False,3,20230110,2,0.85
1335,336,4467.69094247246,15919.686046511628,6,5,False,3,20230110,2,0.85
1336,337,4467.597979179424,16463.03214941825,6,2,False,3,20230110,2,0.85
1337,338,4467.796110414053,16995.590338770387,8,6,True,3,20230110,2,0.85
1338,339,4467.812169312169,17531.589947089946,4,4,False,3,20230110,2,0.85
1339,340,4467.304143126177,18067.314187068423,3,1,False,3,20230110,2,0.85
1340,341,4467.6027617212585,18599.59505459217,13,9,False,3,20230110,2,0.85
1341,342,4467.992462311558,19139.59547738693,12,9,False,3,20230110,2,0.85
1342,343,4467.9604316546765,19675.586330935253,10,10,False,3,20230110,2,0.85
1343,344,4467.992462311558,20211.404522613066,2,1,False,3,20230110,2,0.85
1344,345,4467.695611285267,20755.87617554859,12,7,False,3,20230110,2,0.85
1345,346,4467.600250626567,21283.404761904763,4,4,False,3,20230110,2,0.85
1346,347,4910.279048765804,1198.8762793497892,2,2,False,3,20230110,2,0.85
1347,348,4909.975961538462,1726.3557692307693,4,2,False,3,20230110,2,0.85
1348,349,4911.294228356336,2263.5,3,0,False,3,20230110,2,0.85
1349,350,4910.738323353294,2799.859281437126,6,4,True,3,20230110,2,0.85
1350,351,4910.551497005988,3335.32754491018,7,1,False,3,20230110,2,0.85
1351,352,4911.092964824121,3871.680904522613,4,2,False,3,20230110,2,0.85
1352,353,4911.308383233533,4407.317964071856,3,0,False,3,20230110,2,0.85
1353,354,4911.298994974874,4943.133165829146,3,3,False,3,20230110,2,0.85
1354,355,4911.308841099164,5479.318399044206,5,5,False,3,20230110,2,0.85
1355,356,4911.696078431372,6011.318627450981,4,0,False,3,20230110,2,0.85
1356,357,4911.308383233533,6543.682035928144,1,4,False,3,20230110,2,0.85
1357,358,4911.796387017759,7083.225658297612,5,1,False,3,20230110,2,0.85
1358,359,4912.070743405276,7622.958033573142,0,0,False,3,20230110,2,0.85
1359,360,4911.5,8151.5,1,0,False,3,20230110,2,0.85
1360,361,4911.5,8694.951572327043,2,0,False,3,20230110,2,0.85
1361,362,4911.696078431372,9219.68137254902,4,5,False,3,20230110,2,0.85
1362,363,4911.69656019656,9755.681818181818,6,5,False,3,20230110,2,0.85
1363,364,4911.5,10291.863190184047,5,2,False,3,20230110,2,0.85
1364,365,4911.5,10827.863190184047,0,0,False,3,20230110,2,0.85
1365,366,4911.5,11374.602040816326,5,4,False,3,20230110,2,0.85
1366,367,4911.780407429598,11902.869682444578,4,1,False,3,20230110,2,0.85
1367,368,4911.600551808707,12443.043838136113,2,1,False,3,20230110,2,0.85
1368,369,4911.696078431372,12971.68137254902,2,3,False,3,20230110,2,0.85
1369,370,4911.780407429598,13504.130317555422,6,3,False,3,20230110,2,0.85
1370,371,4911.780407429598,14040.130317555422,5,6,False,3,20230110,2,0.85
1371,372,4911.774165202109,14579.232864674868,2,4,False,3,20230110,2,0.85
1372,373,4911.696078431372,15115.68137254902,3,1,False,3,20230110,2,0.85
1373,374,4911.780407429598,15648.130317555422,3,2,False,3,20230110,2,0.85
1374,375,4911.5,16191.136363636364,6,4,False,3,20230110,2,0.85
1375,376,4911.5,16731.5,3,3,False,3,20230110,2,0.85
1376,377,4911.869158878505,17266.77570093458,16,15,True,3,20230110,2,0.85
1377,378,4911.877182770663,17795.681606519207,2,2,False,3,20230110,2,0.85
1378,379,4912.261676646706,18335.32754491018,6,3,False,3,20230110,2,0.85
1379,380,4912.056725146199,18867.49064327485,0,0,False,3,20230110,2,0.85
1380,381,4911.696078431372,19403.68137254902,3,3,False,3,20230110,2,0.85
1381,382,4911.796387017759,19947.22565829761,5,19,False,3,20230110,2,0.85
1382,383,4911.961088355763,20483.050614394386,5,8,False,3,20230110,2,0.85
1383,384,4911.888206388207,21018.77764127764,10,5,False,3,20230110,2,0.85
1384,385,5354.359950859951,927.5,0,0,False,3,20230110,2,0.85
1385,386,5355.3972382787415,1463.4049454078356,1,2,False,3,20230110,2,0.85
1386,387,5354.355036855037,1999.8341523341523,1,1,False,3,20230110,2,0.85
1387,388,5355.103761755486,2531.314420062696,12,6,True,3,20230110,2,0.85
1388,389,5355.299624295554,3067.5,6,4,True,3,20230110,2,0.85
1389,390,5355.5,3607.309523809524,1,1,False,3,20230110,2,0.85
1390,391,5355.5,4135.5,3,0,False,3,20230110,2,0.85
1391,392,5355.87791411043,4678.758895705521,3,9,False,3,20230110,2,0.85
1392,393,5355.69094247246,5207.313953488372,4,4,False,3,20230110,2,0.85
1393,394,5355.695611285267,5747.123824451411,1,0,False,3,20230110,2,0.85
1394,395,5355.600250626567,6275.4047619047615,2,1,False,3,20230110,2,0.85
1395,396,5355.5,6815.1274509803925,0,0,False,3,20230110,2,0.85
1396,397,5355.597739767868,7351.404703726329,3,2,False,3,20230110,2,0.85
1397,398,5355.6027617212585,7887.404945407836,1,1,False,3,20230110,2,0.85
1398,399,5355.868641532017,8426.757929383602,0,0,False,3,20230110,2,0.85
1399,400,5355.6027617212585,8951.595054592164,2,2,False,3,20230110,2,0.85
1400,401,5355.69094247246,9487.686046511628,5,5,False,3,20230110,2,0.85
1401,402,5355.882352941177,10023.5,3,2,False,3,20230110,2,0.85
1402,403,5355.788685015291,10559.781345565749,4,3,False,3,20230110,2,0.85
1403,404,5355.87298266587,11099.5,5,4,False,3,20230110,2,0.85
1404,405,5355.803536977492,11639.21961414791,2,1,False,3,20230110,2,0.85
1405,406,5355.788685015291,12175.218654434251,11,12,False,3,20230110,2,0.85
1406,407,5355.796110414053,12707.218946047678,3,5,False,3,20230110,2,0.85
1407,408,5355.896238244514,13235.685579937304,3,3,False,3,20230110,2,0.85
1408,409,5355.700375704446,13771.5,5,6,False,3,20230110,2,0.85
1409,410,5355.796110414053,14307.781053952322,5,4,False,3,20230110,2,0.85
1410,411,5355.600125156446,14851.404881101376,4,1,False,3,20230110,2,0.85
1411,412,5355.700375704446,15379.5,5,5,False,3,20230110,2,0.85
1412,413,5355.88630806846,15919.685819070904,5,6,False,3,20230110,2,0.85
1413,414,5355.5,16462.936964504283,3,1,False,3,20230110,2,0.85
1414,415,5355.896238244514,16995.314420062696,3,4,False,3,20230110,2,0.85
1415,416,5355.917713152677,17531.31493721084,6,5,False,3,20230110,2,0.85
1416,417,5355.795739348371,18067.21929824561,3,3,False,3,20230110,2,0.85
1417,418,5355.6027617212585,18599.59505459217,10,10,False,3,20230110,2,0.85
1418,419,5355.700375704446,19139.5,3,3,False,3,20230110,2,0.85
1419,420,5355.968339307049,19675.40442054958,1,3,False,3,20230110,2,0.85
1420,421,5355.600125156446,20211.40488110137,3,2,False,3,20230110,2,0.85
1421,422,5355.795739348371,20755.21929824561,7,5,False,3,20230110,2,0.85
1422,423,5355.700375704446,21283.5,5,3,False,3,20230110,2,0.85
1423,424,5806.541916167665,1199.3179640718563,2,2,False,3,20230110,2,0.85
1424,425,5806.328331332533,1727.2454981992796,1,2,False,3,20230110,2,0.85
1425,426,5806.901257861635,2262.9616352201256,0,0,False,3,20230110,2,0.85
1426,427,5807.019426180514,2799.4067543335327,3,1,False,3,20230110,2,0.85
1427,428,5807.204504504504,3335.262162162162,2,0,False,3,20230110,2,0.85
1428,429,5807.705771643664,3871.5,3,2,False,3,20230110,2,0.85
1429,430,5807.308383233533,4407.317964071856,2,1,False,3,20230110,2,0.85
1430,431,5807.397049591965,4943.407093534212,1,0,False,3,20230110,2,0.85
1431,432,5807.5,5479.136363636364,5,2,False,3,20230110,2,0.85
1432,433,5807.5,6011.5,2,4,False,3,20230110,2,0.85
1433,434,5807.317964071856,6544.223353293413,1,1,False,3,20230110,2,0.85
1434,435,5807.303921568628,7083.318627450981,4,3,False,3,20230110,2,0.85
1435,436,5807.5,7623.136363636364,5,0,False,3,20230110,2,0.85
1436,437,5807.5,8151.5,4,1,False,3,20230110,2,0.85
1437,438,5807.5,8694.951572327043,2,1,False,3,20230110,2,0.85
1438,439,5807.399448191293,9219.956161863887,0,0,False,3,20230110,2,0.85
1439,440,5807.303921568628,9755.68137254902,1,3,False,3,20230110,2,0.85
1440,441,5807.5,10291.863190184047,1,1,False,3,20230110,2,0.85
1441,442,5807.5,10827.863190184047,4,2,False,3,20230110,2,0.85
1442,443,5807.5,11374.602040816326,2,2,False,3,20230110,2,0.85
1443,444,5807.691616766467,11903.317964071855,17,10,False,3,20230110,2,0.85
1444,445,5807.600551808707,12443.043838136113,6,6,False,3,20230110,2,0.85
1445,446,5807.696078431372,12971.68137254902,10,16,False,3,20230110,2,0.85
1446,447,5807.5,13503.863636363636,5,1,False,3,20230110,2,0.85
1447,448,5807.780407429598,14040.130317555422,1,1,False,3,20230110,2,0.85
1448,449,5807.5,14579.5,6,3,False,3,20230110,2,0.85
1449,450,5807.5,15115.5,5,2,False,3,20230110,2,0.85
1450,451,5807.308383233533,15647.682035928145,1,1,False,3,20230110,2,0.85
1451,452,5807.219592570402,16190.869682444578,4,5,False,3,20230110,2,0.85
1452,453,5807.203975535168,16731.225993883792,0,0,False,3,20230110,2,0.85
1453,454,5808.315897136177,17266.518118059616,4,7,False,3,20230110,2,0.85
1454,455,5807.5,17795.5,5,2,False,3,20230110,2,0.85
1455,456,5807.598027495517,18335.04333532576,3,3,False,3,20230110,2,0.85
1456,457,5807.686915887851,18867.317757009347,6,2,False,3,20230110,2,0.85
1457,458,5807.399694189602,19403.59296636085,4,4,False,3,20230110,2,0.85
1458,459,5807.600551808707,19947.04383813612,9,8,False,3,20230110,2,0.85
1459,460,5807.322429906542,20482.59813084112,9,7,False,3,20230110,2,0.85
1460,461,5807.600551808707,21019.04383813612,9,5,False,3,20230110,2,0.85
1461,462,6248.491920447483,929.41671845867,0,0,False,3,20230110,2,0.85
1462,463,6250.684516129032,1463.5,0,0,False,3,20230110,2,0.85
1463,464,6250.062461538461,1999.2710769230769,1,1,False,3,20230110,2,0.85
1464,465,6246.90797940798,2531.5,1,1,False,3,20230110,2,0.85
1465,466,6251.103761755486,3067.6855799373043,0,0,False,3,20230110,2,0.85
1466,467,6251.402379499695,3607.4048200122015,1,2,False,3,20230110,2,0.85
1467,468,6251.30905752754,4135.686046511628,2,1,False,3,20230110,2,0.85
1468,469,6251.788685015291,4679.21865443425,0,0,False,3,20230110,2,0.85
1469,470,6251.882352941177,5207.5,3,1,False,3,20230110,2,0.85
1470,471,6251.600250626567,5747.4047619047615,0,0,False,3,20230110,2,0.85
1471,472,6251.600250626567,6275.595238095239,3,3,False,3,20230110,2,0.85
1472,473,6251.5,6815.1274509803925,1,1,False,3,20230110,2,0.85
1473,474,6251.5,7351.5,1,0,False,3,20230110,2,0.85
1474,475,6251.6027617212585,7887.404945407836,1,0,False,3,20230110,2,0.85
1475,476,6251.773053892216,8426.853293413174,1,0,False,3,20230110,2,0.85
1476,477,6251.5,8951.690231362469,3,2,True,3,20230110,2,0.85
1477,478,6251.5,9487.872549019608,5,1,False,3,20230110,2,0.85
1478,479,6251.5,10023.872549019608,2,1,False,3,20230110,2,0.85
1479,480,6251.69094247246,10559.686046511628,2,1,True,3,20230110,2,0.85
1480,481,6251.87298266587,11099.5,3,2,False,3,20230110,2,0.85
1481,482,6251.6027617212585,11639.404945407836,1,1,False,3,20230110,2,0.85
1482,483,6251.597979179424,12175.032149418248,4,1,False,3,20230110,2,0.85
1483,484,6251.796110414053,12707.218946047678,11,7,False,3,20230110,2,0.85
1484,485,6251.896238244514,13235.685579937304,7,6,False,3,20230110,2,0.85
1485,486,6251.600125156446,13771.595118898624,5,4,False,3,20230110,2,0.85
1486,487,6251.795739348371,14307.780701754386,6,1,False,3,20230110,2,0.85
1487,488,6251.5,14851.309643080776,1,1,False,3,20230110,2,0.85
1488,489,6251.600250626567,15379.40476190476,10,3,False,3,20230110,2,0.85
1489,490,6251.5,15919.5,3,0,False,3,20230110,2,0.85
1490,491,6251.5,16462.389434889436,4,3,False,3,20230110,2,0.85
1491,492,6251.5,16995.30964308078,3,3,False,3,20230110,2,0.85
1492,493,6251.605540897098,17531.405013192612,0,2,False,3,20230110,2,0.85
1493,494,6251.5,18066.93753923415,11,9,False,3,20230110,2,0.85
1494,495,6251.5,18599.5,4,3,False,3,20230110,2,0.85
1495,496,6251.5,19139.30964308078,3,6,False,3,20230110,2,0.85
1496,497,6251.5,19675.12701733413,7,5,False,3,20230110,2,0.85
1497,498,6251.5,20211.30964308078,8,2,False,3,20230110,2,0.85
1498,499,6251.399874843554,20755.40488110137,9,1,False,3,20230110,2,0.85
1499,500,6251.600250626567,21283.404761904763,8,1,True,3,20230110,2,0.85
1500,1,899.004835589942,1464.1473243068988,4,0,True,3,20230110,2,0.9
1501,2,898.7570725707257,2000.5971709717096,4,1,False,3,20230110,2,0.9
1502,3,899.2132075471698,2532.3352201257862,2,2,False,3,20230110,2,0.9
1503,4,899.2132075471698,3068.3352201257862,0,0,False,3,20230110,2,0.9
1504,5,899.4020208205757,3607.967850581752,0,0,False,3,20230110,2,0.9
1505,6,899.2204169221336,4136.33629675046,2,1,False,3,20230110,2,0.9
1506,7,899.4020208205757,4679.967850581751,1,0,False,3,20230110,2,0.9
1507,8,899.7795830778664,5208.33629675046,1,1,False,3,20230110,2,0.9
1508,9,899.6956112852664,5747.876175548589,0,0,False,3,20230110,2,0.9
1509,10,899.204260651629,6275.7807017543855,3,0,False,3,20230110,2,0.9
1510,11,899.8779141104294,6816.241104294479,5,3,False,3,20230110,2,0.9
1511,12,900.0686274509804,7352.053921568628,6,4,False,3,20230110,2,0.9
1512,13,900.3051612903225,7887.866451612903,16,13,False,3,20230110,2,0.9
1513,14,900.6003003003003,8428.206306306307,5,1,False,3,20230110,2,0.9
1514,15,900.0979381443299,8952.051546391753,2,2,False,3,20230110,2,0.9
1515,16,900.2429274292743,9488.59717097171,8,3,False,3,20230110,2,0.9
1516,17,901.4233621755252,10024.187268232386,5,1,False,3,20230110,2,0.9
1517,18,901.0743368291178,10560.657310302282,10,7,False,3,20230110,2,0.9
1518,19,900.5989802039592,11100.224655068989,8,2,False,3,20230110,2,0.9
1519,20,899.7005141388174,11639.690231362469,3,2,False,3,20230110,2,0.9
1520,21,901.428306551298,12176.889369592089,2,1,False,3,20230110,2,0.9
1521,22,900.3805031446541,12707.771698113207,8,9,False,3,20230110,2,0.9
1522,23,900.3564231738035,13236.502518891688,4,1,False,3,20230110,2,0.9
1523,24,899.9824120603015,13772.14824120603,8,2,False,3,20230110,2,0.9
1524,25,900.1607818411097,14308.690416141237,7,6,False,3,20230110,2,0.9
1525,26,899.896238244514,14851.685579937304,9,4,False,3,20230110,2,0.9
1526,27,899.9824120603015,15380.14824120603,8,3,False,3,20230110,2,0.9
1527,28,899.7795830778664,15920.33629675046,9,2,False,3,20230110,2,0.9
1528,29,899.6909424724602,16463.68604651163,3,4,False,3,20230110,2,0.9
1529,30,899.6956112852664,16995.87617554859,8,3,False,3,20230110,2,0.9
1530,31,899.6055408970976,17531.594986807388,0,1,False,3,20230110,2,0.9
1531,32,899.5,18067.5,5,2,False,3,20230110,2,0.9
1532,33,899.5,18599.690231362467,6,0,False,3,20230110,2,0.9
1533,34,899.6002506265664,19139.404761904763,0,0,False,3,20230110,2,0.9
1534,35,900.1467065868263,19675.226946107785,10,2,False,3,20230110,2,0.9
1535,36,900.0925925925926,20211.5,21,6,False,3,20230110,2,0.9
1536,37,900.1842767295598,20754.86603773585,22,93,False,3,20230110,2,0.9
1537,38,903.89588688946,21283.309768637533,24,2,True,3,20230110,2,0.9
1538,39,1342.8345888261142,1199.9695543000628,5,1,False,3,20230110,2,0.9
1539,40,1343.293710691824,1728.4610062893082,0,0,False,3,20230110,2,0.9
1540,41,1343.1967699406723,2263.78740936058,1,1,False,3,20230110,2,0.9
1541,42,1343.2115987460816,2799.7884012539184,0,0,False,3,20230110,2,0.9
1542,43,1343.211959924859,3335.788040075141,0,0,False,3,20230110,2,0.9
1543,44,1343.5,3871.694993412385,0,0,False,3,20230110,2,0.9
1544,45,1343.5,4407.6952440550685,0,0,False,3,20230110,2,0.9
1545,46,1343.5,4943.5,0,0,False,3,20230110,2,0.9
1546,47,1343.5975609756097,5479.59756097561,0,0,False,3,20230110,2,0.9
1547,48,1343.5951768488746,6011.788102893891,1,0,False,3,20230110,2,0.9
1548,49,1343.7790697674418,6544.357322438717,1,0,True,3,20230110,2,0.9
1549,50,1343.7002567394095,7083.5,24,23,True,3,20230110,2,0.9
1550,51,1344.0771643663738,7623.5,1,1,False,3,20230110,2,0.9
1551,52,1343.7884012539184,8151.788401253919,4,3,False,3,20230110,2,0.9
1552,53,1343.705533596838,8695.5,15,12,False,3,20230110,2,0.9
1553,54,1343.6953727506427,9219.885604113111,17,12,False,3,20230110,2,0.9
1554,55,1343.89588688946,9755.690231362469,5,1,False,3,20230110,2,0.9
1555,56,1343.399935856318,10291.597498396408,1,0,False,3,20230110,2,0.9
1556,57,1344.0824742268042,10828.067010309278,5,1,False,3,20230110,2,0.9
1557,58,1344.4319899244333,11374.568010075567,4,3,False,3,20230110,2,0.9
1558,59,1343.8859649122808,11903.690476190475,14,12,False,3,20230110,2,0.9
1559,60,1343.89588688946,12443.309768637531,17,30,False,3,20230110,2,0.9
1560,61,1343.89588688946,12971.690231362469,9,12,False,3,20230110,2,0.9
1561,62,1343.690476190476,13503.88596491228,11,5,False,3,20230110,2,0.9
1562,63,1343.8859649122808,14039.690476190475,6,4,False,3,20230110,2,0.9
1563,64,1343.4044703000611,14579.402020820577,7,6,False,3,20230110,2,0.9
1564,65,1343.6953727506427,15115.885604113111,22,21,False,3,20230110,2,0.9
1565,66,1343.690476190476,15647.88596491228,14,9,False,3,20230110,2,0.9
1566,67,1343.7884012539184,16191.788401253918,2,0,False,3,20230110,2,0.9
1567,68,1343.399935856318,16731.402501603592,6,6,False,3,20230110,2,0.9
1568,69,1343.6865030674846,17267.308588957054,4,1,False,3,20230110,2,0.9
1569,70,1343.5955296999389,17795.98009797918,7,7,False,3,20230110,2,0.9
1570,71,1343.5975609756097,18335.40243902439,14,10,True,3,20230110,2,0.9
1571,72,1343.5,18867.88235294117,16,9,False,3,20230110,2,0.9
1572,73,1343.5,19403.5,6,1,True,3,20230110,2,0.9
1573,74,1343.89588688946,19947.309768637533,8,3,False,3,20230110,2,0.9
1574,75,1344.0539215686274,20482.93137254902,13,9,False,3,20230110,2,0.9
1575,76,1344.1825499034128,21019.03122987765,20,6,False,3,20230110,2,0.9
1576,77,1786.8558696988323,928.6923786109404,2,2,True,3,20230110,2,0.9
1577,78,1786.6937984496124,1464.37338501292,2,1,False,3,20230110,2,0.9
1578,79,1786.9313725490197,2000.053921568628,4,2,False,3,20230110,2,0.9
1579,80,1787.2038895859473,2531.781053952321,6,5,False,3,20230110,2,0.9
1580,81,1786.442065491184,3068.3110831234258,2,2,False,3,20230110,2,0.9
1581,82,1787.970300061237,3608.149112063688,1,2,False,3,20230110,2,0.9
1582,83,1787.5979791794243,4135.967850581751,8,2,False,3,20230110,2,0.9
1583,84,1787.2204169221336,4679.772225628449,8,3,False,3,20230110,2,0.9
1584,85,1787.029699938763,5208.149112063687,2,1,False,3,20230110,2,0.9
1585,86,1787.882149591452,5748.053111250786,1,0,False,3,20230110,2,0.9
1586,87,1787.9753476611884,6276.870417193426,8,5,False,3,20230110,2,0.9
1587,88,1788.0700245700243,6816.055282555282,4,4,False,3,20230110,2,0.9
1588,89,1788.0686274509803,7352.053921568628,7,4,False,3,20230110,2,0.9
1589,90,1787.9066924066924,7887.685328185328,4,7,False,3,20230110,2,0.9
1590,91,1788.4214157168567,8427.5,11,8,False,3,20230110,2,0.9
1591,92,1788.8411003236247,8951.057281553398,2,3,False,3,20230110,2,0.9
1592,93,1788.9590264941469,9488.74460874923,1,3,False,3,20230110,2,0.9
1593,94,1788.5325752919484,10024.31868469576,12,4,False,3,20230110,2,0.9
1594,95,1789.3282890673256,10560.925571340333,7,6,False,3,20230110,2,0.9
1595,96,1788.2420706163973,11099.868641532015,14,6,True,3,20230110,2,0.9
1596,97,1788.1082474226805,11639.5,16,5,True,3,20230110,2,0.9
1597,98,1788.8382533825338,12175.657441574416,10,7,False,3,20230110,2,0.9
1598,99,1788.3636363636365,13236.671717171715,5,4,False,3,20230110,2,0.9
1599,100,1788.083280955374,13772.053111250783,0,1,False,3,20230110,2,0.9
1600,101,1788.26214511041,14308.5952681388,7,10,False,3,20230110,2,0.9
1601,102,1788.0925925925926,14851.5,0,0,False,3,20230110,2,0.9
1602,103,1787.887665198238,15380.240088105727,10,11,False,3,20230110,2,0.9
1603,104,1787.8779141104294,15920.24110429448,5,5,False,3,20230110,2,0.9
1604,105,1787.7886850152904,16463.409480122325,8,5,False,3,20230110,2,0.9
1605,106,1787.795739348371,16995.780701754386,11,6,False,3,20230110,2,0.9
1606,107,1787.9177131526767,17531.68506278916,1,1,False,3,20230110,2,0.9
1607,108,1787.7003757044458,18067.5,25,20,True,3,20230110,2,0.9
1608,109,1787.6027617212587,18599.59505459217,13,16,True,3,20230110,2,0.9
1609,110,1787.896238244514,19139.314420062696,7,7,True,3,20230110,2,0.9
1610,111,1788.4214157168567,19675.5,5,4,False,3,20230110,2,0.9
1611,112,1788.0925925925926,20211.5,5,3,False,3,20230110,2,0.9
1612,113,1788.083280955374,20754.94688874921,5,4,False,3,20230110,2,0.9
1613,114,1788.294468887492,21283.5,16,107,False,3,20230110,2,0.9
1614,115,1791.89588688946,12707.309768637531,7,1,False,3,20230110,2,0.9
1615,116,2231.304755944931,1199.5,6,2,True,3,20230110,2,0.9
1616,117,2231.6907151819323,1727.8764115432873,9,3,False,3,20230110,2,0.9
1617,118,2231.5,2263.5,5,3,False,3,20230110,2,0.9
1618,119,2231.5,2799.5,7,6,False,3,20230110,2,0.9
1619,120,2231.5,3335.5,1,1,False,3,20230110,2,0.9
1620,121,2231.5,3871.5,4,0,False,3,20230110,2,0.9
1621,122,2231.695244055069,4407.5,1,0,False,3,20230110,2,0.9
1622,123,2231.5,4943.5,1,1,False,3,20230110,2,0.9
1623,124,2231.5,5479.5,3,1,False,3,20230110,2,0.9
1624,125,2231.6000641436817,6011.402501603592,7,1,False,3,20230110,2,0.9
1625,126,2231.690476190476,6543.8859649122805,4,3,False,3,20230110,2,0.9
1626,127,2231.89588688946,7083.690231362468,2,2,False,3,20230110,2,0.9
1627,128,2232.077164366374,7623.5,9,2,False,3,20230110,2,0.9
1628,129,2231.8859649122805,8151.690476190476,3,3,False,3,20230110,2,0.9
1629,130,2232.1076618229854,8695.5,8,6,False,3,20230110,2,0.9
1630,131,2231.79543994862,9219.787732819525,6,3,False,3,20230110,2,0.9
1631,132,2232.182549903413,9755.968770122345,3,3,False,3,20230110,2,0.9
1632,133,2232.182549903413,10291.968770122345,8,6,False,3,20230110,2,0.9
1633,134,2232.082474226804,10828.067010309278,2,3,False,3,20230110,2,0.9
1634,135,2231.6902377972465,11375.304755944931,3,2,False,3,20230110,2,0.9
1635,136,2232.165411173886,11903.969554300063,2,3,False,3,20230110,2,0.9
1636,137,2231.7002567394097,12443.5,2,1,False,3,20230110,2,0.9
1637,138,2232.0817245817248,12972.06628056628,4,5,False,3,20230110,2,0.9
1638,139,2232.3332284455632,13504.529578351165,2,1,False,3,20230110,2,0.9
1639,140,2232.3332284455632,14040.529578351165,8,7,False,3,20230110,2,0.9
1640,141,2232.241104294478,14579.87791411043,5,2,False,3,20230110,2,0.9
1641,142,2232.0817245817248,15116.06628056628,6,5,False,3,20230110,2,0.9
1642,143,2231.9695543000626,15648.165411173886,7,7,False,3,20230110,2,0.9
1643,144,2231.8859649122805,16191.690476190475,0,1,False,3,20230110,2,0.9
1644,145,2231.7002567394097,16731.5,5,9,False,3,20230110,2,0.9
1645,146,2232.241104294478,17267.681595092025,6,2,False,3,20230110,2,0.9
1646,147,2232.053921568628,17796.06862745098,10,11,False,3,20230110,2,0.9
1647,148,2231.8859649122805,18335.69047619048,17,21,False,3,20230110,2,0.9
1648,149,2232.33629675046,18867.220416922133,7,1,False,3,20230110,2,0.9
1649,150,2231.79543994862,19403.787732819525,7,4,False,3,20230110,2,0.9
1650,151,2231.89588688946,19947.309768637533,15,10,False,3,20230110,2,0.9
1651,152,2232.33629675046,20483.220416922133,8,5,False,3,20230110,2,0.9
1652,153,2231.89588688946,21019.309768637533,21,9,False,3,20230110,2,0.9
1653,154,2674.93137254902,928.0539215686274,5,0,False,3,20230110,2,0.9
1654,155,2677.859493670886,1462.4012658227848,6,2,False,3,20230110,2,0.9
1655,156,2675.406919779547,1999.776791181874,3,4,False,3,20230110,2,0.9
1656,157,2674.90666247643,2531.489943431804,1,3,False,3,20230110,2,0.9
1657,158,2675.1173694147265,3068.04877281309,4,1,False,3,20230110,2,0.9
1658,159,2674.6416309012875,3607.7722256284487,0,0,False,3,20230110,2,0.9
1659,160,2678.221252257676,4135.150812763395,7,4,False,3,20230110,2,0.9
1660,161,2679.5,4679.5,15,9,False,3,20230110,2,0.9
1661,162,2678.2738452309536,5208.111877624475,5,10,False,3,20230110,2,0.9
1662,163,2679.5,5747.5,2,2,False,3,20230110,2,0.9
1663,164,2680.4987699877,6275.849323493235,5,1,False,3,20230110,2,0.9
1664,165,2679.882775119617,6815.5,1,1,False,3,20230110,2,0.9
1665,166,2680.2616766467067,7351.859281437126,0,0,False,3,20230110,2,0.9
1666,167,2680.236225087925,8427.317116060962,9,5,False,3,20230110,2,0.9
1667,168,2679.907035175879,8951.680904522613,6,3,False,3,20230110,2,0.9
1668,169,2679.211389385808,9487.774299344066,6,5,False,3,20230110,2,0.9
1669,170,2680.0693779904304,10024.04066985646,2,2,False,3,20230110,2,0.9
1670,171,2681.5253470126736,10560.709414604707,5,3,False,3,20230110,2,0.9
1671,172,2680.147574517826,11099.766510812393,5,3,False,3,20230110,2,0.9
1672,173,2680.1638705811865,12175.766027561414,13,10,False,3,20230110,2,0.9
1673,174,2680.093137254902,12707.5,5,12,False,3,20230110,2,0.9
1674,175,2680.0840490797545,13236.039877300613,2,3,False,3,20230110,2,0.9
1675,176,2679.796024464832,13771.774006116208,4,2,False,3,20230110,2,0.9
1676,177,2680.459409594096,14308.385608856088,8,2,False,3,20230110,2,0.9
1677,178,2679.896572827417,14851.681150550796,10,6,False,3,20230110,2,0.9
1678,179,2680.0840490797545,15380.039877300613,3,2,False,3,20230110,2,0.9
1679,180,2680.0693779904304,15920.04066985646,10,8,False,3,20230110,2,0.9
1680,181,2679.980573819486,16463.406754333533,1,1,False,3,20230110,2,0.9
1681,182,2679.896572827417,16995.681150550794,16,9,False,3,20230110,2,0.9
1682,183,2679.605602060528,17531.592723760463,10,6,False,3,20230110,2,0.9
1683,184,2679.9935543278084,18067.58348680172,15,10,False,3,20230110,2,0.9
1684,185,2679.80923947203,18599.42206159648,4,0,False,3,20230110,2,0.9
1685,186,2680.1876155268023,19139.214109673445,7,4,False,3,20230110,2,0.9
1686,187,2680.4227166276346,19675.5,16,14,False,3,20230110,2,0.9
1687,188,2679.700488997555,20211.5,7,4,False,3,20230110,2,0.9
1688,189,2679.7963870177587,20755.22565829761,9,6,False,3,20230110,2,0.9
1689,190,2680.093137254902,21283.5,11,3,True,3,20230110,2,0.9
1690,191,2683.602761721259,7887.595054592164,3,1,False,3,20230110,2,0.9
1691,192,2683.9025806451614,11639.5,8,3,False,3,20230110,2,0.9
1692,193,3130.359950859951,1199.5,3,2,False,3,20230110,2,0.9
1693,194,3125.668888888889,1728.9653968253967,1,2,False,3,20230110,2,0.9
1694,195,3131.397238278741,2263.5950545921646,7,1,False,3,20230110,2,0.9
1695,196,3127.2105097545627,2799.7794210195093,4,0,False,3,20230110,2,0.9
1696,197,3129.775092936803,3336.6995043370507,5,4,False,3,20230110,2,0.9
1697,198,3131.397238278741,3871.5950545921646,6,4,False,3,20230110,2,0.9
1698,199,3130.726600985221,4406.869458128079,9,4,False,3,20230110,2,0.9
1699,200,3130.9945196647323,4943.595422308188,0,2,False,3,20230110,2,0.9
1700,201,3131.402260232132,5479.404703726329,4,5,False,3,20230110,2,0.9
1701,202,3131.203889585948,6011.781053952322,4,3,False,3,20230110,2,0.9
1702,203,3131.1220858895704,6544.241104294479,6,6,False,3,20230110,2,0.9
1703,204,3131.6001251564458,7083.595118898624,1,0,False,3,20230110,2,0.9
1704,205,3131.5,7623.127450980392,5,5,False,3,20230110,2,0.9
1705,206,3131.5,8151.872549019607,9,7,False,3,20230110,2,0.9
1706,207,3131.5,8695.309768637531,12,7,False,3,20230110,2,0.9
1707,208,3131.6956112852663,9219.876175548588,8,8,False,3,20230110,2,0.9
1708,209,3131.7961104140527,9755.781053952322,2,5,False,3,20230110,2,0.9
1709,210,3131.7961104140527,10291.781053952322,11,4,False,3,20230110,2,0.9
1710,211,3131.5,10828.06246076585,1,2,False,3,20230110,2,0.9
1711,212,3131.779926335175,11374.854205033764,11,14,False,3,20230110,2,0.9
1712,213,3131.6909424724604,11903.686046511628,6,5,False,3,20230110,2,0.9
1713,214,3131.6002506265663,12443.40476190476,1,1,False,3,20230110,2,0.9
1714,215,3131.7961104140527,12971.781053952322,7,5,False,3,20230110,2,0.9
1715,216,3131.7795830778664,13504.33629675046,5,3,False,3,20230110,2,0.9
1716,217,3131.7795830778664,14040.33629675046,18,7,False,3,20230110,2,0.9
1717,218,3131.960431654676,14579.960431654676,5,3,False,3,20230110,2,0.9
1718,219,3131.6956112852663,15115.876175548588,18,10,False,3,20230110,2,0.9
1719,220,3131.5,15648.063035495716,1,0,False,3,20230110,2,0.9
1720,221,3131.8823529411766,16191.5,9,5,False,3,20230110,2,0.9
1721,222,3131.5,16731.30964308078,2,0,False,3,20230110,2,0.9
1722,223,3131.6862686567165,17267.313731343285,8,6,False,3,20230110,2,0.9
1723,224,3131.313953488372,17795.68604651163,10,6,False,3,20230110,2,0.9
1724,225,3131.6909424724604,18335.31395348837,13,10,False,3,20230110,2,0.9
1725,226,3131.68671454219,18867.68671454219,2,1,False,3,20230110,2,0.9
1726,227,3131.700375704446,19403.5,13,12,False,3,20230110,2,0.9
1727,228,3131.5,19947.5,25,22,True,3,20230110,2,0.9
1728,229,3131.782634730539,20482.661676646705,9,6,False,3,20230110,2,0.9
1729,230,3131.7961104140527,21019.21894604768,16,118,False,3,20230110,2,0.9
1730,231,3570.6416309012875,927.7722256284488,2,3,False,3,20230110,2,0.9
1731,232,3571.5,1463.5,3,0,False,3,20230110,2,0.9
1732,233,3569.9433497536947,2000.5147783251232,9,5,False,3,20230110,2,0.9
1733,234,3571.3043887147337,2531.1238244514107,1,3,False,3,20230110,2,0.9
1734,235,3571.8962382445143,3067.6855799373043,9,8,False,3,20230110,2,0.9
1735,236,3571.5,3607.309523809524,3,1,False,3,20230110,2,0.9
1736,237,3571.597620500305,4135.595179987798,4,1,False,3,20230110,2,0.9
1737,238,3571.5,4679.5,3,3,False,3,20230110,2,0.9
1738,239,3571.88630806846,5207.6858190709045,5,3,False,3,20230110,2,0.9
1739,240,3571.7961104140527,5747.590338770389,0,4,False,3,20230110,2,0.9
1740,241,3571.8962382445143,6275.314420062696,3,1,False,3,20230110,2,0.9
1741,242,3571.69536019536,6815.5,8,5,False,3,20230110,2,0.9
1742,243,3572.166258420086,7351.041947336191,4,3,False,3,20230110,2,0.9
1743,244,3571.7056555269924,7887.5,2,2,False,3,20230110,2,0.9
1744,245,3572.5167865707435,8427.404076738609,8,7,False,3,20230110,2,0.9
1745,246,3571.9066924066924,8951.685328185327,6,1,False,3,20230110,2,0.9
1746,247,3572.260736196319,9487.86809815951,3,2,False,3,20230110,2,0.9
1747,248,3572.260736196319,10023.86809815951,12,5,False,3,20230110,2,0.9
1748,249,3572.0686274509803,10560.053921568628,5,5,False,3,20230110,2,0.9
1749,250,3574.511180124224,11097.66645962733,16,9,True,3,20230110,2,0.9
1750,251,3572.00998068255,11639.404700579524,6,5,False,3,20230110,2,0.9
1751,252,3572.3583690987125,12175.227774371551,6,8,False,3,20230110,2,0.9
1752,253,3572.0925925925926,12707.5,5,3,False,3,20230110,2,0.9
1753,254,3572.0825486503454,13236.052416823602,9,9,False,3,20230110,2,0.9
1754,255,3571.8962382445143,13771.685579937304,5,1,False,3,20230110,2,0.9
1755,256,3572.183417085427,14307.957286432162,6,3,False,3,20230110,2,0.9
1756,257,3571.700375704446,14851.5,8,6,False,3,20230110,2,0.9
1757,258,3572.183417085427,15379.957286432162,4,2,False,3,20230110,2,0.9
1758,259,3572.3583690987125,15919.772225628449,2,1,False,3,20230110,2,0.9
1759,260,3571.88630806846,16463.314180929094,9,3,False,3,20230110,2,0.9
1760,261,3572.0925925925926,16995.5,3,3,False,3,20230110,2,0.9
1761,262,3571.6055408970974,17531.594986807388,4,2,False,3,20230110,2,0.9
1762,263,3571.6001251564458,18067.40488110137,10,4,False,3,20230110,2,0.9
1763,264,3571.602761721259,18599.59505459217,2,0,False,3,20230110,2,0.9
1764,265,3572.0925925925926,19139.5,8,4,False,3,20230110,2,0.9
1765,266,3572.5167865707435,19675.59592326139,9,6,True,3,20230110,2,0.9
1766,267,3572.0925925925926,20211.5,11,7,True,3,20230110,2,0.9
1767,268,3572.183417085427,20755.04271356784,3,3,False,3,20230110,2,0.9
1768,269,3572.0925925925926,21283.5,17,116,False,3,20230110,2,0.9
1769,270,4023.1235884567127,1199.1135508155585,4,1,False,3,20230110,2,0.9
1770,271,4023.4024390243903,1727.5975609756097,6,8,False,3,20230110,2,0.9
1771,272,4023.5,2263.5,9,3,False,3,20230110,2,0.9
1772,273,4023.5,2799.304755944931,0,0,False,3,20230110,2,0.9
1773,274,4023.22057898049,3335.7794210195093,4,3,False,3,20230110,2,0.9
1774,275,4023.6026991441736,3871.597432521396,3,3,False,3,20230110,2,0.9
1775,276,4023.6911949685536,4407.308805031446,6,3,False,3,20230110,2,0.9
1776,277,4023.3973008558255,4943.597432521396,5,4,False,3,20230110,2,0.9
1777,278,4023.690476190476,5479.11403508772,1,4,False,3,20230110,2,0.9
1778,279,4023.6000641436817,6011.597498396408,3,4,False,3,20230110,2,0.9
1779,280,4023.690476190476,6543.8859649122805,0,0,False,3,20230110,2,0.9
1780,281,4023.7002567394097,7083.5,0,0,False,3,20230110,2,0.9
1781,282,4023.7884012539184,7623.211598746081,1,1,False,3,20230110,2,0.9
1782,283,4023.885964912281,8151.690476190476,7,1,False,3,20230110,2,0.9
1783,284,4023.6026991441736,8695.402567478604,2,2,False,3,20230110,2,0.9
1784,285,4023.7954399486193,9219.787732819525,4,7,False,3,20230110,2,0.9
1785,286,4023.89588688946,9755.690231362469,8,2,False,3,20230110,2,0.9
1786,287,4023.89588688946,10291.690231362469,3,3,False,3,20230110,2,0.9
1787,288,4023.6953727506425,10827.885604113111,24,2,True,3,20230110,2,0.9
1788,289,4023.7884012539184,11375.211598746082,6,2,False,3,20230110,2,0.9
1789,290,4023.885964912281,11903.690476190475,5,5,False,3,20230110,2,0.9
1790,291,4023.7002567394097,12443.5,3,5,False,3,20230110,2,0.9
1791,292,4023.7954399486193,12971.787732819525,5,3,False,3,20230110,2,0.9
1792,293,4023.969554300063,13504.165411173886,0,0,False,3,20230110,2,0.9
1793,294,4023.885964912281,14039.690476190475,4,3,False,3,20230110,2,0.9
1794,295,4023.87652811736,14579.690709046456,3,2,False,3,20230110,2,0.9
1795,296,4023.7954399486193,15115.787732819525,3,4,False,3,20230110,2,0.9
1796,297,4023.5975609756097,15647.40243902439,6,4,False,3,20230110,2,0.9
1797,298,4023.5,16191.5,2,1,False,3,20230110,2,0.9
1798,299,4023.6000641436817,16731.402501603592,9,4,False,3,20230110,2,0.9
1799,300,4023.4048200122015,17267.402379499694,10,6,False,3,20230110,2,0.9
1800,301,4024.053921568628,17796.06862745098,5,1,False,3,20230110,2,0.9
1801,302,4023.695244055069,18335.5,10,12,False,3,20230110,2,0.9
1802,303,4023.5,18867.5,4,5,False,3,20230110,2,0.9
1803,304,4023.6000641436817,19403.597498396408,5,3,False,3,20230110,2,0.9
1804,305,4023.89588688946,19947.309768637533,10,7,False,3,20230110,2,0.9
1805,306,4023.314180929096,20483.11369193154,5,6,False,3,20230110,2,0.9
1806,307,4023.6000641436817,21019.402501603592,5,3,False,3,20230110,2,0.9
1807,308,4467.308588957055,927.6865030674846,2,1,False,3,20230110,2,0.9
1808,309,4467.6027617212585,1463.5950545921644,4,3,False,3,20230110,2,0.9
1809,310,4467.69094247246,1999.686046511628,7,2,False,3,20230110,2,0.9
1810,311,4467.5,2531.5,5,3,False,3,20230110,2,0.9
1811,312,4467.103264281231,3067.133396107972,6,4,False,3,20230110,2,0.9
1812,313,4467.597620500305,3607.5951799877976,1,2,False,3,20230110,2,0.9
1813,314,4468.0700245700245,4135.490171990172,0,1,False,3,20230110,2,0.9
1814,315,4467.790461538461,4678.6704615384615,0,1,False,3,20230110,2,0.9
1815,316,4467.220416922134,5207.772225628449,2,2,False,3,20230110,2,0.9
1816,317,4467.600250626567,5747.4047619047615,3,6,False,3,20230110,2,0.9
1817,318,4467.695611285267,6275.876175548589,8,5,False,3,20230110,2,0.9
1818,319,4468.067931456549,6814.9467564259485,3,4,False,3,20230110,2,0.9
1819,320,4467.69094247246,7351.686046511628,7,6,False,3,20230110,2,0.9
1820,321,4467.705655526992,7887.5,5,3,False,3,20230110,2,0.9
1821,322,4467.9604316546765,8427.039568345324,12,8,False,3,20230110,2,0.9
1822,323,4467.803536977492,8951.78038585209,1,2,False,3,20230110,2,0.9
1823,324,4467.779926335175,9488.145794966236,12,9,False,3,20230110,2,0.9
1824,325,4467.970876762723,10023.958614347026,3,2,False,3,20230110,2,0.9
1825,326,4467.779926335175,10560.145794966236,5,2,False,3,20230110,2,0.9
1826,327,4467.773709483794,11099.773709483794,7,3,False,3,20230110,2,0.9
1827,328,4467.705655526992,11639.5,10,6,False,3,20230110,2,0.9
1828,329,4467.691411042945,12175.313496932517,6,5,False,3,20230110,2,0.9
1829,330,4467.992462311558,12707.404522613066,9,6,False,3,20230110,2,0.9
1830,331,4467.982412060302,13236.14824120603,5,8,False,3,20230110,2,0.9
1831,332,4467.695611285267,13771.876175548588,3,1,False,3,20230110,2,0.9
1832,333,4467.78679245283,14308.335220125786,5,5,False,3,20230110,2,0.9
1833,334,4467.700375704446,14851.5,5,4,False,3,20230110,2,0.9
1834,335,4467.695611285267,15379.876175548588,2,3,False,3,20230110,2,0.9
1835,336,4467.69094247246,15919.686046511628,3,0,False,3,20230110,2,0.9
1836,337,4467.597979179424,16463.03214941825,3,2,False,3,20230110,2,0.9
1837,338,4467.796110414053,16995.590338770387,14,11,False,3,20230110,2,0.9
1838,339,4467.812169312169,17531.589947089946,4,3,False,3,20230110,2,0.9
1839,340,4467.304143126177,18067.314187068423,18,11,False,3,20230110,2,0.9
1840,341,4467.6027617212585,18599.59505459217,7,5,False,3,20230110,2,0.9
1841,342,4467.992462311558,19139.59547738693,9,5,False,3,20230110,2,0.9
1842,343,4467.9604316546765,19675.586330935253,7,8,False,3,20230110,2,0.9
1843,344,4467.992462311558,20211.404522613066,8,9,False,3,20230110,2,0.9
1844,345,4467.695611285267,20755.87617554859,6,7,False,3,20230110,2,0.9
1845,346,4467.600250626567,21283.404761904763,23,12,False,3,20230110,2,0.9
1846,347,4910.279048765804,1198.8762793497892,1,0,False,3,20230110,2,0.9
1847,348,4909.975961538462,1726.3557692307693,7,3,False,3,20230110,2,0.9
1848,349,4911.294228356336,2263.5,1,2,False,3,20230110,2,0.9
1849,350,4910.738323353294,2799.859281437126,4,1,False,3,20230110,2,0.9
1850,351,4910.551497005988,3335.32754491018,4,6,False,3,20230110,2,0.9
1851,352,4911.092964824121,3871.680904522613,2,1,False,3,20230110,2,0.9
1852,353,4911.308383233533,4407.317964071856,2,2,False,3,20230110,2,0.9
1853,354,4911.298994974874,4943.133165829146,7,4,False,3,20230110,2,0.9
1854,355,4911.308841099164,5479.318399044206,9,3,False,3,20230110,2,0.9
1855,356,4911.696078431372,6011.318627450981,4,2,False,3,20230110,2,0.9
1856,357,4911.308383233533,6543.682035928144,1,1,False,3,20230110,2,0.9
1857,358,4911.796387017759,7083.225658297612,6,4,False,3,20230110,2,0.9
1858,359,4912.070743405276,7622.958033573142,2,1,False,3,20230110,2,0.9
1859,360,4911.5,8151.5,4,4,False,3,20230110,2,0.9
1860,361,4911.5,8694.951572327043,7,7,False,3,20230110,2,0.9
1861,362,4911.696078431372,9219.68137254902,3,2,False,3,20230110,2,0.9
1862,363,4911.69656019656,9755.681818181818,4,3,False,3,20230110,2,0.9
1863,364,4911.5,10291.863190184047,3,3,False,3,20230110,2,0.9
1864,365,4911.5,10827.863190184047,1,7,False,3,20230110,2,0.9
1865,366,4911.5,11374.602040816326,3,1,False,3,20230110,2,0.9
1866,367,4911.780407429598,11902.869682444578,5,5,False,3,20230110,2,0.9
1867,368,4911.600551808707,12443.043838136113,2,1,False,3,20230110,2,0.9
1868,369,4911.696078431372,12971.68137254902,5,3,False,3,20230110,2,0.9
1869,370,4911.780407429598,13504.130317555422,7,2,False,3,20230110,2,0.9
1870,371,4911.780407429598,14040.130317555422,15,8,False,3,20230110,2,0.9
1871,372,4911.774165202109,14579.232864674868,7,7,False,3,20230110,2,0.9
1872,373,4911.696078431372,15115.68137254902,11,8,False,3,20230110,2,0.9
1873,374,4911.780407429598,15648.130317555422,10,8,False,3,20230110,2,0.9
1874,375,4911.5,16191.136363636364,5,5,False,3,20230110,2,0.9
1875,376,4911.5,16731.5,14,3,False,3,20230110,2,0.9
1876,377,4911.869158878505,17266.77570093458,13,10,False,3,20230110,2,0.9
1877,378,4911.877182770663,17795.681606519207,10,5,False,3,20230110,2,0.9
1878,379,4912.261676646706,18335.32754491018,6,4,False,3,20230110,2,0.9
1879,380,4912.056725146199,18867.49064327485,12,7,False,3,20230110,2,0.9
1880,381,4911.696078431372,19403.68137254902,7,6,False,3,20230110,2,0.9
1881,382,4911.796387017759,19947.22565829761,21,12,False,3,20230110,2,0.9
1882,383,4911.961088355763,20483.050614394386,15,10,False,3,20230110,2,0.9
1883,384,4911.888206388207,21018.77764127764,15,8,False,3,20230110,2,0.9
1884,385,5354.359950859951,927.5,4,1,False,3,20230110,2,0.9
1885,386,5355.3972382787415,1463.4049454078356,1,1,False,3,20230110,2,0.9
1886,387,5354.355036855037,1999.8341523341523,2,2,False,3,20230110,2,0.9
1887,388,5355.103761755486,2531.314420062696,1,0,False,3,20230110,2,0.9
1888,389,5355.299624295554,3067.5,0,0,False,3,20230110,2,0.9
1889,390,5355.5,3607.309523809524,2,1,False,3,20230110,2,0.9
1890,391,5355.5,4135.5,2,2,False,3,20230110,2,0.9
1891,392,5355.87791411043,4678.758895705521,0,0,False,3,20230110,2,0.9
1892,393,5355.69094247246,5207.313953488372,3,2,False,3,20230110,2,0.9
1893,394,5355.695611285267,5747.123824451411,0,0,False,3,20230110,2,0.9
1894,395,5355.600250626567,6275.4047619047615,4,1,False,3,20230110,2,0.9
1895,396,5355.5,6815.1274509803925,6,2,False,3,20230110,2,0.9
1896,397,5355.597739767868,7351.404703726329,2,1,False,3,20230110,2,0.9
1897,398,5355.6027617212585,7887.404945407836,4,4,False,3,20230110,2,0.9
1898,399,5355.868641532017,8426.757929383602,3,1,False,3,20230110,2,0.9
1899,400,5355.6027617212585,8951.595054592164,3,0,False,3,20230110,2,0.9
1900,401,5355.69094247246,9487.686046511628,4,6,False,3,20230110,2,0.9
1901,402,5355.882352941177,10023.5,2,2,False,3,20230110,2,0.9
1902,403,5355.788685015291,10559.781345565749,6,6,False,3,20230110,2,0.9
1903,404,5355.87298266587,11099.5,2,2,False,3,20230110,2,0.9
1904,405,5355.803536977492,11639.21961414791,4,6,False,3,20230110,2,0.9
1905,406,5355.788685015291,12175.218654434251,4,2,False,3,20230110,2,0.9
1906,407,5355.796110414053,12707.218946047678,2,1,False,3,20230110,2,0.9
1907,408,5355.896238244514,13235.685579937304,6,5,False,3,20230110,2,0.9
1908,409,5355.700375704446,13771.5,13,5,False,3,20230110,2,0.9
1909,410,5355.796110414053,14307.781053952322,12,12,False,3,20230110,2,0.9
1910,411,5355.600125156446,14851.404881101376,3,2,False,3,20230110,2,0.9
1911,412,5355.700375704446,15379.5,0,2,False,3,20230110,2,0.9
1912,413,5355.88630806846,15919.685819070904,26,15,False,3,20230110,2,0.9
1913,414,5355.5,16462.936964504283,3,1,False,3,20230110,2,0.9
1914,415,5355.896238244514,16995.314420062696,4,4,False,3,20230110,2,0.9
1915,416,5355.917713152677,17531.31493721084,7,2,False,3,20230110,2,0.9
1916,417,5355.795739348371,18067.21929824561,21,18,False,3,20230110,2,0.9
1917,418,5355.6027617212585,18599.59505459217,10,3,False,3,20230110,2,0.9
1918,419,5355.700375704446,19139.5,3,4,False,3,20230110,2,0.9
1919,420,5355.968339307049,19675.40442054958,14,17,False,3,20230110,2,0.9
1920,421,5355.600125156446,20211.40488110137,18,10,False,3,20230110,2,0.9
1921,422,5355.795739348371,20755.21929824561,7,1,False,3,20230110,2,0.9
1922,423,5355.700375704446,21283.5,6,2,False,3,20230110,2,0.9
1923,424,5806.541916167665,1199.3179640718563,0,1,False,3,20230110,2,0.9
1924,425,5806.328331332533,1727.2454981992796,2,0,False,3,20230110,2,0.9
1925,426,5806.901257861635,2262.9616352201256,5,6,False,3,20230110,2,0.9
1926,427,5807.019426180514,2799.4067543335327,0,0,False,3,20230110,2,0.9
1927,428,5807.204504504504,3335.262162162162,3,1,False,3,20230110,2,0.9
1928,429,5807.705771643664,3871.5,3,2,False,3,20230110,2,0.9
1929,430,5807.308383233533,4407.317964071856,2,0,False,3,20230110,2,0.9
1930,431,5807.397049591965,4943.407093534212,11,1,False,3,20230110,2,0.9
1931,432,5807.5,5479.136363636364,2,2,False,3,20230110,2,0.9
1932,433,5807.5,6011.5,5,3,False,3,20230110,2,0.9
1933,434,5807.317964071856,6544.223353293413,7,4,False,3,20230110,2,0.9
1934,435,5807.303921568628,7083.318627450981,5,3,False,3,20230110,2,0.9
1935,436,5807.5,7623.136363636364,3,1,False,3,20230110,2,0.9
1936,437,5807.5,8151.5,6,3,False,3,20230110,2,0.9
1937,438,5807.5,8694.951572327043,5,3,False,3,20230110,2,0.9
1938,439,5807.399448191293,9219.956161863887,2,2,False,3,20230110,2,0.9
1939,440,5807.303921568628,9755.68137254902,2,5,False,3,20230110,2,0.9
1940,441,5807.5,10291.863190184047,4,2,False,3,20230110,2,0.9
1941,442,5807.5,10827.863190184047,9,5,False,3,20230110,2,0.9
1942,443,5807.5,11374.602040816326,0,2,False,3,20230110,2,0.9
1943,444,5807.691616766467,11903.317964071855,9,3,False,3,20230110,2,0.9
1944,445,5807.600551808707,12443.043838136113,0,0,False,3,20230110,2,0.9
1945,446,5807.696078431372,12971.68137254902,0,0,False,3,20230110,2,0.9
1946,447,5807.5,13503.863636363636,3,0,False,3,20230110,2,0.9
1947,448,5807.780407429598,14040.130317555422,6,2,False,3,20230110,2,0.9
1948,449,5807.5,14579.5,11,3,False,3,20230110,2,0.9
1949,450,5807.5,15115.5,2,1,False,3,20230110,2,0.9
1950,451,5807.308383233533,15647.682035928145,17,7,True,3,20230110,2,0.9
1951,452,5807.219592570402,16190.869682444578,22,16,True,3,20230110,2,0.9
1952,453,5807.203975535168,16731.225993883792,6,2,False,3,20230110,2,0.9
1953,454,5808.315897136177,17266.518118059616,2,2,False,3,20230110,2,0.9
1954,455,5807.5,17795.5,12,4,False,3,20230110,2,0.9
1955,456,5807.598027495517,18335.04333532576,8,4,False,3,20230110,2,0.9
1956,457,5807.686915887851,18867.317757009347,7,3,False,3,20230110,2,0.9
1957,458,5807.399694189602,19403.59296636085,16,7,False,3,20230110,2,0.9
1958,459,5807.600551808707,19947.04383813612,18,7,False,3,20230110,2,0.9
1959,460,5807.322429906542,20482.59813084112,27,14,False,3,20230110,2,0.9
1960,461,5807.600551808707,21019.04383813612,26,9,False,3,20230110,2,0.9
1961,462,6248.491920447483,929.41671845867,5,0,True,3,20230110,2,0.9
1962,463,6250.684516129032,1463.5,5,0,False,3,20230110,2,0.9
1963,464,6250.062461538461,1999.2710769230769,1,0,False,3,20230110,2,0.9
1964,465,6246.90797940798,2531.5,7,1,False,3,20230110,2,0.9
1965,466,6251.103761755486,3067.6855799373043,11,6,False,3,20230110,2,0.9
1966,467,6251.402379499695,3607.4048200122015,4,4,False,3,20230110,2,0.9
1967,468,6251.30905752754,4135.686046511628,7,5,False,3,20230110,2,0.9
1968,469,6251.788685015291,4679.21865443425,7,5,False,3,20230110,2,0.9
1969,470,6251.882352941177,5207.5,15,5,False,3,20230110,2,0.9
1970,471,6251.600250626567,5747.4047619047615,13,2,False,3,20230110,2,0.9
1971,472,6251.600250626567,6275.595238095239,12,6,False,3,20230110,2,0.9
1972,473,6251.5,6815.1274509803925,7,3,False,3,20230110,2,0.9
1973,474,6251.5,7351.5,8,3,False,3,20230110,2,0.9
1974,475,6251.6027617212585,7887.404945407836,3,6,False,3,20230110,2,0.9
1975,476,6251.773053892216,8426.853293413174,11,5,False,3,20230110,2,0.9
1976,477,6251.5,8951.690231362469,5,1,False,3,20230110,2,0.9
1977,478,6251.5,9487.872549019608,2,1,False,3,20230110,2,0.9
1978,479,6251.5,10023.872549019608,6,1,False,3,20230110,2,0.9
1979,480,6251.69094247246,10559.686046511628,2,4,False,3,20230110,2,0.9
1980,481,6251.87298266587,11099.5,2,0,False,3,20230110,2,0.9
1981,482,6251.6027617212585,11639.404945407836,9,5,False,3,20230110,2,0.9
1982,483,6251.597979179424,12175.032149418248,0,0,False,3,20230110,2,0.9
1983,484,6251.796110414053,12707.218946047678,7,4,False,3,20230110,2,0.9
1984,485,6251.896238244514,13235.685579937304,2,1,False,3,20230110,2,0.9
1985,486,6251.600125156446,13771.595118898624,5,2,False,3,20230110,2,0.9
1986,487,6251.795739348371,14307.780701754386,8,5,False,3,20230110,2,0.9
1987,488,6251.5,14851.309643080776,5,2,False,3,20230110,2,0.9
1988,489,6251.600250626567,15379.40476190476,5,3,False,3,20230110,2,0.9
1989,490,6251.5,15919.5,0,1,False,3,20230110,2,0.9
1990,491,6251.5,16462.389434889436,6,4,False,3,20230110,2,0.9
1991,492,6251.5,16995.30964308078,5,4,False,3,20230110,2,0.9
1992,493,6251.605540897098,17531.405013192612,3,4,False,3,20230110,2,0.9
1993,494,6251.5,18066.93753923415,5,5,False,3,20230110,2,0.9
1994,495,6251.5,18599.5,5,3,False,3,20230110,2,0.9
1995,496,6251.5,19139.30964308078,12,5,False,3,20230110,2,0.9
1996,497,6251.5,19675.12701733413,13,6,False,3,20230110,2,0.9
1997,498,6251.5,20211.30964308078,10,114,False,3,20230110,2,0.9
1998,499,6251.399874843554,20755.40488110137,30,87,False,3,20230110,2,0.9
1999,500,6251.600250626567,21283.404761904763,32,74,False,3,20230110,2,0.9
2000,1,899.004835589942,1464.1473243068988,5,0,False,3,20230110,2,0.95
2001,2,898.7570725707257,2000.5971709717096,1,1,False,3,20230110,2,0.95
2002,3,899.2132075471698,2532.3352201257862,6,3,False,3,20230110,2,0.95
2003,4,899.2132075471698,3068.3352201257862,8,2,False,3,20230110,2,0.95
2004,5,899.4020208205757,3607.967850581752,8,4,False,3,20230110,2,0.95
2005,6,899.2204169221336,4136.33629675046,6,3,True,3,20230110,2,0.95
2006,7,899.4020208205757,4679.967850581751,0,0,False,3,20230110,2,0.95
2007,8,899.7795830778664,5208.33629675046,6,3,False,3,20230110,2,0.95
2008,9,899.6956112852664,5747.876175548589,18,6,False,3,20230110,2,0.95
2009,10,899.204260651629,6275.7807017543855,6,1,False,3,20230110,2,0.95
2010,11,899.8779141104294,6816.241104294479,1,0,False,3,20230110,2,0.95
2011,12,900.0686274509804,7352.053921568628,10,5,False,3,20230110,2,0.95
2012,13,900.3051612903225,7887.866451612903,7,3,False,3,20230110,2,0.95
2013,14,900.6003003003003,8428.206306306307,8,4,False,3,20230110,2,0.95
2014,15,900.0979381443299,8952.051546391753,5,3,False,3,20230110,2,0.95
2015,16,900.2429274292743,9488.59717097171,2,1,False,3,20230110,2,0.95
2016,17,901.4233621755252,10024.187268232386,9,5,False,3,20230110,2,0.95
2017,18,901.0743368291178,10560.657310302282,13,7,False,3,20230110,2,0.95
2018,19,900.5989802039592,11100.224655068989,8,3,False,3,20230110,2,0.95
2019,20,899.7005141388174,11639.690231362469,7,1,False,3,20230110,2,0.95
2020,21,901.428306551298,12176.889369592089,6,1,False,3,20230110,2,0.95
2021,22,900.3805031446541,12707.771698113207,6,6,False,3,20230110,2,0.95
2022,23,900.3564231738035,13236.502518891688,3,1,False,3,20230110,2,0.95
2023,24,899.9824120603015,13772.14824120603,14,5,False,3,20230110,2,0.95
2024,25,900.1607818411097,14308.690416141237,7,7,False,3,20230110,2,0.95
2025,26,899.896238244514,14851.685579937304,10,111,False,3,20230110,2,0.95
2026,27,899.9824120603015,15380.14824120603,9,5,False,3,20230110,2,0.95
2027,28,899.7795830778664,15920.33629675046,7,3,False,3,20230110,2,0.95
2028,29,899.6909424724602,16463.68604651163,8,3,False,3,20230110,2,0.95
2029,30,899.6956112852664,16995.87617554859,11,4,False,3,20230110,2,0.95
2030,31,899.6055408970976,17531.594986807388,12,6,False,3,20230110,2,0.95
2031,32,899.5,18067.5,9,3,False,3,20230110,2,0.95
2032,33,899.5,18599.690231362467,38,103,False,3,20230110,2,0.95
2033,34,899.6002506265664,19139.404761904763,28,17,False,3,20230110,2,0.95
2034,35,900.1467065868263,19675.226946107785,24,5,False,3,20230110,2,0.95
2035,36,900.0925925925926,20211.5,30,117,False,3,20230110,2,0.95
2036,37,900.1842767295598,20754.86603773585,31,102,False,3,20230110,2,0.95
2037,38,903.89588688946,21283.309768637533,22,6,True,3,20230110,2,0.95
2038,39,1342.8345888261142,1199.9695543000628,2,2,False,3,20230110,2,0.95
2039,40,1343.293710691824,1728.4610062893082,13,2,False,3,20230110,2,0.95
2040,41,1343.1967699406723,2263.78740936058,2,5,False,3,20230110,2,0.95
2041,42,1343.2115987460816,2799.7884012539184,7,5,False,3,20230110,2,0.95
2042,43,1343.211959924859,3335.788040075141,7,6,False,3,20230110,2,0.95
2043,44,1343.5,3871.694993412385,7,6,True,3,20230110,2,0.95
2044,45,1343.5,4407.6952440550685,6,3,False,3,20230110,2,0.95
2045,46,1343.5,4943.5,2,0,False,3,20230110,2,0.95
2046,47,1343.5975609756097,5479.59756097561,10,8,False,3,20230110,2,0.95
2047,48,1343.5951768488746,6011.788102893891,4,6,False,3,20230110,2,0.95
2048,49,1343.7790697674418,6544.357322438717,10,8,False,3,20230110,2,0.95
2049,50,1343.7002567394095,7083.5,10,2,False,3,20230110,2,0.95
2050,51,1344.0771643663738,7623.5,3,2,False,3,20230110,2,0.95
2051,52,1343.7884012539184,8151.788401253919,3,1,False,3,20230110,2,0.95
2052,53,1343.705533596838,8695.5,8,9,False,3,20230110,2,0.95
2053,54,1343.6953727506427,9219.885604113111,5,2,False,3,20230110,2,0.95
2054,55,1343.89588688946,9755.690231362469,5,2,False,3,20230110,2,0.95
2055,56,1343.399935856318,10291.597498396408,0,1,False,3,20230110,2,0.95
2056,57,1344.0824742268042,10828.067010309278,12,11,False,3,20230110,2,0.95
2057,58,1344.4319899244333,11374.568010075567,4,5,False,3,20230110,2,0.95
2058,59,1343.8859649122808,11903.690476190475,13,8,False,3,20230110,2,0.95
2059,60,1343.89588688946,12443.309768637531,15,9,False,3,20230110,2,0.95
2060,61,1343.89588688946,12971.690231362469,9,5,False,3,20230110,2,0.95
2061,62,1343.690476190476,13503.88596491228,8,7,False,3,20230110,2,0.95
2062,63,1343.8859649122808,14039.690476190475,11,9,False,3,20230110,2,0.95
2063,64,1343.4044703000611,14579.402020820577,6,5,False,3,20230110,2,0.95
2064,65,1343.6953727506427,15115.885604113111,3,6,False,3,20230110,2,0.95
2065,66,1343.690476190476,15647.88596491228,4,12,False,3,20230110,2,0.95
2066,67,1343.7884012539184,16191.788401253918,4,5,False,3,20230110,2,0.95
2067,68,1343.399935856318,16731.402501603592,31,16,False,3,20230110,2,0.95
2068,69,1343.6865030674846,17267.308588957054,17,11,False,3,20230110,2,0.95
2069,70,1343.5955296999389,17795.98009797918,37,25,False,3,20230110,2,0.95
2070,71,1343.5975609756097,18335.40243902439,11,11,False,3,20230110,2,0.95
2071,72,1343.5,18867.88235294117,17,24,False,3,20230110,2,0.95
2072,73,1343.5,19403.5,6,17,False,3,20230110,2,0.95
2073,74,1343.89588688946,19947.309768637533,13,9,False,3,20230110,2,0.95
2074,75,1344.0539215686274,20482.93137254902,32,24,False,3,20230110,2,0.95
2075,76,1344.1825499034128,21019.03122987765,25,7,True,3,20230110,2,0.95
2076,77,1786.8558696988323,928.6923786109404,20,10,True,3,20230110,2,0.95
2077,78,1786.6937984496124,1464.37338501292,0,1,False,3,20230110,2,0.95
2078,79,1786.9313725490197,2000.053921568628,5,5,True,3,20230110,2,0.95
2079,80,1787.2038895859473,2531.781053952321,5,6,False,3,20230110,2,0.95
2080,81,1786.442065491184,3068.3110831234258,5,2,False,3,20230110,2,0.95
2081,82,1787.970300061237,3608.149112063688,4,2,False,3,20230110,2,0.95
2082,83,1787.5979791794243,4135.967850581751,1,4,False,3,20230110,2,0.95
2083,84,1787.2204169221336,4679.772225628449,5,8,False,3,20230110,2,0.95
2084,85,1787.029699938763,5208.149112063687,4,3,False,3,20230110,2,0.95
2085,86,1787.882149591452,5748.053111250786,8,9,False,3,20230110,2,0.95
2086,87,1787.9753476611884,6276.870417193426,9,8,False,3,20230110,2,0.95
2087,88,1788.0700245700243,6816.055282555282,4,2,False,3,20230110,2,0.95
2088,89,1788.0686274509803,7352.053921568628,9,7,False,3,20230110,2,0.95
2089,90,1787.9066924066924,7887.685328185328,10,12,False,3,20230110,2,0.95
2090,91,1788.4214157168567,8427.5,5,4,False,3,20230110,2,0.95
2091,92,1788.8411003236247,8951.057281553398,7,10,False,3,20230110,2,0.95
2092,93,1788.9590264941469,9488.74460874923,2,1,False,3,20230110,2,0.95
2093,94,1788.5325752919484,10024.31868469576,11,9,False,3,20230110,2,0.95
2094,95,1789.3282890673256,10560.925571340333,5,4,False,3,20230110,2,0.95
2095,96,1788.2420706163973,11099.868641532015,11,5,False,3,20230110,2,0.95
2096,97,1788.1082474226805,11639.5,16,14,False,3,20230110,2,0.95
2097,98,1788.8382533825338,12175.657441574416,6,5,False,3,20230110,2,0.95
2098,99,1788.3636363636365,13236.671717171715,8,7,False,3,20230110,2,0.95
2099,100,1788.083280955374,13772.053111250783,11,8,False,3,20230110,2,0.95
2100,101,1788.26214511041,14308.5952681388,8,4,False,3,20230110,2,0.95
2101,102,1788.0925925925926,14851.5,14,13,False,3,20230110,2,0.95
2102,103,1787.887665198238,15380.240088105727,6,6,False,3,20230110,2,0.95
2103,104,1787.8779141104294,15920.24110429448,13,12,False,3,20230110,2,0.95
2104,105,1787.7886850152904,16463.409480122325,19,8,False,3,20230110,2,0.95
2105,106,1787.795739348371,16995.780701754386,16,10,False,3,20230110,2,0.95
2106,107,1787.9177131526767,17531.68506278916,26,19,False,3,20230110,2,0.95
2107,108,1787.7003757044458,18067.5,13,12,True,3,20230110,2,0.95
2108,109,1787.6027617212587,18599.59505459217,13,7,False,3,20230110,2,0.95
2109,110,1787.896238244514,19139.314420062696,10,5,False,3,20230110,2,0.95
2110,111,1788.4214157168567,19675.5,18,10,False,3,20230110,2,0.95
2111,112,1788.0925925925926,20211.5,13,14,False,3,20230110,2,0.95
2112,113,1788.083280955374,20754.94688874921,14,15,False,3,20230110,2,0.95
2113,114,1788.294468887492,21283.5,15,3,False,3,20230110,2,0.95
2114,115,1791.89588688946,12707.309768637531,10,7,False,3,20230110,2,0.95
2115,116,2231.304755944931,1199.5,1,0,False,3,20230110,2,0.95
2116,117,2231.6907151819323,1727.8764115432873,9,7,True,3,20230110,2,0.95
2117,118,2231.5,2263.5,10,4,True,3,20230110,2,0.95
2118,119,2231.5,2799.5,1,2,False,3,20230110,2,0.95
2119,120,2231.5,3335.5,3,1,False,3,20230110,2,0.95
2120,121,2231.5,3871.5,1,1,False,3,20230110,2,0.95
2121,122,2231.695244055069,4407.5,4,11,False,3,20230110,2,0.95
2122,123,2231.5,4943.5,2,7,False,3,20230110,2,0.95
2123,124,2231.5,5479.5,11,8,False,3,20230110,2,0.95
2124,125,2231.6000641436817,6011.402501603592,5,3,False,3,20230110,2,0.95
2125,126,2231.690476190476,6543.8859649122805,8,3,False,3,20230110,2,0.95
2126,127,2231.89588688946,7083.690231362468,5,3,False,3,20230110,2,0.95
2127,128,2232.077164366374,7623.5,6,6,False,3,20230110,2,0.95
2128,129,2231.8859649122805,8151.690476190476,9,13,False,3,20230110,2,0.95
2129,130,2232.1076618229854,8695.5,10,8,False,3,20230110,2,0.95
2130,131,2231.79543994862,9219.787732819525,13,8,False,3,20230110,2,0.95
2131,132,2232.182549903413,9755.968770122345,1,0,False,3,20230110,2,0.95
2132,133,2232.182549903413,10291.968770122345,5,3,False,3,20230110,2,0.95
2133,134,2232.082474226804,10828.067010309278,9,8,False,3,20230110,2,0.95
2134,135,2231.6902377972465,11375.304755944931,13,10,False,3,20230110,2,0.95
2135,136,2232.165411173886,11903.969554300063,5,8,False,3,20230110,2,0.95
2136,137,2231.7002567394097,12443.5,8,4,False,3,20230110,2,0.95
2137,138,2232.0817245817248,12972.06628056628,15,11,False,3,20230110,2,0.95
2138,139,2232.3332284455632,13504.529578351165,28,23,False,3,20230110,2,0.95
2139,140,2232.3332284455632,14040.529578351165,12,5,False,3,20230110,2,0.95
2140,141,2232.241104294478,14579.87791411043,6,2,False,3,20230110,2,0.95
2141,142,2232.0817245817248,15116.06628056628,13,14,False,3,20230110,2,0.95
2142,143,2231.9695543000626,15648.165411173886,10,7,False,3,20230110,2,0.95
2143,144,2231.8859649122805,16191.690476190475,15,11,False,3,20230110,2,0.95
2144,145,2231.7002567394097,16731.5,5,2,False,3,20230110,2,0.95
2145,146,2232.241104294478,17267.681595092025,42,36,False,3,20230110,2,0.95
2146,147,2232.053921568628,17796.06862745098,10,8,False,3,20230110,2,0.95
2147,148,2231.8859649122805,18335.69047619048,9,7,False,3,20230110,2,0.95
2148,149,2232.33629675046,18867.220416922133,46,146,False,3,20230110,2,0.95
2149,150,2231.79543994862,19403.787732819525,8,4,False,3,20230110,2,0.95
2150,151,2231.89588688946,19947.309768637533,9,9,False,3,20230110,2,0.95
2151,152,2232.33629675046,20483.220416922133,11,14,False,3,20230110,2,0.95
2152,153,2231.89588688946,21019.309768637533,4,35,False,3,20230110,2,0.95
2153,154,2674.93137254902,928.0539215686274,6,2,False,3,20230110,2,0.95
2154,155,2677.859493670886,1462.4012658227848,0,0,False,3,20230110,2,0.95
2155,156,2675.406919779547,1999.776791181874,10,4,False,3,20230110,2,0.95
2156,157,2674.90666247643,2531.489943431804,18,9,False,3,20230110,2,0.95
2157,158,2675.1173694147265,3068.04877281309,14,9,False,3,20230110,2,0.95
2158,159,2674.6416309012875,3607.7722256284487,5,4,True,3,20230110,2,0.95
2159,160,2678.221252257676,4135.150812763395,5,5,True,3,20230110,2,0.95
2160,161,2679.5,4679.5,9,6,False,3,20230110,2,0.95
2161,162,2678.2738452309536,5208.111877624475,8,7,False,3,20230110,2,0.95
2162,163,2679.5,5747.5,2,3,False,3,20230110,2,0.95
2163,164,2680.4987699877,6275.849323493235,5,7,False,3,20230110,2,0.95
2164,165,2679.882775119617,6815.5,2,1,False,3,20230110,2,0.95
2165,166,2680.2616766467067,7351.859281437126,2,2,False,3,20230110,2,0.95
2166,167,2680.236225087925,8427.317116060962,4,1,False,3,20230110,2,0.95
2167,168,2679.907035175879,8951.680904522613,1,1,False,3,20230110,2,0.95
2168,169,2679.211389385808,9487.774299344066,3,2,False,3,20230110,2,0.95
2169,170,2680.0693779904304,10024.04066985646,6,4,False,3,20230110,2,0.95
2170,171,2681.5253470126736,10560.709414604707,1,4,False,3,20230110,2,0.95
2171,172,2680.147574517826,11099.766510812393,3,2,False,3,20230110,2,0.95
2172,173,2680.1638705811865,12175.766027561414,10,10,False,3,20230110,2,0.95
2173,174,2680.093137254902,12707.5,5,4,False,3,20230110,2,0.95
2174,175,2680.0840490797545,13236.039877300613,4,5,False,3,20230110,2,0.95
2175,176,2679.796024464832,13771.774006116208,6,2,False,3,20230110,2,0.95
2176,177,2680.459409594096,14308.385608856088,8,9,False,3,20230110,2,0.95
2177,178,2679.896572827417,14851.681150550796,8,5,False,3,20230110,2,0.95
2178,179,2680.0840490797545,15380.039877300613,10,10,False,3,20230110,2,0.95
2179,180,2680.0693779904304,15920.04066985646,18,17,False,3,20230110,2,0.95
2180,181,2679.980573819486,16463.406754333533,4,1,False,3,20230110,2,0.95
2181,182,2679.896572827417,16995.681150550794,18,19,False,3,20230110,2,0.95
2182,183,2679.605602060528,17531.592723760463,10,5,False,3,20230110,2,0.95
2183,184,2679.9935543278084,18067.58348680172,20,133,False,3,20230110,2,0.95
2184,185,2679.80923947203,18599.42206159648,8,11,False,3,20230110,2,0.95
2185,186,2680.1876155268023,19139.214109673445,5,5,False,3,20230110,2,0.95
2186,187,2680.4227166276346,19675.5,14,10,False,3,20230110,2,0.95
2187,188,2679.700488997555,20211.5,25,18,False,3,20230110,2,0.95
2188,189,2679.7963870177587,20755.22565829761,23,140,False,3,20230110,2,0.95
2189,190,2680.093137254902,21283.5,3,0,False,3,20230110,2,0.95
2190,191,2683.602761721259,7887.595054592164,8,7,False,3,20230110,2,0.95
2191,192,2683.9025806451614,11639.5,6,3,False,3,20230110,2,0.95
2192,193,3130.359950859951,1199.5,11,6,False,3,20230110,2,0.95
2193,194,3125.668888888889,1728.9653968253967,14,7,False,3,20230110,2,0.95
2194,195,3131.397238278741,2263.5950545921646,9,4,False,3,20230110,2,0.95
2195,196,3127.2105097545627,2799.7794210195093,5,2,False,3,20230110,2,0.95
2196,197,3129.775092936803,3336.6995043370507,8,14,False,3,20230110,2,0.95
2197,198,3131.397238278741,3871.5950545921646,13,4,True,3,20230110,2,0.95
2198,199,3130.726600985221,4406.869458128079,11,8,False,3,20230110,2,0.95
2199,200,3130.9945196647323,4943.595422308188,9,6,False,3,20230110,2,0.95
2200,201,3131.402260232132,5479.404703726329,6,7,False,3,20230110,2,0.95
2201,202,3131.203889585948,6011.781053952322,3,6,True,3,20230110,2,0.95
2202,203,3131.1220858895704,6544.241104294479,5,8,False,3,20230110,2,0.95
2203,204,3131.6001251564458,7083.595118898624,12,12,False,3,20230110,2,0.95
2204,205,3131.5,7623.127450980392,0,0,False,3,20230110,2,0.95
2205,206,3131.5,8151.872549019607,6,7,False,3,20230110,2,0.95
2206,207,3131.5,8695.309768637531,6,0,False,3,20230110,2,0.95
2207,208,3131.6956112852663,9219.876175548588,10,6,False,3,20230110,2,0.95
2208,209,3131.7961104140527,9755.781053952322,11,8,False,3,20230110,2,0.95
2209,210,3131.7961104140527,10291.781053952322,14,20,False,3,20230110,2,0.95
2210,211,3131.5,10828.06246076585,6,7,False,3,20230110,2,0.95
2211,212,3131.779926335175,11374.854205033764,26,16,False,3,20230110,2,0.95
2212,213,3131.6909424724604,11903.686046511628,13,8,False,3,20230110,2,0.95
2213,214,3131.6002506265663,12443.40476190476,8,9,False,3,20230110,2,0.95
2214,215,3131.7961104140527,12971.781053952322,15,10,False,3,20230110,2,0.95
2215,216,3131.7795830778664,13504.33629675046,8,9,False,3,20230110,2,0.95
2216,217,3131.7795830778664,14040.33629675046,10,10,False,3,20230110,2,0.95
2217,218,3131.960431654676,14579.960431654676,5,6,False,3,20230110,2,0.95
2218,219,3131.6956112852663,15115.876175548588,5,7,False,3,20230110,2,0.95
2219,220,3131.5,15648.063035495716,5,8,False,3,20230110,2,0.95
2220,221,3131.8823529411766,16191.5,11,14,False,3,20230110,2,0.95
2221,222,3131.5,16731.30964308078,14,19,False,3,20230110,2,0.95
2222,223,3131.6862686567165,17267.313731343285,12,25,False,3,20230110,2,0.95
2223,224,3131.313953488372,17795.68604651163,9,8,False,3,20230110,2,0.95
2224,225,3131.6909424724604,18335.31395348837,7,7,False,3,20230110,2,0.95
2225,226,3131.68671454219,18867.68671454219,18,9,False,3,20230110,2,0.95
2226,227,3131.700375704446,19403.5,23,17,False,3,20230110,2,0.95
2227,228,3131.5,19947.5,35,30,False,3,20230110,2,0.95
2228,229,3131.782634730539,20482.661676646705,7,10,False,3,20230110,2,0.95
2229,230,3131.7961104140527,21019.21894604768,33,23,False,3,20230110,2,0.95
2230,231,3570.6416309012875,927.7722256284488,9,143,False,3,20230110,2,0.95
2231,232,3571.5,1463.5,2,2,False,3,20230110,2,0.95
2232,233,3569.9433497536947,2000.5147783251232,8,8,False,3,20230110,2,0.95
2233,234,3571.3043887147337,2531.1238244514107,4,5,False,3,20230110,2,0.95
2234,235,3571.8962382445143,3067.6855799373043,10,6,False,3,20230110,2,0.95
2235,236,3571.5,3607.309523809524,4,3,False,3,20230110,2,0.95
2236,237,3571.597620500305,4135.595179987798,6,6,False,3,20230110,2,0.95
2237,238,3571.5,4679.5,4,5,False,3,20230110,2,0.95
2238,239,3571.88630806846,5207.6858190709045,5,4,False,3,20230110,2,0.95
2239,240,3571.7961104140527,5747.590338770389,5,6,False,3,20230110,2,0.95
2240,241,3571.8962382445143,6275.314420062696,12,9,False,3,20230110,2,0.95
2241,242,3571.69536019536,6815.5,6,4,False,3,20230110,2,0.95
2242,243,3572.166258420086,7351.041947336191,9,6,False,3,20230110,2,0.95
2243,244,3571.7056555269924,7887.5,10,7,False,3,20230110,2,0.95
2244,245,3572.5167865707435,8427.404076738609,7,6,False,3,20230110,2,0.95
2245,246,3571.9066924066924,8951.685328185327,20,11,False,3,20230110,2,0.95
2246,247,3572.260736196319,9487.86809815951,5,8,False,3,20230110,2,0.95
2247,248,3572.260736196319,10023.86809815951,9,5,False,3,20230110,2,0.95
2248,249,3572.0686274509803,10560.053921568628,5,8,False,3,20230110,2,0.95
2249,250,3574.511180124224,11097.66645962733,4,3,False,3,20230110,2,0.95
2250,251,3572.00998068255,11639.404700579524,3,1,True,3,20230110,2,0.95
2251,252,3572.3583690987125,12175.227774371551,12,8,False,3,20230110,2,0.95
2252,253,3572.0925925925926,12707.5,8,5,False,3,20230110,2,0.95
2253,254,3572.0825486503454,13236.052416823602,7,4,False,3,20230110,2,0.95
2254,255,3571.8962382445143,13771.685579937304,0,0,False,3,20230110,2,0.95
2255,256,3572.183417085427,14307.957286432162,11,13,False,3,20230110,2,0.95
2256,257,3571.700375704446,14851.5,8,3,False,3,20230110,2,0.95
2257,258,3572.183417085427,15379.957286432162,10,5,False,3,20230110,2,0.95
2258,259,3572.3583690987125,15919.772225628449,5,4,False,3,20230110,2,0.95
2259,260,3571.88630806846,16463.314180929094,3,4,False,3,20230110,2,0.95
2260,261,3572.0925925925926,16995.5,5,4,False,3,20230110,2,0.95
2261,262,3571.6055408970974,17531.594986807388,12,9,False,3,20230110,2,0.95
2262,263,3571.6001251564458,18067.40488110137,14,10,False,3,20230110,2,0.95
2263,264,3571.602761721259,18599.59505459217,5,4,False,3,20230110,2,0.95
2264,265,3572.0925925925926,19139.5,16,14,False,3,20230110,2,0.95
2265,266,3572.5167865707435,19675.59592326139,28,21,True,3,20230110,2,0.95
2266,267,3572.0925925925926,20211.5,25,13,True,3,20230110,2,0.95
2267,268,3572.183417085427,20755.04271356784,12,11,False,3,20230110,2,0.95
2268,269,3572.0925925925926,21283.5,9,8,False,3,20230110,2,0.95
2269,270,4023.1235884567127,1199.1135508155585,5,3,False,3,20230110,2,0.95
2270,271,4023.4024390243903,1727.5975609756097,9,7,False,3,20230110,2,0.95
2271,272,4023.5,2263.5,10,9,False,3,20230110,2,0.95
2272,273,4023.5,2799.304755944931,5,6,False,3,20230110,2,0.95
2273,274,4023.22057898049,3335.7794210195093,15,9,False,3,20230110,2,0.95
2274,275,4023.6026991441736,3871.597432521396,5,8,False,3,20230110,2,0.95
2275,276,4023.6911949685536,4407.308805031446,6,6,False,3,20230110,2,0.95
2276,277,4023.3973008558255,4943.597432521396,6,2,False,3,20230110,2,0.95
2277,278,4023.690476190476,5479.11403508772,12,10,False,3,20230110,2,0.95
2278,279,4023.6000641436817,6011.597498396408,4,9,False,3,20230110,2,0.95
2279,280,4023.690476190476,6543.8859649122805,2,3,False,3,20230110,2,0.95
2280,281,4023.7002567394097,7083.5,3,5,False,3,20230110,2,0.95
2281,282,4023.7884012539184,7623.211598746081,9,2,False,3,20230110,2,0.95
2282,283,4023.885964912281,8151.690476190476,10,12,False,3,20230110,2,0.95
2283,284,4023.6026991441736,8695.402567478604,12,3,False,3,20230110,2,0.95
2284,285,4023.7954399486193,9219.787732819525,9,6,False,3,20230110,2,0.95
2285,286,4023.89588688946,9755.690231362469,5,7,False,3,20230110,2,0.95
2286,287,4023.89588688946,10291.690231362469,3,8,False,3,20230110,2,0.95
2287,288,4023.6953727506425,10827.885604113111,14,7,False,3,20230110,2,0.95
2288,289,4023.7884012539184,11375.211598746082,25,20,False,3,20230110,2,0.95
2289,290,4023.885964912281,11903.690476190475,5,9,False,3,20230110,2,0.95
2290,291,4023.7002567394097,12443.5,15,10,False,3,20230110,2,0.95
2291,292,4023.7954399486193,12971.787732819525,12,8,False,3,20230110,2,0.95
2292,293,4023.969554300063,13504.165411173886,3,2,True,3,20230110,2,0.95
2293,294,4023.885964912281,14039.690476190475,8,2,False,3,20230110,2,0.95
2294,295,4023.87652811736,14579.690709046456,0,0,False,3,20230110,2,0.95
2295,296,4023.7954399486193,15115.787732819525,4,3,False,3,20230110,2,0.95
2296,297,4023.5975609756097,15647.40243902439,9,3,True,3,20230110,2,0.95
2297,298,4023.5,16191.5,7,6,True,3,20230110,2,0.95
2298,299,4023.6000641436817,16731.402501603592,11,6,False,3,20230110,2,0.95
2299,300,4023.4048200122015,17267.402379499694,3,1,False,3,20230110,2,0.95
2300,301,4024.053921568628,17796.06862745098,14,12,False,3,20230110,2,0.95
2301,302,4023.695244055069,18335.5,7,12,False,3,20230110,2,0.95
2302,303,4023.5,18867.5,14,15,False,3,20230110,2,0.95
2303,304,4023.6000641436817,19403.597498396408,4,4,False,3,20230110,2,0.95
2304,305,4023.89588688946,19947.309768637533,2,2,False,3,20230110,2,0.95
2305,306,4023.314180929096,20483.11369193154,12,7,False,3,20230110,2,0.95
2306,307,4023.6000641436817,21019.402501603592,14,11,False,3,20230110,2,0.95
2307,308,4467.308588957055,927.6865030674846,4,2,False,3,20230110,2,0.95
2308,309,4467.6027617212585,1463.5950545921644,4,4,False,3,20230110,2,0.95
2309,310,4467.69094247246,1999.686046511628,0,0,False,3,20230110,2,0.95
2310,311,4467.5,2531.5,5,4,False,3,20230110,2,0.95
2311,312,4467.103264281231,3067.133396107972,3,2,False,3,20230110,2,0.95
2312,313,4467.597620500305,3607.5951799877976,5,3,False,3,20230110,2,0.95
2313,314,4468.0700245700245,4135.490171990172,4,1,False,3,20230110,2,0.95
2314,315,4467.790461538461,4678.6704615384615,4,2,False,3,20230110,2,0.95
2315,316,4467.220416922134,5207.772225628449,7,3,False,3,20230110,2,0.95
2316,317,4467.600250626567,5747.4047619047615,6,8,False,3,20230110,2,0.95
2317,318,4467.695611285267,6275.876175548589,3,1,False,3,20230110,2,0.95
2318,319,4468.067931456549,6814.9467564259485,5,4,False,3,20230110,2,0.95
2319,320,4467.69094247246,7351.686046511628,3,4,False,3,20230110,2,0.95
2320,321,4467.705655526992,7887.5,14,10,False,3,20230110,2,0.95
2321,322,4467.9604316546765,8427.039568345324,18,13,True,3,20230110,2,0.95
2322,323,4467.803536977492,8951.78038585209,12,10,True,3,20230110,2,0.95
2323,324,4467.779926335175,9488.145794966236,5,3,False,3,20230110,2,0.95
2324,325,4467.970876762723,10023.958614347026,7,4,False,3,20230110,2,0.95
2325,326,4467.779926335175,10560.145794966236,0,0,False,3,20230110,2,0.95
2326,327,4467.773709483794,11099.773709483794,3,6,False,3,20230110,2,0.95
2327,328,4467.705655526992,11639.5,5,4,False,3,20230110,2,0.95
2328,329,4467.691411042945,12175.313496932517,12,12,True,3,20230110,2,0.95
2329,330,4467.992462311558,12707.404522613066,12,9,False,3,20230110,2,0.95
2330,331,4467.982412060302,13236.14824120603,6,6,False,3,20230110,2,0.95
2331,332,4467.695611285267,13771.876175548588,16,14,False,3,20230110,2,0.95
2332,333,4467.78679245283,14308.335220125786,12,8,False,3,20230110,2,0.95
2333,334,4467.700375704446,14851.5,10,6,False,3,20230110,2,0.95
2334,335,4467.695611285267,15379.876175548588,17,14,False,3,20230110,2,0.95
2335,336,4467.69094247246,15919.686046511628,10,8,False,3,20230110,2,0.95
2336,337,4467.597979179424,16463.03214941825,6,4,False,3,20230110,2,0.95
2337,338,4467.796110414053,16995.590338770387,5,4,False,3,20230110,2,0.95
2338,339,4467.812169312169,17531.589947089946,7,6,False,3,20230110,2,0.95
2339,340,4467.304143126177,18067.314187068423,17,12,False,3,20230110,2,0.95
2340,341,4467.6027617212585,18599.59505459217,2,1,False,3,20230110,2,0.95
2341,342,4467.992462311558,19139.59547738693,2,3,False,3,20230110,2,0.95
2342,343,4467.9604316546765,19675.586330935253,4,3,False,3,20230110,2,0.95
2343,344,4467.992462311558,20211.404522613066,8,5,False,3,20230110,2,0.95
2344,345,4467.695611285267,20755.87617554859,13,11,False,3,20230110,2,0.95
2345,346,4467.600250626567,21283.404761904763,20,6,False,3,20230110,2,0.95
2346,347,4910.279048765804,1198.8762793497892,0,0,True,3,20230110,2,0.95
2347,348,4909.975961538462,1726.3557692307693,3,8,True,3,20230110,2,0.95
2348,349,4911.294228356336,2263.5,11,5,True,3,20230110,2,0.95
2349,350,4910.738323353294,2799.859281437126,6,7,False,3,20230110,2,0.95
2350,351,4910.551497005988,3335.32754491018,7,0,False,3,20230110,2,0.95
2351,352,4911.092964824121,3871.680904522613,7,8,False,3,20230110,2,0.95
2352,353,4911.308383233533,4407.317964071856,5,3,False,3,20230110,2,0.95
2353,354,4911.298994974874,4943.133165829146,3,3,False,3,20230110,2,0.95
2354,355,4911.308841099164,5479.318399044206,7,2,False,3,20230110,2,0.95
2355,356,4911.696078431372,6011.318627450981,3,0,False,3,20230110,2,0.95
2356,357,4911.308383233533,6543.682035928144,5,6,False,3,20230110,2,0.95
2357,358,4911.796387017759,7083.225658297612,1,3,False,3,20230110,2,0.95
2358,359,4912.070743405276,7622.958033573142,0,1,False,3,20230110,2,0.95
2359,360,4911.5,8151.5,4,3,False,3,20230110,2,0.95
2360,361,4911.5,8694.951572327043,15,10,True,3,20230110,2,0.95
2361,362,4911.696078431372,9219.68137254902,11,5,True,3,20230110,2,0.95
2362,363,4911.69656019656,9755.681818181818,9,6,False,3,20230110,2,0.95
2363,364,4911.5,10291.863190184047,14,9,False,3,20230110,2,0.95
2364,365,4911.5,10827.863190184047,15,8,False,3,20230110,2,0.95
2365,366,4911.5,11374.602040816326,20,7,False,3,20230110,2,0.95
2366,367,4911.780407429598,11902.869682444578,7,5,False,3,20230110,2,0.95
2367,368,4911.600551808707,12443.043838136113,11,1,False,3,20230110,2,0.95
2368,369,4911.696078431372,12971.68137254902,7,6,False,3,20230110,2,0.95
2369,370,4911.780407429598,13504.130317555422,1,2,True,3,20230110,2,0.95
2370,371,4911.780407429598,14040.130317555422,10,8,False,3,20230110,2,0.95
2371,372,4911.774165202109,14579.232864674868,4,4,False,3,20230110,2,0.95
2372,373,4911.696078431372,15115.68137254902,0,0,False,3,20230110,2,0.95
2373,374,4911.780407429598,15648.130317555422,0,3,False,3,20230110,2,0.95
2374,375,4911.5,16191.136363636364,13,7,True,3,20230110,2,0.95
2375,376,4911.5,16731.5,12,16,False,3,20230110,2,0.95
2376,377,4911.869158878505,17266.77570093458,8,6,False,3,20230110,2,0.95
2377,378,4911.877182770663,17795.681606519207,0,0,False,3,20230110,2,0.95
2378,379,4912.261676646706,18335.32754491018,4,3,False,3,20230110,2,0.95
2379,380,4912.056725146199,18867.49064327485,9,4,False,3,20230110,2,0.95
2380,381,4911.696078431372,19403.68137254902,11,9,False,3,20230110,2,0.95
2381,382,4911.796387017759,19947.22565829761,6,3,False,3,20230110,2,0.95
2382,383,4911.961088355763,20483.050614394386,9,8,False,3,20230110,2,0.95
2383,384,4911.888206388207,21018.77764127764,11,2,False,3,20230110,2,0.95
2384,385,5354.359950859951,927.5,9,100,False,3,20230110,2,0.95
2385,386,5355.3972382787415,1463.4049454078356,3,1,False,3,20230110,2,0.95
2386,387,5354.355036855037,1999.8341523341523,3,1,False,3,20230110,2,0.95
2387,388,5355.103761755486,2531.314420062696,5,5,False,3,20230110,2,0.95
2388,389,5355.299624295554,3067.5,2,1,False,3,20230110,2,0.95
2389,390,5355.5,3607.309523809524,6,3,False,3,20230110,2,0.95
2390,391,5355.5,4135.5,10,7,False,3,20230110,2,0.95
2391,392,5355.87791411043,4678.758895705521,9,4,False,3,20230110,2,0.95
2392,393,5355.69094247246,5207.313953488372,5,2,False,3,20230110,2,0.95
2393,394,5355.695611285267,5747.123824451411,4,3,False,3,20230110,2,0.95
2394,395,5355.600250626567,6275.4047619047615,10,7,False,3,20230110,2,0.95
2395,396,5355.5,6815.1274509803925,6,4,False,3,20230110,2,0.95
2396,397,5355.597739767868,7351.404703726329,8,6,False,3,20230110,2,0.95
2397,398,5355.6027617212585,7887.404945407836,7,4,False,3,20230110,2,0.95
2398,399,5355.868641532017,8426.757929383602,5,3,False,3,20230110,2,0.95
2399,400,5355.6027617212585,8951.595054592164,10,5,False,3,20230110,2,0.95
2400,401,5355.69094247246,9487.686046511628,3,3,False,3,20230110,2,0.95
2401,402,5355.882352941177,10023.5,4,4,False,3,20230110,2,0.95
2402,403,5355.788685015291,10559.781345565749,2,2,False,3,20230110,2,0.95
2403,404,5355.87298266587,11099.5,11,8,False,3,20230110,2,0.95
2404,405,5355.803536977492,11639.21961414791,5,4,True,3,20230110,2,0.95
2405,406,5355.788685015291,12175.218654434251,7,3,False,3,20230110,2,0.95
2406,407,5355.796110414053,12707.218946047678,3,2,False,3,20230110,2,0.95
2407,408,5355.896238244514,13235.685579937304,3,2,False,3,20230110,2,0.95
2408,409,5355.700375704446,13771.5,11,6,False,3,20230110,2,0.95
2409,410,5355.796110414053,14307.781053952322,0,4,False,3,20230110,2,0.95
2410,411,5355.600125156446,14851.404881101376,1,2,False,3,20230110,2,0.95
2411,412,5355.700375704446,15379.5,5,4,False,3,20230110,2,0.95
2412,413,5355.88630806846,15919.685819070904,4,6,False,3,20230110,2,0.95
2413,414,5355.5,16462.936964504283,5,2,False,3,20230110,2,0.95
2414,415,5355.896238244514,16995.314420062696,6,7,False,3,20230110,2,0.95
2415,416,5355.917713152677,17531.31493721084,4,4,False,3,20230110,2,0.95
2416,417,5355.795739348371,18067.21929824561,3,5,False,3,20230110,2,0.95
2417,418,5355.6027617212585,18599.59505459217,11,6,False,3,20230110,2,0.95
2418,419,5355.700375704446,19139.5,8,5,False,3,20230110,2,0.95
2419,420,5355.968339307049,19675.40442054958,4,5,False,3,20230110,2,0.95
2420,421,5355.600125156446,20211.40488110137,5,3,False,3,20230110,2,0.95
2421,422,5355.795739348371,20755.21929824561,1,1,False,3,20230110,2,0.95
2422,423,5355.700375704446,21283.5,12,4,True,3,20230110,2,0.95
2423,424,5806.541916167665,1199.3179640718563,0,0,False,3,20230110,2,0.95
2424,425,5806.328331332533,1727.2454981992796,3,1,False,3,20230110,2,0.95
2425,426,5806.901257861635,2262.9616352201256,8,3,False,3,20230110,2,0.95
2426,427,5807.019426180514,2799.4067543335327,3,5,False,3,20230110,2,0.95
2427,428,5807.204504504504,3335.262162162162,1,1,False,3,20230110,2,0.95
2428,429,5807.705771643664,3871.5,14,11,False,3,20230110,2,0.95
2429,430,5807.308383233533,4407.317964071856,7,3,False,3,20230110,2,0.95
2430,431,5807.397049591965,4943.407093534212,15,13,False,3,20230110,2,0.95
2431,432,5807.5,5479.136363636364,3,0,False,3,20230110,2,0.95
2432,433,5807.5,6011.5,4,2,False,3,20230110,2,0.95
2433,434,5807.317964071856,6544.223353293413,7,2,False,3,20230110,2,0.95
2434,435,5807.303921568628,7083.318627450981,3,7,False,3,20230110,2,0.95
2435,436,5807.5,7623.136363636364,7,8,False,3,20230110,2,0.95
2436,437,5807.5,8151.5,6,6,False,3,20230110,2,0.95
2437,438,5807.5,8694.951572327043,15,16,False,3,20230110,2,0.95
2438,439,5807.399448191293,9219.956161863887,12,7,False,3,20230110,2,0.95
2439,440,5807.303921568628,9755.68137254902,14,5,False,3,20230110,2,0.95
2440,441,5807.5,10291.863190184047,12,7,False,3,20230110,2,0.95
2441,442,5807.5,10827.863190184047,13,16,False,3,20230110,2,0.95
2442,443,5807.5,11374.602040816326,8,3,False,3,20230110,2,0.95
2443,444,5807.691616766467,11903.317964071855,15,7,False,3,20230110,2,0.95
2444,445,5807.600551808707,12443.043838136113,10,4,False,3,20230110,2,0.95
2445,446,5807.696078431372,12971.68137254902,15,10,False,3,20230110,2,0.95
2446,447,5807.5,13503.863636363636,15,7,False,3,20230110,2,0.95
2447,448,5807.780407429598,14040.130317555422,8,7,False,3,20230110,2,0.95
2448,449,5807.5,14579.5,3,9,False,3,20230110,2,0.95
2449,450,5807.5,15115.5,11,7,False,3,20230110,2,0.95
2450,451,5807.308383233533,15647.682035928145,6,3,False,3,20230110,2,0.95
2451,452,5807.219592570402,16190.869682444578,6,5,False,3,20230110,2,0.95
2452,453,5807.203975535168,16731.225993883792,3,10,False,3,20230110,2,0.95
2453,454,5808.315897136177,17266.518118059616,4,3,False,3,20230110,2,0.95
2454,455,5807.5,17795.5,10,13,False,3,20230110,2,0.95
2455,456,5807.598027495517,18335.04333532576,5,5,False,3,20230110,2,0.95
2456,457,5807.686915887851,18867.317757009347,6,9,False,3,20230110,2,0.95
2457,458,5807.399694189602,19403.59296636085,4,3,False,3,20230110,2,0.95
2458,459,5807.600551808707,19947.04383813612,2,4,False,3,20230110,2,0.95
2459,460,5807.322429906542,20482.59813084112,4,2,False,3,20230110,2,0.95
2460,461,5807.600551808707,21019.04383813612,2,3,False,3,20230110,2,0.95
2461,462,6248.491920447483,929.41671845867,1,0,False,3,20230110,2,0.95
2462,463,6250.684516129032,1463.5,3,2,False,3,20230110,2,0.95
2463,464,6250.062461538461,1999.2710769230769,4,0,False,3,20230110,2,0.95
2464,465,6246.90797940798,2531.5,4,3,False,3,20230110,2,0.95
2465,466,6251.103761755486,3067.6855799373043,2,2,False,3,20230110,2,0.95
2466,467,6251.402379499695,3607.4048200122015,4,5,False,3,20230110,2,0.95
2467,468,6251.30905752754,4135.686046511628,2,1,False,3,20230110,2,0.95
2468,469,6251.788685015291,4679.21865443425,1,2,False,3,20230110,2,0.95
2469,470,6251.882352941177,5207.5,6,3,False,3,20230110,2,0.95
2470,471,6251.600250626567,5747.4047619047615,10,3,False,3,20230110,2,0.95
2471,472,6251.600250626567,6275.595238095239,0,0,False,3,20230110,2,0.95
2472,473,6251.5,6815.1274509803925,3,2,False,3,20230110,2,0.95
2473,474,6251.5,7351.5,3,3,False,3,20230110,2,0.95
2474,475,6251.6027617212585,7887.404945407836,9,6,False,3,20230110,2,0.95
2475,476,6251.773053892216,8426.853293413174,11,3,False,3,20230110,2,0.95
2476,477,6251.5,8951.690231362469,4,3,False,3,20230110,2,0.95
2477,478,6251.5,9487.872549019608,5,1,False,3,20230110,2,0.95
2478,479,6251.5,10023.872549019608,8,4,False,3,20230110,2,0.95
2479,480,6251.69094247246,10559.686046511628,4,4,False,3,20230110,2,0.95
2480,481,6251.87298266587,11099.5,7,4,False,3,20230110,2,0.95
2481,482,6251.6027617212585,11639.404945407836,6,2,False,3,20230110,2,0.95
2482,483,6251.597979179424,12175.032149418248,13,6,False,3,20230110,2,0.95
2483,484,6251.796110414053,12707.218946047678,4,4,False,3,20230110,2,0.95
2484,485,6251.896238244514,13235.685579937304,2,3,False,3,20230110,2,0.95
2485,486,6251.600125156446,13771.595118898624,10,6,False,3,20230110,2,0.95
2486,487,6251.795739348371,14307.780701754386,4,1,False,3,20230110,2,0.95
2487,488,6251.5,14851.309643080776,12,6,False,3,20230110,2,0.95
2488,489,6251.600250626567,15379.40476190476,7,1,False,3,20230110,2,0.95
2489,490,6251.5,15919.5,1,1,False,3,20230110,2,0.95
2490,491,6251.5,16462.389434889436,2,1,False,3,20230110,2,0.95
2491,492,6251.5,16995.30964308078,2,1,False,3,20230110,2,0.95
2492,493,6251.605540897098,17531.405013192612,0,0,False,3,20230110,2,0.95
2493,494,6251.5,18066.93753923415,1,0,False,3,20230110,2,0.95
2494,495,6251.5,18599.5,2,0,False,3,20230110,2,0.95
2495,496,6251.5,19139.30964308078,4,1,False,3,20230110,2,0.95
2496,497,6251.5,19675.12701733413,3,2,False,3,20230110,2,0.95
2497,498,6251.5,20211.30964308078,4,6,False,3,20230110,2,0.95
2498,499,6251.399874843554,20755.40488110137,5,1,False,3,20230110,2,0.95
2499,500,6251.600250626567,21283.404761904763,5,1,False,3,20230110,2,0.95
2000,1,899.004835589942,1464.1473243068988,2,2,False,0,20221101,1,1.0
2001,2,898.7570725707257,2000.5971709717096,4,3,False,0,20221101,1,1.0
2002,3,899.2132075471698,2532.3352201257862,0,0,False,0,20221101,1,1.0
2003,4,899.2132075471698,3068.3352201257862,3,0,False,0,20221101,1,1.0
2004,5,899.4020208205757,3607.967850581752,2,1,False,0,20221101,1,1.0
2005,6,899.2204169221336,4136.33629675046,0,0,False,0,20221101,1,1.0
2006,7,899.4020208205757,4679.967850581751,1,0,False,0,20221101,1,1.0
2007,8,899.7795830778664,5208.33629675046,0,2,False,0,20221101,1,1.0
2008,9,899.6956112852664,5747.876175548589,2,0,False,0,20221101,1,1.0
2009,10,899.204260651629,6275.7807017543855,0,1,False,0,20221101,1,1.0
2010,11,899.8779141104294,6816.241104294479,2,1,False,0,20221101,1,1.0
2011,12,900.0686274509804,7352.053921568628,1,0,False,0,20221101,1,1.0
2012,13,900.3051612903225,7887.866451612903,1,1,False,0,20221101,1,1.0
2013,14,900.6003003003003,8428.206306306307,4,2,False,0,20221101,1,1.0
2014,15,900.0979381443299,8952.051546391753,3,0,False,0,20221101,1,1.0
2015,16,900.2429274292743,9488.59717097171,1,0,False,0,20221101,1,1.0
2016,17,901.4233621755252,10024.187268232386,3,2,False,0,20221101,1,1.0
2017,18,901.0743368291178,10560.657310302282,6,1,False,0,20221101,1,1.0
2018,19,900.5989802039592,11100.224655068989,1,0,False,0,20221101,1,1.0
2019,20,899.7005141388174,11639.690231362469,1,0,False,0,20221101,1,1.0
2020,21,901.428306551298,12176.889369592089,5,1,False,0,20221101,1,1.0
2021,22,900.3805031446541,12707.771698113207,2,2,False,0,20221101,1,1.0
2022,23,900.3564231738035,13236.502518891688,0,0,False,0,20221101,1,1.0
2023,24,899.9824120603015,13772.14824120603,3,0,False,0,20221101,1,1.0
2024,25,900.1607818411097,14308.690416141237,1,1,False,0,20221101,1,1.0
2025,26,899.896238244514,14851.685579937304,4,1,False,0,20221101,1,1.0
2026,27,899.9824120603015,15380.14824120603,4,0,False,0,20221101,1,1.0
2027,28,899.7795830778664,15920.33629675046,17,2,False,0,20221101,1,1.0
2028,29,899.6909424724602,16463.68604651163,2,0,False,0,20221101,1,1.0
2029,30,899.6956112852664,16995.87617554859,7,0,False,0,20221101,1,1.0
2030,31,899.6055408970976,17531.594986807388,6,1,False,0,20221101,1,1.0
2031,32,899.5,18067.5,5,0,True,0,20221101,1,1.0
2032,33,899.5,18599.690231362467,5,1,False,0,20221101,1,1.0
2033,34,899.6002506265664,19139.404761904763,4,1,False,0,20221101,1,1.0
2034,35,900.1467065868263,19675.226946107785,6,2,False,0,20221101,1,1.0
2035,36,900.0925925925926,20211.5,1,1,False,0,20221101,1,1.0
2036,37,900.1842767295598,20754.86603773585,4,1,False,0,20221101,1,1.0
2037,38,903.89588688946,21283.309768637533,6,1,True,0,20221101,1,1.0
2038,39,1342.8345888261142,1199.9695543000628,1,2,False,0,20221101,1,1.0
2039,40,1343.293710691824,1728.4610062893082,5,0,False,0,20221101,1,1.0
2040,41,1343.1967699406723,2263.78740936058,1,1,False,0,20221101,1,1.0
2041,42,1343.2115987460816,2799.7884012539184,0,2,False,0,20221101,1,1.0
2042,43,1343.211959924859,3335.788040075141,2,0,False,0,20221101,1,1.0
2043,44,1343.5,3871.694993412385,1,1,False,0,20221101,1,1.0
2044,45,1343.5,4407.6952440550685,1,0,False,0,20221101,1,1.0
2045,46,1343.5,4943.5,2,0,False,0,20221101,1,1.0
2046,47,1343.5975609756097,5479.59756097561,1,0,False,0,20221101,1,1.0
2047,48,1343.5951768488746,6011.788102893891,0,0,False,0,20221101,1,1.0
2048,49,1343.7790697674418,6544.357322438717,4,1,False,0,20221101,1,1.0
2049,50,1343.7002567394095,7083.5,3,1,False,0,20221101,1,1.0
2050,51,1344.0771643663738,7623.5,0,0,False,0,20221101,1,1.0
2051,52,1343.7884012539184,8151.788401253919,2,0,False,0,20221101,1,1.0
2052,53,1343.705533596838,8695.5,1,0,False,0,20221101,1,1.0
2053,54,1343.6953727506427,9219.885604113111,6,0,False,0,20221101,1,1.0
2054,55,1343.89588688946,9755.690231362469,1,1,False,0,20221101,1,1.0
2055,56,1343.399935856318,10291.597498396408,2,1,False,0,20221101,1,1.0
2056,57,1344.0824742268042,10828.067010309278,6,0,False,0,20221101,1,1.0
2057,58,1344.4319899244333,11374.568010075567,6,1,False,0,20221101,1,1.0
2058,59,1343.8859649122808,11903.690476190475,0,1,False,0,20221101,1,1.0
2059,60,1343.89588688946,12443.309768637531,1,0,False,0,20221101,1,1.0
2060,61,1343.89588688946,12971.690231362469,2,1,False,0,20221101,1,1.0
2061,62,1343.690476190476,13503.88596491228,3,1,False,0,20221101,1,1.0
2062,63,1343.8859649122808,14039.690476190475,2,2,False,0,20221101,1,1.0
2063,64,1343.4044703000611,14579.402020820577,4,1,False,0,20221101,1,1.0
2064,65,1343.6953727506427,15115.885604113111,2,0,False,0,20221101,1,1.0
2065,66,1343.690476190476,15647.88596491228,3,1,False,0,20221101,1,1.0
2066,67,1343.7884012539184,16191.788401253918,1,0,False,0,20221101,1,1.0
2067,68,1343.399935856318,16731.402501603592,5,2,False,0,20221101,1,1.0
2068,69,1343.6865030674846,17267.308588957054,2,0,False,0,20221101,1,1.0
2069,70,1343.5955296999389,17795.98009797918,5,0,False,0,20221101,1,1.0
2070,71,1343.5975609756097,18335.40243902439,2,1,False,0,20221101,1,1.0
2071,72,1343.5,18867.88235294117,5,3,True,0,20221101,1,1.0
2072,73,1343.5,19403.5,2,0,False,0,20221101,1,1.0
2073,74,1343.89588688946,19947.309768637533,0,0,False,0,20221101,1,1.0
2074,75,1344.0539215686274,20482.93137254902,0,0,False,0,20221101,1,1.0
2075,76,1344.1825499034128,21019.03122987765,1,2,False,0,20221101,1,1.0
2076,77,1786.8558696988323,928.6923786109404,1,0,False,0,20221101,1,1.0
2077,78,1786.6937984496124,1464.37338501292,2,1,False,0,20221101,1,1.0
2078,79,1786.9313725490197,2000.053921568628,0,0,False,0,20221101,1,1.0
2079,80,1787.2038895859473,2531.781053952321,3,1,False,0,20221101,1,1.0
2080,81,1786.442065491184,3068.3110831234258,2,1,False,0,20221101,1,1.0
2081,82,1787.970300061237,3608.149112063688,6,0,False,0,20221101,1,1.0
2082,83,1787.5979791794243,4135.967850581751,1,0,False,0,20221101,1,1.0
2083,84,1787.2204169221336,4679.772225628449,7,0,False,0,20221101,1,1.0
2084,85,1787.029699938763,5208.149112063687,2,0,False,0,20221101,1,1.0
2085,86,1787.882149591452,5748.053111250786,5,2,False,0,20221101,1,1.0
2086,87,1787.9753476611884,6276.870417193426,2,0,False,0,20221101,1,1.0
2087,88,1788.0700245700243,6816.055282555282,2,0,False,0,20221101,1,1.0
2088,89,1788.0686274509803,7352.053921568628,4,0,False,0,20221101,1,1.0
2089,90,1787.9066924066924,7887.685328185328,0,0,False,0,20221101,1,1.0
2090,91,1788.4214157168567,8427.5,3,1,False,0,20221101,1,1.0
2091,92,1788.8411003236247,8951.057281553398,1,0,False,0,20221101,1,1.0
2092,93,1788.9590264941469,9488.74460874923,3,0,False,0,20221101,1,1.0
2093,94,1788.5325752919484,10024.31868469576,7,0,False,0,20221101,1,1.0
2094,95,1789.3282890673256,10560.925571340333,6,1,False,0,20221101,1,1.0
2095,96,1788.2420706163973,11099.868641532015,3,1,False,0,20221101,1,1.0
2096,97,1788.1082474226805,11639.5,4,0,False,0,20221101,1,1.0
2097,98,1788.8382533825338,12175.657441574416,2,0,False,0,20221101,1,1.0
2098,99,1788.3636363636365,13236.671717171715,4,0,False,0,20221101,1,1.0
2099,100,1788.083280955374,13772.053111250783,1,0,False,0,20221101,1,1.0
2100,101,1788.26214511041,14308.5952681388,2,0,False,0,20221101,1,1.0
2101,102,1788.0925925925926,14851.5,5,1,False,0,20221101,1,1.0
2102,103,1787.887665198238,15380.240088105727,4,2,False,0,20221101,1,1.0
2103,104,1787.8779141104294,15920.24110429448,10,1,False,0,20221101,1,1.0
2104,105,1787.7886850152904,16463.409480122325,8,2,False,0,20221101,1,1.0
2105,106,1787.795739348371,16995.780701754386,1,0,False,0,20221101,1,1.0
2106,107,1787.9177131526767,17531.68506278916,1,0,False,0,20221101,1,1.0
2107,108,1787.7003757044458,18067.5,4,0,False,0,20221101,1,1.0
2108,109,1787.6027617212587,18599.59505459217,2,0,False,0,20221101,1,1.0
2109,110,1787.896238244514,19139.314420062696,4,1,False,0,20221101,1,1.0
2110,111,1788.4214157168567,19675.5,1,1,False,0,20221101,1,1.0
2111,112,1788.0925925925926,20211.5,3,0,False,0,20221101,1,1.0
2112,113,1788.083280955374,20754.94688874921,2,0,False,0,20221101,1,1.0
2113,114,1788.294468887492,21283.5,9,1,True,0,20221101,1,1.0
2114,115,1791.89588688946,12707.309768637531,0,0,False,0,20221101,1,1.0
2115,116,2231.304755944931,1199.5,0,0,True,0,20221101,1,1.0
2116,117,2231.6907151819323,1727.8764115432873,2,0,True,0,20221101,1,1.0
2117,118,2231.5,2263.5,3,1,False,0,20221101,1,1.0
2118,119,2231.5,2799.5,2,2,False,0,20221101,1,1.0
2119,120,2231.5,3335.5,2,0,False,0,20221101,1,1.0
2120,121,2231.5,3871.5,9,2,True,0,20221101,1,1.0
2121,122,2231.695244055069,4407.5,3,0,True,0,20221101,1,1.0
2122,123,2231.5,4943.5,5,0,True,0,20221101,1,1.0
2123,124,2231.5,5479.5,5,0,True,0,20221101,1,1.0
2124,125,2231.6000641436817,6011.402501603592,0,0,False,0,20221101,1,1.0
2125,126,2231.690476190476,6543.8859649122805,5,0,False,0,20221101,1,1.0
2126,127,2231.89588688946,7083.690231362468,6,0,False,0,20221101,1,1.0
2127,128,2232.077164366374,7623.5,3,0,False,0,20221101,1,1.0
2128,129,2231.8859649122805,8151.690476190476,7,1,False,0,20221101,1,1.0
2129,130,2232.1076618229854,8695.5,3,0,False,0,20221101,1,1.0
2130,131,2231.79543994862,9219.787732819525,2,1,False,0,20221101,1,1.0
2131,132,2232.182549903413,9755.968770122345,5,0,False,0,20221101,1,1.0
2132,133,2232.182549903413,10291.968770122345,2,1,False,0,20221101,1,1.0
2133,134,2232.082474226804,10828.067010309278,4,0,False,0,20221101,1,1.0
2134,135,2231.6902377972465,11375.304755944931,6,3,False,0,20221101,1,1.0
2135,136,2232.165411173886,11903.969554300063,1,0,False,0,20221101,1,1.0
2136,137,2231.7002567394097,12443.5,0,0,False,0,20221101,1,1.0
2137,138,2232.0817245817248,12972.06628056628,2,0,False,0,20221101,1,1.0
2138,139,2232.3332284455632,13504.529578351165,5,1,False,0,20221101,1,1.0
2139,140,2232.3332284455632,14040.529578351165,3,2,False,0,20221101,1,1.0
2140,141,2232.241104294478,14579.87791411043,6,0,False,0,20221101,1,1.0
2141,142,2232.0817245817248,15116.06628056628,4,1,False,0,20221101,1,1.0
2142,143,2231.9695543000626,15648.165411173886,2,0,False,0,20221101,1,1.0
2143,144,2231.8859649122805,16191.690476190475,0,0,False,0,20221101,1,1.0
2144,145,2231.7002567394097,16731.5,4,0,False,0,20221101,1,1.0
2145,146,2232.241104294478,17267.681595092025,7,0,False,0,20221101,1,1.0
2146,147,2232.053921568628,17796.06862745098,1,0,False,0,20221101,1,1.0
2147,148,2231.8859649122805,18335.69047619048,3,0,False,0,20221101,1,1.0
2148,149,2232.33629675046,18867.220416922133,3,1,False,0,20221101,1,1.0
2149,150,2231.79543994862,19403.787732819525,2,0,False,0,20221101,1,1.0
2150,151,2231.89588688946,19947.309768637533,3,1,False,0,20221101,1,1.0
2151,152,2232.33629675046,20483.220416922133,2,0,False,0,20221101,1,1.0
2152,153,2231.89588688946,21019.309768637533,1,0,False,0,20221101,1,1.0
2153,154,2674.93137254902,928.0539215686274,1,0,True,0,20221101,1,1.0
2154,155,2677.859493670886,1462.4012658227848,3,0,True,0,20221101,1,1.0
2155,156,2675.406919779547,1999.776791181874,7,0,False,0,20221101,1,1.0
2156,157,2674.90666247643,2531.489943431804,4,0,False,0,20221101,1,1.0
2157,158,2675.1173694147265,3068.04877281309,4,0,False,0,20221101,1,1.0
2158,159,2674.6416309012875,3607.7722256284487,1,1,True,0,20221101,1,1.0
2159,160,2678.221252257676,4135.150812763395,0,0,False,0,20221101,1,1.0
2160,161,2679.5,4679.5,6,0,False,0,20221101,1,1.0
2161,162,2678.2738452309536,5208.111877624475,0,0,False,0,20221101,1,1.0
2162,163,2679.5,5747.5,0,0,False,0,20221101,1,1.0
2163,164,2680.4987699877,6275.849323493235,2,0,False,0,20221101,1,1.0
2164,165,2679.882775119617,6815.5,2,0,False,0,20221101,1,1.0
2165,166,2680.2616766467067,7351.859281437126,1,0,False,0,20221101,1,1.0
2166,167,2680.236225087925,8427.317116060962,3,0,False,0,20221101,1,1.0
2167,168,2679.907035175879,8951.680904522613,11,1,False,0,20221101,1,1.0
2168,169,2679.211389385808,9487.774299344066,3,0,False,0,20221101,1,1.0
2169,170,2680.0693779904304,10024.04066985646,5,1,True,0,20221101,1,1.0
2170,171,2681.5253470126736,10560.709414604707,4,1,False,0,20221101,1,1.0
2171,172,2680.147574517826,11099.766510812393,9,1,False,0,20221101,1,1.0
2172,173,2680.1638705811865,12175.766027561414,9,2,False,0,20221101,1,1.0
2173,174,2680.093137254902,12707.5,2,0,False,0,20221101,1,1.0
2174,175,2680.0840490797545,13236.039877300613,9,0,True,0,20221101,1,1.0
2175,176,2679.796024464832,13771.774006116208,2,0,True,0,20221101,1,1.0
2176,177,2680.459409594096,14308.385608856088,5,1,False,0,20221101,1,1.0
2177,178,2679.896572827417,14851.681150550796,5,0,False,0,20221101,1,1.0
2178,179,2680.0840490797545,15380.039877300613,0,0,False,0,20221101,1,1.0
2179,180,2680.0693779904304,15920.04066985646,5,2,False,0,20221101,1,1.0
2180,181,2679.980573819486,16463.406754333533,3,1,False,0,20221101,1,1.0
2181,182,2679.896572827417,16995.681150550794,3,1,False,0,20221101,1,1.0
2182,183,2679.605602060528,17531.592723760463,1,0,False,0,20221101,1,1.0
2183,184,2679.9935543278084,18067.58348680172,1,0,False,0,20221101,1,1.0
2184,185,2679.80923947203,18599.42206159648,4,0,False,0,20221101,1,1.0
2185,186,2680.1876155268023,19139.214109673445,2,1,False,0,20221101,1,1.0
2186,187,2680.4227166276346,19675.5,2,0,False,0,20221101,1,1.0
2187,188,2679.700488997555,20211.5,2,0,True,0,20221101,1,1.0
2188,189,2679.7963870177587,20755.22565829761,3,0,True,0,20221101,1,1.0
2189,190,2680.093137254902,21283.5,0,0,False,0,20221101,1,1.0
2190,191,2683.602761721259,7887.595054592164,1,1,False,0,20221101,1,1.0
2191,192,2683.9025806451614,11639.5,6,2,False,0,20221101,1,1.0
2192,193,3130.359950859951,1199.5,0,0,False,0,20221101,1,1.0
2193,194,3125.668888888889,1728.9653968253967,2,1,False,0,20221101,1,1.0
2194,195,3131.397238278741,2263.5950545921646,1,0,False,0,20221101,1,1.0
2195,196,3127.2105097545627,2799.7794210195093,1,0,False,0,20221101,1,1.0
2196,197,3129.775092936803,3336.6995043370507,1,0,False,0,20221101,1,1.0
2197,198,3131.397238278741,3871.5950545921646,2,0,False,0,20221101,1,1.0
2198,199,3130.726600985221,4406.869458128079,6,1,False,0,20221101,1,1.0
2199,200,3130.9945196647323,4943.595422308188,1,0,False,0,20221101,1,1.0
2200,201,3131.402260232132,5479.404703726329,6,0,False,0,20221101,1,1.0
2201,202,3131.203889585948,6011.781053952322,2,0,False,0,20221101,1,1.0
2202,203,3131.1220858895704,6544.241104294479,4,0,False,0,20221101,1,1.0
2203,204,3131.6001251564458,7083.595118898624,4,0,True,0,20221101,1,1.0
2204,205,3131.5,7623.127450980392,1,0,True,0,20221101,1,1.0
2205,206,3131.5,8151.872549019607,2,0,False,0,20221101,1,1.0
2206,207,3131.5,8695.309768637531,4,0,False,0,20221101,1,1.0
2207,208,3131.6956112852663,9219.876175548588,7,1,True,0,20221101,1,1.0
2208,209,3131.7961104140527,9755.781053952322,4,1,False,0,20221101,1,1.0
2209,210,3131.7961104140527,10291.781053952322,3,1,False,0,20221101,1,1.0
2210,211,3131.5,10828.06246076585,4,1,False,0,20221101,1,1.0
2211,212,3131.779926335175,11374.854205033764,3,0,False,0,20221101,1,1.0
2212,213,3131.6909424724604,11903.686046511628,5,0,False,0,20221101,1,1.0
2213,214,3131.6002506265663,12443.40476190476,0,1,False,0,20221101,1,1.0
2214,215,3131.7961104140527,12971.781053952322,3,0,False,0,20221101,1,1.0
2215,216,3131.7795830778664,13504.33629675046,0,0,False,0,20221101,1,1.0
2216,217,3131.7795830778664,14040.33629675046,1,0,False,0,20221101,1,1.0
2217,218,3131.960431654676,14579.960431654676,3,0,False,0,20221101,1,1.0
2218,219,3131.6956112852663,15115.876175548588,4,1,False,0,20221101,1,1.0
2219,220,3131.5,15648.063035495716,1,1,False,0,20221101,1,1.0
2220,221,3131.8823529411766,16191.5,5,0,False,0,20221101,1,1.0
2221,222,3131.5,16731.30964308078,2,0,False,0,20221101,1,1.0
2222,223,3131.6862686567165,17267.313731343285,10,1,True,0,20221101,1,1.0
2223,224,3131.313953488372,17795.68604651163,6,1,False,0,20221101,1,1.0
2224,225,3131.6909424724604,18335.31395348837,0,0,False,0,20221101,1,1.0
2225,226,3131.68671454219,18867.68671454219,5,1,False,0,20221101,1,1.0
2226,227,3131.700375704446,19403.5,2,0,False,0,20221101,1,1.0
2227,228,3131.5,19947.5,1,0,False,0,20221101,1,1.0
2228,229,3131.782634730539,20482.661676646705,0,0,True,0,20221101,1,1.0
2229,230,3131.7961104140527,21019.21894604768,0,0,True,0,20221101,1,1.0
2230,231,3570.6416309012875,927.7722256284488,3,2,False,0,20221101,1,1.0
2231,232,3571.5,1463.5,1,0,False,0,20221101,1,1.0
2232,233,3569.9433497536947,2000.5147783251232,4,0,False,0,20221101,1,1.0
2233,234,3571.3043887147337,2531.1238244514107,2,0,False,0,20221101,1,1.0
2234,235,3571.8962382445143,3067.6855799373043,3,0,False,0,20221101,1,1.0
2235,236,3571.5,3607.309523809524,1,0,False,0,20221101,1,1.0
2236,237,3571.597620500305,4135.595179987798,0,0,False,0,20221101,1,1.0
2237,238,3571.5,4679.5,2,0,False,0,20221101,1,1.0
2238,239,3571.88630806846,5207.6858190709045,3,0,False,0,20221101,1,1.0
2239,240,3571.7961104140527,5747.590338770389,3,0,False,0,20221101,1,1.0
2240,241,3571.8962382445143,6275.314420062696,2,0,False,0,20221101,1,1.0
2241,242,3571.69536019536,6815.5,3,1,False,0,20221101,1,1.0
2242,243,3572.166258420086,7351.041947336191,1,0,False,0,20221101,1,1.0
2243,244,3571.7056555269924,7887.5,2,0,False,0,20221101,1,1.0
2244,245,3572.5167865707435,8427.404076738609,3,1,False,0,20221101,1,1.0
2245,246,3571.9066924066924,8951.685328185327,0,1,False,0,20221101,1,1.0
2246,247,3572.260736196319,9487.86809815951,2,0,False,0,20221101,1,1.0
2247,248,3572.260736196319,10023.86809815951,4,0,False,0,20221101,1,1.0
2248,249,3572.0686274509803,10560.053921568628,4,0,False,0,20221101,1,1.0
2249,250,3574.511180124224,11097.66645962733,2,0,False,0,20221101,1,1.0
2250,251,3572.00998068255,11639.404700579524,5,0,False,0,20221101,1,1.0
2251,252,3572.3583690987125,12175.227774371551,2,0,False,0,20221101,1,1.0
2252,253,3572.0925925925926,12707.5,2,0,False,0,20221101,1,1.0
2253,254,3572.0825486503454,13236.052416823602,4,1,False,0,20221101,1,1.0
2254,255,3571.8962382445143,13771.685579937304,4,1,True,0,20221101,1,1.0
2255,256,3572.183417085427,14307.957286432162,0,1,False,0,20221101,1,1.0
2256,257,3571.700375704446,14851.5,5,0,False,0,20221101,1,1.0
2257,258,3572.183417085427,15379.957286432162,0,0,False,0,20221101,1,1.0
2258,259,3572.3583690987125,15919.772225628449,1,0,False,0,20221101,1,1.0
2259,260,3571.88630806846,16463.314180929094,3,0,False,0,20221101,1,1.0
2260,261,3572.0925925925926,16995.5,2,0,True,0,20221101,1,1.0
2261,262,3571.6055408970974,17531.594986807388,1,0,False,0,20221101,1,1.0
2262,263,3571.6001251564458,18067.40488110137,4,0,True,0,20221101,1,1.0
2263,264,3571.602761721259,18599.59505459217,14,1,True,0,20221101,1,1.0
2264,265,3572.0925925925926,19139.5,2,0,False,0,20221101,1,1.0
2265,266,3572.5167865707435,19675.59592326139,3,0,False,0,20221101,1,1.0
2266,267,3572.0925925925926,20211.5,2,0,False,0,20221101,1,1.0
2267,268,3572.183417085427,20755.04271356784,2,2,False,0,20221101,1,1.0
2268,269,3572.0925925925926,21283.5,3,0,True,0,20221101,1,1.0
2269,270,4023.1235884567127,1199.1135508155585,2,2,False,0,20221101,1,1.0
2270,271,4023.4024390243903,1727.5975609756097,0,0,False,0,20221101,1,1.0
2271,272,4023.5,2263.5,5,1,False,0,20221101,1,1.0
2272,273,4023.5,2799.304755944931,1,0,False,0,20221101,1,1.0
2273,274,4023.22057898049,3335.7794210195093,2,1,False,0,20221101,1,1.0
2274,275,4023.6026991441736,3871.597432521396,1,0,False,0,20221101,1,1.0
2275,276,4023.6911949685536,4407.308805031446,1,0,False,0,20221101,1,1.0
2276,277,4023.3973008558255,4943.597432521396,2,0,False,0,20221101,1,1.0
2277,278,4023.690476190476,5479.11403508772,2,0,False,0,20221101,1,1.0
2278,279,4023.6000641436817,6011.597498396408,8,0,False,0,20221101,1,1.0
2279,280,4023.690476190476,6543.8859649122805,2,0,False,0,20221101,1,1.0
2280,281,4023.7002567394097,7083.5,3,0,False,0,20221101,1,1.0
2281,282,4023.7884012539184,7623.211598746081,1,0,False,0,20221101,1,1.0
2282,283,4023.885964912281,8151.690476190476,6,1,False,0,20221101,1,1.0
2283,284,4023.6026991441736,8695.402567478604,2,0,False,0,20221101,1,1.0
2284,285,4023.7954399486193,9219.787732819525,4,1,False,0,20221101,1,1.0
2285,286,4023.89588688946,9755.690231362469,5,2,False,0,20221101,1,1.0
2286,287,4023.89588688946,10291.690231362469,5,0,True,0,20221101,1,1.0
2287,288,4023.6953727506425,10827.885604113111,2,0,False,0,20221101,1,1.0
2288,289,4023.7884012539184,11375.211598746082,3,0,False,0,20221101,1,1.0
2289,290,4023.885964912281,11903.690476190475,1,0,False,0,20221101,1,1.0
2290,291,4023.7002567394097,12443.5,1,0,False,0,20221101,1,1.0
2291,292,4023.7954399486193,12971.787732819525,1,0,False,0,20221101,1,1.0
2292,293,4023.969554300063,13504.165411173886,3,1,False,0,20221101,1,1.0
2293,294,4023.885964912281,14039.690476190475,4,1,False,0,20221101,1,1.0
2294,295,4023.87652811736,14579.690709046456,3,0,False,0,20221101,1,1.0
2295,296,4023.7954399486193,15115.787732819525,3,0,False,0,20221101,1,1.0
2296,297,4023.5975609756097,15647.40243902439,0,0,False,0,20221101,1,1.0
2297,298,4023.5,16191.5,2,0,False,0,20221101,1,1.0
2298,299,4023.6000641436817,16731.402501603592,2,1,False,0,20221101,1,1.0
2299,300,4023.4048200122015,17267.402379499694,2,1,False,0,20221101,1,1.0
2300,301,4024.053921568628,17796.06862745098,0,0,True,0,20221101,1,1.0
2301,302,4023.695244055069,18335.5,1,0,True,0,20221101,1,1.0
2302,303,4023.5,18867.5,1,0,False,0,20221101,1,1.0
2303,304,4023.6000641436817,19403.597498396408,0,0,False,0,20221101,1,1.0
2304,305,4023.89588688946,19947.309768637533,0,0,False,0,20221101,1,1.0
2305,306,4023.314180929096,20483.11369193154,3,1,False,0,20221101,1,1.0
2306,307,4023.6000641436817,21019.402501603592,3,0,False,0,20221101,1,1.0
2307,308,4467.308588957055,927.6865030674846,5,0,False,0,20221101,1,1.0
2308,309,4467.6027617212585,1463.5950545921644,0,0,False,0,20221101,1,1.0
2309,310,4467.69094247246,1999.686046511628,4,0,True,0,20221101,1,1.0
2310,311,4467.5,2531.5,0,0,False,0,20221101,1,1.0
2311,312,4467.103264281231,3067.133396107972,0,1,False,0,20221101,1,1.0
2312,313,4467.597620500305,3607.5951799877976,0,0,False,0,20221101,1,1.0
2313,314,4468.0700245700245,4135.490171990172,2,0,False,0,20221101,1,1.0
2314,315,4467.790461538461,4678.6704615384615,2,1,False,0,20221101,1,1.0
2315,316,4467.220416922134,5207.772225628449,0,0,False,0,20221101,1,1.0
2316,317,4467.600250626567,5747.4047619047615,5,0,False,0,20221101,1,1.0
2317,318,4467.695611285267,6275.876175548589,2,1,False,0,20221101,1,1.0
2318,319,4468.067931456549,6814.9467564259485,3,2,False,0,20221101,1,1.0
2319,320,4467.69094247246,7351.686046511628,3,0,False,0,20221101,1,1.0
2320,321,4467.705655526992,7887.5,4,0,False,0,20221101,1,1.0
2321,322,4467.9604316546765,8427.039568345324,2,1,False,0,20221101,1,1.0
2322,323,4467.803536977492,8951.78038585209,2,0,False,0,20221101,1,1.0
2323,324,4467.779926335175,9488.145794966236,3,0,False,0,20221101,1,1.0
2324,325,4467.970876762723,10023.958614347026,4,0,False,0,20221101,1,1.0
2325,326,4467.779926335175,10560.145794966236,3,0,False,0,20221101,1,1.0
2326,327,4467.773709483794,11099.773709483794,10,0,False,0,20221101,1,1.0
2327,328,4467.705655526992,11639.5,8,0,False,0,20221101,1,1.0
2328,329,4467.691411042945,12175.313496932517,2,1,False,0,20221101,1,1.0
2329,330,4467.992462311558,12707.404522613066,3,1,False,0,20221101,1,1.0
2330,331,4467.982412060302,13236.14824120603,3,0,False,0,20221101,1,1.0
2331,332,4467.695611285267,13771.876175548588,4,0,False,0,20221101,1,1.0
2332,333,4467.78679245283,14308.335220125786,4,0,False,0,20221101,1,1.0
2333,334,4467.700375704446,14851.5,5,0,False,0,20221101,1,1.0
2334,335,4467.695611285267,15379.876175548588,6,0,False,0,20221101,1,1.0
2335,336,4467.69094247246,15919.686046511628,2,0,False,0,20221101,1,1.0
2336,337,4467.597979179424,16463.03214941825,4,1,False,0,20221101,1,1.0
2337,338,4467.796110414053,16995.590338770387,3,1,False,0,20221101,1,1.0
2338,339,4467.812169312169,17531.589947089946,1,0,False,0,20221101,1,1.0
2339,340,4467.304143126177,18067.314187068423,2,0,False,0,20221101,1,1.0
2340,341,4467.6027617212585,18599.59505459217,1,0,False,0,20221101,1,1.0
2341,342,4467.992462311558,19139.59547738693,5,1,False,0,20221101,1,1.0
2342,343,4467.9604316546765,19675.586330935253,2,0,False,0,20221101,1,1.0
2343,344,4467.992462311558,20211.404522613066,0,3,False,0,20221101,1,1.0
2344,345,4467.695611285267,20755.87617554859,2,0,False,0,20221101,1,1.0
2345,346,4467.600250626567,21283.404761904763,1,0,False,0,20221101,1,1.0
2346,347,4910.279048765804,1198.8762793497892,2,0,False,0,20221101,1,1.0
2347,348,4909.975961538462,1726.3557692307693,6,1,True,0,20221101,1,1.0
2348,349,4911.294228356336,2263.5,1,0,True,0,20221101,1,1.0
2349,350,4910.738323353294,2799.859281437126,4,1,False,0,20221101,1,1.0
2350,351,4910.551497005988,3335.32754491018,5,1,True,0,20221101,1,1.0
2351,352,4911.092964824121,3871.680904522613,5,0,True,0,20221101,1,1.0
2352,353,4911.308383233533,4407.317964071856,0,1,False,0,20221101,1,1.0
2353,354,4911.298994974874,4943.133165829146,0,0,False,0,20221101,1,1.0
2354,355,4911.308841099164,5479.318399044206,0,0,False,0,20221101,1,1.0
2355,356,4911.696078431372,6011.318627450981,2,0,False,0,20221101,1,1.0
2356,357,4911.308383233533,6543.682035928144,2,0,True,0,20221101,1,1.0
2357,358,4911.796387017759,7083.225658297612,0,0,False,0,20221101,1,1.0
2358,359,4912.070743405276,7622.958033573142,0,1,False,0,20221101,1,1.0
2359,360,4911.5,8151.5,9,0,False,0,20221101,1,1.0
2360,361,4911.5,8694.951572327043,0,0,False,0,20221101,1,1.0
2361,362,4911.696078431372,9219.68137254902,0,0,False,0,20221101,1,1.0
2362,363,4911.69656019656,9755.681818181818,3,0,False,0,20221101,1,1.0
2363,364,4911.5,10291.863190184047,3,1,False,0,20221101,1,1.0
2364,365,4911.5,10827.863190184047,9,1,True,0,20221101,1,1.0
2365,366,4911.5,11374.602040816326,2,1,False,0,20221101,1,1.0
2366,367,4911.780407429598,11902.869682444578,4,1,False,0,20221101,1,1.0
2367,368,4911.600551808707,12443.043838136113,6,0,False,0,20221101,1,1.0
2368,369,4911.696078431372,12971.68137254902,1,0,False,0,20221101,1,1.0
2369,370,4911.780407429598,13504.130317555422,1,1,False,0,20221101,1,1.0
2370,371,4911.780407429598,14040.130317555422,5,0,False,0,20221101,1,1.0
2371,372,4911.774165202109,14579.232864674868,7,0,False,0,20221101,1,1.0
2372,373,4911.696078431372,15115.68137254902,1,1,False,0,20221101,1,1.0
2373,374,4911.780407429598,15648.130317555422,5,0,False,0,20221101,1,1.0
2374,375,4911.5,16191.136363636364,3,0,False,0,20221101,1,1.0
2375,376,4911.5,16731.5,1,0,False,0,20221101,1,1.0
2376,377,4911.869158878505,17266.77570093458,3,3,True,0,20221101,1,1.0
2377,378,4911.877182770663,17795.681606519207,4,0,True,0,20221101,1,1.0
2378,379,4912.261676646706,18335.32754491018,3,0,True,0,20221101,1,1.0
2379,380,4912.056725146199,18867.49064327485,0,0,False,0,20221101,1,1.0
2380,381,4911.696078431372,19403.68137254902,1,0,False,0,20221101,1,1.0
2381,382,4911.796387017759,19947.22565829761,2,0,False,0,20221101,1,1.0
2382,383,4911.961088355763,20483.050614394386,2,1,False,0,20221101,1,1.0
2383,384,4911.888206388207,21018.77764127764,1,0,False,0,20221101,1,1.0
2384,385,5354.359950859951,927.5,2,0,False,0,20221101,1,1.0
2385,386,5355.3972382787415,1463.4049454078356,3,0,False,0,20221101,1,1.0
2386,387,5354.355036855037,1999.8341523341523,0,0,False,0,20221101,1,1.0
2387,388,5355.103761755486,2531.314420062696,0,0,False,0,20221101,1,1.0
2388,389,5355.299624295554,3067.5,0,0,False,0,20221101,1,1.0
2389,390,5355.5,3607.309523809524,4,0,False,0,20221101,1,1.0
2390,391,5355.5,4135.5,1,0,False,0,20221101,1,1.0
2391,392,5355.87791411043,4678.758895705521,1,0,False,0,20221101,1,1.0
2392,393,5355.69094247246,5207.313953488372,3,1,False,0,20221101,1,1.0
2393,394,5355.695611285267,5747.123824451411,3,0,False,0,20221101,1,1.0
2394,395,5355.600250626567,6275.4047619047615,6,0,True,0,20221101,1,1.0
2395,396,5355.5,6815.1274509803925,1,0,True,0,20221101,1,1.0
2396,397,5355.597739767868,7351.404703726329,3,0,False,0,20221101,1,1.0
2397,398,5355.6027617212585,7887.404945407836,3,0,False,0,20221101,1,1.0
2398,399,5355.868641532017,8426.757929383602,2,0,False,0,20221101,1,1.0
2399,400,5355.6027617212585,8951.595054592164,1,0,False,0,20221101,1,1.0
2400,401,5355.69094247246,9487.686046511628,4,0,False,0,20221101,1,1.0
2401,402,5355.882352941177,10023.5,0,0,False,0,20221101,1,1.0
2402,403,5355.788685015291,10559.781345565749,3,0,False,0,20221101,1,1.0
2403,404,5355.87298266587,11099.5,9,1,False,0,20221101,1,1.0
2404,405,5355.803536977492,11639.21961414791,2,1,False,0,20221101,1,1.0
2405,406,5355.788685015291,12175.218654434251,3,0,False,0,20221101,1,1.0
2406,407,5355.796110414053,12707.218946047678,5,2,False,0,20221101,1,1.0
2407,408,5355.896238244514,13235.685579937304,1,0,False,0,20221101,1,1.0
2408,409,5355.700375704446,13771.5,1,0,True,0,20221101,1,1.0
2409,410,5355.796110414053,14307.781053952322,6,1,True,0,20221101,1,1.0
2410,411,5355.600125156446,14851.404881101376,7,3,True,0,20221101,1,1.0
2411,412,5355.700375704446,15379.5,3,0,False,0,20221101,1,1.0
2412,413,5355.88630806846,15919.685819070904,4,1,False,0,20221101,1,1.0
2413,414,5355.5,16462.936964504283,2,0,False,0,20221101,1,1.0
2414,415,5355.896238244514,16995.314420062696,1,0,False,0,20221101,1,1.0
2415,416,5355.917713152677,17531.31493721084,2,1,False,0,20221101,1,1.0
2416,417,5355.795739348371,18067.21929824561,4,0,False,0,20221101,1,1.0
2417,418,5355.6027617212585,18599.59505459217,3,1,False,0,20221101,1,1.0
2418,419,5355.700375704446,19139.5,2,0,False,0,20221101,1,1.0
2419,420,5355.968339307049,19675.40442054958,2,1,False,0,20221101,1,1.0
2420,421,5355.600125156446,20211.40488110137,0,1,True,0,20221101,1,1.0
2421,422,5355.795739348371,20755.21929824561,2,1,False,0,20221101,1,1.0
2422,423,5355.700375704446,21283.5,0,0,False,0,20221101,1,1.0
2423,424,5806.541916167665,1199.3179640718563,1,0,False,0,20221101,1,1.0
2424,425,5806.328331332533,1727.2454981992796,2,1,False,0,20221101,1,1.0
2425,426,5806.901257861635,2262.9616352201256,6,1,False,0,20221101,1,1.0
2426,427,5807.019426180514,2799.4067543335327,3,1,False,0,20221101,1,1.0
2427,428,5807.204504504504,3335.262162162162,1,0,False,0,20221101,1,1.0
2428,429,5807.705771643664,3871.5,2,1,False,0,20221101,1,1.0
2429,430,5807.308383233533,4407.317964071856,2,0,False,0,20221101,1,1.0
2430,431,5807.397049591965,4943.407093534212,0,0,False,0,20221101,1,1.0
2431,432,5807.5,5479.136363636364,2,0,False,0,20221101,1,1.0
2432,433,5807.5,6011.5,4,0,False,0,20221101,1,1.0
2433,434,5807.317964071856,6544.223353293413,6,1,False,0,20221101,1,1.0
2434,435,5807.303921568628,7083.318627450981,1,0,False,0,20221101,1,1.0
2435,436,5807.5,7623.136363636364,1,0,False,0,20221101,1,1.0
2436,437,5807.5,8151.5,4,1,False,0,20221101,1,1.0
2437,438,5807.5,8694.951572327043,1,0,False,0,20221101,1,1.0
2438,439,5807.399448191293,9219.956161863887,3,1,False,0,20221101,1,1.0
2439,440,5807.303921568628,9755.68137254902,2,0,False,0,20221101,1,1.0
2440,441,5807.5,10291.863190184047,4,0,False,0,20221101,1,1.0
2441,442,5807.5,10827.863190184047,0,0,False,0,20221101,1,1.0
2442,443,5807.5,11374.602040816326,2,0,False,0,20221101,1,1.0
2443,444,5807.691616766467,11903.317964071855,3,0,False,0,20221101,1,1.0
2444,445,5807.600551808707,12443.043838136113,4,0,False,0,20221101,1,1.0
2445,446,5807.696078431372,12971.68137254902,1,0,False,0,20221101,1,1.0
2446,447,5807.5,13503.863636363636,3,0,False,0,20221101,1,1.0
2447,448,5807.780407429598,14040.130317555422,2,60,False,0,20221101,1,1.0
2448,449,5807.5,14579.5,1,0,False,0,20221101,1,1.0
2449,450,5807.5,15115.5,4,0,False,0,20221101,1,1.0
2450,451,5807.308383233533,15647.682035928145,0,0,False,0,20221101,1,1.0
2451,452,5807.219592570402,16190.869682444578,6,1,False,0,20221101,1,1.0
2452,453,5807.203975535168,16731.225993883792,3,1,False,0,20221101,1,1.0
2453,454,5808.315897136177,17266.518118059616,1,0,False,0,20221101,1,1.0
2454,455,5807.5,17795.5,6,1,False,0,20221101,1,1.0
2455,456,5807.598027495517,18335.04333532576,3,0,False,0,20221101,1,1.0
2456,457,5807.686915887851,18867.317757009347,1,0,True,0,20221101,1,1.0
2457,458,5807.399694189602,19403.59296636085,3,1,True,0,20221101,1,1.0
2458,459,5807.600551808707,19947.04383813612,3,1,True,0,20221101,1,1.0
2459,460,5807.322429906542,20482.59813084112,5,1,False,0,20221101,1,1.0
2460,461,5807.600551808707,21019.04383813612,3,0,False,0,20221101,1,1.0
2461,462,6248.491920447483,929.41671845867,0,0,True,0,20221101,1,1.0
2462,463,6250.684516129032,1463.5,0,0,True,0,20221101,1,1.0
2463,464,6250.062461538461,1999.2710769230769,0,0,False,0,20221101,1,1.0
2464,465,6246.90797940798,2531.5,5,0,False,0,20221101,1,1.0
2465,466,6251.103761755486,3067.6855799373043,2,1,False,0,20221101,1,1.0
2466,467,6251.402379499695,3607.4048200122015,0,0,False,0,20221101,1,1.0
2467,468,6251.30905752754,4135.686046511628,2,2,False,0,20221101,1,1.0
2468,469,6251.788685015291,4679.21865443425,4,0,False,0,20221101,1,1.0
2469,470,6251.882352941177,5207.5,3,1,False,0,20221101,1,1.0
2470,471,6251.600250626567,5747.4047619047615,4,1,False,0,20221101,1,1.0
2471,472,6251.600250626567,6275.595238095239,2,0,False,0,20221101,1,1.0
2472,473,6251.5,6815.1274509803925,1,0,False,0,20221101,1,1.0
2473,474,6251.5,7351.5,3,0,False,0,20221101,1,1.0
2474,475,6251.6027617212585,7887.404945407836,6,1,False,0,20221101,1,1.0
2475,476,6251.773053892216,8426.853293413174,0,0,False,0,20221101,1,1.0
2476,477,6251.5,8951.690231362469,2,0,False,0,20221101,1,1.0
2477,478,6251.5,9487.872549019608,0,0,False,0,20221101,1,1.0
2478,479,6251.5,10023.872549019608,0,0,False,0,20221101,1,1.0
2479,480,6251.69094247246,10559.686046511628,2,2,False,0,20221101,1,1.0
2480,481,6251.87298266587,11099.5,1,0,False,0,20221101,1,1.0
2481,482,6251.6027617212585,11639.404945407836,1,0,False,0,20221101,1,1.0
2482,483,6251.597979179424,12175.032149418248,1,0,False,0,20221101,1,1.0
2483,484,6251.796110414053,12707.218946047678,1,1,False,0,20221101,1,1.0
2484,485,6251.896238244514,13235.685579937304,5,2,False,0,20221101,1,1.0
2485,486,6251.600125156446,13771.595118898624,1,0,False,0,20221101,1,1.0
2486,487,6251.795739348371,14307.780701754386,1,0,False,0,20221101,1,1.0
2487,488,6251.5,14851.309643080776,3,0,False,0,20221101,1,1.0
2488,489,6251.600250626567,15379.40476190476,1,0,False,0,20221101,1,1.0
2489,490,6251.5,15919.5,2,0,False,0,20221101,1,1.0
2490,491,6251.5,16462.389434889436,0,0,False,0,20221101,1,1.0
2491,492,6251.5,16995.30964308078,1,1,False,0,20221101,1,1.0
2492,493,6251.605540897098,17531.405013192612,0,0,False,0,20221101,1,1.0
2493,494,6251.5,18066.93753923415,5,0,False,0,20221101,1,1.0
2494,495,6251.5,18599.5,4,1,False,0,20221101,1,1.0
2495,496,6251.5,19139.30964308078,2,0,False,0,20221101,1,1.0
2496,497,6251.5,19675.12701733413,2,0,False,0,20221101,1,1.0
2497,498,6251.5,20211.30964308078,4,0,False,0,20221101,1,1.0
2498,499,6251.399874843554,20755.40488110137,2,1,False,0,20221101,1,1.0
2499,500,6251.600250626567,21283.404761904763,4,0,False,0,20221101,1,1.0
2000,1,899.004835589942,1464.1473243068988,2,0,False,1,20221101,2,1.0
2001,2,898.7570725707257,2000.5971709717096,0,0,False,1,20221101,2,1.0
2002,3,899.2132075471698,2532.3352201257862,2,0,False,1,20221101,2,1.0
2003,4,899.2132075471698,3068.3352201257862,0,1,False,1,20221101,2,1.0
2004,5,899.4020208205757,3607.967850581752,1,0,False,1,20221101,2,1.0
2005,6,899.2204169221336,4136.33629675046,0,0,False,1,20221101,2,1.0
2006,7,899.4020208205757,4679.967850581751,0,1,False,1,20221101,2,1.0
2007,8,899.7795830778664,5208.33629675046,0,0,False,1,20221101,2,1.0
2008,9,899.6956112852664,5747.876175548589,1,0,False,1,20221101,2,1.0
2009,10,899.204260651629,6275.7807017543855,1,1,False,1,20221101,2,1.0
2010,11,899.8779141104294,6816.241104294479,0,0,False,1,20221101,2,1.0
2011,12,900.0686274509804,7352.053921568628,0,0,False,1,20221101,2,1.0
2012,13,900.3051612903225,7887.866451612903,2,2,False,1,20221101,2,1.0
2013,14,900.6003003003003,8428.206306306307,0,0,False,1,20221101,2,1.0
2014,15,900.0979381443299,8952.051546391753,0,0,False,1,20221101,2,1.0
2015,16,900.2429274292743,9488.59717097171,1,0,False,1,20221101,2,1.0
2016,17,901.4233621755252,10024.187268232386,3,0,False,1,20221101,2,1.0
2017,18,901.0743368291178,10560.657310302282,2,1,False,1,20221101,2,1.0
2018,19,900.5989802039592,11100.224655068989,1,0,False,1,20221101,2,1.0
2019,20,899.7005141388174,11639.690231362469,1,0,False,1,20221101,2,1.0
2020,21,901.428306551298,12176.889369592089,0,2,False,1,20221101,2,1.0
2021,22,900.3805031446541,12707.771698113207,0,0,False,1,20221101,2,1.0
2022,23,900.3564231738035,13236.502518891688,0,0,False,1,20221101,2,1.0
2023,24,899.9824120603015,13772.14824120603,0,0,False,1,20221101,2,1.0
2024,25,900.1607818411097,14308.690416141237,1,0,True,1,20221101,2,1.0
2025,26,899.896238244514,14851.685579937304,1,1,False,1,20221101,2,1.0
2026,27,899.9824120603015,15380.14824120603,0,0,False,1,20221101,2,1.0
2027,28,899.7795830778664,15920.33629675046,1,2,False,1,20221101,2,1.0
2028,29,899.6909424724602,16463.68604651163,0,1,False,1,20221101,2,1.0
2029,30,899.6956112852664,16995.87617554859,2,0,False,1,20221101,2,1.0
2030,31,899.6055408970976,17531.594986807388,2,0,False,1,20221101,2,1.0
2031,32,899.5,18067.5,0,0,False,1,20221101,2,1.0
2032,33,899.5,18599.690231362467,0,0,False,1,20221101,2,1.0
2033,34,899.6002506265664,19139.404761904763,0,0,False,1,20221101,2,1.0
2034,35,900.1467065868263,19675.226946107785,1,3,False,1,20221101,2,1.0
2035,36,900.0925925925926,20211.5,2,2,True,1,20221101,2,1.0
2036,37,900.1842767295598,20754.86603773585,0,0,False,1,20221101,2,1.0
2037,38,903.89588688946,21283.309768637533,0,0,True,1,20221101,2,1.0
2038,39,1342.8345888261142,1199.9695543000628,1,1,False,1,20221101,2,1.0
2039,40,1343.293710691824,1728.4610062893082,0,0,False,1,20221101,2,1.0
2040,41,1343.1967699406723,2263.78740936058,2,2,False,1,20221101,2,1.0
2041,42,1343.2115987460816,2799.7884012539184,0,0,False,1,20221101,2,1.0
2042,43,1343.211959924859,3335.788040075141,0,0,False,1,20221101,2,1.0
2043,44,1343.5,3871.694993412385,0,0,False,1,20221101,2,1.0
2044,45,1343.5,4407.6952440550685,0,0,False,1,20221101,2,1.0
2045,46,1343.5,4943.5,1,0,False,1,20221101,2,1.0
2046,47,1343.5975609756097,5479.59756097561,0,0,False,1,20221101,2,1.0
2047,48,1343.5951768488746,6011.788102893891,1,1,False,1,20221101,2,1.0
2048,49,1343.7790697674418,6544.357322438717,0,0,False,1,20221101,2,1.0
2049,50,1343.7002567394095,7083.5,0,0,False,1,20221101,2,1.0
2050,51,1344.0771643663738,7623.5,0,0,False,1,20221101,2,1.0
2051,52,1343.7884012539184,8151.788401253919,0,0,False,1,20221101,2,1.0
2052,53,1343.705533596838,8695.5,3,2,False,1,20221101,2,1.0
2053,54,1343.6953727506427,9219.885604113111,0,1,False,1,20221101,2,1.0
2054,55,1343.89588688946,9755.690231362469,3,2,False,1,20221101,2,1.0
2055,56,1343.399935856318,10291.597498396408,1,2,False,1,20221101,2,1.0
2056,57,1344.0824742268042,10828.067010309278,1,0,False,1,20221101,2,1.0
2057,58,1344.4319899244333,11374.568010075567,1,0,False,1,20221101,2,1.0
2058,59,1343.8859649122808,11903.690476190475,1,0,False,1,20221101,2,1.0
2059,60,1343.89588688946,12443.309768637531,1,1,False,1,20221101,2,1.0
2060,61,1343.89588688946,12971.690231362469,1,1,False,1,20221101,2,1.0
2061,62,1343.690476190476,13503.88596491228,0,1,False,1,20221101,2,1.0
2062,63,1343.8859649122808,14039.690476190475,2,1,False,1,20221101,2,1.0
2063,64,1343.4044703000611,14579.402020820577,1,0,False,1,20221101,2,1.0
2064,65,1343.6953727506427,15115.885604113111,0,0,False,1,20221101,2,1.0
2065,66,1343.690476190476,15647.88596491228,2,3,False,1,20221101,2,1.0
2066,67,1343.7884012539184,16191.788401253918,1,0,False,1,20221101,2,1.0
2067,68,1343.399935856318,16731.402501603592,2,0,False,1,20221101,2,1.0
2068,69,1343.6865030674846,17267.308588957054,0,1,False,1,20221101,2,1.0
2069,70,1343.5955296999389,17795.98009797918,1,0,False,1,20221101,2,1.0
2070,71,1343.5975609756097,18335.40243902439,1,0,False,1,20221101,2,1.0
2071,72,1343.5,18867.88235294117,1,3,False,1,20221101,2,1.0
2072,73,1343.5,19403.5,1,0,False,1,20221101,2,1.0
2073,74,1343.89588688946,19947.309768637533,2,0,False,1,20221101,2,1.0
2074,75,1344.0539215686274,20482.93137254902,1,3,False,1,20221101,2,1.0
2075,76,1344.1825499034128,21019.03122987765,1,2,False,1,20221101,2,1.0
2076,77,1786.8558696988323,928.6923786109404,0,1,False,1,20221101,2,1.0
2077,78,1786.6937984496124,1464.37338501292,0,0,False,1,20221101,2,1.0
2078,79,1786.9313725490197,2000.053921568628,0,1,False,1,20221101,2,1.0
2079,80,1787.2038895859473,2531.781053952321,1,0,False,1,20221101,2,1.0
2080,81,1786.442065491184,3068.3110831234258,0,0,True,1,20221101,2,1.0
2081,82,1787.970300061237,3608.149112063688,0,0,False,1,20221101,2,1.0
2082,83,1787.5979791794243,4135.967850581751,1,1,False,1,20221101,2,1.0
2083,84,1787.2204169221336,4679.772225628449,0,0,False,1,20221101,2,1.0
2084,85,1787.029699938763,5208.149112063687,1,1,False,1,20221101,2,1.0
2085,86,1787.882149591452,5748.053111250786,2,0,False,1,20221101,2,1.0
2086,87,1787.9753476611884,6276.870417193426,0,0,False,1,20221101,2,1.0
2087,88,1788.0700245700243,6816.055282555282,1,0,False,1,20221101,2,1.0
2088,89,1788.0686274509803,7352.053921568628,1,0,False,1,20221101,2,1.0
2089,90,1787.9066924066924,7887.685328185328,1,1,False,1,20221101,2,1.0
2090,91,1788.4214157168567,8427.5,4,2,False,1,20221101,2,1.0
2091,92,1788.8411003236247,8951.057281553398,0,1,False,1,20221101,2,1.0
2092,93,1788.9590264941469,9488.74460874923,0,0,False,1,20221101,2,1.0
2093,94,1788.5325752919484,10024.31868469576,0,1,False,1,20221101,2,1.0
2094,95,1789.3282890673256,10560.925571340333,0,0,False,1,20221101,2,1.0
2095,96,1788.2420706163973,11099.868641532015,1,0,False,1,20221101,2,1.0
2096,97,1788.1082474226805,11639.5,1,0,False,1,20221101,2,1.0
2097,98,1788.8382533825338,12175.657441574416,1,0,False,1,20221101,2,1.0
2098,99,1788.3636363636365,13236.671717171715,0,1,False,1,20221101,2,1.0
2099,100,1788.083280955374,13772.053111250783,1,1,False,1,20221101,2,1.0
2100,101,1788.26214511041,14308.5952681388,3,1,False,1,20221101,2,1.0
2101,102,1788.0925925925926,14851.5,1,0,False,1,20221101,2,1.0
2102,103,1787.887665198238,15380.240088105727,1,1,False,1,20221101,2,1.0
2103,104,1787.8779141104294,15920.24110429448,0,1,False,1,20221101,2,1.0
2104,105,1787.7886850152904,16463.409480122325,2,0,True,1,20221101,2,1.0
2105,106,1787.795739348371,16995.780701754386,0,1,False,1,20221101,2,1.0
2106,107,1787.9177131526767,17531.68506278916,0,1,False,1,20221101,2,1.0
2107,108,1787.7003757044458,18067.5,2,0,False,1,20221101,2,1.0
2108,109,1787.6027617212587,18599.59505459217,1,1,False,1,20221101,2,1.0
2109,110,1787.896238244514,19139.314420062696,1,0,False,1,20221101,2,1.0
2110,111,1788.4214157168567,19675.5,0,0,False,1,20221101,2,1.0
2111,112,1788.0925925925926,20211.5,0,0,False,1,20221101,2,1.0
2112,113,1788.083280955374,20754.94688874921,1,1,False,1,20221101,2,1.0
2113,114,1788.294468887492,21283.5,2,99,False,1,20221101,2,1.0
2114,115,1791.89588688946,12707.309768637531,0,0,False,1,20221101,2,1.0
2115,116,2231.304755944931,1199.5,0,1,False,1,20221101,2,1.0
2116,117,2231.6907151819323,1727.8764115432873,2,0,False,1,20221101,2,1.0
2117,118,2231.5,2263.5,1,0,True,1,20221101,2,1.0
2118,119,2231.5,2799.5,1,0,True,1,20221101,2,1.0
2119,120,2231.5,3335.5,0,0,False,1,20221101,2,1.0
2120,121,2231.5,3871.5,0,0,True,1,20221101,2,1.0
2121,122,2231.695244055069,4407.5,0,0,False,1,20221101,2,1.0
2122,123,2231.5,4943.5,0,1,False,1,20221101,2,1.0
2123,124,2231.5,5479.5,0,0,False,1,20221101,2,1.0
2124,125,2231.6000641436817,6011.402501603592,0,0,False,1,20221101,2,1.0
2125,126,2231.690476190476,6543.8859649122805,0,2,False,1,20221101,2,1.0
2126,127,2231.89588688946,7083.690231362468,0,1,False,1,20221101,2,1.0
2127,128,2232.077164366374,7623.5,0,0,True,1,20221101,2,1.0
2128,129,2231.8859649122805,8151.690476190476,2,0,True,1,20221101,2,1.0
2129,130,2232.1076618229854,8695.5,1,2,False,1,20221101,2,1.0
2130,131,2231.79543994862,9219.787732819525,0,2,False,1,20221101,2,1.0
2131,132,2232.182549903413,9755.968770122345,0,0,False,1,20221101,2,1.0
2132,133,2232.182549903413,10291.968770122345,0,0,False,1,20221101,2,1.0
2133,134,2232.082474226804,10828.067010309278,1,1,False,1,20221101,2,1.0
2134,135,2231.6902377972465,11375.304755944931,1,0,False,1,20221101,2,1.0
2135,136,2232.165411173886,11903.969554300063,1,1,False,1,20221101,2,1.0
2136,137,2231.7002567394097,12443.5,0,0,False,1,20221101,2,1.0
2137,138,2232.0817245817248,12972.06628056628,1,0,False,1,20221101,2,1.0
2138,139,2232.3332284455632,13504.529578351165,0,0,False,1,20221101,2,1.0
2139,140,2232.3332284455632,14040.529578351165,1,0,False,1,20221101,2,1.0
2140,141,2232.241104294478,14579.87791411043,0,0,False,1,20221101,2,1.0
2141,142,2232.0817245817248,15116.06628056628,0,0,True,1,20221101,2,1.0
2142,143,2231.9695543000626,15648.165411173886,0,0,True,1,20221101,2,1.0
2143,144,2231.8859649122805,16191.690476190475,0,0,False,1,20221101,2,1.0
2144,145,2231.7002567394097,16731.5,0,0,False,1,20221101,2,1.0
2145,146,2232.241104294478,17267.681595092025,3,1,False,1,20221101,2,1.0
2146,147,2232.053921568628,17796.06862745098,0,1,False,1,20221101,2,1.0
2147,148,2231.8859649122805,18335.69047619048,1,0,False,1,20221101,2,1.0
2148,149,2232.33629675046,18867.220416922133,1,0,False,1,20221101,2,1.0
2149,150,2231.79543994862,19403.787732819525,3,0,False,1,20221101,2,1.0
2150,151,2231.89588688946,19947.309768637533,0,0,False,1,20221101,2,1.0
2151,152,2232.33629675046,20483.220416922133,2,1,False,1,20221101,2,1.0
2152,153,2231.89588688946,21019.309768637533,0,0,False,1,20221101,2,1.0
2153,154,2674.93137254902,928.0539215686274,0,0,True,1,20221101,2,1.0
2154,155,2677.859493670886,1462.4012658227848,1,0,True,1,20221101,2,1.0
2155,156,2675.406919779547,1999.776791181874,0,0,True,1,20221101,2,1.0
2156,157,2674.90666247643,2531.489943431804,1,0,False,1,20221101,2,1.0
2157,158,2675.1173694147265,3068.04877281309,3,1,False,1,20221101,2,1.0
2158,159,2674.6416309012875,3607.7722256284487,0,0,False,1,20221101,2,1.0
2159,160,2678.221252257676,4135.150812763395,0,1,False,1,20221101,2,1.0
2160,161,2679.5,4679.5,0,1,False,1,20221101,2,1.0
2161,162,2678.2738452309536,5208.111877624475,1,1,False,1,20221101,2,1.0
2162,163,2679.5,5747.5,0,1,False,1,20221101,2,1.0
2163,164,2680.4987699877,6275.849323493235,7,1,True,1,20221101,2,1.0
2164,165,2679.882775119617,6815.5,0,0,False,1,20221101,2,1.0
2165,166,2680.2616766467067,7351.859281437126,0,0,False,1,20221101,2,1.0
2166,167,2680.236225087925,8427.317116060962,1,0,False,1,20221101,2,1.0
2167,168,2679.907035175879,8951.680904522613,1,0,False,1,20221101,2,1.0
2168,169,2679.211389385808,9487.774299344066,0,0,False,1,20221101,2,1.0
2169,170,2680.0693779904304,10024.04066985646,1,0,True,1,20221101,2,1.0
2170,171,2681.5253470126736,10560.709414604707,0,0,False,1,20221101,2,1.0
2171,172,2680.147574517826,11099.766510812393,0,0,True,1,20221101,2,1.0
2172,173,2680.1638705811865,12175.766027561414,0,0,True,1,20221101,2,1.0
2173,174,2680.093137254902,12707.5,0,0,False,1,20221101,2,1.0
2174,175,2680.0840490797545,13236.039877300613,1,0,False,1,20221101,2,1.0
2175,176,2679.796024464832,13771.774006116208,1,0,False,1,20221101,2,1.0
2176,177,2680.459409594096,14308.385608856088,0,0,True,1,20221101,2,1.0
2177,178,2679.896572827417,14851.681150550796,0,0,True,1,20221101,2,1.0
2178,179,2680.0840490797545,15380.039877300613,3,6,False,1,20221101,2,1.0
2179,180,2680.0693779904304,15920.04066985646,0,1,False,1,20221101,2,1.0
2180,181,2679.980573819486,16463.406754333533,1,2,False,1,20221101,2,1.0
2181,182,2679.896572827417,16995.681150550794,0,0,False,1,20221101,2,1.0
2182,183,2679.605602060528,17531.592723760463,1,0,False,1,20221101,2,1.0
2183,184,2679.9935543278084,18067.58348680172,0,0,True,1,20221101,2,1.0
2184,185,2679.80923947203,18599.42206159648,1,1,False,1,20221101,2,1.0
2185,186,2680.1876155268023,19139.214109673445,0,0,False,1,20221101,2,1.0
2186,187,2680.4227166276346,19675.5,1,1,False,1,20221101,2,1.0
2187,188,2679.700488997555,20211.5,0,0,False,1,20221101,2,1.0
2188,189,2679.7963870177587,20755.22565829761,1,0,False,1,20221101,2,1.0
2189,190,2680.093137254902,21283.5,0,0,True,1,20221101,2,1.0
2190,191,2683.602761721259,7887.595054592164,0,1,False,1,20221101,2,1.0
2191,192,2683.9025806451614,11639.5,0,0,False,1,20221101,2,1.0
2192,193,3130.359950859951,1199.5,0,0,False,1,20221101,2,1.0
2193,194,3125.668888888889,1728.9653968253967,0,0,False,1,20221101,2,1.0
2194,195,3131.397238278741,2263.5950545921646,0,0,True,1,20221101,2,1.0
2195,196,3127.2105097545627,2799.7794210195093,0,0,False,1,20221101,2,1.0
2196,197,3129.775092936803,3336.6995043370507,0,0,False,1,20221101,2,1.0
2197,198,3131.397238278741,3871.5950545921646,1,2,False,1,20221101,2,1.0
2198,199,3130.726600985221,4406.869458128079,0,0,False,1,20221101,2,1.0
2199,200,3130.9945196647323,4943.595422308188,0,1,True,1,20221101,2,1.0
2200,201,3131.402260232132,5479.404703726329,1,1,False,1,20221101,2,1.0
2201,202,3131.203889585948,6011.781053952322,0,0,True,1,20221101,2,1.0
2202,203,3131.1220858895704,6544.241104294479,0,0,False,1,20221101,2,1.0
2203,204,3131.6001251564458,7083.595118898624,4,0,False,1,20221101,2,1.0
2204,205,3131.5,7623.127450980392,1,0,False,1,20221101,2,1.0
2205,206,3131.5,8151.872549019607,1,0,False,1,20221101,2,1.0
2206,207,3131.5,8695.309768637531,0,0,False,1,20221101,2,1.0
2207,208,3131.6956112852663,9219.876175548588,1,1,False,1,20221101,2,1.0
2208,209,3131.7961104140527,9755.781053952322,0,0,False,1,20221101,2,1.0
2209,210,3131.7961104140527,10291.781053952322,0,0,False,1,20221101,2,1.0
2210,211,3131.5,10828.06246076585,1,1,False,1,20221101,2,1.0
2211,212,3131.779926335175,11374.854205033764,0,0,False,1,20221101,2,1.0
2212,213,3131.6909424724604,11903.686046511628,0,1,False,1,20221101,2,1.0
2213,214,3131.6002506265663,12443.40476190476,0,112,False,1,20221101,2,1.0
2214,215,3131.7961104140527,12971.781053952322,1,0,False,1,20221101,2,1.0
2215,216,3131.7795830778664,13504.33629675046,0,0,False,1,20221101,2,1.0
2216,217,3131.7795830778664,14040.33629675046,0,0,False,1,20221101,2,1.0
2217,218,3131.960431654676,14579.960431654676,1,0,False,1,20221101,2,1.0
2218,219,3131.6956112852663,15115.876175548588,0,0,False,1,20221101,2,1.0
2219,220,3131.5,15648.063035495716,0,0,False,1,20221101,2,1.0
2220,221,3131.8823529411766,16191.5,0,0,False,1,20221101,2,1.0
2221,222,3131.5,16731.30964308078,0,0,False,1,20221101,2,1.0
2222,223,3131.6862686567165,17267.313731343285,0,0,False,1,20221101,2,1.0
2223,224,3131.313953488372,17795.68604651163,1,0,True,1,20221101,2,1.0
2224,225,3131.6909424724604,18335.31395348837,0,0,True,1,20221101,2,1.0
2225,226,3131.68671454219,18867.68671454219,0,1,False,1,20221101,2,1.0
2226,227,3131.700375704446,19403.5,0,0,False,1,20221101,2,1.0
2227,228,3131.5,19947.5,0,0,False,1,20221101,2,1.0
2228,229,3131.782634730539,20482.661676646705,2,0,False,1,20221101,2,1.0
2229,230,3131.7961104140527,21019.21894604768,0,0,False,1,20221101,2,1.0
2230,231,3570.6416309012875,927.7722256284488,0,1,True,1,20221101,2,1.0
2231,232,3571.5,1463.5,1,0,False,1,20221101,2,1.0
2232,233,3569.9433497536947,2000.5147783251232,0,0,False,1,20221101,2,1.0
2233,234,3571.3043887147337,2531.1238244514107,0,0,False,1,20221101,2,1.0
2234,235,3571.8962382445143,3067.6855799373043,1,2,False,1,20221101,2,1.0
2235,236,3571.5,3607.309523809524,0,1,False,1,20221101,2,1.0
2236,237,3571.597620500305,4135.595179987798,0,3,False,1,20221101,2,1.0
2237,238,3571.5,4679.5,0,0,False,1,20221101,2,1.0
2238,239,3571.88630806846,5207.6858190709045,0,0,False,1,20221101,2,1.0
2239,240,3571.7961104140527,5747.590338770389,1,0,False,1,20221101,2,1.0
2240,241,3571.8962382445143,6275.314420062696,0,0,False,1,20221101,2,1.0
2241,242,3571.69536019536,6815.5,1,2,False,1,20221101,2,1.0
2242,243,3572.166258420086,7351.041947336191,0,1,False,1,20221101,2,1.0
2243,244,3571.7056555269924,7887.5,1,0,False,1,20221101,2,1.0
2244,245,3572.5167865707435,8427.404076738609,0,1,True,1,20221101,2,1.0
2245,246,3571.9066924066924,8951.685328185327,0,0,True,1,20221101,2,1.0
2246,247,3572.260736196319,9487.86809815951,0,0,True,1,20221101,2,1.0
2247,248,3572.260736196319,10023.86809815951,0,0,False,1,20221101,2,1.0
2248,249,3572.0686274509803,10560.053921568628,0,0,False,1,20221101,2,1.0
2249,250,3574.511180124224,11097.66645962733,0,0,False,1,20221101,2,1.0
2250,251,3572.00998068255,11639.404700579524,0,0,False,1,20221101,2,1.0
2251,252,3572.3583690987125,12175.227774371551,0,1,False,1,20221101,2,1.0
2252,253,3572.0925925925926,12707.5,0,0,False,1,20221101,2,1.0
2253,254,3572.0825486503454,13236.052416823602,0,0,False,1,20221101,2,1.0
2254,255,3571.8962382445143,13771.685579937304,0,0,False,1,20221101,2,1.0
2255,256,3572.183417085427,14307.957286432162,2,0,True,1,20221101,2,1.0
2256,257,3571.700375704446,14851.5,0,0,False,1,20221101,2,1.0
2257,258,3572.183417085427,15379.957286432162,0,0,False,1,20221101,2,1.0
2258,259,3572.3583690987125,15919.772225628449,2,0,True,1,20221101,2,1.0
2259,260,3571.88630806846,16463.314180929094,2,2,True,1,20221101,2,1.0
2260,261,3572.0925925925926,16995.5,0,0,False,1,20221101,2,1.0
2261,262,3571.6055408970974,17531.594986807388,0,1,False,1,20221101,2,1.0
2262,263,3571.6001251564458,18067.40488110137,3,0,False,1,20221101,2,1.0
2263,264,3571.602761721259,18599.59505459217,2,0,False,1,20221101,2,1.0
2264,265,3572.0925925925926,19139.5,3,0,False,1,20221101,2,1.0
2265,266,3572.5167865707435,19675.59592326139,1,2,False,1,20221101,2,1.0
2266,267,3572.0925925925926,20211.5,1,1,False,1,20221101,2,1.0
2267,268,3572.183417085427,20755.04271356784,0,1,False,1,20221101,2,1.0
2268,269,3572.0925925925926,21283.5,1,0,True,1,20221101,2,1.0
2269,270,4023.1235884567127,1199.1135508155585,0,0,False,1,20221101,2,1.0
2270,271,4023.4024390243903,1727.5975609756097,2,1,False,1,20221101,2,1.0
2271,272,4023.5,2263.5,0,1,False,1,20221101,2,1.0
2272,273,4023.5,2799.304755944931,0,0,False,1,20221101,2,1.0
2273,274,4023.22057898049,3335.7794210195093,0,0,False,1,20221101,2,1.0
2274,275,4023.6026991441736,3871.597432521396,0,0,False,1,20221101,2,1.0
2275,276,4023.6911949685536,4407.308805031446,0,0,False,1,20221101,2,1.0
2276,277,4023.3973008558255,4943.597432521396,3,0,True,1,20221101,2,1.0
2277,278,4023.690476190476,5479.11403508772,1,0,False,1,20221101,2,1.0
2278,279,4023.6000641436817,6011.597498396408,5,4,False,1,20221101,2,1.0
2279,280,4023.690476190476,6543.8859649122805,0,0,False,1,20221101,2,1.0
2280,281,4023.7002567394097,7083.5,0,0,False,1,20221101,2,1.0
2281,282,4023.7884012539184,7623.211598746081,2,0,False,1,20221101,2,1.0
2282,283,4023.885964912281,8151.690476190476,1,0,False,1,20221101,2,1.0
2283,284,4023.6026991441736,8695.402567478604,0,0,False,1,20221101,2,1.0
2284,285,4023.7954399486193,9219.787732819525,0,0,False,1,20221101,2,1.0
2285,286,4023.89588688946,9755.690231362469,0,0,False,1,20221101,2,1.0
2286,287,4023.89588688946,10291.690231362469,0,0,False,1,20221101,2,1.0
2287,288,4023.6953727506425,10827.885604113111,0,1,True,1,20221101,2,1.0
2288,289,4023.7884012539184,11375.211598746082,1,0,False,1,20221101,2,1.0
2289,290,4023.885964912281,11903.690476190475,0,0,False,1,20221101,2,1.0
2290,291,4023.7002567394097,12443.5,1,0,False,1,20221101,2,1.0
2291,292,4023.7954399486193,12971.787732819525,0,2,False,1,20221101,2,1.0
2292,293,4023.969554300063,13504.165411173886,0,0,False,1,20221101,2,1.0
2293,294,4023.885964912281,14039.690476190475,1,0,False,1,20221101,2,1.0
2294,295,4023.87652811736,14579.690709046456,0,0,False,1,20221101,2,1.0
2295,296,4023.7954399486193,15115.787732819525,1,1,False,1,20221101,2,1.0
2296,297,4023.5975609756097,15647.40243902439,4,0,True,1,20221101,2,1.0
2297,298,4023.5,16191.5,1,1,True,1,20221101,2,1.0
2298,299,4023.6000641436817,16731.402501603592,0,1,True,1,20221101,2,1.0
2299,300,4023.4048200122015,17267.402379499694,1,1,False,1,20221101,2,1.0
2300,301,4024.053921568628,17796.06862745098,1,0,False,1,20221101,2,1.0
2301,302,4023.695244055069,18335.5,1,0,False,1,20221101,2,1.0
2302,303,4023.5,18867.5,0,0,True,1,20221101,2,1.0
2303,304,4023.6000641436817,19403.597498396408,0,0,False,1,20221101,2,1.0
2304,305,4023.89588688946,19947.309768637533,0,1,False,1,20221101,2,1.0
2305,306,4023.314180929096,20483.11369193154,0,0,False,1,20221101,2,1.0
2306,307,4023.6000641436817,21019.402501603592,3,1,False,1,20221101,2,1.0
2307,308,4467.308588957055,927.6865030674846,0,0,True,1,20221101,2,1.0
2308,309,4467.6027617212585,1463.5950545921644,0,1,False,1,20221101,2,1.0
2309,310,4467.69094247246,1999.686046511628,0,1,False,1,20221101,2,1.0
2310,311,4467.5,2531.5,0,0,False,1,20221101,2,1.0
2311,312,4467.103264281231,3067.133396107972,1,0,True,1,20221101,2,1.0
2312,313,4467.597620500305,3607.5951799877976,0,0,False,1,20221101,2,1.0
2313,314,4468.0700245700245,4135.490171990172,0,0,False,1,20221101,2,1.0
2314,315,4467.790461538461,4678.6704615384615,3,0,False,1,20221101,2,1.0
2315,316,4467.220416922134,5207.772225628449,0,0,False,1,20221101,2,1.0
2316,317,4467.600250626567,5747.4047619047615,0,0,True,1,20221101,2,1.0
2317,318,4467.695611285267,6275.876175548589,0,0,False,1,20221101,2,1.0
2318,319,4468.067931456549,6814.9467564259485,1,1,False,1,20221101,2,1.0
2319,320,4467.69094247246,7351.686046511628,1,2,False,1,20221101,2,1.0
2320,321,4467.705655526992,7887.5,0,1,False,1,20221101,2,1.0
2321,322,4467.9604316546765,8427.039568345324,0,2,False,1,20221101,2,1.0
2322,323,4467.803536977492,8951.78038585209,0,0,True,1,20221101,2,1.0
2323,324,4467.779926335175,9488.145794966236,1,0,True,1,20221101,2,1.0
2324,325,4467.970876762723,10023.958614347026,0,0,False,1,20221101,2,1.0
2325,326,4467.779926335175,10560.145794966236,1,0,False,1,20221101,2,1.0
2326,327,4467.773709483794,11099.773709483794,1,1,False,1,20221101,2,1.0
2327,328,4467.705655526992,11639.5,2,0,False,1,20221101,2,1.0
2328,329,4467.691411042945,12175.313496932517,0,0,False,1,20221101,2,1.0
2329,330,4467.992462311558,12707.404522613066,0,0,False,1,20221101,2,1.0
2330,331,4467.982412060302,13236.14824120603,0,0,False,1,20221101,2,1.0
2331,332,4467.695611285267,13771.876175548588,4,0,False,1,20221101,2,1.0
2332,333,4467.78679245283,14308.335220125786,1,0,False,1,20221101,2,1.0
2333,334,4467.700375704446,14851.5,1,0,False,1,20221101,2,1.0
2334,335,4467.695611285267,15379.876175548588,0,0,False,1,20221101,2,1.0
2335,336,4467.69094247246,15919.686046511628,1,1,False,1,20221101,2,1.0
2336,337,4467.597979179424,16463.03214941825,0,1,True,1,20221101,2,1.0
2337,338,4467.796110414053,16995.590338770387,0,0,True,1,20221101,2,1.0
2338,339,4467.812169312169,17531.589947089946,0,0,False,1,20221101,2,1.0
2339,340,4467.304143126177,18067.314187068423,1,1,False,1,20221101,2,1.0
2340,341,4467.6027617212585,18599.59505459217,0,1,False,1,20221101,2,1.0
2341,342,4467.992462311558,19139.59547738693,3,1,True,1,20221101,2,1.0
2342,343,4467.9604316546765,19675.586330935253,0,0,False,1,20221101,2,1.0
2343,344,4467.992462311558,20211.404522613066,0,0,False,1,20221101,2,1.0
2344,345,4467.695611285267,20755.87617554859,1,1,True,1,20221101,2,1.0
2345,346,4467.600250626567,21283.404761904763,0,0,False,1,20221101,2,1.0
2346,347,4910.279048765804,1198.8762793497892,0,0,False,1,20221101,2,1.0
2347,348,4909.975961538462,1726.3557692307693,0,0,True,1,20221101,2,1.0
2348,349,4911.294228356336,2263.5,1,0,True,1,20221101,2,1.0
2349,350,4910.738323353294,2799.859281437126,1,1,False,1,20221101,2,1.0
2350,351,4910.551497005988,3335.32754491018,2,1,False,1,20221101,2,1.0
2351,352,4911.092964824121,3871.680904522613,0,0,True,1,20221101,2,1.0
2352,353,4911.308383233533,4407.317964071856,0,0,False,1,20221101,2,1.0
2353,354,4911.298994974874,4943.133165829146,0,0,False,1,20221101,2,1.0
2354,355,4911.308841099164,5479.318399044206,1,0,False,1,20221101,2,1.0
2355,356,4911.696078431372,6011.318627450981,0,0,True,1,20221101,2,1.0
2356,357,4911.308383233533,6543.682035928144,0,0,True,1,20221101,2,1.0
2357,358,4911.796387017759,7083.225658297612,0,0,False,1,20221101,2,1.0
2358,359,4912.070743405276,7622.958033573142,1,0,True,1,20221101,2,1.0
2359,360,4911.5,8151.5,1,1,False,1,20221101,2,1.0
2360,361,4911.5,8694.951572327043,0,1,True,1,20221101,2,1.0
2361,362,4911.696078431372,9219.68137254902,0,0,True,1,20221101,2,1.0
2362,363,4911.69656019656,9755.681818181818,0,0,True,1,20221101,2,1.0
2363,364,4911.5,10291.863190184047,2,1,True,1,20221101,2,1.0
2364,365,4911.5,10827.863190184047,0,0,True,1,20221101,2,1.0
2365,366,4911.5,11374.602040816326,0,0,False,1,20221101,2,1.0
2366,367,4911.780407429598,11902.869682444578,2,0,False,1,20221101,2,1.0
2367,368,4911.600551808707,12443.043838136113,0,0,False,1,20221101,2,1.0
2368,369,4911.696078431372,12971.68137254902,0,1,False,1,20221101,2,1.0
2369,370,4911.780407429598,13504.130317555422,0,0,False,1,20221101,2,1.0
2370,371,4911.780407429598,14040.130317555422,0,0,True,1,20221101,2,1.0
2371,372,4911.774165202109,14579.232864674868,1,0,False,1,20221101,2,1.0
2372,373,4911.696078431372,15115.68137254902,0,0,False,1,20221101,2,1.0
2373,374,4911.780407429598,15648.130317555422,0,1,False,1,20221101,2,1.0
2374,375,4911.5,16191.136363636364,0,1,True,1,20221101,2,1.0
2375,376,4911.5,16731.5,0,1,False,1,20221101,2,1.0
2376,377,4911.869158878505,17266.77570093458,0,1,False,1,20221101,2,1.0
2377,378,4911.877182770663,17795.681606519207,0,0,False,1,20221101,2,1.0
2378,379,4912.261676646706,18335.32754491018,1,0,False,1,20221101,2,1.0
2379,380,4912.056725146199,18867.49064327485,3,1,False,1,20221101,2,1.0
2380,381,4911.696078431372,19403.68137254902,2,2,False,1,20221101,2,1.0
2381,382,4911.796387017759,19947.22565829761,2,0,False,1,20221101,2,1.0
2382,383,4911.961088355763,20483.050614394386,0,1,False,1,20221101,2,1.0
2383,384,4911.888206388207,21018.77764127764,2,2,False,1,20221101,2,1.0
2384,385,5354.359950859951,927.5,0,0,True,1,20221101,2,1.0
2385,386,5355.3972382787415,1463.4049454078356,0,0,False,1,20221101,2,1.0
2386,387,5354.355036855037,1999.8341523341523,0,0,False,1,20221101,2,1.0
2387,388,5355.103761755486,2531.314420062696,0,0,False,1,20221101,2,1.0
2388,389,5355.299624295554,3067.5,0,0,False,1,20221101,2,1.0
2389,390,5355.5,3607.309523809524,2,1,False,1,20221101,2,1.0
2390,391,5355.5,4135.5,0,1,False,1,20221101,2,1.0
2391,392,5355.87791411043,4678.758895705521,4,1,False,1,20221101,2,1.0
2392,393,5355.69094247246,5207.313953488372,0,0,False,1,20221101,2,1.0
2393,394,5355.695611285267,5747.123824451411,2,1,True,1,20221101,2,1.0
2394,395,5355.600250626567,6275.4047619047615,0,0,False,1,20221101,2,1.0
2395,396,5355.5,6815.1274509803925,1,1,False,1,20221101,2,1.0
2396,397,5355.597739767868,7351.404703726329,0,1,False,1,20221101,2,1.0
2397,398,5355.6027617212585,7887.404945407836,0,0,False,1,20221101,2,1.0
2398,399,5355.868641532017,8426.757929383602,0,2,False,1,20221101,2,1.0
2399,400,5355.6027617212585,8951.595054592164,0,0,False,1,20221101,2,1.0
2400,401,5355.69094247246,9487.686046511628,0,0,False,1,20221101,2,1.0
2401,402,5355.882352941177,10023.5,0,0,False,1,20221101,2,1.0
2402,403,5355.788685015291,10559.781345565749,0,0,False,1,20221101,2,1.0
2403,404,5355.87298266587,11099.5,0,0,False,1,20221101,2,1.0
2404,405,5355.803536977492,11639.21961414791,0,0,True,1,20221101,2,1.0
2405,406,5355.788685015291,12175.218654434251,0,0,True,1,20221101,2,1.0
2406,407,5355.796110414053,12707.218946047678,0,0,True,1,20221101,2,1.0
2407,408,5355.896238244514,13235.685579937304,0,0,False,1,20221101,2,1.0
2408,409,5355.700375704446,13771.5,0,0,True,1,20221101,2,1.0
2409,410,5355.796110414053,14307.781053952322,0,0,False,1,20221101,2,1.0
2410,411,5355.600125156446,14851.404881101376,0,0,False,1,20221101,2,1.0
2411,412,5355.700375704446,15379.5,1,1,False,1,20221101,2,1.0
2412,413,5355.88630806846,15919.685819070904,0,0,True,1,20221101,2,1.0
2413,414,5355.5,16462.936964504283,0,0,True,1,20221101,2,1.0
2414,415,5355.896238244514,16995.314420062696,1,0,False,1,20221101,2,1.0
2415,416,5355.917713152677,17531.31493721084,0,0,False,1,20221101,2,1.0
2416,417,5355.795739348371,18067.21929824561,1,2,False,1,20221101,2,1.0
2417,418,5355.6027617212585,18599.59505459217,0,0,False,1,20221101,2,1.0
2418,419,5355.700375704446,19139.5,2,1,False,1,20221101,2,1.0
2419,420,5355.968339307049,19675.40442054958,1,0,False,1,20221101,2,1.0
2420,421,5355.600125156446,20211.40488110137,0,0,False,1,20221101,2,1.0
2421,422,5355.795739348371,20755.21929824561,2,0,False,1,20221101,2,1.0
2422,423,5355.700375704446,21283.5,0,0,False,1,20221101,2,1.0
2423,424,5806.541916167665,1199.3179640718563,0,0,False,1,20221101,2,1.0
2424,425,5806.328331332533,1727.2454981992796,0,0,False,1,20221101,2,1.0
2425,426,5806.901257861635,2262.9616352201256,0,1,False,1,20221101,2,1.0
2426,427,5807.019426180514,2799.4067543335327,0,0,False,1,20221101,2,1.0
2427,428,5807.204504504504,3335.262162162162,3,2,False,1,20221101,2,1.0
2428,429,5807.705771643664,3871.5,0,0,False,1,20221101,2,1.0
2429,430,5807.308383233533,4407.317964071856,5,0,False,1,20221101,2,1.0
2430,431,5807.397049591965,4943.407093534212,0,1,False,1,20221101,2,1.0
2431,432,5807.5,5479.136363636364,0,0,False,1,20221101,2,1.0
2432,433,5807.5,6011.5,0,2,False,1,20221101,2,1.0
2433,434,5807.317964071856,6544.223353293413,1,0,True,1,20221101,2,1.0
2434,435,5807.303921568628,7083.318627450981,1,0,False,1,20221101,2,1.0
2435,436,5807.5,7623.136363636364,1,0,False,1,20221101,2,1.0
2436,437,5807.5,8151.5,0,0,False,1,20221101,2,1.0
2437,438,5807.5,8694.951572327043,2,1,False,1,20221101,2,1.0
2438,439,5807.399448191293,9219.956161863887,2,0,False,1,20221101,2,1.0
2439,440,5807.303921568628,9755.68137254902,0,0,False,1,20221101,2,1.0
2440,441,5807.5,10291.863190184047,0,0,False,1,20221101,2,1.0
2441,442,5807.5,10827.863190184047,0,0,False,1,20221101,2,1.0
2442,443,5807.5,11374.602040816326,0,0,False,1,20221101,2,1.0
2443,444,5807.691616766467,11903.317964071855,0,0,False,1,20221101,2,1.0
2444,445,5807.600551808707,12443.043838136113,0,0,False,1,20221101,2,1.0
2445,446,5807.696078431372,12971.68137254902,2,1,False,1,20221101,2,1.0
2446,447,5807.5,13503.863636363636,1,1,False,1,20221101,2,1.0
2447,448,5807.780407429598,14040.130317555422,0,1,False,1,20221101,2,1.0
2448,449,5807.5,14579.5,2,1,False,1,20221101,2,1.0
2449,450,5807.5,15115.5,2,0,False,1,20221101,2,1.0
2450,451,5807.308383233533,15647.682035928145,0,0,False,1,20221101,2,1.0
2451,452,5807.219592570402,16190.869682444578,0,1,False,1,20221101,2,1.0
2452,453,5807.203975535168,16731.225993883792,0,0,False,1,20221101,2,1.0
2453,454,5808.315897136177,17266.518118059616,1,1,False,1,20221101,2,1.0
2454,455,5807.5,17795.5,1,1,False,1,20221101,2,1.0
2455,456,5807.598027495517,18335.04333532576,2,4,False,1,20221101,2,1.0
2456,457,5807.686915887851,18867.317757009347,1,2,False,1,20221101,2,1.0
2457,458,5807.399694189602,19403.59296636085,0,1,False,1,20221101,2,1.0
2458,459,5807.600551808707,19947.04383813612,1,0,False,1,20221101,2,1.0
2459,460,5807.322429906542,20482.59813084112,0,0,False,1,20221101,2,1.0
2460,461,5807.600551808707,21019.04383813612,0,0,False,1,20221101,2,1.0
2461,462,6248.491920447483,929.41671845867,0,0,False,1,20221101,2,1.0
2462,463,6250.684516129032,1463.5,1,3,False,1,20221101,2,1.0
2463,464,6250.062461538461,1999.2710769230769,0,0,False,1,20221101,2,1.0
2464,465,6246.90797940798,2531.5,1,0,False,1,20221101,2,1.0
2465,466,6251.103761755486,3067.6855799373043,18,88,True,1,20221101,2,1.0
2466,467,6251.402379499695,3607.4048200122015,4,2,False,1,20221101,2,1.0
2467,468,6251.30905752754,4135.686046511628,1,1,False,1,20221101,2,1.0
2468,469,6251.788685015291,4679.21865443425,0,0,False,1,20221101,2,1.0
2469,470,6251.882352941177,5207.5,1,2,False,1,20221101,2,1.0
2470,471,6251.600250626567,5747.4047619047615,0,0,False,1,20221101,2,1.0
2471,472,6251.600250626567,6275.595238095239,0,0,False,1,20221101,2,1.0
2472,473,6251.5,6815.1274509803925,0,0,False,1,20221101,2,1.0
2473,474,6251.5,7351.5,0,0,False,1,20221101,2,1.0
2474,475,6251.6027617212585,7887.404945407836,2,0,False,1,20221101,2,1.0
2475,476,6251.773053892216,8426.853293413174,2,2,False,1,20221101,2,1.0
2476,477,6251.5,8951.690231362469,1,1,False,1,20221101,2,1.0
2477,478,6251.5,9487.872549019608,0,0,False,1,20221101,2,1.0
2478,479,6251.5,10023.872549019608,0,0,False,1,20221101,2,1.0
2479,480,6251.69094247246,10559.686046511628,0,0,False,1,20221101,2,1.0
2480,481,6251.87298266587,11099.5,0,0,False,1,20221101,2,1.0
2481,482,6251.6027617212585,11639.404945407836,1,1,False,1,20221101,2,1.0
2482,483,6251.597979179424,12175.032149418248,1,0,False,1,20221101,2,1.0
2483,484,6251.796110414053,12707.218946047678,1,2,False,1,20221101,2,1.0
2484,485,6251.896238244514,13235.685579937304,0,0,False,1,20221101,2,1.0
2485,486,6251.600125156446,13771.595118898624,1,2,False,1,20221101,2,1.0
2486,487,6251.795739348371,14307.780701754386,0,0,False,1,20221101,2,1.0
2487,488,6251.5,14851.309643080776,1,2,False,1,20221101,2,1.0
2488,489,6251.600250626567,15379.40476190476,0,0,False,1,20221101,2,1.0
2489,490,6251.5,15919.5,1,1,False,1,20221101,2,1.0
2490,491,6251.5,16462.389434889436,0,2,False,1,20221101,2,1.0
2491,492,6251.5,16995.30964308078,0,2,False,1,20221101,2,1.0
2492,493,6251.605540897098,17531.405013192612,1,0,False,1,20221101,2,1.0
2493,494,6251.5,18066.93753923415,0,0,False,1,20221101,2,1.0
2494,495,6251.5,18599.5,4,2,False,1,20221101,2,1.0
2495,496,6251.5,19139.30964308078,0,0,False,1,20221101,2,1.0
2496,497,6251.5,19675.12701733413,1,0,False,1,20221101,2,1.0
2497,498,6251.5,20211.30964308078,0,0,False,1,20221101,2,1.0
2498,499,6251.399874843554,20755.40488110137,0,0,False,1,20221101,2,1.0
2499,500,6251.600250626567,21283.404761904763,0,0,False,1,20221101,2,1.0
2500,1,899.004835589942,1464.1473243068988,1,0,False,3,20230110,2,1.5
2501,2,898.7570725707257,2000.5971709717096,1,1,False,3,20230110,2,1.5
2502,3,899.2132075471698,2532.3352201257862,2,1,False,3,20230110,2,1.5
2503,4,899.2132075471698,3068.3352201257862,6,1,False,3,20230110,2,1.5
2504,5,899.4020208205757,3607.967850581752,6,3,False,3,20230110,2,1.5
2505,6,899.2204169221336,4136.33629675046,5,1,False,3,20230110,2,1.5
2506,7,899.4020208205757,4679.967850581751,0,1,False,3,20230110,2,1.5
2507,8,899.7795830778664,5208.33629675046,1,0,False,3,20230110,2,1.5
2508,9,899.6956112852664,5747.876175548589,2,1,False,3,20230110,2,1.5
2509,10,899.204260651629,6275.7807017543855,7,3,False,3,20230110,2,1.5
2510,11,899.8779141104294,6816.241104294479,1,0,False,3,20230110,2,1.5
2511,12,900.0686274509804,7352.053921568628,6,5,False,3,20230110,2,1.5
2512,13,900.3051612903225,7887.866451612903,4,1,False,3,20230110,2,1.5
2513,14,900.6003003003003,8428.206306306307,3,1,False,3,20230110,2,1.5
2514,15,900.0979381443299,8952.051546391753,1,0,False,3,20230110,2,1.5
2515,16,900.2429274292743,9488.59717097171,2,2,False,3,20230110,2,1.5
2516,17,901.4233621755252,10024.187268232386,2,0,False,3,20230110,2,1.5
2517,18,901.0743368291178,10560.657310302282,5,2,False,3,20230110,2,1.5
2518,19,900.5989802039592,11100.224655068989,4,3,False,3,20230110,2,1.5
2519,20,899.7005141388174,11639.690231362469,5,3,False,3,20230110,2,1.5
2520,21,901.428306551298,12176.889369592089,3,3,False,3,20230110,2,1.5
2521,22,900.3805031446541,12707.771698113207,5,4,False,3,20230110,2,1.5
2522,23,900.3564231738035,13236.502518891688,11,6,False,3,20230110,2,1.5
2523,24,899.9824120603015,13772.14824120603,11,5,False,3,20230110,2,1.5
2524,25,900.1607818411097,14308.690416141237,12,7,False,3,20230110,2,1.5
2525,26,899.896238244514,14851.685579937304,7,5,False,3,20230110,2,1.5
2526,27,899.9824120603015,15380.14824120603,9,9,False,3,20230110,2,1.5
2527,28,899.7795830778664,15920.33629675046,10,3,False,3,20230110,2,1.5
2528,29,899.6909424724602,16463.68604651163,6,4,False,3,20230110,2,1.5
2529,30,899.6956112852664,16995.87617554859,6,2,False,3,20230110,2,1.5
2530,31,899.6055408970976,17531.594986807388,7,4,False,3,20230110,2,1.5
2531,32,899.5,18067.5,9,9,False,3,20230110,2,1.5
2532,33,899.5,18599.690231362467,4,1,False,3,20230110,2,1.5
2533,34,899.6002506265664,19139.404761904763,6,1,False,3,20230110,2,1.5
2534,35,900.1467065868263,19675.226946107785,10,6,False,3,20230110,2,1.5
2535,36,900.0925925925926,20211.5,13,3,False,3,20230110,2,1.5
2536,37,900.1842767295598,20754.86603773585,10,7,False,3,20230110,2,1.5
2537,38,903.89588688946,21283.309768637533,21,3,False,3,20230110,2,1.5
2538,39,1342.8345888261142,1199.9695543000628,3,1,False,3,20230110,2,1.5
2539,40,1343.293710691824,1728.4610062893082,0,1,False,3,20230110,2,1.5
2540,41,1343.1967699406723,2263.78740936058,2,1,False,3,20230110,2,1.5
2541,42,1343.2115987460816,2799.7884012539184,6,7,False,3,20230110,2,1.5
2542,43,1343.211959924859,3335.788040075141,8,4,False,3,20230110,2,1.5
2543,44,1343.5,3871.694993412385,2,1,False,3,20230110,2,1.5
2544,45,1343.5,4407.6952440550685,8,7,False,3,20230110,2,1.5
2545,46,1343.5,4943.5,7,3,False,3,20230110,2,1.5
2546,47,1343.5975609756097,5479.59756097561,3,3,False,3,20230110,2,1.5
2547,48,1343.5951768488746,6011.788102893891,5,5,False,3,20230110,2,1.5
2548,49,1343.7790697674418,6544.357322438717,5,0,False,3,20230110,2,1.5
2549,50,1343.7002567394095,7083.5,5,8,False,3,20230110,2,1.5
2550,51,1344.0771643663738,7623.5,5,7,False,3,20230110,2,1.5
2551,52,1343.7884012539184,8151.788401253919,2,0,False,3,20230110,2,1.5
2552,53,1343.705533596838,8695.5,7,2,False,3,20230110,2,1.5
2553,54,1343.6953727506427,9219.885604113111,1,3,False,3,20230110,2,1.5
2554,55,1343.89588688946,9755.690231362469,1,3,False,3,20230110,2,1.5
2555,56,1343.399935856318,10291.597498396408,15,8,False,3,20230110,2,1.5
2556,57,1344.0824742268042,10828.067010309278,11,9,False,3,20230110,2,1.5
2557,58,1344.4319899244333,11374.568010075567,5,1,False,3,20230110,2,1.5
2558,59,1343.8859649122808,11903.690476190475,7,0,False,3,20230110,2,1.5
2559,60,1343.89588688946,12443.309768637531,1,0,False,3,20230110,2,1.5
2560,61,1343.89588688946,12971.690231362469,8,10,False,3,20230110,2,1.5
2561,62,1343.690476190476,13503.88596491228,0,0,False,3,20230110,2,1.5
2562,63,1343.8859649122808,14039.690476190475,5,7,False,3,20230110,2,1.5
2563,64,1343.4044703000611,14579.402020820577,3,6,False,3,20230110,2,1.5
2564,65,1343.6953727506427,15115.885604113111,5,5,False,3,20230110,2,1.5
2565,66,1343.690476190476,15647.88596491228,10,9,False,3,20230110,2,1.5
2566,67,1343.7884012539184,16191.788401253918,6,6,False,3,20230110,2,1.5
2567,68,1343.399935856318,16731.402501603592,3,5,False,3,20230110,2,1.5
2568,69,1343.6865030674846,17267.308588957054,11,7,False,3,20230110,2,1.5
2569,70,1343.5955296999389,17795.98009797918,9,7,False,3,20230110,2,1.5
2570,71,1343.5975609756097,18335.40243902439,15,15,False,3,20230110,2,1.5
2571,72,1343.5,18867.88235294117,22,18,False,3,20230110,2,1.5
2572,73,1343.5,19403.5,25,17,False,3,20230110,2,1.5
2573,74,1343.89588688946,19947.309768637533,30,16,False,3,20230110,2,1.5
2574,75,1344.0539215686274,20482.93137254902,28,23,False,3,20230110,2,1.5
2575,76,1344.1825499034128,21019.03122987765,48,111,False,3,20230110,2,1.5
2576,77,1786.8558696988323,928.6923786109404,4,4,False,3,20230110,2,1.5
2577,78,1786.6937984496124,1464.37338501292,3,1,False,3,20230110,2,1.5
2578,79,1786.9313725490197,2000.053921568628,6,2,False,3,20230110,2,1.5
2579,80,1787.2038895859473,2531.781053952321,9,7,False,3,20230110,2,1.5
2580,81,1786.442065491184,3068.3110831234258,16,8,False,3,20230110,2,1.5
2581,82,1787.970300061237,3608.149112063688,5,4,False,3,20230110,2,1.5
2582,83,1787.5979791794243,4135.967850581751,4,3,False,3,20230110,2,1.5
2583,84,1787.2204169221336,4679.772225628449,10,15,False,3,20230110,2,1.5
2584,85,1787.029699938763,5208.149112063687,8,2,False,3,20230110,2,1.5
2585,86,1787.882149591452,5748.053111250786,2,5,False,3,20230110,2,1.5
2586,87,1787.9753476611884,6276.870417193426,13,7,False,3,20230110,2,1.5
2587,88,1788.0700245700243,6816.055282555282,4,5,False,3,20230110,2,1.5
2588,89,1788.0686274509803,7352.053921568628,7,5,False,3,20230110,2,1.5
2589,90,1787.9066924066924,7887.685328185328,7,4,False,3,20230110,2,1.5
2590,91,1788.4214157168567,8427.5,5,4,False,3,20230110,2,1.5
2591,92,1788.8411003236247,8951.057281553398,5,5,False,3,20230110,2,1.5
2592,93,1788.9590264941469,9488.74460874923,7,9,False,3,20230110,2,1.5
2593,94,1788.5325752919484,10024.31868469576,1,1,False,3,20230110,2,1.5
2594,95,1789.3282890673256,10560.925571340333,3,2,False,3,20230110,2,1.5
2595,96,1788.2420706163973,11099.868641532015,0,0,False,3,20230110,2,1.5
2596,97,1788.1082474226805,11639.5,1,1,False,3,20230110,2,1.5
2597,98,1788.8382533825338,12175.657441574416,15,7,False,3,20230110,2,1.5
2598,99,1788.3636363636365,13236.671717171715,3,6,False,3,20230110,2,1.5
2599,100,1788.083280955374,13772.053111250783,22,11,False,3,20230110,2,1.5
2600,101,1788.26214511041,14308.5952681388,13,9,False,3,20230110,2,1.5
2601,102,1788.0925925925926,14851.5,15,7,False,3,20230110,2,1.5
2602,103,1787.887665198238,15380.240088105727,18,13,False,3,20230110,2,1.5
2603,104,1787.8779141104294,15920.24110429448,6,4,False,3,20230110,2,1.5
2604,105,1787.7886850152904,16463.409480122325,14,6,False,3,20230110,2,1.5
2605,106,1787.795739348371,16995.780701754386,18,12,False,3,20230110,2,1.5
2606,107,1787.9177131526767,17531.68506278916,21,17,False,3,20230110,2,1.5
2607,108,1787.7003757044458,18067.5,4,4,False,3,20230110,2,1.5
2608,109,1787.6027617212587,18599.59505459217,5,5,False,3,20230110,2,1.5
2609,110,1787.896238244514,19139.314420062696,46,30,False,3,20230110,2,1.5
2610,111,1788.4214157168567,19675.5,24,23,False,3,20230110,2,1.5
2611,112,1788.0925925925926,20211.5,20,13,False,3,20230110,2,1.5
2612,113,1788.083280955374,20754.94688874921,37,22,False,3,20230110,2,1.5
2613,114,1788.294468887492,21283.5,45,122,False,3,20230110,2,1.5
2614,115,1791.89588688946,12707.309768637531,9,3,False,3,20230110,2,1.5
2615,116,2231.304755944931,1199.5,6,6,False,3,20230110,2,1.5
2616,117,2231.6907151819323,1727.8764115432873,5,4,False,3,20230110,2,1.5
2617,118,2231.5,2263.5,10,3,False,3,20230110,2,1.5
2618,119,2231.5,2799.5,13,9,False,3,20230110,2,1.5
2619,120,2231.5,3335.5,18,7,False,3,20230110,2,1.5
2620,121,2231.5,3871.5,3,6,False,3,20230110,2,1.5
2621,122,2231.695244055069,4407.5,7,6,False,3,20230110,2,1.5
2622,123,2231.5,4943.5,9,8,False,3,20230110,2,1.5
2623,124,2231.5,5479.5,6,7,False,3,20230110,2,1.5
2624,125,2231.6000641436817,6011.402501603592,13,5,False,3,20230110,2,1.5
2625,126,2231.690476190476,6543.8859649122805,16,10,False,3,20230110,2,1.5
2626,127,2231.89588688946,7083.690231362468,5,7,False,3,20230110,2,1.5
2627,128,2232.077164366374,7623.5,8,2,False,3,20230110,2,1.5
2628,129,2231.8859649122805,8151.690476190476,7,6,False,3,20230110,2,1.5
2629,130,2232.1076618229854,8695.5,3,5,False,3,20230110,2,1.5
2630,131,2231.79543994862,9219.787732819525,9,11,False,3,20230110,2,1.5
2631,132,2232.182549903413,9755.968770122345,6,9,False,3,20230110,2,1.5
2632,133,2232.182549903413,10291.968770122345,6,7,False,3,20230110,2,1.5
2633,134,2232.082474226804,10828.067010309278,14,7,False,3,20230110,2,1.5
2634,135,2231.6902377972465,11375.304755944931,26,12,True,3,20230110,2,1.5
2635,136,2232.165411173886,11903.969554300063,13,6,False,3,20230110,2,1.5
2636,137,2231.7002567394097,12443.5,11,8,False,3,20230110,2,1.5
2637,138,2232.0817245817248,12972.06628056628,11,9,False,3,20230110,2,1.5
2638,139,2232.3332284455632,13504.529578351165,10,10,False,3,20230110,2,1.5
2639,140,2232.3332284455632,14040.529578351165,3,2,False,3,20230110,2,1.5
2640,141,2232.241104294478,14579.87791411043,9,4,False,3,20230110,2,1.5
2641,142,2232.0817245817248,15116.06628056628,15,12,False,3,20230110,2,1.5
2642,143,2231.9695543000626,15648.165411173886,23,14,True,3,20230110,2,1.5
2643,144,2231.8859649122805,16191.690476190475,13,11,True,3,20230110,2,1.5
2644,145,2231.7002567394097,16731.5,19,21,False,3,20230110,2,1.5
2645,146,2232.241104294478,17267.681595092025,20,17,False,3,20230110,2,1.5
2646,147,2232.053921568628,17796.06862745098,8,5,False,3,20230110,2,1.5
2647,148,2231.8859649122805,18335.69047619048,35,18,False,3,20230110,2,1.5
2648,149,2232.33629675046,18867.220416922133,17,10,False,3,20230110,2,1.5
2649,150,2231.79543994862,19403.787732819525,21,16,False,3,20230110,2,1.5
2650,151,2231.89588688946,19947.309768637533,21,13,False,3,20230110,2,1.5
2651,152,2232.33629675046,20483.220416922133,32,26,False,3,20230110,2,1.5
2652,153,2231.89588688946,21019.309768637533,23,13,False,3,20230110,2,1.5
2653,154,2674.93137254902,928.0539215686274,17,6,False,3,20230110,2,1.5
2654,155,2677.859493670886,1462.4012658227848,11,4,False,3,20230110,2,1.5
2655,156,2675.406919779547,1999.776791181874,11,11,False,3,20230110,2,1.5
2656,157,2674.90666247643,2531.489943431804,23,11,True,3,20230110,2,1.5
2657,158,2675.1173694147265,3068.04877281309,8,5,False,3,20230110,2,1.5
2658,159,2674.6416309012875,3607.7722256284487,5,4,False,3,20230110,2,1.5
2659,160,2678.221252257676,4135.150812763395,16,6,True,3,20230110,2,1.5
2660,161,2679.5,4679.5,3,4,False,3,20230110,2,1.5
2661,162,2678.2738452309536,5208.111877624475,18,14,False,3,20230110,2,1.5
2662,163,2679.5,5747.5,9,5,False,3,20230110,2,1.5
2663,164,2680.4987699877,6275.849323493235,2,0,False,3,20230110,2,1.5
2664,165,2679.882775119617,6815.5,1,1,False,3,20230110,2,1.5
2665,166,2680.2616766467067,7351.859281437126,5,5,False,3,20230110,2,1.5
2666,167,2680.236225087925,8427.317116060962,17,14,False,3,20230110,2,1.5
2667,168,2679.907035175879,8951.680904522613,5,4,False,3,20230110,2,1.5
2668,169,2679.211389385808,9487.774299344066,21,13,False,3,20230110,2,1.5
2669,170,2680.0693779904304,10024.04066985646,10,2,False,3,20230110,2,1.5
2670,171,2681.5253470126736,10560.709414604707,7,5,False,3,20230110,2,1.5
2671,172,2680.147574517826,11099.766510812393,21,15,False,3,20230110,2,1.5
2672,173,2680.1638705811865,12175.766027561414,23,8,False,3,20230110,2,1.5
2673,174,2680.093137254902,12707.5,17,13,False,3,20230110,2,1.5
2674,175,2680.0840490797545,13236.039877300613,16,9,False,3,20230110,2,1.5
2675,176,2679.796024464832,13771.774006116208,23,11,False,3,20230110,2,1.5
2676,177,2680.459409594096,14308.385608856088,8,10,False,3,20230110,2,1.5
2677,178,2679.896572827417,14851.681150550796,8,7,False,3,20230110,2,1.5
2678,179,2680.0840490797545,15380.039877300613,5,8,False,3,20230110,2,1.5
2679,180,2680.0693779904304,15920.04066985646,16,18,False,3,20230110,2,1.5
2680,181,2679.980573819486,16463.406754333533,18,14,False,3,20230110,2,1.5
2681,182,2679.896572827417,16995.681150550794,14,7,False,3,20230110,2,1.5
2682,183,2679.605602060528,17531.592723760463,14,14,False,3,20230110,2,1.5
2683,184,2679.9935543278084,18067.58348680172,31,21,False,3,20230110,2,1.5
2684,185,2679.80923947203,18599.42206159648,28,19,False,3,20230110,2,1.5
2685,186,2680.1876155268023,19139.214109673445,30,17,False,3,20230110,2,1.5
2686,187,2680.4227166276346,19675.5,37,24,False,3,20230110,2,1.5
2687,188,2679.700488997555,20211.5,22,9,False,3,20230110,2,1.5
2688,189,2679.7963870177587,20755.22565829761,32,17,False,3,20230110,2,1.5
2689,190,2680.093137254902,21283.5,24,13,False,3,20230110,2,1.5
2690,191,2683.602761721259,7887.595054592164,10,9,False,3,20230110,2,1.5
2691,192,2683.9025806451614,11639.5,5,4,False,3,20230110,2,1.5
2692,193,3130.359950859951,1199.5,3,1,False,3,20230110,2,1.5
2693,194,3125.668888888889,1728.9653968253967,10,3,False,3,20230110,2,1.5
2694,195,3131.397238278741,2263.5950545921646,10,7,False,3,20230110,2,1.5
2695,196,3127.2105097545627,2799.7794210195093,20,14,False,3,20230110,2,1.5
2696,197,3129.775092936803,3336.6995043370507,13,13,False,3,20230110,2,1.5
2697,198,3131.397238278741,3871.5950545921646,12,8,False,3,20230110,2,1.5
2698,199,3130.726600985221,4406.869458128079,0,0,False,3,20230110,2,1.5
2699,200,3130.9945196647323,4943.595422308188,11,8,False,3,20230110,2,1.5
2700,201,3131.402260232132,5479.404703726329,10,4,False,3,20230110,2,1.5
2701,202,3131.203889585948,6011.781053952322,2,5,False,3,20230110,2,1.5
2702,203,3131.1220858895704,6544.241104294479,12,7,False,3,20230110,2,1.5
2703,204,3131.6001251564458,7083.595118898624,8,8,False,3,20230110,2,1.5
2704,205,3131.5,7623.127450980392,10,8,False,3,20230110,2,1.5
2705,206,3131.5,8151.872549019607,4,3,False,3,20230110,2,1.5
2706,207,3131.5,8695.309768637531,7,9,False,3,20230110,2,1.5
2707,208,3131.6956112852663,9219.876175548588,8,7,False,3,20230110,2,1.5
2708,209,3131.7961104140527,9755.781053952322,7,2,False,3,20230110,2,1.5
2709,210,3131.7961104140527,10291.781053952322,6,3,False,3,20230110,2,1.5
2710,211,3131.5,10828.06246076585,23,13,False,3,20230110,2,1.5
2711,212,3131.779926335175,11374.854205033764,13,12,False,3,20230110,2,1.5
2712,213,3131.6909424724604,11903.686046511628,32,37,True,3,20230110,2,1.5
2713,214,3131.6002506265663,12443.40476190476,41,33,True,3,20230110,2,1.5
2714,215,3131.7961104140527,12971.781053952322,24,8,False,3,20230110,2,1.5
2715,216,3131.7795830778664,13504.33629675046,19,18,False,3,20230110,2,1.5
2716,217,3131.7795830778664,14040.33629675046,12,13,False,3,20230110,2,1.5
2717,218,3131.960431654676,14579.960431654676,20,11,False,3,20230110,2,1.5
2718,219,3131.6956112852663,15115.876175548588,2,0,False,3,20230110,2,1.5
2719,220,3131.5,15648.063035495716,2,4,False,3,20230110,2,1.5
2720,221,3131.8823529411766,16191.5,13,4,False,3,20230110,2,1.5
2721,222,3131.5,16731.30964308078,7,6,False,3,20230110,2,1.5
2722,223,3131.6862686567165,17267.313731343285,31,15,False,3,20230110,2,1.5
2723,224,3131.313953488372,17795.68604651163,39,22,True,3,20230110,2,1.5
2724,225,3131.6909424724604,18335.31395348837,27,13,False,3,20230110,2,1.5
2725,226,3131.68671454219,18867.68671454219,33,22,False,3,20230110,2,1.5
2726,227,3131.700375704446,19403.5,24,28,False,3,20230110,2,1.5
2727,228,3131.5,19947.5,15,12,False,3,20230110,2,1.5
2728,229,3131.782634730539,20482.661676646705,21,25,False,3,20230110,2,1.5
2729,230,3131.7961104140527,21019.21894604768,29,16,False,3,20230110,2,1.5
2730,231,3570.6416309012875,927.7722256284488,3,0,False,3,20230110,2,1.5
2731,232,3571.5,1463.5,4,2,False,3,20230110,2,1.5
2732,233,3569.9433497536947,2000.5147783251232,9,3,False,3,20230110,2,1.5
2733,234,3571.3043887147337,2531.1238244514107,6,4,False,3,20230110,2,1.5
2734,235,3571.8962382445143,3067.6855799373043,23,12,False,3,20230110,2,1.5
2735,236,3571.5,3607.309523809524,16,10,False,3,20230110,2,1.5
2736,237,3571.597620500305,4135.595179987798,4,1,False,3,20230110,2,1.5
2737,238,3571.5,4679.5,19,14,False,3,20230110,2,1.5
2738,239,3571.88630806846,5207.6858190709045,18,11,False,3,20230110,2,1.5
2739,240,3571.7961104140527,5747.590338770389,9,5,False,3,20230110,2,1.5
2740,241,3571.8962382445143,6275.314420062696,20,11,False,3,20230110,2,1.5
2741,242,3571.69536019536,6815.5,14,5,False,3,20230110,2,1.5
2742,243,3572.166258420086,7351.041947336191,11,4,False,3,20230110,2,1.5
2743,244,3571.7056555269924,7887.5,20,15,False,3,20230110,2,1.5
2744,245,3572.5167865707435,8427.404076738609,7,5,False,3,20230110,2,1.5
2745,246,3571.9066924066924,8951.685328185327,9,10,False,3,20230110,2,1.5
2746,247,3572.260736196319,9487.86809815951,7,8,False,3,20230110,2,1.5
2747,248,3572.260736196319,10023.86809815951,2,4,False,3,20230110,2,1.5
2748,249,3572.0686274509803,10560.053921568628,4,3,False,3,20230110,2,1.5
2749,250,3574.511180124224,11097.66645962733,6,3,False,3,20230110,2,1.5
2750,251,3572.00998068255,11639.404700579524,8,5,False,3,20230110,2,1.5
2751,252,3572.3583690987125,12175.227774371551,8,4,False,3,20230110,2,1.5
2752,253,3572.0925925925926,12707.5,12,5,False,3,20230110,2,1.5
2753,254,3572.0825486503454,13236.052416823602,14,10,False,3,20230110,2,1.5
2754,255,3571.8962382445143,13771.685579937304,3,3,False,3,20230110,2,1.5
2755,256,3572.183417085427,14307.957286432162,13,11,False,3,20230110,2,1.5
2756,257,3571.700375704446,14851.5,13,6,False,3,20230110,2,1.5
2757,258,3572.183417085427,15379.957286432162,8,5,False,3,20230110,2,1.5
2758,259,3572.3583690987125,15919.772225628449,11,9,False,3,20230110,2,1.5
2759,260,3571.88630806846,16463.314180929094,19,14,False,3,20230110,2,1.5
2760,261,3572.0925925925926,16995.5,21,25,False,3,20230110,2,1.5
2761,262,3571.6055408970974,17531.594986807388,16,11,False,3,20230110,2,1.5
2762,263,3571.6001251564458,18067.40488110137,14,11,False,3,20230110,2,1.5
2763,264,3571.602761721259,18599.59505459217,23,18,True,3,20230110,2,1.5
2764,265,3572.0925925925926,19139.5,10,7,False,3,20230110,2,1.5
2765,266,3572.5167865707435,19675.59592326139,26,17,False,3,20230110,2,1.5
2766,267,3572.0925925925926,20211.5,20,17,False,3,20230110,2,1.5
2767,268,3572.183417085427,20755.04271356784,37,27,False,3,20230110,2,1.5
2768,269,3572.0925925925926,21283.5,29,16,False,3,20230110,2,1.5
2769,270,4023.1235884567127,1199.1135508155585,8,8,False,3,20230110,2,1.5
2770,271,4023.4024390243903,1727.5975609756097,6,3,False,3,20230110,2,1.5
2771,272,4023.5,2263.5,1,1,False,3,20230110,2,1.5
2772,273,4023.5,2799.304755944931,6,4,False,3,20230110,2,1.5
2773,274,4023.22057898049,3335.7794210195093,6,3,False,3,20230110,2,1.5
2774,275,4023.6026991441736,3871.597432521396,13,9,True,3,20230110,2,1.5
2775,276,4023.6911949685536,4407.308805031446,5,7,False,3,20230110,2,1.5
2776,277,4023.3973008558255,4943.597432521396,15,12,False,3,20230110,2,1.5
2777,278,4023.690476190476,5479.11403508772,8,4,False,3,20230110,2,1.5
2778,279,4023.6000641436817,6011.597498396408,11,6,False,3,20230110,2,1.5
2779,280,4023.690476190476,6543.8859649122805,12,4,False,3,20230110,2,1.5
2780,281,4023.7002567394097,7083.5,17,12,True,3,20230110,2,1.5
2781,282,4023.7884012539184,7623.211598746081,8,7,False,3,20230110,2,1.5
2782,283,4023.885964912281,8151.690476190476,14,12,False,3,20230110,2,1.5
2783,284,4023.6026991441736,8695.402567478604,22,11,False,3,20230110,2,1.5
2784,285,4023.7954399486193,9219.787732819525,5,8,False,3,20230110,2,1.5
2785,286,4023.89588688946,9755.690231362469,8,6,False,3,20230110,2,1.5
2786,287,4023.89588688946,10291.690231362469,14,9,False,3,20230110,2,1.5
2787,288,4023.6953727506425,10827.885604113111,7,2,False,3,20230110,2,1.5
2788,289,4023.7884012539184,11375.211598746082,37,27,False,3,20230110,2,1.5
2789,290,4023.885964912281,11903.690476190475,11,12,False,3,20230110,2,1.5
2790,291,4023.7002567394097,12443.5,4,6,False,3,20230110,2,1.5
2791,292,4023.7954399486193,12971.787732819525,11,9,False,3,20230110,2,1.5
2792,293,4023.969554300063,13504.165411173886,18,20,False,3,20230110,2,1.5
2793,294,4023.885964912281,14039.690476190475,25,18,False,3,20230110,2,1.5
2794,295,4023.87652811736,14579.690709046456,15,12,False,3,20230110,2,1.5
2795,296,4023.7954399486193,15115.787732819525,13,14,False,3,20230110,2,1.5
2796,297,4023.5975609756097,15647.40243902439,19,11,False,3,20230110,2,1.5
2797,298,4023.5,16191.5,12,11,False,3,20230110,2,1.5
2798,299,4023.6000641436817,16731.402501603592,22,8,False,3,20230110,2,1.5
2799,300,4023.4048200122015,17267.402379499694,14,9,False,3,20230110,2,1.5
2800,301,4024.053921568628,17796.06862745098,12,15,False,3,20230110,2,1.5
2801,302,4023.695244055069,18335.5,14,6,False,3,20230110,2,1.5
2802,303,4023.5,18867.5,18,9,False,3,20230110,2,1.5
2803,304,4023.6000641436817,19403.597498396408,21,16,False,3,20230110,2,1.5
2804,305,4023.89588688946,19947.309768637533,41,34,False,3,20230110,2,1.5
2805,306,4023.314180929096,20483.11369193154,5,3,False,3,20230110,2,1.5
2806,307,4023.6000641436817,21019.402501603592,17,12,False,3,20230110,2,1.5
2807,308,4467.308588957055,927.6865030674846,6,0,False,3,20230110,2,1.5
2808,309,4467.6027617212585,1463.5950545921644,2,2,False,3,20230110,2,1.5
2809,310,4467.69094247246,1999.686046511628,9,6,False,3,20230110,2,1.5
2810,311,4467.5,2531.5,8,6,False,3,20230110,2,1.5
2811,312,4467.103264281231,3067.133396107972,4,5,False,3,20230110,2,1.5
2812,313,4467.597620500305,3607.5951799877976,1,3,False,3,20230110,2,1.5
2813,314,4468.0700245700245,4135.490171990172,8,7,False,3,20230110,2,1.5
2814,315,4467.790461538461,4678.6704615384615,2,5,False,3,20230110,2,1.5
2815,316,4467.220416922134,5207.772225628449,6,3,False,3,20230110,2,1.5
2816,317,4467.600250626567,5747.4047619047615,5,3,False,3,20230110,2,1.5
2817,318,4467.695611285267,6275.876175548589,10,8,False,3,20230110,2,1.5
2818,319,4468.067931456549,6814.9467564259485,5,3,False,3,20230110,2,1.5
2819,320,4467.69094247246,7351.686046511628,6,8,False,3,20230110,2,1.5
2820,321,4467.705655526992,7887.5,11,7,False,3,20230110,2,1.5
2821,322,4467.9604316546765,8427.039568345324,9,6,False,3,20230110,2,1.5
2822,323,4467.803536977492,8951.78038585209,15,11,False,3,20230110,2,1.5
2823,324,4467.779926335175,9488.145794966236,5,4,False,3,20230110,2,1.5
2824,325,4467.970876762723,10023.958614347026,1,1,False,3,20230110,2,1.5
2825,326,4467.779926335175,10560.145794966236,6,5,False,3,20230110,2,1.5
2826,327,4467.773709483794,11099.773709483794,4,3,False,3,20230110,2,1.5
2827,328,4467.705655526992,11639.5,5,116,False,3,20230110,2,1.5
2828,329,4467.691411042945,12175.313496932517,7,6,False,3,20230110,2,1.5
2829,330,4467.992462311558,12707.404522613066,12,4,False,3,20230110,2,1.5
2830,331,4467.982412060302,13236.14824120603,11,8,False,3,20230110,2,1.5
2831,332,4467.695611285267,13771.876175548588,3,2,False,3,20230110,2,1.5
2832,333,4467.78679245283,14308.335220125786,18,8,True,3,20230110,2,1.5
2833,334,4467.700375704446,14851.5,16,9,False,3,20230110,2,1.5
2834,335,4467.695611285267,15379.876175548588,9,10,False,3,20230110,2,1.5
2835,336,4467.69094247246,15919.686046511628,19,15,False,3,20230110,2,1.5
2836,337,4467.597979179424,16463.03214941825,7,5,False,3,20230110,2,1.5
2837,338,4467.796110414053,16995.590338770387,8,8,False,3,20230110,2,1.5
2838,339,4467.812169312169,17531.589947089946,15,11,False,3,20230110,2,1.5
2839,340,4467.304143126177,18067.314187068423,9,7,False,3,20230110,2,1.5
2840,341,4467.6027617212585,18599.59505459217,19,7,False,3,20230110,2,1.5
2841,342,4467.992462311558,19139.59547738693,17,12,False,3,20230110,2,1.5
2842,343,4467.9604316546765,19675.586330935253,9,8,False,3,20230110,2,1.5
2843,344,4467.992462311558,20211.404522613066,45,21,False,3,20230110,2,1.5
2844,345,4467.695611285267,20755.87617554859,18,14,False,3,20230110,2,1.5
2845,346,4467.600250626567,21283.404761904763,15,14,False,3,20230110,2,1.5
2846,347,4910.279048765804,1198.8762793497892,2,1,False,3,20230110,2,1.5
2847,348,4909.975961538462,1726.3557692307693,7,6,False,3,20230110,2,1.5
2848,349,4911.294228356336,2263.5,6,7,False,3,20230110,2,1.5
2849,350,4910.738323353294,2799.859281437126,4,0,False,3,20230110,2,1.5
2850,351,4910.551497005988,3335.32754491018,12,9,False,3,20230110,2,1.5
2851,352,4911.092964824121,3871.680904522613,13,9,False,3,20230110,2,1.5
2852,353,4911.308383233533,4407.317964071856,9,3,False,3,20230110,2,1.5
2853,354,4911.298994974874,4943.133165829146,8,4,False,3,20230110,2,1.5
2854,355,4911.308841099164,5479.318399044206,12,10,True,3,20230110,2,1.5
2855,356,4911.696078431372,6011.318627450981,10,2,False,3,20230110,2,1.5
2856,357,4911.308383233533,6543.682035928144,7,3,False,3,20230110,2,1.5
2857,358,4911.796387017759,7083.225658297612,5,7,False,3,20230110,2,1.5
2858,359,4912.070743405276,7622.958033573142,14,8,False,3,20230110,2,1.5
2859,360,4911.5,8151.5,9,3,False,3,20230110,2,1.5
2860,361,4911.5,8694.951572327043,3,2,False,3,20230110,2,1.5
2861,362,4911.696078431372,9219.68137254902,8,5,False,3,20230110,2,1.5
2862,363,4911.69656019656,9755.681818181818,11,8,False,3,20230110,2,1.5
2863,364,4911.5,10291.863190184047,4,4,False,3,20230110,2,1.5
2864,365,4911.5,10827.863190184047,5,4,False,3,20230110,2,1.5
2865,366,4911.5,11374.602040816326,11,5,False,3,20230110,2,1.5
2866,367,4911.780407429598,11902.869682444578,12,9,False,3,20230110,2,1.5
2867,368,4911.600551808707,12443.043838136113,23,6,False,3,20230110,2,1.5
2868,369,4911.696078431372,12971.68137254902,10,9,False,3,20230110,2,1.5
2869,370,4911.780407429598,13504.130317555422,13,11,False,3,20230110,2,1.5
2870,371,4911.780407429598,14040.130317555422,6,2,False,3,20230110,2,1.5
2871,372,4911.774165202109,14579.232864674868,9,8,False,3,20230110,2,1.5
2872,373,4911.696078431372,15115.68137254902,9,6,False,3,20230110,2,1.5
2873,374,4911.780407429598,15648.130317555422,7,5,False,3,20230110,2,1.5
2874,375,4911.5,16191.136363636364,21,16,False,3,20230110,2,1.5
2875,376,4911.5,16731.5,13,9,True,3,20230110,2,1.5
2876,377,4911.869158878505,17266.77570093458,35,20,False,3,20230110,2,1.5
2877,378,4911.877182770663,17795.681606519207,9,0,False,3,20230110,2,1.5
2878,379,4912.261676646706,18335.32754491018,19,11,False,3,20230110,2,1.5
2879,380,4912.056725146199,18867.49064327485,30,15,False,3,20230110,2,1.5
2880,381,4911.696078431372,19403.68137254902,17,10,False,3,20230110,2,1.5
2881,382,4911.796387017759,19947.22565829761,28,12,False,3,20230110,2,1.5
2882,383,4911.961088355763,20483.050614394386,5,2,False,3,20230110,2,1.5
2883,384,4911.888206388207,21018.77764127764,12,12,False,3,20230110,2,1.5
2884,385,5354.359950859951,927.5,3,1,False,3,20230110,2,1.5
2885,386,5355.3972382787415,1463.4049454078356,2,4,False,3,20230110,2,1.5
2886,387,5354.355036855037,1999.8341523341523,0,0,False,3,20230110,2,1.5
2887,388,5355.103761755486,2531.314420062696,1,2,False,3,20230110,2,1.5
2888,389,5355.299624295554,3067.5,5,3,False,3,20230110,2,1.5
2889,390,5355.5,3607.309523809524,9,7,False,3,20230110,2,1.5
2890,391,5355.5,4135.5,7,4,False,3,20230110,2,1.5
2891,392,5355.87791411043,4678.758895705521,0,0,False,3,20230110,2,1.5
2892,393,5355.69094247246,5207.313953488372,6,4,False,3,20230110,2,1.5
2893,394,5355.695611285267,5747.123824451411,8,8,False,3,20230110,2,1.5
2894,395,5355.600250626567,6275.4047619047615,8,3,False,3,20230110,2,1.5
2895,396,5355.5,6815.1274509803925,13,8,False,3,20230110,2,1.5
2896,397,5355.597739767868,7351.404703726329,9,6,False,3,20230110,2,1.5
2897,398,5355.6027617212585,7887.404945407836,21,15,True,3,20230110,2,1.5
2898,399,5355.868641532017,8426.757929383602,9,8,False,3,20230110,2,1.5
2899,400,5355.6027617212585,8951.595054592164,6,5,False,3,20230110,2,1.5
2900,401,5355.69094247246,9487.686046511628,3,3,False,3,20230110,2,1.5
2901,402,5355.882352941177,10023.5,7,8,False,3,20230110,2,1.5
2902,403,5355.788685015291,10559.781345565749,7,7,False,3,20230110,2,1.5
2903,404,5355.87298266587,11099.5,4,3,False,3,20230110,2,1.5
2904,405,5355.803536977492,11639.21961414791,13,5,False,3,20230110,2,1.5
2905,406,5355.788685015291,12175.218654434251,26,14,True,3,20230110,2,1.5
2906,407,5355.796110414053,12707.218946047678,7,4,False,3,20230110,2,1.5
2907,408,5355.896238244514,13235.685579937304,6,5,False,3,20230110,2,1.5
2908,409,5355.700375704446,13771.5,8,4,False,3,20230110,2,1.5
2909,410,5355.796110414053,14307.781053952322,4,3,False,3,20230110,2,1.5
2910,411,5355.600125156446,14851.404881101376,5,4,False,3,20230110,2,1.5
2911,412,5355.700375704446,15379.5,7,4,False,3,20230110,2,1.5
2912,413,5355.88630806846,15919.685819070904,1,1,False,3,20230110,2,1.5
2913,414,5355.5,16462.936964504283,8,6,False,3,20230110,2,1.5
2914,415,5355.896238244514,16995.314420062696,13,10,False,3,20230110,2,1.5
2915,416,5355.917713152677,17531.31493721084,21,8,False,3,20230110,2,1.5
2916,417,5355.795739348371,18067.21929824561,11,5,False,3,20230110,2,1.5
2917,418,5355.6027617212585,18599.59505459217,14,10,False,3,20230110,2,1.5
2918,419,5355.700375704446,19139.5,14,10,False,3,20230110,2,1.5
2919,420,5355.968339307049,19675.40442054958,17,10,False,3,20230110,2,1.5
2920,421,5355.600125156446,20211.40488110137,21,17,False,3,20230110,2,1.5
2921,422,5355.795739348371,20755.21929824561,17,14,False,3,20230110,2,1.5
2922,423,5355.700375704446,21283.5,16,8,False,3,20230110,2,1.5
2923,424,5806.541916167665,1199.3179640718563,4,0,False,3,20230110,2,1.5
2924,425,5806.328331332533,1727.2454981992796,1,2,False,3,20230110,2,1.5
2925,426,5806.901257861635,2262.9616352201256,1,2,False,3,20230110,2,1.5
2926,427,5807.019426180514,2799.4067543335327,1,1,False,3,20230110,2,1.5
2927,428,5807.204504504504,3335.262162162162,19,7,False,3,20230110,2,1.5
2928,429,5807.705771643664,3871.5,6,12,False,3,20230110,2,1.5
2929,430,5807.308383233533,4407.317964071856,10,7,False,3,20230110,2,1.5
2930,431,5807.397049591965,4943.407093534212,2,2,False,3,20230110,2,1.5
2931,432,5807.5,5479.136363636364,4,2,False,3,20230110,2,1.5
2932,433,5807.5,6011.5,2,2,False,3,20230110,2,1.5
2933,434,5807.317964071856,6544.223353293413,3,0,False,3,20230110,2,1.5
2934,435,5807.303921568628,7083.318627450981,5,3,False,3,20230110,2,1.5
2935,436,5807.5,7623.136363636364,2,3,False,3,20230110,2,1.5
2936,437,5807.5,8151.5,2,0,False,3,20230110,2,1.5
2937,438,5807.5,8694.951572327043,2,3,False,3,20230110,2,1.5
2938,439,5807.399448191293,9219.956161863887,4,1,False,3,20230110,2,1.5
2939,440,5807.303921568628,9755.68137254902,2,1,False,3,20230110,2,1.5
2940,441,5807.5,10291.863190184047,10,6,False,3,20230110,2,1.5
2941,442,5807.5,10827.863190184047,10,9,False,3,20230110,2,1.5
2942,443,5807.5,11374.602040816326,8,7,False,3,20230110,2,1.5
2943,444,5807.691616766467,11903.317964071855,5,4,False,3,20230110,2,1.5
2944,445,5807.600551808707,12443.043838136113,6,2,False,3,20230110,2,1.5
2945,446,5807.696078431372,12971.68137254902,7,6,False,3,20230110,2,1.5
2946,447,5807.5,13503.863636363636,4,3,False,3,20230110,2,1.5
2947,448,5807.780407429598,14040.130317555422,2,2,False,3,20230110,2,1.5
2948,449,5807.5,14579.5,5,4,False,3,20230110,2,1.5
2949,450,5807.5,15115.5,8,5,False,3,20230110,2,1.5
2950,451,5807.308383233533,15647.682035928145,8,7,False,3,20230110,2,1.5
2951,452,5807.219592570402,16190.869682444578,11,8,False,3,20230110,2,1.5
2952,453,5807.203975535168,16731.225993883792,2,3,False,3,20230110,2,1.5
2953,454,5808.315897136177,17266.518118059616,22,5,False,3,20230110,2,1.5
2954,455,5807.5,17795.5,7,11,False,3,20230110,2,1.5
2955,456,5807.598027495517,18335.04333532576,10,5,False,3,20230110,2,1.5
2956,457,5807.686915887851,18867.317757009347,11,7,False,3,20230110,2,1.5
2957,458,5807.399694189602,19403.59296636085,23,10,False,3,20230110,2,1.5
2958,459,5807.600551808707,19947.04383813612,22,14,False,3,20230110,2,1.5
2959,460,5807.322429906542,20482.59813084112,17,9,False,3,20230110,2,1.5
2960,461,5807.600551808707,21019.04383813612,16,6,False,3,20230110,2,1.5
2961,462,6248.491920447483,929.41671845867,1,1,False,3,20230110,2,1.5
2962,463,6250.684516129032,1463.5,0,0,False,3,20230110,2,1.5
2963,464,6250.062461538461,1999.2710769230769,2,1,False,3,20230110,2,1.5
2964,465,6246.90797940798,2531.5,7,2,False,3,20230110,2,1.5
2965,466,6251.103761755486,3067.6855799373043,5,3,False,3,20230110,2,1.5
2966,467,6251.402379499695,3607.4048200122015,5,2,False,3,20230110,2,1.5
2967,468,6251.30905752754,4135.686046511628,0,0,False,3,20230110,2,1.5
2968,469,6251.788685015291,4679.21865443425,2,0,False,3,20230110,2,1.5
2969,470,6251.882352941177,5207.5,6,0,False,3,20230110,2,1.5
2970,471,6251.600250626567,5747.4047619047615,5,2,False,3,20230110,2,1.5
2971,472,6251.600250626567,6275.595238095239,2,1,False,3,20230110,2,1.5
2972,473,6251.5,6815.1274509803925,0,1,False,3,20230110,2,1.5
2973,474,6251.5,7351.5,7,5,False,3,20230110,2,1.5
2974,475,6251.6027617212585,7887.404945407836,3,2,False,3,20230110,2,1.5
2975,476,6251.773053892216,8426.853293413174,4,2,False,3,20230110,2,1.5
2976,477,6251.5,8951.690231362469,3,2,False,3,20230110,2,1.5
2977,478,6251.5,9487.872549019608,4,3,False,3,20230110,2,1.5
2978,479,6251.5,10023.872549019608,5,2,False,3,20230110,2,1.5
2979,480,6251.69094247246,10559.686046511628,3,3,False,3,20230110,2,1.5
2980,481,6251.87298266587,11099.5,5,3,False,3,20230110,2,1.5
2981,482,6251.6027617212585,11639.404945407836,1,1,False,3,20230110,2,1.5
2982,483,6251.597979179424,12175.032149418248,7,0,False,3,20230110,2,1.5
2983,484,6251.796110414053,12707.218946047678,6,4,False,3,20230110,2,1.5
2984,485,6251.896238244514,13235.685579937304,4,4,False,3,20230110,2,1.5
2985,486,6251.600125156446,13771.595118898624,7,4,False,3,20230110,2,1.5
2986,487,6251.795739348371,14307.780701754386,8,3,False,3,20230110,2,1.5
2987,488,6251.5,14851.309643080776,5,0,False,3,20230110,2,1.5
2988,489,6251.600250626567,15379.40476190476,10,4,False,3,20230110,2,1.5
2989,490,6251.5,15919.5,9,5,False,3,20230110,2,1.5
2990,491,6251.5,16462.389434889436,20,13,False,3,20230110,2,1.5
2991,492,6251.5,16995.30964308078,6,5,False,3,20230110,2,1.5
2992,493,6251.605540897098,17531.405013192612,10,1,False,3,20230110,2,1.5
2993,494,6251.5,18066.93753923415,13,4,False,3,20230110,2,1.5
2994,495,6251.5,18599.5,4,1,False,3,20230110,2,1.5
2995,496,6251.5,19139.30964308078,14,9,False,3,20230110,2,1.5
2996,497,6251.5,19675.12701733413,6,2,False,3,20230110,2,1.5
2997,498,6251.5,20211.30964308078,15,6,False,3,20230110,2,1.5
2998,499,6251.399874843554,20755.40488110137,19,3,False,3,20230110,2,1.5
2999,500,6251.600250626567,21283.404761904763,33,98,False,3,20230110,2,1.5
2500,1,899.004835589942,1464.1473243068988,2,0,False,0,20221101,1,2.0
2501,2,898.7570725707257,2000.5971709717096,1,0,False,0,20221101,1,2.0
2502,3,899.2132075471698,2532.3352201257862,1,0,False,0,20221101,1,2.0
2503,4,899.2132075471698,3068.3352201257862,1,0,False,0,20221101,1,2.0
2504,5,899.4020208205757,3607.967850581752,3,0,False,0,20221101,1,2.0
2505,6,899.2204169221336,4136.33629675046,4,1,False,0,20221101,1,2.0
2506,7,899.4020208205757,4679.967850581751,1,0,False,0,20221101,1,2.0
2507,8,899.7795830778664,5208.33629675046,4,0,False,0,20221101,1,2.0
2508,9,899.6956112852664,5747.876175548589,0,0,False,0,20221101,1,2.0
2509,10,899.204260651629,6275.7807017543855,7,2,False,0,20221101,1,2.0
2510,11,899.8779141104294,6816.241104294479,4,2,False,0,20221101,1,2.0
2511,12,900.0686274509804,7352.053921568628,3,0,False,0,20221101,1,2.0
2512,13,900.3051612903225,7887.866451612903,1,1,False,0,20221101,1,2.0
2513,14,900.6003003003003,8428.206306306307,4,0,False,0,20221101,1,2.0
2514,15,900.0979381443299,8952.051546391753,0,0,False,0,20221101,1,2.0
2515,16,900.2429274292743,9488.59717097171,1,1,False,0,20221101,1,2.0
2516,17,901.4233621755252,10024.187268232386,1,0,False,0,20221101,1,2.0
2517,18,901.0743368291178,10560.657310302282,2,0,False,0,20221101,1,2.0
2518,19,900.5989802039592,11100.224655068989,2,0,False,0,20221101,1,2.0
2519,20,899.7005141388174,11639.690231362469,0,1,False,0,20221101,1,2.0
2520,21,901.428306551298,12176.889369592089,2,0,False,0,20221101,1,2.0
2521,22,900.3805031446541,12707.771698113207,1,0,False,0,20221101,1,2.0
2522,23,900.3564231738035,13236.502518891688,1,0,False,0,20221101,1,2.0
2523,24,899.9824120603015,13772.14824120603,0,0,False,0,20221101,1,2.0
2524,25,900.1607818411097,14308.690416141237,0,0,False,0,20221101,1,2.0
2525,26,899.896238244514,14851.685579937304,1,0,False,0,20221101,1,2.0
2526,27,899.9824120603015,15380.14824120603,2,1,False,0,20221101,1,2.0
2527,28,899.7795830778664,15920.33629675046,0,0,False,0,20221101,1,2.0
2528,29,899.6909424724602,16463.68604651163,2,0,False,0,20221101,1,2.0
2529,30,899.6956112852664,16995.87617554859,0,0,False,0,20221101,1,2.0
2530,31,899.6055408970976,17531.594986807388,0,0,False,0,20221101,1,2.0
2531,32,899.5,18067.5,4,0,False,0,20221101,1,2.0
2532,33,899.5,18599.690231362467,0,0,False,0,20221101,1,2.0
2533,34,899.6002506265664,19139.404761904763,2,1,False,0,20221101,1,2.0
2534,35,900.1467065868263,19675.226946107785,4,3,False,0,20221101,1,2.0
2535,36,900.0925925925926,20211.5,2,1,False,0,20221101,1,2.0
2536,37,900.1842767295598,20754.86603773585,3,3,False,0,20221101,1,2.0
2537,38,903.89588688946,21283.309768637533,3,0,True,0,20221101,1,2.0
2538,39,1342.8345888261142,1199.9695543000628,2,0,True,0,20221101,1,2.0
2539,40,1343.293710691824,1728.4610062893082,0,0,False,0,20221101,1,2.0
2540,41,1343.1967699406723,2263.78740936058,1,0,False,0,20221101,1,2.0
2541,42,1343.2115987460816,2799.7884012539184,0,0,False,0,20221101,1,2.0
2542,43,1343.211959924859,3335.788040075141,0,0,False,0,20221101,1,2.0
2543,44,1343.5,3871.694993412385,1,0,False,0,20221101,1,2.0
2544,45,1343.5,4407.6952440550685,2,0,False,0,20221101,1,2.0
2545,46,1343.5,4943.5,1,0,False,0,20221101,1,2.0
2546,47,1343.5975609756097,5479.59756097561,3,0,False,0,20221101,1,2.0
2547,48,1343.5951768488746,6011.788102893891,0,0,False,0,20221101,1,2.0
2548,49,1343.7790697674418,6544.357322438717,2,0,False,0,20221101,1,2.0
2549,50,1343.7002567394095,7083.5,2,0,False,0,20221101,1,2.0
2550,51,1344.0771643663738,7623.5,3,0,False,0,20221101,1,2.0
2551,52,1343.7884012539184,8151.788401253919,0,0,False,0,20221101,1,2.0
2552,53,1343.705533596838,8695.5,0,0,False,0,20221101,1,2.0
2553,54,1343.6953727506427,9219.885604113111,0,0,False,0,20221101,1,2.0
2554,55,1343.89588688946,9755.690231362469,0,0,False,0,20221101,1,2.0
2555,56,1343.399935856318,10291.597498396408,1,0,False,0,20221101,1,2.0
2556,57,1344.0824742268042,10828.067010309278,2,0,False,0,20221101,1,2.0
2557,58,1344.4319899244333,11374.568010075567,1,0,False,0,20221101,1,2.0
2558,59,1343.8859649122808,11903.690476190475,1,0,False,0,20221101,1,2.0
2559,60,1343.89588688946,12443.309768637531,0,0,False,0,20221101,1,2.0
2560,61,1343.89588688946,12971.690231362469,1,0,False,0,20221101,1,2.0
2561,62,1343.690476190476,13503.88596491228,1,0,False,0,20221101,1,2.0
2562,63,1343.8859649122808,14039.690476190475,2,0,False,0,20221101,1,2.0
2563,64,1343.4044703000611,14579.402020820577,3,0,False,0,20221101,1,2.0
2564,65,1343.6953727506427,15115.885604113111,1,0,False,0,20221101,1,2.0
2565,66,1343.690476190476,15647.88596491228,2,0,False,0,20221101,1,2.0
2566,67,1343.7884012539184,16191.788401253918,2,1,False,0,20221101,1,2.0
2567,68,1343.399935856318,16731.402501603592,2,0,False,0,20221101,1,2.0
2568,69,1343.6865030674846,17267.308588957054,1,0,False,0,20221101,1,2.0
2569,70,1343.5955296999389,17795.98009797918,0,0,False,0,20221101,1,2.0
2570,71,1343.5975609756097,18335.40243902439,2,0,False,0,20221101,1,2.0
2571,72,1343.5,18867.88235294117,0,0,False,0,20221101,1,2.0
2572,73,1343.5,19403.5,6,3,False,0,20221101,1,2.0
2573,74,1343.89588688946,19947.309768637533,3,2,False,0,20221101,1,2.0
2574,75,1344.0539215686274,20482.93137254902,0,0,False,0,20221101,1,2.0
2575,76,1344.1825499034128,21019.03122987765,1,1,False,0,20221101,1,2.0
2576,77,1786.8558696988323,928.6923786109404,2,0,True,0,20221101,1,2.0
2577,78,1786.6937984496124,1464.37338501292,3,0,False,0,20221101,1,2.0
2578,79,1786.9313725490197,2000.053921568628,2,0,False,0,20221101,1,2.0
2579,80,1787.2038895859473,2531.781053952321,1,0,True,0,20221101,1,2.0
2580,81,1786.442065491184,3068.3110831234258,3,1,False,0,20221101,1,2.0
2581,82,1787.970300061237,3608.149112063688,1,0,False,0,20221101,1,2.0
2582,83,1787.5979791794243,4135.967850581751,1,0,False,0,20221101,1,2.0
2583,84,1787.2204169221336,4679.772225628449,0,0,False,0,20221101,1,2.0
2584,85,1787.029699938763,5208.149112063687,0,0,False,0,20221101,1,2.0
2585,86,1787.882149591452,5748.053111250786,2,0,False,0,20221101,1,2.0
2586,87,1787.9753476611884,6276.870417193426,2,0,False,0,20221101,1,2.0
2587,88,1788.0700245700243,6816.055282555282,0,0,False,0,20221101,1,2.0
2588,89,1788.0686274509803,7352.053921568628,2,0,False,0,20221101,1,2.0
2589,90,1787.9066924066924,7887.685328185328,6,0,False,0,20221101,1,2.0
2590,91,1788.4214157168567,8427.5,1,0,False,0,20221101,1,2.0
2591,92,1788.8411003236247,8951.057281553398,3,2,False,0,20221101,1,2.0
2592,93,1788.9590264941469,9488.74460874923,1,1,False,0,20221101,1,2.0
2593,94,1788.5325752919484,10024.31868469576,0,0,False,0,20221101,1,2.0
2594,95,1789.3282890673256,10560.925571340333,0,0,False,0,20221101,1,2.0
2595,96,1788.2420706163973,11099.868641532015,2,0,False,0,20221101,1,2.0
2596,97,1788.1082474226805,11639.5,0,0,False,0,20221101,1,2.0
2597,98,1788.8382533825338,12175.657441574416,0,0,False,0,20221101,1,2.0
2598,99,1788.3636363636365,13236.671717171715,1,0,False,0,20221101,1,2.0
2599,100,1788.083280955374,13772.053111250783,2,0,False,0,20221101,1,2.0
2600,101,1788.26214511041,14308.5952681388,2,0,False,0,20221101,1,2.0
2601,102,1788.0925925925926,14851.5,1,0,False,0,20221101,1,2.0
2602,103,1787.887665198238,15380.240088105727,1,1,False,0,20221101,1,2.0
2603,104,1787.8779141104294,15920.24110429448,0,0,False,0,20221101,1,2.0
2604,105,1787.7886850152904,16463.409480122325,2,0,False,0,20221101,1,2.0
2605,106,1787.795739348371,16995.780701754386,2,1,False,0,20221101,1,2.0
2606,107,1787.9177131526767,17531.68506278916,5,0,False,0,20221101,1,2.0
2607,108,1787.7003757044458,18067.5,1,0,False,0,20221101,1,2.0
2608,109,1787.6027617212587,18599.59505459217,0,1,False,0,20221101,1,2.0
2609,110,1787.896238244514,19139.314420062696,2,1,False,0,20221101,1,2.0
2610,111,1788.4214157168567,19675.5,4,1,False,0,20221101,1,2.0
2611,112,1788.0925925925926,20211.5,3,0,False,0,20221101,1,2.0
2612,113,1788.083280955374,20754.94688874921,0,0,False,0,20221101,1,2.0
2613,114,1788.294468887492,21283.5,3,1,False,0,20221101,1,2.0
2614,115,1791.89588688946,12707.309768637531,1,0,False,0,20221101,1,2.0
2615,116,2231.304755944931,1199.5,0,0,False,0,20221101,1,2.0
2616,117,2231.6907151819323,1727.8764115432873,0,0,False,0,20221101,1,2.0
2617,118,2231.5,2263.5,2,2,False,0,20221101,1,2.0
2618,119,2231.5,2799.5,2,0,False,0,20221101,1,2.0
2619,120,2231.5,3335.5,1,0,False,0,20221101,1,2.0
2620,121,2231.5,3871.5,2,0,False,0,20221101,1,2.0
2621,122,2231.695244055069,4407.5,0,2,False,0,20221101,1,2.0
2622,123,2231.5,4943.5,0,0,False,0,20221101,1,2.0
2623,124,2231.5,5479.5,2,0,False,0,20221101,1,2.0
2624,125,2231.6000641436817,6011.402501603592,2,2,False,0,20221101,1,2.0
2625,126,2231.690476190476,6543.8859649122805,1,0,False,0,20221101,1,2.0
2626,127,2231.89588688946,7083.690231362468,4,1,False,0,20221101,1,2.0
2627,128,2232.077164366374,7623.5,1,1,False,0,20221101,1,2.0
2628,129,2231.8859649122805,8151.690476190476,0,0,False,0,20221101,1,2.0
2629,130,2232.1076618229854,8695.5,0,0,False,0,20221101,1,2.0
2630,131,2231.79543994862,9219.787732819525,2,0,False,0,20221101,1,2.0
2631,132,2232.182549903413,9755.968770122345,1,0,False,0,20221101,1,2.0
2632,133,2232.182549903413,10291.968770122345,1,0,False,0,20221101,1,2.0
2633,134,2232.082474226804,10828.067010309278,3,0,False,0,20221101,1,2.0
2634,135,2231.6902377972465,11375.304755944931,3,0,False,0,20221101,1,2.0
2635,136,2232.165411173886,11903.969554300063,1,0,False,0,20221101,1,2.0
2636,137,2231.7002567394097,12443.5,2,0,False,0,20221101,1,2.0
2637,138,2232.0817245817248,12972.06628056628,0,0,False,0,20221101,1,2.0
2638,139,2232.3332284455632,13504.529578351165,0,1,False,0,20221101,1,2.0
2639,140,2232.3332284455632,14040.529578351165,0,0,False,0,20221101,1,2.0
2640,141,2232.241104294478,14579.87791411043,0,0,False,0,20221101,1,2.0
2641,142,2232.0817245817248,15116.06628056628,0,0,False,0,20221101,1,2.0
2642,143,2231.9695543000626,15648.165411173886,0,0,False,0,20221101,1,2.0
2643,144,2231.8859649122805,16191.690476190475,3,1,False,0,20221101,1,2.0
2644,145,2231.7002567394097,16731.5,2,0,False,0,20221101,1,2.0
2645,146,2232.241104294478,17267.681595092025,6,1,False,0,20221101,1,2.0
2646,147,2232.053921568628,17796.06862745098,3,1,False,0,20221101,1,2.0
2647,148,2231.8859649122805,18335.69047619048,2,0,False,0,20221101,1,2.0
2648,149,2232.33629675046,18867.220416922133,1,1,False,0,20221101,1,2.0
2649,150,2231.79543994862,19403.787732819525,2,0,False,0,20221101,1,2.0
2650,151,2231.89588688946,19947.309768637533,0,1,False,0,20221101,1,2.0
2651,152,2232.33629675046,20483.220416922133,3,0,False,0,20221101,1,2.0
2652,153,2231.89588688946,21019.309768637533,2,1,False,0,20221101,1,2.0
2653,154,2674.93137254902,928.0539215686274,0,0,False,0,20221101,1,2.0
2654,155,2677.859493670886,1462.4012658227848,3,0,False,0,20221101,1,2.0
2655,156,2675.406919779547,1999.776791181874,1,0,False,0,20221101,1,2.0
2656,157,2674.90666247643,2531.489943431804,2,0,True,0,20221101,1,2.0
2657,158,2675.1173694147265,3068.04877281309,1,0,False,0,20221101,1,2.0
2658,159,2674.6416309012875,3607.7722256284487,1,0,False,0,20221101,1,2.0
2659,160,2678.221252257676,4135.150812763395,3,0,False,0,20221101,1,2.0
2660,161,2679.5,4679.5,1,1,False,0,20221101,1,2.0
2661,162,2678.2738452309536,5208.111877624475,2,1,False,0,20221101,1,2.0
2662,163,2679.5,5747.5,4,0,False,0,20221101,1,2.0
2663,164,2680.4987699877,6275.849323493235,4,1,False,0,20221101,1,2.0
2664,165,2679.882775119617,6815.5,3,0,False,0,20221101,1,2.0
2665,166,2680.2616766467067,7351.859281437126,0,0,False,0,20221101,1,2.0
2666,167,2680.236225087925,8427.317116060962,1,0,False,0,20221101,1,2.0
2667,168,2679.907035175879,8951.680904522613,1,1,False,0,20221101,1,2.0
2668,169,2679.211389385808,9487.774299344066,1,0,False,0,20221101,1,2.0
2669,170,2680.0693779904304,10024.04066985646,4,0,False,0,20221101,1,2.0
2670,171,2681.5253470126736,10560.709414604707,5,0,False,0,20221101,1,2.0
2671,172,2680.147574517826,11099.766510812393,6,0,False,0,20221101,1,2.0
2672,173,2680.1638705811865,12175.766027561414,1,0,False,0,20221101,1,2.0
2673,174,2680.093137254902,12707.5,1,0,False,0,20221101,1,2.0
2674,175,2680.0840490797545,13236.039877300613,2,0,False,0,20221101,1,2.0
2675,176,2679.796024464832,13771.774006116208,1,1,False,0,20221101,1,2.0
2676,177,2680.459409594096,14308.385608856088,6,2,False,0,20221101,1,2.0
2677,178,2679.896572827417,14851.681150550796,1,1,False,0,20221101,1,2.0
2678,179,2680.0840490797545,15380.039877300613,0,0,False,0,20221101,1,2.0
2679,180,2680.0693779904304,15920.04066985646,0,0,False,0,20221101,1,2.0
2680,181,2679.980573819486,16463.406754333533,1,2,False,0,20221101,1,2.0
2681,182,2679.896572827417,16995.681150550794,0,0,False,0,20221101,1,2.0
2682,183,2679.605602060528,17531.592723760463,2,0,False,0,20221101,1,2.0
2683,184,2679.9935543278084,18067.58348680172,0,0,False,0,20221101,1,2.0
2684,185,2679.80923947203,18599.42206159648,1,0,False,0,20221101,1,2.0
2685,186,2680.1876155268023,19139.214109673445,4,0,False,0,20221101,1,2.0
2686,187,2680.4227166276346,19675.5,2,0,False,0,20221101,1,2.0
2687,188,2679.700488997555,20211.5,3,0,False,0,20221101,1,2.0
2688,189,2679.7963870177587,20755.22565829761,2,0,False,0,20221101,1,2.0
2689,190,2680.093137254902,21283.5,3,0,False,0,20221101,1,2.0
2690,191,2683.602761721259,7887.595054592164,1,0,False,0,20221101,1,2.0
2691,192,2683.9025806451614,11639.5,3,0,False,0,20221101,1,2.0
2692,193,3130.359950859951,1199.5,0,0,False,0,20221101,1,2.0
2693,194,3125.668888888889,1728.9653968253967,1,0,False,0,20221101,1,2.0
2694,195,3131.397238278741,2263.5950545921646,0,0,False,0,20221101,1,2.0
2695,196,3127.2105097545627,2799.7794210195093,0,0,False,0,20221101,1,2.0
2696,197,3129.775092936803,3336.6995043370507,2,1,False,0,20221101,1,2.0
2697,198,3131.397238278741,3871.5950545921646,3,2,False,0,20221101,1,2.0
2698,199,3130.726600985221,4406.869458128079,0,0,False,0,20221101,1,2.0
2699,200,3130.9945196647323,4943.595422308188,1,0,False,0,20221101,1,2.0
2700,201,3131.402260232132,5479.404703726329,3,0,False,0,20221101,1,2.0
2701,202,3131.203889585948,6011.781053952322,2,0,False,0,20221101,1,2.0
2702,203,3131.1220858895704,6544.241104294479,3,1,False,0,20221101,1,2.0
2703,204,3131.6001251564458,7083.595118898624,3,0,False,0,20221101,1,2.0
2704,205,3131.5,7623.127450980392,1,0,False,0,20221101,1,2.0
2705,206,3131.5,8151.872549019607,2,0,False,0,20221101,1,2.0
2706,207,3131.5,8695.309768637531,1,0,False,0,20221101,1,2.0
2707,208,3131.6956112852663,9219.876175548588,5,0,False,0,20221101,1,2.0
2708,209,3131.7961104140527,9755.781053952322,1,0,False,0,20221101,1,2.0
2709,210,3131.7961104140527,10291.781053952322,3,1,True,0,20221101,1,2.0
2710,211,3131.5,10828.06246076585,5,0,True,0,20221101,1,2.0
2711,212,3131.779926335175,11374.854205033764,0,1,False,0,20221101,1,2.0
2712,213,3131.6909424724604,11903.686046511628,2,0,False,0,20221101,1,2.0
2713,214,3131.6002506265663,12443.40476190476,1,2,False,0,20221101,1,2.0
2714,215,3131.7961104140527,12971.781053952322,0,0,False,0,20221101,1,2.0
2715,216,3131.7795830778664,13504.33629675046,4,0,False,0,20221101,1,2.0
2716,217,3131.7795830778664,14040.33629675046,0,0,False,0,20221101,1,2.0
2717,218,3131.960431654676,14579.960431654676,1,0,False,0,20221101,1,2.0
2718,219,3131.6956112852663,15115.876175548588,0,0,False,0,20221101,1,2.0
2719,220,3131.5,15648.063035495716,2,0,False,0,20221101,1,2.0
2720,221,3131.8823529411766,16191.5,1,0,False,0,20221101,1,2.0
2721,222,3131.5,16731.30964308078,1,0,False,0,20221101,1,2.0
2722,223,3131.6862686567165,17267.313731343285,1,0,False,0,20221101,1,2.0
2723,224,3131.313953488372,17795.68604651163,4,0,False,0,20221101,1,2.0
2724,225,3131.6909424724604,18335.31395348837,6,2,False,0,20221101,1,2.0
2725,226,3131.68671454219,18867.68671454219,2,0,False,0,20221101,1,2.0
2726,227,3131.700375704446,19403.5,0,0,False,0,20221101,1,2.0
2727,228,3131.5,19947.5,0,1,False,0,20221101,1,2.0
2728,229,3131.782634730539,20482.661676646705,0,0,False,0,20221101,1,2.0
2729,230,3131.7961104140527,21019.21894604768,1,0,False,0,20221101,1,2.0
2730,231,3570.6416309012875,927.7722256284488,0,0,False,0,20221101,1,2.0
2731,232,3571.5,1463.5,1,0,False,0,20221101,1,2.0
2732,233,3569.9433497536947,2000.5147783251232,5,0,True,0,20221101,1,2.0
2733,234,3571.3043887147337,2531.1238244514107,3,0,True,0,20221101,1,2.0
2734,235,3571.8962382445143,3067.6855799373043,0,0,False,0,20221101,1,2.0
2735,236,3571.5,3607.309523809524,0,0,False,0,20221101,1,2.0
2736,237,3571.597620500305,4135.595179987798,0,0,False,0,20221101,1,2.0
2737,238,3571.5,4679.5,4,0,False,0,20221101,1,2.0
2738,239,3571.88630806846,5207.6858190709045,2,0,False,0,20221101,1,2.0
2739,240,3571.7961104140527,5747.590338770389,1,0,False,0,20221101,1,2.0
2740,241,3571.8962382445143,6275.314420062696,1,0,False,0,20221101,1,2.0
2741,242,3571.69536019536,6815.5,0,0,False,0,20221101,1,2.0
2742,243,3572.166258420086,7351.041947336191,2,0,False,0,20221101,1,2.0
2743,244,3571.7056555269924,7887.5,1,0,False,0,20221101,1,2.0
2744,245,3572.5167865707435,8427.404076738609,1,0,False,0,20221101,1,2.0
2745,246,3571.9066924066924,8951.685328185327,1,0,False,0,20221101,1,2.0
2746,247,3572.260736196319,9487.86809815951,0,0,False,0,20221101,1,2.0
2747,248,3572.260736196319,10023.86809815951,3,2,False,0,20221101,1,2.0
2748,249,3572.0686274509803,10560.053921568628,3,0,False,0,20221101,1,2.0
2749,250,3574.511180124224,11097.66645962733,1,0,False,0,20221101,1,2.0
2750,251,3572.00998068255,11639.404700579524,4,0,False,0,20221101,1,2.0
2751,252,3572.3583690987125,12175.227774371551,1,0,True,0,20221101,1,2.0
2752,253,3572.0925925925926,12707.5,2,1,False,0,20221101,1,2.0
2753,254,3572.0825486503454,13236.052416823602,0,0,False,0,20221101,1,2.0
2754,255,3571.8962382445143,13771.685579937304,1,1,False,0,20221101,1,2.0
2755,256,3572.183417085427,14307.957286432162,1,0,False,0,20221101,1,2.0
2756,257,3571.700375704446,14851.5,2,0,False,0,20221101,1,2.0
2757,258,3572.183417085427,15379.957286432162,2,0,False,0,20221101,1,2.0
2758,259,3572.3583690987125,15919.772225628449,4,0,False,0,20221101,1,2.0
2759,260,3571.88630806846,16463.314180929094,3,1,False,0,20221101,1,2.0
2760,261,3572.0925925925926,16995.5,4,2,False,0,20221101,1,2.0
2761,262,3571.6055408970974,17531.594986807388,4,0,True,0,20221101,1,2.0
2762,263,3571.6001251564458,18067.40488110137,5,0,False,0,20221101,1,2.0
2763,264,3571.602761721259,18599.59505459217,2,0,False,0,20221101,1,2.0
2764,265,3572.0925925925926,19139.5,4,0,False,0,20221101,1,2.0
2765,266,3572.5167865707435,19675.59592326139,1,0,False,0,20221101,1,2.0
2766,267,3572.0925925925926,20211.5,0,0,False,0,20221101,1,2.0
2767,268,3572.183417085427,20755.04271356784,0,0,True,0,20221101,1,2.0
2768,269,3572.0925925925926,21283.5,3,1,False,0,20221101,1,2.0
2769,270,4023.1235884567127,1199.1135508155585,1,0,False,0,20221101,1,2.0
2770,271,4023.4024390243903,1727.5975609756097,0,0,False,0,20221101,1,2.0
2771,272,4023.5,2263.5,0,0,False,0,20221101,1,2.0
2772,273,4023.5,2799.304755944931,1,0,False,0,20221101,1,2.0
2773,274,4023.22057898049,3335.7794210195093,1,0,False,0,20221101,1,2.0
2774,275,4023.6026991441736,3871.597432521396,1,0,False,0,20221101,1,2.0
2775,276,4023.6911949685536,4407.308805031446,1,0,False,0,20221101,1,2.0
2776,277,4023.3973008558255,4943.597432521396,0,0,False,0,20221101,1,2.0
2777,278,4023.690476190476,5479.11403508772,2,1,False,0,20221101,1,2.0
2778,279,4023.6000641436817,6011.597498396408,1,1,False,0,20221101,1,2.0
2779,280,4023.690476190476,6543.8859649122805,1,0,False,0,20221101,1,2.0
2780,281,4023.7002567394097,7083.5,0,0,False,0,20221101,1,2.0
2781,282,4023.7884012539184,7623.211598746081,0,0,False,0,20221101,1,2.0
2782,283,4023.885964912281,8151.690476190476,6,0,False,0,20221101,1,2.0
2783,284,4023.6026991441736,8695.402567478604,0,0,False,0,20221101,1,2.0
2784,285,4023.7954399486193,9219.787732819525,1,0,False,0,20221101,1,2.0
2785,286,4023.89588688946,9755.690231362469,1,0,False,0,20221101,1,2.0
2786,287,4023.89588688946,10291.690231362469,2,1,False,0,20221101,1,2.0
2787,288,4023.6953727506425,10827.885604113111,0,0,False,0,20221101,1,2.0
2788,289,4023.7884012539184,11375.211598746082,0,0,False,0,20221101,1,2.0
2789,290,4023.885964912281,11903.690476190475,1,0,False,0,20221101,1,2.0
2790,291,4023.7002567394097,12443.5,3,0,False,0,20221101,1,2.0
2791,292,4023.7954399486193,12971.787732819525,1,0,False,0,20221101,1,2.0
2792,293,4023.969554300063,13504.165411173886,2,1,False,0,20221101,1,2.0
2793,294,4023.885964912281,14039.690476190475,0,0,False,0,20221101,1,2.0
2794,295,4023.87652811736,14579.690709046456,0,0,False,0,20221101,1,2.0
2795,296,4023.7954399486193,15115.787732819525,1,0,False,0,20221101,1,2.0
2796,297,4023.5975609756097,15647.40243902439,1,0,False,0,20221101,1,2.0
2797,298,4023.5,16191.5,2,0,False,0,20221101,1,2.0
2798,299,4023.6000641436817,16731.402501603592,2,0,False,0,20221101,1,2.0
2799,300,4023.4048200122015,17267.402379499694,6,0,True,0,20221101,1,2.0
2800,301,4024.053921568628,17796.06862745098,7,0,True,0,20221101,1,2.0
2801,302,4023.695244055069,18335.5,0,0,False,0,20221101,1,2.0
2802,303,4023.5,18867.5,2,0,False,0,20221101,1,2.0
2803,304,4023.6000641436817,19403.597498396408,3,0,False,0,20221101,1,2.0
2804,305,4023.89588688946,19947.309768637533,5,1,False,0,20221101,1,2.0
2805,306,4023.314180929096,20483.11369193154,1,0,False,0,20221101,1,2.0
2806,307,4023.6000641436817,21019.402501603592,6,0,False,0,20221101,1,2.0
2807,308,4467.308588957055,927.6865030674846,0,0,False,0,20221101,1,2.0
2808,309,4467.6027617212585,1463.5950545921644,4,1,False,0,20221101,1,2.0
2809,310,4467.69094247246,1999.686046511628,2,0,False,0,20221101,1,2.0
2810,311,4467.5,2531.5,1,0,False,0,20221101,1,2.0
2811,312,4467.103264281231,3067.133396107972,3,1,False,0,20221101,1,2.0
2812,313,4467.597620500305,3607.5951799877976,1,0,False,0,20221101,1,2.0
2813,314,4468.0700245700245,4135.490171990172,0,0,False,0,20221101,1,2.0
2814,315,4467.790461538461,4678.6704615384615,2,0,False,0,20221101,1,2.0
2815,316,4467.220416922134,5207.772225628449,1,1,False,0,20221101,1,2.0
2816,317,4467.600250626567,5747.4047619047615,1,0,False,0,20221101,1,2.0
2817,318,4467.695611285267,6275.876175548589,1,1,False,0,20221101,1,2.0
2818,319,4468.067931456549,6814.9467564259485,2,0,False,0,20221101,1,2.0
2819,320,4467.69094247246,7351.686046511628,3,0,False,0,20221101,1,2.0
2820,321,4467.705655526992,7887.5,5,1,False,0,20221101,1,2.0
2821,322,4467.9604316546765,8427.039568345324,2,1,False,0,20221101,1,2.0
2822,323,4467.803536977492,8951.78038585209,0,0,False,0,20221101,1,2.0
2823,324,4467.779926335175,9488.145794966236,2,0,False,0,20221101,1,2.0
2824,325,4467.970876762723,10023.958614347026,0,0,False,0,20221101,1,2.0
2825,326,4467.779926335175,10560.145794966236,1,0,False,0,20221101,1,2.0
2826,327,4467.773709483794,11099.773709483794,1,0,False,0,20221101,1,2.0
2827,328,4467.705655526992,11639.5,5,0,False,0,20221101,1,2.0
2828,329,4467.691411042945,12175.313496932517,4,0,False,0,20221101,1,2.0
2829,330,4467.992462311558,12707.404522613066,0,0,False,0,20221101,1,2.0
2830,331,4467.982412060302,13236.14824120603,4,0,False,0,20221101,1,2.0
2831,332,4467.695611285267,13771.876175548588,0,0,False,0,20221101,1,2.0
2832,333,4467.78679245283,14308.335220125786,0,0,False,0,20221101,1,2.0
2833,334,4467.700375704446,14851.5,1,0,False,0,20221101,1,2.0
2834,335,4467.695611285267,15379.876175548588,1,0,True,0,20221101,1,2.0
2835,336,4467.69094247246,15919.686046511628,3,0,False,0,20221101,1,2.0
2836,337,4467.597979179424,16463.03214941825,4,0,False,0,20221101,1,2.0
2837,338,4467.796110414053,16995.590338770387,2,0,False,0,20221101,1,2.0
2838,339,4467.812169312169,17531.589947089946,2,0,False,0,20221101,1,2.0
2839,340,4467.304143126177,18067.314187068423,3,1,False,0,20221101,1,2.0
2840,341,4467.6027617212585,18599.59505459217,2,0,False,0,20221101,1,2.0
2841,342,4467.992462311558,19139.59547738693,1,0,False,0,20221101,1,2.0
2842,343,4467.9604316546765,19675.586330935253,2,1,False,0,20221101,1,2.0
2843,344,4467.992462311558,20211.404522613066,2,0,False,0,20221101,1,2.0
2844,345,4467.695611285267,20755.87617554859,1,1,False,0,20221101,1,2.0
2845,346,4467.600250626567,21283.404761904763,0,1,False,0,20221101,1,2.0
2846,347,4910.279048765804,1198.8762793497892,2,1,False,0,20221101,1,2.0
2847,348,4909.975961538462,1726.3557692307693,0,0,False,0,20221101,1,2.0
2848,349,4911.294228356336,2263.5,0,0,False,0,20221101,1,2.0
2849,350,4910.738323353294,2799.859281437126,1,0,False,0,20221101,1,2.0
2850,351,4910.551497005988,3335.32754491018,0,0,False,0,20221101,1,2.0
2851,352,4911.092964824121,3871.680904522613,1,2,False,0,20221101,1,2.0
2852,353,4911.308383233533,4407.317964071856,1,0,False,0,20221101,1,2.0
2853,354,4911.298994974874,4943.133165829146,2,1,False,0,20221101,1,2.0
2854,355,4911.308841099164,5479.318399044206,0,0,False,0,20221101,1,2.0
2855,356,4911.696078431372,6011.318627450981,2,1,False,0,20221101,1,2.0
2856,357,4911.308383233533,6543.682035928144,4,0,False,0,20221101,1,2.0
2857,358,4911.796387017759,7083.225658297612,0,0,False,0,20221101,1,2.0
2858,359,4912.070743405276,7622.958033573142,1,0,False,0,20221101,1,2.0
2859,360,4911.5,8151.5,1,0,False,0,20221101,1,2.0
2860,361,4911.5,8694.951572327043,1,0,False,0,20221101,1,2.0
2861,362,4911.696078431372,9219.68137254902,1,0,False,0,20221101,1,2.0
2862,363,4911.69656019656,9755.681818181818,2,0,False,0,20221101,1,2.0
2863,364,4911.5,10291.863190184047,0,0,False,0,20221101,1,2.0
2864,365,4911.5,10827.863190184047,2,0,False,0,20221101,1,2.0
2865,366,4911.5,11374.602040816326,3,1,False,0,20221101,1,2.0
2866,367,4911.780407429598,11902.869682444578,3,0,False,0,20221101,1,2.0
2867,368,4911.600551808707,12443.043838136113,2,1,False,0,20221101,1,2.0
2868,369,4911.696078431372,12971.68137254902,2,0,False,0,20221101,1,2.0
2869,370,4911.780407429598,13504.130317555422,1,0,False,0,20221101,1,2.0
2870,371,4911.780407429598,14040.130317555422,2,0,False,0,20221101,1,2.0
2871,372,4911.774165202109,14579.232864674868,0,0,False,0,20221101,1,2.0
2872,373,4911.696078431372,15115.68137254902,1,0,False,0,20221101,1,2.0
2873,374,4911.780407429598,15648.130317555422,2,0,False,0,20221101,1,2.0
2874,375,4911.5,16191.136363636364,3,1,False,0,20221101,1,2.0
2875,376,4911.5,16731.5,1,0,False,0,20221101,1,2.0
2876,377,4911.869158878505,17266.77570093458,0,1,False,0,20221101,1,2.0
2877,378,4911.877182770663,17795.681606519207,1,0,False,0,20221101,1,2.0
2878,379,4912.261676646706,18335.32754491018,1,0,False,0,20221101,1,2.0
2879,380,4912.056725146199,18867.49064327485,1,0,False,0,20221101,1,2.0
2880,381,4911.696078431372,19403.68137254902,0,0,False,0,20221101,1,2.0
2881,382,4911.796387017759,19947.22565829761,2,0,False,0,20221101,1,2.0
2882,383,4911.961088355763,20483.050614394386,7,0,False,0,20221101,1,2.0
2883,384,4911.888206388207,21018.77764127764,4,1,False,0,20221101,1,2.0
2884,385,5354.359950859951,927.5,1,1,False,0,20221101,1,2.0
2885,386,5355.3972382787415,1463.4049454078356,0,0,False,0,20221101,1,2.0
2886,387,5354.355036855037,1999.8341523341523,1,0,False,0,20221101,1,2.0
2887,388,5355.103761755486,2531.314420062696,2,1,False,0,20221101,1,2.0
2888,389,5355.299624295554,3067.5,0,0,False,0,20221101,1,2.0
2889,390,5355.5,3607.309523809524,0,0,False,0,20221101,1,2.0
2890,391,5355.5,4135.5,3,0,False,0,20221101,1,2.0
2891,392,5355.87791411043,4678.758895705521,4,0,False,0,20221101,1,2.0
2892,393,5355.69094247246,5207.313953488372,0,0,False,0,20221101,1,2.0
2893,394,5355.695611285267,5747.123824451411,1,0,False,0,20221101,1,2.0
2894,395,5355.600250626567,6275.4047619047615,1,1,False,0,20221101,1,2.0
2895,396,5355.5,6815.1274509803925,2,1,False,0,20221101,1,2.0
2896,397,5355.597739767868,7351.404703726329,0,0,False,0,20221101,1,2.0
2897,398,5355.6027617212585,7887.404945407836,3,0,False,0,20221101,1,2.0
2898,399,5355.868641532017,8426.757929383602,4,1,False,0,20221101,1,2.0
2899,400,5355.6027617212585,8951.595054592164,0,0,False,0,20221101,1,2.0
2900,401,5355.69094247246,9487.686046511628,2,0,False,0,20221101,1,2.0
2901,402,5355.882352941177,10023.5,0,0,False,0,20221101,1,2.0
2902,403,5355.788685015291,10559.781345565749,2,2,False,0,20221101,1,2.0
2903,404,5355.87298266587,11099.5,5,1,False,0,20221101,1,2.0
2904,405,5355.803536977492,11639.21961414791,0,0,False,0,20221101,1,2.0
2905,406,5355.788685015291,12175.218654434251,2,0,False,0,20221101,1,2.0
2906,407,5355.796110414053,12707.218946047678,4,0,False,0,20221101,1,2.0
2907,408,5355.896238244514,13235.685579937304,2,0,False,0,20221101,1,2.0
2908,409,5355.700375704446,13771.5,2,0,False,0,20221101,1,2.0
2909,410,5355.796110414053,14307.781053952322,2,0,False,0,20221101,1,2.0
2910,411,5355.600125156446,14851.404881101376,6,0,False,0,20221101,1,2.0
2911,412,5355.700375704446,15379.5,2,1,False,0,20221101,1,2.0
2912,413,5355.88630806846,15919.685819070904,0,0,False,0,20221101,1,2.0
2913,414,5355.5,16462.936964504283,6,0,False,0,20221101,1,2.0
2914,415,5355.896238244514,16995.314420062696,1,0,False,0,20221101,1,2.0
2915,416,5355.917713152677,17531.31493721084,2,1,False,0,20221101,1,2.0
2916,417,5355.795739348371,18067.21929824561,1,1,False,0,20221101,1,2.0
2917,418,5355.6027617212585,18599.59505459217,2,1,False,0,20221101,1,2.0
2918,419,5355.700375704446,19139.5,2,1,False,0,20221101,1,2.0
2919,420,5355.968339307049,19675.40442054958,5,0,False,0,20221101,1,2.0
2920,421,5355.600125156446,20211.40488110137,1,0,False,0,20221101,1,2.0
2921,422,5355.795739348371,20755.21929824561,4,0,False,0,20221101,1,2.0
2922,423,5355.700375704446,21283.5,6,2,False,0,20221101,1,2.0
2923,424,5806.541916167665,1199.3179640718563,1,0,False,0,20221101,1,2.0
2924,425,5806.328331332533,1727.2454981992796,2,0,False,0,20221101,1,2.0
2925,426,5806.901257861635,2262.9616352201256,1,0,False,0,20221101,1,2.0
2926,427,5807.019426180514,2799.4067543335327,2,0,False,0,20221101,1,2.0
2927,428,5807.204504504504,3335.262162162162,2,0,False,0,20221101,1,2.0
2928,429,5807.705771643664,3871.5,2,0,False,0,20221101,1,2.0
2929,430,5807.308383233533,4407.317964071856,1,0,False,0,20221101,1,2.0
2930,431,5807.397049591965,4943.407093534212,0,0,False,0,20221101,1,2.0
2931,432,5807.5,5479.136363636364,0,0,False,0,20221101,1,2.0
2932,433,5807.5,6011.5,1,0,False,0,20221101,1,2.0
2933,434,5807.317964071856,6544.223353293413,4,0,False,0,20221101,1,2.0
2934,435,5807.303921568628,7083.318627450981,1,0,False,0,20221101,1,2.0
2935,436,5807.5,7623.136363636364,0,0,False,0,20221101,1,2.0
2936,437,5807.5,8151.5,2,0,False,0,20221101,1,2.0
2937,438,5807.5,8694.951572327043,1,0,False,0,20221101,1,2.0
2938,439,5807.399448191293,9219.956161863887,2,1,False,0,20221101,1,2.0
2939,440,5807.303921568628,9755.68137254902,0,0,False,0,20221101,1,2.0
2940,441,5807.5,10291.863190184047,1,0,False,0,20221101,1,2.0
2941,442,5807.5,10827.863190184047,1,1,True,0,20221101,1,2.0
2942,443,5807.5,11374.602040816326,0,0,False,0,20221101,1,2.0
2943,444,5807.691616766467,11903.317964071855,0,0,False,0,20221101,1,2.0
2944,445,5807.600551808707,12443.043838136113,2,0,False,0,20221101,1,2.0
2945,446,5807.696078431372,12971.68137254902,0,0,False,0,20221101,1,2.0
2946,447,5807.5,13503.863636363636,0,0,False,0,20221101,1,2.0
2947,448,5807.780407429598,14040.130317555422,6,2,False,0,20221101,1,2.0
2948,449,5807.5,14579.5,2,0,False,0,20221101,1,2.0
2949,450,5807.5,15115.5,2,1,False,0,20221101,1,2.0
2950,451,5807.308383233533,15647.682035928145,6,1,False,0,20221101,1,2.0
2951,452,5807.219592570402,16190.869682444578,1,2,False,0,20221101,1,2.0
2952,453,5807.203975535168,16731.225993883792,0,0,False,0,20221101,1,2.0
2953,454,5808.315897136177,17266.518118059616,1,0,False,0,20221101,1,2.0
2954,455,5807.5,17795.5,0,1,False,0,20221101,1,2.0
2955,456,5807.598027495517,18335.04333532576,2,0,False,0,20221101,1,2.0
2956,457,5807.686915887851,18867.317757009347,2,0,False,0,20221101,1,2.0
2957,458,5807.399694189602,19403.59296636085,3,0,False,0,20221101,1,2.0
2958,459,5807.600551808707,19947.04383813612,2,0,False,0,20221101,1,2.0
2959,460,5807.322429906542,20482.59813084112,1,0,False,0,20221101,1,2.0
2960,461,5807.600551808707,21019.04383813612,1,0,False,0,20221101,1,2.0
2961,462,6248.491920447483,929.41671845867,0,1,False,0,20221101,1,2.0
2962,463,6250.684516129032,1463.5,0,0,False,0,20221101,1,2.0
2963,464,6250.062461538461,1999.2710769230769,1,0,False,0,20221101,1,2.0
2964,465,6246.90797940798,2531.5,0,0,False,0,20221101,1,2.0
2965,466,6251.103761755486,3067.6855799373043,0,0,False,0,20221101,1,2.0
2966,467,6251.402379499695,3607.4048200122015,1,0,False,0,20221101,1,2.0
2967,468,6251.30905752754,4135.686046511628,2,0,False,0,20221101,1,2.0
2968,469,6251.788685015291,4679.21865443425,2,0,False,0,20221101,1,2.0
2969,470,6251.882352941177,5207.5,0,0,False,0,20221101,1,2.0
2970,471,6251.600250626567,5747.4047619047615,0,0,False,0,20221101,1,2.0
2971,472,6251.600250626567,6275.595238095239,0,0,False,0,20221101,1,2.0
2972,473,6251.5,6815.1274509803925,1,0,False,0,20221101,1,2.0
2973,474,6251.5,7351.5,0,0,False,0,20221101,1,2.0
2974,475,6251.6027617212585,7887.404945407836,2,0,False,0,20221101,1,2.0
2975,476,6251.773053892216,8426.853293413174,1,0,False,0,20221101,1,2.0
2976,477,6251.5,8951.690231362469,3,0,False,0,20221101,1,2.0
2977,478,6251.5,9487.872549019608,1,0,False,0,20221101,1,2.0
2978,479,6251.5,10023.872549019608,3,0,False,0,20221101,1,2.0
2979,480,6251.69094247246,10559.686046511628,1,0,False,0,20221101,1,2.0
2980,481,6251.87298266587,11099.5,1,0,False,0,20221101,1,2.0
2981,482,6251.6027617212585,11639.404945407836,0,0,False,0,20221101,1,2.0
2982,483,6251.597979179424,12175.032149418248,4,1,False,0,20221101,1,2.0
2983,484,6251.796110414053,12707.218946047678,0,0,False,0,20221101,1,2.0
2984,485,6251.896238244514,13235.685579937304,0,0,False,0,20221101,1,2.0
2985,486,6251.600125156446,13771.595118898624,4,0,False,0,20221101,1,2.0
2986,487,6251.795739348371,14307.780701754386,2,0,False,0,20221101,1,2.0
2987,488,6251.5,14851.309643080776,1,1,False,0,20221101,1,2.0
2988,489,6251.600250626567,15379.40476190476,1,0,False,0,20221101,1,2.0
2989,490,6251.5,15919.5,1,0,False,0,20221101,1,2.0
2990,491,6251.5,16462.389434889436,2,1,False,0,20221101,1,2.0
2991,492,6251.5,16995.30964308078,2,0,False,0,20221101,1,2.0
2992,493,6251.605540897098,17531.405013192612,2,0,False,0,20221101,1,2.0
2993,494,6251.5,18066.93753923415,5,1,False,0,20221101,1,2.0
2994,495,6251.5,18599.5,2,0,False,0,20221101,1,2.0
2995,496,6251.5,19139.30964308078,4,0,False,0,20221101,1,2.0
2996,497,6251.5,19675.12701733413,4,2,False,0,20221101,1,2.0
2997,498,6251.5,20211.30964308078,3,2,False,0,20221101,1,2.0
2998,499,6251.399874843554,20755.40488110137,1,2,False,0,20221101,1,2.0
2999,500,6251.600250626567,21283.404761904763,2,1,True,0,20221101,1,2.0
2500,1,899.004835589942,1464.1473243068988,1,0,True,1,20221101,2,2.0
2501,2,898.7570725707257,2000.5971709717096,1,0,False,1,20221101,2,2.0
2502,3,899.2132075471698,2532.3352201257862,0,0,False,1,20221101,2,2.0
2503,4,899.2132075471698,3068.3352201257862,0,0,False,1,20221101,2,2.0
2504,5,899.4020208205757,3607.967850581752,0,1,False,1,20221101,2,2.0
2505,6,899.2204169221336,4136.33629675046,0,0,False,1,20221101,2,2.0
2506,7,899.4020208205757,4679.967850581751,1,0,False,1,20221101,2,2.0
2507,8,899.7795830778664,5208.33629675046,0,0,False,1,20221101,2,2.0
2508,9,899.6956112852664,5747.876175548589,0,0,False,1,20221101,2,2.0
2509,10,899.204260651629,6275.7807017543855,0,0,False,1,20221101,2,2.0
2510,11,899.8779141104294,6816.241104294479,1,0,False,1,20221101,2,2.0
2511,12,900.0686274509804,7352.053921568628,2,1,False,1,20221101,2,2.0
2512,13,900.3051612903225,7887.866451612903,0,0,False,1,20221101,2,2.0
2513,14,900.6003003003003,8428.206306306307,1,0,False,1,20221101,2,2.0
2514,15,900.0979381443299,8952.051546391753,0,0,False,1,20221101,2,2.0
2515,16,900.2429274292743,9488.59717097171,0,0,False,1,20221101,2,2.0
2516,17,901.4233621755252,10024.187268232386,0,0,False,1,20221101,2,2.0
2517,18,901.0743368291178,10560.657310302282,0,0,False,1,20221101,2,2.0
2518,19,900.5989802039592,11100.224655068989,0,0,False,1,20221101,2,2.0
2519,20,899.7005141388174,11639.690231362469,0,0,False,1,20221101,2,2.0
2520,21,901.428306551298,12176.889369592089,0,0,False,1,20221101,2,2.0
2521,22,900.3805031446541,12707.771698113207,0,1,False,1,20221101,2,2.0
2522,23,900.3564231738035,13236.502518891688,0,0,False,1,20221101,2,2.0
2523,24,899.9824120603015,13772.14824120603,0,0,False,1,20221101,2,2.0
2524,25,900.1607818411097,14308.690416141237,1,0,False,1,20221101,2,2.0
2525,26,899.896238244514,14851.685579937304,1,0,False,1,20221101,2,2.0
2526,27,899.9824120603015,15380.14824120603,0,0,False,1,20221101,2,2.0
2527,28,899.7795830778664,15920.33629675046,1,0,False,1,20221101,2,2.0
2528,29,899.6909424724602,16463.68604651163,1,0,False,1,20221101,2,2.0
2529,30,899.6956112852664,16995.87617554859,0,0,False,1,20221101,2,2.0
2530,31,899.6055408970976,17531.594986807388,0,0,False,1,20221101,2,2.0
2531,32,899.5,18067.5,0,0,False,1,20221101,2,2.0
2532,33,899.5,18599.690231362467,1,1,False,1,20221101,2,2.0
2533,34,899.6002506265664,19139.404761904763,0,0,False,1,20221101,2,2.0
2534,35,900.1467065868263,19675.226946107785,1,0,False,1,20221101,2,2.0
2535,36,900.0925925925926,20211.5,0,0,False,1,20221101,2,2.0
2536,37,900.1842767295598,20754.86603773585,0,0,False,1,20221101,2,2.0
2537,38,903.89588688946,21283.309768637533,0,0,True,1,20221101,2,2.0
2538,39,1342.8345888261142,1199.9695543000628,0,0,False,1,20221101,2,2.0
2539,40,1343.293710691824,1728.4610062893082,0,1,True,1,20221101,2,2.0
2540,41,1343.1967699406723,2263.78740936058,1,0,True,1,20221101,2,2.0
2541,42,1343.2115987460816,2799.7884012539184,2,1,True,1,20221101,2,2.0
2542,43,1343.211959924859,3335.788040075141,0,0,False,1,20221101,2,2.0
2543,44,1343.5,3871.694993412385,2,0,False,1,20221101,2,2.0
2544,45,1343.5,4407.6952440550685,0,0,False,1,20221101,2,2.0
2545,46,1343.5,4943.5,0,0,False,1,20221101,2,2.0
2546,47,1343.5975609756097,5479.59756097561,1,0,False,1,20221101,2,2.0
2547,48,1343.5951768488746,6011.788102893891,0,0,False,1,20221101,2,2.0
2548,49,1343.7790697674418,6544.357322438717,1,1,False,1,20221101,2,2.0
2549,50,1343.7002567394095,7083.5,0,0,False,1,20221101,2,2.0
2550,51,1344.0771643663738,7623.5,2,2,False,1,20221101,2,2.0
2551,52,1343.7884012539184,8151.788401253919,1,0,False,1,20221101,2,2.0
2552,53,1343.705533596838,8695.5,0,0,False,1,20221101,2,2.0
2553,54,1343.6953727506427,9219.885604113111,1,0,True,1,20221101,2,2.0
2554,55,1343.89588688946,9755.690231362469,1,0,False,1,20221101,2,2.0
2555,56,1343.399935856318,10291.597498396408,1,0,False,1,20221101,2,2.0
2556,57,1344.0824742268042,10828.067010309278,1,2,False,1,20221101,2,2.0
2557,58,1344.4319899244333,11374.568010075567,1,0,False,1,20221101,2,2.0
2558,59,1343.8859649122808,11903.690476190475,0,0,False,1,20221101,2,2.0
2559,60,1343.89588688946,12443.309768637531,0,0,False,1,20221101,2,2.0
2560,61,1343.89588688946,12971.690231362469,2,1,False,1,20221101,2,2.0
2561,62,1343.690476190476,13503.88596491228,0,0,False,1,20221101,2,2.0
2562,63,1343.8859649122808,14039.690476190475,1,0,False,1,20221101,2,2.0
2563,64,1343.4044703000611,14579.402020820577,5,2,False,1,20221101,2,2.0
2564,65,1343.6953727506427,15115.885604113111,0,0,False,1,20221101,2,2.0
2565,66,1343.690476190476,15647.88596491228,0,0,False,1,20221101,2,2.0
2566,67,1343.7884012539184,16191.788401253918,1,0,False,1,20221101,2,2.0
2567,68,1343.399935856318,16731.402501603592,1,0,False,1,20221101,2,2.0
2568,69,1343.6865030674846,17267.308588957054,1,0,False,1,20221101,2,2.0
2569,70,1343.5955296999389,17795.98009797918,0,0,False,1,20221101,2,2.0
2570,71,1343.5975609756097,18335.40243902439,0,0,False,1,20221101,2,2.0
2571,72,1343.5,18867.88235294117,0,0,False,1,20221101,2,2.0
2572,73,1343.5,19403.5,0,0,False,1,20221101,2,2.0
2573,74,1343.89588688946,19947.309768637533,0,0,False,1,20221101,2,2.0
2574,75,1344.0539215686274,20482.93137254902,0,0,False,1,20221101,2,2.0
2575,76,1344.1825499034128,21019.03122987765,0,0,False,1,20221101,2,2.0
2576,77,1786.8558696988323,928.6923786109404,0,0,True,1,20221101,2,2.0
2577,78,1786.6937984496124,1464.37338501292,0,1,False,1,20221101,2,2.0
2578,79,1786.9313725490197,2000.053921568628,0,0,False,1,20221101,2,2.0
2579,80,1787.2038895859473,2531.781053952321,0,0,False,1,20221101,2,2.0
2580,81,1786.442065491184,3068.3110831234258,2,0,False,1,20221101,2,2.0
2581,82,1787.970300061237,3608.149112063688,2,1,False,1,20221101,2,2.0
2582,83,1787.5979791794243,4135.967850581751,1,0,False,1,20221101,2,2.0
2583,84,1787.2204169221336,4679.772225628449,4,1,False,1,20221101,2,2.0
2584,85,1787.029699938763,5208.149112063687,1,0,False,1,20221101,2,2.0
2585,86,1787.882149591452,5748.053111250786,0,0,False,1,20221101,2,2.0
2586,87,1787.9753476611884,6276.870417193426,0,0,False,1,20221101,2,2.0
2587,88,1788.0700245700243,6816.055282555282,0,0,False,1,20221101,2,2.0
2588,89,1788.0686274509803,7352.053921568628,1,1,False,1,20221101,2,2.0
2589,90,1787.9066924066924,7887.685328185328,1,1,False,1,20221101,2,2.0
2590,91,1788.4214157168567,8427.5,0,0,False,1,20221101,2,2.0
2591,92,1788.8411003236247,8951.057281553398,0,0,False,1,20221101,2,2.0
2592,93,1788.9590264941469,9488.74460874923,0,0,False,1,20221101,2,2.0
2593,94,1788.5325752919484,10024.31868469576,0,0,False,1,20221101,2,2.0
2594,95,1789.3282890673256,10560.925571340333,0,0,False,1,20221101,2,2.0
2595,96,1788.2420706163973,11099.868641532015,2,0,False,1,20221101,2,2.0
2596,97,1788.1082474226805,11639.5,0,0,False,1,20221101,2,2.0
2597,98,1788.8382533825338,12175.657441574416,0,0,False,1,20221101,2,2.0
2598,99,1788.3636363636365,13236.671717171715,0,0,False,1,20221101,2,2.0
2599,100,1788.083280955374,13772.053111250783,0,0,False,1,20221101,2,2.0
2600,101,1788.26214511041,14308.5952681388,0,0,False,1,20221101,2,2.0
2601,102,1788.0925925925926,14851.5,0,0,False,1,20221101,2,2.0
2602,103,1787.887665198238,15380.240088105727,0,0,False,1,20221101,2,2.0
2603,104,1787.8779141104294,15920.24110429448,0,1,False,1,20221101,2,2.0
2604,105,1787.7886850152904,16463.409480122325,0,0,False,1,20221101,2,2.0
2605,106,1787.795739348371,16995.780701754386,0,0,False,1,20221101,2,2.0
2606,107,1787.9177131526767,17531.68506278916,0,0,False,1,20221101,2,2.0
2607,108,1787.7003757044458,18067.5,2,0,False,1,20221101,2,2.0
2608,109,1787.6027617212587,18599.59505459217,0,0,False,1,20221101,2,2.0
2609,110,1787.896238244514,19139.314420062696,0,1,False,1,20221101,2,2.0
2610,111,1788.4214157168567,19675.5,1,0,False,1,20221101,2,2.0
2611,112,1788.0925925925926,20211.5,0,0,False,1,20221101,2,2.0
2612,113,1788.083280955374,20754.94688874921,1,0,False,1,20221101,2,2.0
2613,114,1788.294468887492,21283.5,0,0,True,1,20221101,2,2.0
2614,115,1791.89588688946,12707.309768637531,1,0,False,1,20221101,2,2.0
2615,116,2231.304755944931,1199.5,0,0,False,1,20221101,2,2.0
2616,117,2231.6907151819323,1727.8764115432873,0,0,False,1,20221101,2,2.0
2617,118,2231.5,2263.5,0,0,False,1,20221101,2,2.0
2618,119,2231.5,2799.5,0,0,False,1,20221101,2,2.0
2619,120,2231.5,3335.5,0,0,False,1,20221101,2,2.0
2620,121,2231.5,3871.5,0,0,False,1,20221101,2,2.0
2621,122,2231.695244055069,4407.5,2,0,False,1,20221101,2,2.0
2622,123,2231.5,4943.5,1,0,False,1,20221101,2,2.0
2623,124,2231.5,5479.5,1,0,False,1,20221101,2,2.0
2624,125,2231.6000641436817,6011.402501603592,3,0,False,1,20221101,2,2.0
2625,126,2231.690476190476,6543.8859649122805,3,0,False,1,20221101,2,2.0
2626,127,2231.89588688946,7083.690231362468,0,0,False,1,20221101,2,2.0
2627,128,2232.077164366374,7623.5,0,0,False,1,20221101,2,2.0
2628,129,2231.8859649122805,8151.690476190476,1,0,False,1,20221101,2,2.0
2629,130,2232.1076618229854,8695.5,0,0,False,1,20221101,2,2.0
2630,131,2231.79543994862,9219.787732819525,0,0,False,1,20221101,2,2.0
2631,132,2232.182549903413,9755.968770122345,1,0,False,1,20221101,2,2.0
2632,133,2232.182549903413,10291.968770122345,1,0,False,1,20221101,2,2.0
2633,134,2232.082474226804,10828.067010309278,0,1,False,1,20221101,2,2.0
2634,135,2231.6902377972465,11375.304755944931,0,0,False,1,20221101,2,2.0
2635,136,2232.165411173886,11903.969554300063,0,0,False,1,20221101,2,2.0
2636,137,2231.7002567394097,12443.5,0,0,False,1,20221101,2,2.0
2637,138,2232.0817245817248,12972.06628056628,0,0,False,1,20221101,2,2.0
2638,139,2232.3332284455632,13504.529578351165,0,0,False,1,20221101,2,2.0
2639,140,2232.3332284455632,14040.529578351165,0,0,False,1,20221101,2,2.0
2640,141,2232.241104294478,14579.87791411043,2,0,False,1,20221101,2,2.0
2641,142,2232.0817245817248,15116.06628056628,0,0,False,1,20221101,2,2.0
2642,143,2231.9695543000626,15648.165411173886,0,0,False,1,20221101,2,2.0
2643,144,2231.8859649122805,16191.690476190475,0,0,False,1,20221101,2,2.0
2644,145,2231.7002567394097,16731.5,0,0,False,1,20221101,2,2.0
2645,146,2232.241104294478,17267.681595092025,0,0,False,1,20221101,2,2.0
2646,147,2232.053921568628,17796.06862745098,2,0,True,1,20221101,2,2.0
2647,148,2231.8859649122805,18335.69047619048,2,0,True,1,20221101,2,2.0
2648,149,2232.33629675046,18867.220416922133,0,0,False,1,20221101,2,2.0
2649,150,2231.79543994862,19403.787732819525,1,0,False,1,20221101,2,2.0
2650,151,2231.89588688946,19947.309768637533,2,0,False,1,20221101,2,2.0
2651,152,2232.33629675046,20483.220416922133,1,1,False,1,20221101,2,2.0
2652,153,2231.89588688946,21019.309768637533,0,1,True,1,20221101,2,2.0
2653,154,2674.93137254902,928.0539215686274,0,0,True,1,20221101,2,2.0
2654,155,2677.859493670886,1462.4012658227848,0,0,False,1,20221101,2,2.0
2655,156,2675.406919779547,1999.776791181874,1,0,False,1,20221101,2,2.0
2656,157,2674.90666247643,2531.489943431804,1,0,False,1,20221101,2,2.0
2657,158,2675.1173694147265,3068.04877281309,1,0,False,1,20221101,2,2.0
2658,159,2674.6416309012875,3607.7722256284487,0,1,False,1,20221101,2,2.0
2659,160,2678.221252257676,4135.150812763395,1,0,False,1,20221101,2,2.0
2660,161,2679.5,4679.5,0,0,False,1,20221101,2,2.0
2661,162,2678.2738452309536,5208.111877624475,0,0,False,1,20221101,2,2.0
2662,163,2679.5,5747.5,0,0,False,1,20221101,2,2.0
2663,164,2680.4987699877,6275.849323493235,1,1,False,1,20221101,2,2.0
2664,165,2679.882775119617,6815.5,2,2,True,1,20221101,2,2.0
2665,166,2680.2616766467067,7351.859281437126,0,0,True,1,20221101,2,2.0
2666,167,2680.236225087925,8427.317116060962,0,0,False,1,20221101,2,2.0
2667,168,2679.907035175879,8951.680904522613,1,0,False,1,20221101,2,2.0
2668,169,2679.211389385808,9487.774299344066,1,1,False,1,20221101,2,2.0
2669,170,2680.0693779904304,10024.04066985646,0,0,False,1,20221101,2,2.0
2670,171,2681.5253470126736,10560.709414604707,0,0,False,1,20221101,2,2.0
2671,172,2680.147574517826,11099.766510812393,0,1,False,1,20221101,2,2.0
2672,173,2680.1638705811865,12175.766027561414,0,1,False,1,20221101,2,2.0
2673,174,2680.093137254902,12707.5,0,0,False,1,20221101,2,2.0
2674,175,2680.0840490797545,13236.039877300613,0,0,False,1,20221101,2,2.0
2675,176,2679.796024464832,13771.774006116208,2,4,False,1,20221101,2,2.0
2676,177,2680.459409594096,14308.385608856088,0,0,False,1,20221101,2,2.0
2677,178,2679.896572827417,14851.681150550796,0,0,False,1,20221101,2,2.0
2678,179,2680.0840490797545,15380.039877300613,0,0,False,1,20221101,2,2.0
2679,180,2680.0693779904304,15920.04066985646,0,0,False,1,20221101,2,2.0
2680,181,2679.980573819486,16463.406754333533,0,0,False,1,20221101,2,2.0
2681,182,2679.896572827417,16995.681150550794,0,0,False,1,20221101,2,2.0
2682,183,2679.605602060528,17531.592723760463,0,0,False,1,20221101,2,2.0
2683,184,2679.9935543278084,18067.58348680172,0,0,False,1,20221101,2,2.0
2684,185,2679.80923947203,18599.42206159648,0,1,False,1,20221101,2,2.0
2685,186,2680.1876155268023,19139.214109673445,0,0,False,1,20221101,2,2.0
2686,187,2680.4227166276346,19675.5,0,0,False,1,20221101,2,2.0
2687,188,2679.700488997555,20211.5,0,0,False,1,20221101,2,2.0
2688,189,2679.7963870177587,20755.22565829761,0,0,False,1,20221101,2,2.0
2689,190,2680.093137254902,21283.5,0,0,False,1,20221101,2,2.0
2690,191,2683.602761721259,7887.595054592164,0,0,False,1,20221101,2,2.0
2691,192,2683.9025806451614,11639.5,0,1,False,1,20221101,2,2.0
2692,193,3130.359950859951,1199.5,1,0,False,1,20221101,2,2.0
2693,194,3125.668888888889,1728.9653968253967,0,0,False,1,20221101,2,2.0
2694,195,3131.397238278741,2263.5950545921646,0,0,True,1,20221101,2,2.0
2695,196,3127.2105097545627,2799.7794210195093,0,0,False,1,20221101,2,2.0
2696,197,3129.775092936803,3336.6995043370507,0,0,False,1,20221101,2,2.0
2697,198,3131.397238278741,3871.5950545921646,2,0,True,1,20221101,2,2.0
2698,199,3130.726600985221,4406.869458128079,2,1,True,1,20221101,2,2.0
2699,200,3130.9945196647323,4943.595422308188,1,0,False,1,20221101,2,2.0
2700,201,3131.402260232132,5479.404703726329,1,0,False,1,20221101,2,2.0
2701,202,3131.203889585948,6011.781053952322,0,1,False,1,20221101,2,2.0
2702,203,3131.1220858895704,6544.241104294479,1,0,False,1,20221101,2,2.0
2703,204,3131.6001251564458,7083.595118898624,0,0,False,1,20221101,2,2.0
2704,205,3131.5,7623.127450980392,0,0,False,1,20221101,2,2.0
2705,206,3131.5,8151.872549019607,0,0,False,1,20221101,2,2.0
2706,207,3131.5,8695.309768637531,0,0,False,1,20221101,2,2.0
2707,208,3131.6956112852663,9219.876175548588,0,0,False,1,20221101,2,2.0
2708,209,3131.7961104140527,9755.781053952322,0,0,False,1,20221101,2,2.0
2709,210,3131.7961104140527,10291.781053952322,0,0,False,1,20221101,2,2.0
2710,211,3131.5,10828.06246076585,0,1,False,1,20221101,2,2.0
2711,212,3131.779926335175,11374.854205033764,0,0,True,1,20221101,2,2.0
2712,213,3131.6909424724604,11903.686046511628,1,0,True,1,20221101,2,2.0
2713,214,3131.6002506265663,12443.40476190476,0,0,False,1,20221101,2,2.0
2714,215,3131.7961104140527,12971.781053952322,0,0,True,1,20221101,2,2.0
2715,216,3131.7795830778664,13504.33629675046,0,0,False,1,20221101,2,2.0
2716,217,3131.7795830778664,14040.33629675046,0,1,False,1,20221101,2,2.0
2717,218,3131.960431654676,14579.960431654676,0,0,False,1,20221101,2,2.0
2718,219,3131.6956112852663,15115.876175548588,0,0,False,1,20221101,2,2.0
2719,220,3131.5,15648.063035495716,0,0,False,1,20221101,2,2.0
2720,221,3131.8823529411766,16191.5,0,0,False,1,20221101,2,2.0
2721,222,3131.5,16731.30964308078,0,0,True,1,20221101,2,2.0
2722,223,3131.6862686567165,17267.313731343285,0,0,False,1,20221101,2,2.0
2723,224,3131.313953488372,17795.68604651163,1,0,False,1,20221101,2,2.0
2724,225,3131.6909424724604,18335.31395348837,0,0,False,1,20221101,2,2.0
2725,226,3131.68671454219,18867.68671454219,0,0,False,1,20221101,2,2.0
2726,227,3131.700375704446,19403.5,0,0,False,1,20221101,2,2.0
2727,228,3131.5,19947.5,0,0,False,1,20221101,2,2.0
2728,229,3131.782634730539,20482.661676646705,0,0,False,1,20221101,2,2.0
2729,230,3131.7961104140527,21019.21894604768,0,0,False,1,20221101,2,2.0
2730,231,3570.6416309012875,927.7722256284488,1,1,True,1,20221101,2,2.0
2731,232,3571.5,1463.5,0,1,False,1,20221101,2,2.0
2732,233,3569.9433497536947,2000.5147783251232,1,0,False,1,20221101,2,2.0
2733,234,3571.3043887147337,2531.1238244514107,0,0,False,1,20221101,2,2.0
2734,235,3571.8962382445143,3067.6855799373043,0,0,False,1,20221101,2,2.0
2735,236,3571.5,3607.309523809524,0,0,False,1,20221101,2,2.0
2736,237,3571.597620500305,4135.595179987798,0,0,True,1,20221101,2,2.0
2737,238,3571.5,4679.5,2,0,False,1,20221101,2,2.0
2738,239,3571.88630806846,5207.6858190709045,0,0,False,1,20221101,2,2.0
2739,240,3571.7961104140527,5747.590338770389,1,0,False,1,20221101,2,2.0
2740,241,3571.8962382445143,6275.314420062696,0,0,True,1,20221101,2,2.0
2741,242,3571.69536019536,6815.5,1,1,False,1,20221101,2,2.0
2742,243,3572.166258420086,7351.041947336191,0,1,False,1,20221101,2,2.0
2743,244,3571.7056555269924,7887.5,0,0,True,1,20221101,2,2.0
2744,245,3572.5167865707435,8427.404076738609,0,0,True,1,20221101,2,2.0
2745,246,3571.9066924066924,8951.685328185327,1,0,False,1,20221101,2,2.0
2746,247,3572.260736196319,9487.86809815951,0,0,False,1,20221101,2,2.0
2747,248,3572.260736196319,10023.86809815951,1,0,False,1,20221101,2,2.0
2748,249,3572.0686274509803,10560.053921568628,0,0,False,1,20221101,2,2.0
2749,250,3574.511180124224,11097.66645962733,0,0,False,1,20221101,2,2.0
2750,251,3572.00998068255,11639.404700579524,0,0,False,1,20221101,2,2.0
2751,252,3572.3583690987125,12175.227774371551,0,0,False,1,20221101,2,2.0
2752,253,3572.0925925925926,12707.5,0,0,False,1,20221101,2,2.0
2753,254,3572.0825486503454,13236.052416823602,0,0,True,1,20221101,2,2.0
2754,255,3571.8962382445143,13771.685579937304,0,0,False,1,20221101,2,2.0
2755,256,3572.183417085427,14307.957286432162,0,0,False,1,20221101,2,2.0
2756,257,3571.700375704446,14851.5,5,4,True,1,20221101,2,2.0
2757,258,3572.183417085427,15379.957286432162,0,0,True,1,20221101,2,2.0
2758,259,3572.3583690987125,15919.772225628449,3,2,True,1,20221101,2,2.0
2759,260,3571.88630806846,16463.314180929094,0,0,True,1,20221101,2,2.0
2760,261,3572.0925925925926,16995.5,2,0,True,1,20221101,2,2.0
2761,262,3571.6055408970974,17531.594986807388,0,0,False,1,20221101,2,2.0
2762,263,3571.6001251564458,18067.40488110137,0,0,False,1,20221101,2,2.0
2763,264,3571.602761721259,18599.59505459217,0,1,False,1,20221101,2,2.0
2764,265,3572.0925925925926,19139.5,0,0,False,1,20221101,2,2.0
2765,266,3572.5167865707435,19675.59592326139,1,0,False,1,20221101,2,2.0
2766,267,3572.0925925925926,20211.5,0,0,False,1,20221101,2,2.0
2767,268,3572.183417085427,20755.04271356784,1,0,False,1,20221101,2,2.0
2768,269,3572.0925925925926,21283.5,0,0,False,1,20221101,2,2.0
2769,270,4023.1235884567127,1199.1135508155585,0,0,False,1,20221101,2,2.0
2770,271,4023.4024390243903,1727.5975609756097,1,0,False,1,20221101,2,2.0
2771,272,4023.5,2263.5,0,0,False,1,20221101,2,2.0
2772,273,4023.5,2799.304755944931,1,0,False,1,20221101,2,2.0
2773,274,4023.22057898049,3335.7794210195093,0,0,True,1,20221101,2,2.0
2774,275,4023.6026991441736,3871.597432521396,1,0,False,1,20221101,2,2.0
2775,276,4023.6911949685536,4407.308805031446,1,0,False,1,20221101,2,2.0
2776,277,4023.3973008558255,4943.597432521396,0,0,False,1,20221101,2,2.0
2777,278,4023.690476190476,5479.11403508772,1,0,False,1,20221101,2,2.0
2778,279,4023.6000641436817,6011.597498396408,0,0,False,1,20221101,2,2.0
2779,280,4023.690476190476,6543.8859649122805,0,0,False,1,20221101,2,2.0
2780,281,4023.7002567394097,7083.5,1,1,False,1,20221101,2,2.0
2781,282,4023.7884012539184,7623.211598746081,1,0,False,1,20221101,2,2.0
2782,283,4023.885964912281,8151.690476190476,0,0,True,1,20221101,2,2.0
2783,284,4023.6026991441736,8695.402567478604,0,0,False,1,20221101,2,2.0
2784,285,4023.7954399486193,9219.787732819525,0,0,False,1,20221101,2,2.0
2785,286,4023.89588688946,9755.690231362469,1,0,False,1,20221101,2,2.0
2786,287,4023.89588688946,10291.690231362469,1,1,False,1,20221101,2,2.0
2787,288,4023.6953727506425,10827.885604113111,0,0,False,1,20221101,2,2.0
2788,289,4023.7884012539184,11375.211598746082,0,0,False,1,20221101,2,2.0
2789,290,4023.885964912281,11903.690476190475,0,0,False,1,20221101,2,2.0
2790,291,4023.7002567394097,12443.5,0,0,False,1,20221101,2,2.0
2791,292,4023.7954399486193,12971.787732819525,0,0,False,1,20221101,2,2.0
2792,293,4023.969554300063,13504.165411173886,0,0,False,1,20221101,2,2.0
2793,294,4023.885964912281,14039.690476190475,0,1,False,1,20221101,2,2.0
2794,295,4023.87652811736,14579.690709046456,0,0,False,1,20221101,2,2.0
2795,296,4023.7954399486193,15115.787732819525,2,0,False,1,20221101,2,2.0
2796,297,4023.5975609756097,15647.40243902439,0,1,True,1,20221101,2,2.0
2797,298,4023.5,16191.5,1,0,False,1,20221101,2,2.0
2798,299,4023.6000641436817,16731.402501603592,0,0,False,1,20221101,2,2.0
2799,300,4023.4048200122015,17267.402379499694,0,0,False,1,20221101,2,2.0
2800,301,4024.053921568628,17796.06862745098,0,0,False,1,20221101,2,2.0
2801,302,4023.695244055069,18335.5,0,0,False,1,20221101,2,2.0
2802,303,4023.5,18867.5,0,0,False,1,20221101,2,2.0
2803,304,4023.6000641436817,19403.597498396408,0,0,False,1,20221101,2,2.0
2804,305,4023.89588688946,19947.309768637533,0,0,False,1,20221101,2,2.0
2805,306,4023.314180929096,20483.11369193154,0,0,False,1,20221101,2,2.0
2806,307,4023.6000641436817,21019.402501603592,0,0,True,1,20221101,2,2.0
2807,308,4467.308588957055,927.6865030674846,0,0,False,1,20221101,2,2.0
2808,309,4467.6027617212585,1463.5950545921644,1,0,False,1,20221101,2,2.0
2809,310,4467.69094247246,1999.686046511628,0,0,False,1,20221101,2,2.0
2810,311,4467.5,2531.5,1,0,False,1,20221101,2,2.0
2811,312,4467.103264281231,3067.133396107972,0,0,True,1,20221101,2,2.0
2812,313,4467.597620500305,3607.5951799877976,1,1,True,1,20221101,2,2.0
2813,314,4468.0700245700245,4135.490171990172,0,0,False,1,20221101,2,2.0
2814,315,4467.790461538461,4678.6704615384615,0,0,False,1,20221101,2,2.0
2815,316,4467.220416922134,5207.772225628449,0,0,False,1,20221101,2,2.0
2816,317,4467.600250626567,5747.4047619047615,0,0,False,1,20221101,2,2.0
2817,318,4467.695611285267,6275.876175548589,0,0,False,1,20221101,2,2.0
2818,319,4468.067931456549,6814.9467564259485,1,1,False,1,20221101,2,2.0
2819,320,4467.69094247246,7351.686046511628,0,0,False,1,20221101,2,2.0
2820,321,4467.705655526992,7887.5,0,0,False,1,20221101,2,2.0
2821,322,4467.9604316546765,8427.039568345324,2,0,False,1,20221101,2,2.0
2822,323,4467.803536977492,8951.78038585209,0,0,False,1,20221101,2,2.0
2823,324,4467.779926335175,9488.145794966236,0,0,False,1,20221101,2,2.0
2824,325,4467.970876762723,10023.958614347026,1,1,False,1,20221101,2,2.0
2825,326,4467.779926335175,10560.145794966236,0,0,False,1,20221101,2,2.0
2826,327,4467.773709483794,11099.773709483794,0,0,False,1,20221101,2,2.0
2827,328,4467.705655526992,11639.5,0,0,False,1,20221101,2,2.0
2828,329,4467.691411042945,12175.313496932517,1,1,True,1,20221101,2,2.0
2829,330,4467.992462311558,12707.404522613066,0,0,True,1,20221101,2,2.0
2830,331,4467.982412060302,13236.14824120603,0,0,False,1,20221101,2,2.0
2831,332,4467.695611285267,13771.876175548588,5,0,False,1,20221101,2,2.0
2832,333,4467.78679245283,14308.335220125786,2,0,False,1,20221101,2,2.0
2833,334,4467.700375704446,14851.5,5,6,False,1,20221101,2,2.0
2834,335,4467.695611285267,15379.876175548588,1,0,False,1,20221101,2,2.0
2835,336,4467.69094247246,15919.686046511628,0,0,False,1,20221101,2,2.0
2836,337,4467.597979179424,16463.03214941825,0,0,False,1,20221101,2,2.0
2837,338,4467.796110414053,16995.590338770387,0,1,False,1,20221101,2,2.0
2838,339,4467.812169312169,17531.589947089946,0,0,False,1,20221101,2,2.0
2839,340,4467.304143126177,18067.314187068423,0,0,False,1,20221101,2,2.0
2840,341,4467.6027617212585,18599.59505459217,0,1,False,1,20221101,2,2.0
2841,342,4467.992462311558,19139.59547738693,0,0,False,1,20221101,2,2.0
2842,343,4467.9604316546765,19675.586330935253,0,0,False,1,20221101,2,2.0
2843,344,4467.992462311558,20211.404522613066,1,0,True,1,20221101,2,2.0
2844,345,4467.695611285267,20755.87617554859,0,0,True,1,20221101,2,2.0
2845,346,4467.600250626567,21283.404761904763,0,0,False,1,20221101,2,2.0
2846,347,4910.279048765804,1198.8762793497892,0,0,False,1,20221101,2,2.0
2847,348,4909.975961538462,1726.3557692307693,1,0,False,1,20221101,2,2.0
2848,349,4911.294228356336,2263.5,0,0,False,1,20221101,2,2.0
2849,350,4910.738323353294,2799.859281437126,1,0,False,1,20221101,2,2.0
2850,351,4910.551497005988,3335.32754491018,2,0,False,1,20221101,2,2.0
2851,352,4911.092964824121,3871.680904522613,0,0,False,1,20221101,2,2.0
2852,353,4911.308383233533,4407.317964071856,0,0,False,1,20221101,2,2.0
2853,354,4911.298994974874,4943.133165829146,0,0,False,1,20221101,2,2.0
2854,355,4911.308841099164,5479.318399044206,1,1,False,1,20221101,2,2.0
2855,356,4911.696078431372,6011.318627450981,1,1,False,1,20221101,2,2.0
2856,357,4911.308383233533,6543.682035928144,0,0,False,1,20221101,2,2.0
2857,358,4911.796387017759,7083.225658297612,0,0,False,1,20221101,2,2.0
2858,359,4912.070743405276,7622.958033573142,0,0,False,1,20221101,2,2.0
2859,360,4911.5,8151.5,0,0,False,1,20221101,2,2.0
2860,361,4911.5,8694.951572327043,1,0,False,1,20221101,2,2.0
2861,362,4911.696078431372,9219.68137254902,0,0,False,1,20221101,2,2.0
2862,363,4911.69656019656,9755.681818181818,0,0,False,1,20221101,2,2.0
2863,364,4911.5,10291.863190184047,0,1,False,1,20221101,2,2.0
2864,365,4911.5,10827.863190184047,1,1,False,1,20221101,2,2.0
2865,366,4911.5,11374.602040816326,0,0,False,1,20221101,2,2.0
2866,367,4911.780407429598,11902.869682444578,0,0,False,1,20221101,2,2.0
2867,368,4911.600551808707,12443.043838136113,1,1,False,1,20221101,2,2.0
2868,369,4911.696078431372,12971.68137254902,0,0,False,1,20221101,2,2.0
2869,370,4911.780407429598,13504.130317555422,2,0,False,1,20221101,2,2.0
2870,371,4911.780407429598,14040.130317555422,1,0,False,1,20221101,2,2.0
2871,372,4911.774165202109,14579.232864674868,1,0,False,1,20221101,2,2.0
2872,373,4911.696078431372,15115.68137254902,0,0,True,1,20221101,2,2.0
2873,374,4911.780407429598,15648.130317555422,0,1,False,1,20221101,2,2.0
2874,375,4911.5,16191.136363636364,0,0,False,1,20221101,2,2.0
2875,376,4911.5,16731.5,0,0,False,1,20221101,2,2.0
2876,377,4911.869158878505,17266.77570093458,0,0,False,1,20221101,2,2.0
2877,378,4911.877182770663,17795.681606519207,0,0,False,1,20221101,2,2.0
2878,379,4912.261676646706,18335.32754491018,1,0,False,1,20221101,2,2.0
2879,380,4912.056725146199,18867.49064327485,0,0,False,1,20221101,2,2.0
2880,381,4911.696078431372,19403.68137254902,0,0,False,1,20221101,2,2.0
2881,382,4911.796387017759,19947.22565829761,0,0,False,1,20221101,2,2.0
2882,383,4911.961088355763,20483.050614394386,0,0,True,1,20221101,2,2.0
2883,384,4911.888206388207,21018.77764127764,0,0,False,1,20221101,2,2.0
2884,385,5354.359950859951,927.5,0,0,False,1,20221101,2,2.0
2885,386,5355.3972382787415,1463.4049454078356,0,0,False,1,20221101,2,2.0
2886,387,5354.355036855037,1999.8341523341523,0,0,False,1,20221101,2,2.0
2887,388,5355.103761755486,2531.314420062696,0,0,False,1,20221101,2,2.0
2888,389,5355.299624295554,3067.5,0,0,False,1,20221101,2,2.0
2889,390,5355.5,3607.309523809524,0,0,False,1,20221101,2,2.0
2890,391,5355.5,4135.5,0,0,False,1,20221101,2,2.0
2891,392,5355.87791411043,4678.758895705521,0,0,False,1,20221101,2,2.0
2892,393,5355.69094247246,5207.313953488372,0,0,False,1,20221101,2,2.0
2893,394,5355.695611285267,5747.123824451411,0,0,False,1,20221101,2,2.0
2894,395,5355.600250626567,6275.4047619047615,0,0,False,1,20221101,2,2.0
2895,396,5355.5,6815.1274509803925,0,0,False,1,20221101,2,2.0
2896,397,5355.597739767868,7351.404703726329,0,0,False,1,20221101,2,2.0
2897,398,5355.6027617212585,7887.404945407836,0,1,False,1,20221101,2,2.0
2898,399,5355.868641532017,8426.757929383602,0,0,False,1,20221101,2,2.0
2899,400,5355.6027617212585,8951.595054592164,0,0,False,1,20221101,2,2.0
2900,401,5355.69094247246,9487.686046511628,0,0,False,1,20221101,2,2.0
2901,402,5355.882352941177,10023.5,0,0,False,1,20221101,2,2.0
2902,403,5355.788685015291,10559.781345565749,1,0,False,1,20221101,2,2.0
2903,404,5355.87298266587,11099.5,0,0,False,1,20221101,2,2.0
2904,405,5355.803536977492,11639.21961414791,0,0,False,1,20221101,2,2.0
2905,406,5355.788685015291,12175.218654434251,0,1,False,1,20221101,2,2.0
2906,407,5355.796110414053,12707.218946047678,0,0,False,1,20221101,2,2.0
2907,408,5355.896238244514,13235.685579937304,0,0,False,1,20221101,2,2.0
2908,409,5355.700375704446,13771.5,1,0,False,1,20221101,2,2.0
2909,410,5355.796110414053,14307.781053952322,0,0,False,1,20221101,2,2.0
2910,411,5355.600125156446,14851.404881101376,1,0,False,1,20221101,2,2.0
2911,412,5355.700375704446,15379.5,0,0,False,1,20221101,2,2.0
2912,413,5355.88630806846,15919.685819070904,0,0,False,1,20221101,2,2.0
2913,414,5355.5,16462.936964504283,1,0,False,1,20221101,2,2.0
2914,415,5355.896238244514,16995.314420062696,1,0,False,1,20221101,2,2.0
2915,416,5355.917713152677,17531.31493721084,0,0,False,1,20221101,2,2.0
2916,417,5355.795739348371,18067.21929824561,0,0,False,1,20221101,2,2.0
2917,418,5355.6027617212585,18599.59505459217,0,0,False,1,20221101,2,2.0
2918,419,5355.700375704446,19139.5,0,0,False,1,20221101,2,2.0
2919,420,5355.968339307049,19675.40442054958,0,0,False,1,20221101,2,2.0
2920,421,5355.600125156446,20211.40488110137,1,0,True,1,20221101,2,2.0
2921,422,5355.795739348371,20755.21929824561,0,0,True,1,20221101,2,2.0
2922,423,5355.700375704446,21283.5,0,0,False,1,20221101,2,2.0
2923,424,5806.541916167665,1199.3179640718563,0,0,False,1,20221101,2,2.0
2924,425,5806.328331332533,1727.2454981992796,0,0,False,1,20221101,2,2.0
2925,426,5806.901257861635,2262.9616352201256,0,0,False,1,20221101,2,2.0
2926,427,5807.019426180514,2799.4067543335327,1,0,False,1,20221101,2,2.0
2927,428,5807.204504504504,3335.262162162162,0,0,False,1,20221101,2,2.0
2928,429,5807.705771643664,3871.5,0,0,False,1,20221101,2,2.0
2929,430,5807.308383233533,4407.317964071856,0,0,False,1,20221101,2,2.0
2930,431,5807.397049591965,4943.407093534212,0,0,False,1,20221101,2,2.0
2931,432,5807.5,5479.136363636364,0,0,False,1,20221101,2,2.0
2932,433,5807.5,6011.5,0,0,False,1,20221101,2,2.0
2933,434,5807.317964071856,6544.223353293413,0,0,False,1,20221101,2,2.0
2934,435,5807.303921568628,7083.318627450981,1,1,False,1,20221101,2,2.0
2935,436,5807.5,7623.136363636364,0,0,False,1,20221101,2,2.0
2936,437,5807.5,8151.5,0,0,False,1,20221101,2,2.0
2937,438,5807.5,8694.951572327043,0,0,False,1,20221101,2,2.0
2938,439,5807.399448191293,9219.956161863887,0,0,False,1,20221101,2,2.0
2939,440,5807.303921568628,9755.68137254902,0,0,False,1,20221101,2,2.0
2940,441,5807.5,10291.863190184047,0,0,False,1,20221101,2,2.0
2941,442,5807.5,10827.863190184047,1,0,False,1,20221101,2,2.0
2942,443,5807.5,11374.602040816326,0,1,False,1,20221101,2,2.0
2943,444,5807.691616766467,11903.317964071855,1,0,False,1,20221101,2,2.0
2944,445,5807.600551808707,12443.043838136113,0,0,False,1,20221101,2,2.0
2945,446,5807.696078431372,12971.68137254902,0,0,False,1,20221101,2,2.0
2946,447,5807.5,13503.863636363636,1,1,False,1,20221101,2,2.0
2947,448,5807.780407429598,14040.130317555422,0,0,False,1,20221101,2,2.0
2948,449,5807.5,14579.5,0,1,False,1,20221101,2,2.0
2949,450,5807.5,15115.5,0,0,False,1,20221101,2,2.0
2950,451,5807.308383233533,15647.682035928145,0,0,False,1,20221101,2,2.0
2951,452,5807.219592570402,16190.869682444578,0,0,False,1,20221101,2,2.0
2952,453,5807.203975535168,16731.225993883792,0,0,False,1,20221101,2,2.0
2953,454,5808.315897136177,17266.518118059616,1,0,False,1,20221101,2,2.0
2954,455,5807.5,17795.5,0,0,False,1,20221101,2,2.0
2955,456,5807.598027495517,18335.04333532576,0,1,False,1,20221101,2,2.0
2956,457,5807.686915887851,18867.317757009347,0,0,False,1,20221101,2,2.0
2957,458,5807.399694189602,19403.59296636085,0,0,False,1,20221101,2,2.0
2958,459,5807.600551808707,19947.04383813612,0,0,False,1,20221101,2,2.0
2959,460,5807.322429906542,20482.59813084112,1,0,False,1,20221101,2,2.0
2960,461,5807.600551808707,21019.04383813612,0,0,False,1,20221101,2,2.0
2961,462,6248.491920447483,929.41671845867,0,0,False,1,20221101,2,2.0
2962,463,6250.684516129032,1463.5,0,0,False,1,20221101,2,2.0
2963,464,6250.062461538461,1999.2710769230769,0,0,False,1,20221101,2,2.0
2964,465,6246.90797940798,2531.5,0,0,False,1,20221101,2,2.0
2965,466,6251.103761755486,3067.6855799373043,0,1,False,1,20221101,2,2.0
2966,467,6251.402379499695,3607.4048200122015,1,0,False,1,20221101,2,2.0
2967,468,6251.30905752754,4135.686046511628,0,0,False,1,20221101,2,2.0
2968,469,6251.788685015291,4679.21865443425,1,0,True,1,20221101,2,2.0
2969,470,6251.882352941177,5207.5,0,0,False,1,20221101,2,2.0
2970,471,6251.600250626567,5747.4047619047615,0,0,False,1,20221101,2,2.0
2971,472,6251.600250626567,6275.595238095239,0,0,False,1,20221101,2,2.0
2972,473,6251.5,6815.1274509803925,0,0,False,1,20221101,2,2.0
2973,474,6251.5,7351.5,0,0,False,1,20221101,2,2.0
2974,475,6251.6027617212585,7887.404945407836,0,0,False,1,20221101,2,2.0
2975,476,6251.773053892216,8426.853293413174,0,0,False,1,20221101,2,2.0
2976,477,6251.5,8951.690231362469,0,0,False,1,20221101,2,2.0
2977,478,6251.5,9487.872549019608,0,0,False,1,20221101,2,2.0
2978,479,6251.5,10023.872549019608,0,0,False,1,20221101,2,2.0
2979,480,6251.69094247246,10559.686046511628,0,0,False,1,20221101,2,2.0
2980,481,6251.87298266587,11099.5,0,0,False,1,20221101,2,2.0
2981,482,6251.6027617212585,11639.404945407836,0,0,False,1,20221101,2,2.0
2982,483,6251.597979179424,12175.032149418248,0,0,False,1,20221101,2,2.0
2983,484,6251.796110414053,12707.218946047678,0,0,True,1,20221101,2,2.0
2984,485,6251.896238244514,13235.685579937304,0,0,False,1,20221101,2,2.0
2985,486,6251.600125156446,13771.595118898624,0,0,False,1,20221101,2,2.0
2986,487,6251.795739348371,14307.780701754386,0,121,False,1,20221101,2,2.0
2987,488,6251.5,14851.309643080776,0,0,False,1,20221101,2,2.0
2988,489,6251.600250626567,15379.40476190476,0,0,False,1,20221101,2,2.0
2989,490,6251.5,15919.5,1,1,False,1,20221101,2,2.0
2990,491,6251.5,16462.389434889436,0,0,False,1,20221101,2,2.0
2991,492,6251.5,16995.30964308078,1,1,False,1,20221101,2,2.0
2992,493,6251.605540897098,17531.405013192612,0,0,False,1,20221101,2,2.0
2993,494,6251.5,18066.93753923415,0,0,False,1,20221101,2,2.0
2994,495,6251.5,18599.5,0,0,False,1,20221101,2,2.0
2995,496,6251.5,19139.30964308078,0,1,False,1,20221101,2,2.0
2996,497,6251.5,19675.12701733413,1,0,False,1,20221101,2,2.0
2997,498,6251.5,20211.30964308078,0,0,False,1,20221101,2,2.0
2998,499,6251.399874843554,20755.40488110137,0,0,False,1,20221101,2,2.0
2999,500,6251.600250626567,21283.404761904763,1,0,False,1,20221101,2,2.0
