,label,x,y,n_cells,n_cells_final,trash,dataset,date,date_index,concentration
0,1,899.004835589942,1464.1473243068988,1,0,True,0,20230315,1,0
1,2,898.7570725707257,2000.5971709717096,1,107,False,0,20230315,1,0
2,3,899.2132075471698,2532.3352201257862,0,0,False,0,20230315,1,0
3,4,899.2132075471698,3068.3352201257862,3,118,False,0,20230315,1,0
4,5,899.4020208205757,3607.967850581752,0,120,False,0,20230315,1,0
5,6,899.2204169221336,4136.33629675046,1,114,False,0,20230315,1,0
6,7,899.4020208205757,4679.967850581751,0,0,False,0,20230315,1,0
7,8,899.7795830778664,5208.33629675046,1,108,False,0,20230315,1,0
8,9,899.6956112852664,5747.876175548589,0,0,False,0,20230315,1,0
9,10,899.204260651629,6275.7807017543855,0,0,False,0,20230315,1,0
10,11,899.8779141104294,6816.241104294479,1,129,False,0,20230315,1,0
11,12,900.0686274509804,7352.053921568628,0,133,False,0,20230315,1,0
12,13,900.3051612903225,7887.866451612903,0,0,False,0,20230315,1,0
13,14,900.6003003003003,8428.206306306307,1,115,False,0,20230315,1,0
14,15,900.0979381443299,8952.051546391753,0,120,False,0,20230315,1,0
15,16,900.2429274292743,9488.59717097171,1,135,False,0,20230315,1,0
16,17,901.4233621755252,10024.187268232386,1,128,False,0,20230315,1,0
17,18,901.0743368291178,10560.657310302282,2,114,False,0,20230315,1,0
18,19,900.5989802039592,11100.224655068989,2,123,False,0,20230315,1,0
19,20,899.7005141388174,11639.690231362469,0,118,False,0,20230315,1,0
20,21,901.428306551298,12176.889369592089,0,135,False,0,20230315,1,0
21,22,900.3805031446541,12707.771698113207,0,123,False,0,20230315,1,0
22,23,900.3564231738035,13236.502518891688,1,125,False,0,20230315,1,0
23,24,899.9824120603015,13772.14824120603,0,126,False,0,20230315,1,0
24,25,900.1607818411097,14308.690416141237,0,0,False,0,20230315,1,0
25,26,899.896238244514,14851.685579937304,0,0,False,0,20230315,1,0
26,27,899.9824120603015,15380.14824120603,0,0,False,0,20230315,1,0
27,28,899.7795830778664,15920.33629675046,1,106,False,0,20230315,1,0
28,29,899.6909424724602,16463.68604651163,1,1,False,0,20230315,1,0
29,30,899.6956112852664,16995.87617554859,0,132,False,0,20230315,1,0
30,31,899.6055408970976,17531.594986807388,0,0,False,0,20230315,1,0
31,32,899.5,18067.5,1,119,False,0,20230315,1,0
32,33,899.5,18599.690231362467,1,105,False,0,20230315,1,0
33,34,899.6002506265664,19139.404761904763,0,121,False,0,20230315,1,0
34,35,900.1467065868263,19675.226946107785,3,116,False,0,20230315,1,0
35,36,900.0925925925926,20211.5,1,110,True,0,20230315,1,0
36,37,900.1842767295598,20754.86603773585,2,109,False,0,20230315,1,0
37,38,903.89588688946,21283.309768637533,0,82,True,0,20230315,1,0
38,39,1342.8345888261142,1199.9695543000628,0,0,False,0,20230315,1,0
39,40,1343.293710691824,1728.4610062893082,0,0,False,0,20230315,1,0
40,41,1343.1967699406723,2263.78740936058,0,0,False,0,20230315,1,0
41,42,1343.2115987460816,2799.7884012539184,0,120,False,0,20230315,1,0
42,43,1343.211959924859,3335.788040075141,0,0,False,0,20230315,1,0
43,44,1343.5,3871.694993412385,0,0,False,0,20230315,1,0
44,45,1343.5,4407.6952440550685,3,125,False,0,20230315,1,0
45,46,1343.5,4943.5,0,130,False,0,20230315,1,0
46,47,1343.5975609756097,5479.59756097561,0,0,False,0,20230315,1,0
47,48,1343.5951768488746,6011.788102893891,0,123,False,0,20230315,1,0
48,49,1343.7790697674418,6544.357322438717,0,132,False,0,20230315,1,0
49,50,1343.7002567394095,7083.5,4,140,False,0,20230315,1,0
50,51,1344.0771643663738,7623.5,0,0,False,0,20230315,1,0
51,52,1343.7884012539184,8151.788401253919,0,0,False,0,20230315,1,0
52,53,1343.705533596838,8695.5,0,117,False,0,20230315,1,0
53,54,1343.6953727506427,9219.885604113111,3,129,False,0,20230315,1,0
54,55,1343.89588688946,9755.690231362469,0,130,False,0,20230315,1,0
55,56,1343.399935856318,10291.597498396408,0,129,False,0,20230315,1,0
56,57,1344.0824742268042,10828.067010309278,0,0,False,0,20230315,1,0
57,58,1344.4319899244333,11374.568010075567,0,0,False,0,20230315,1,0
58,59,1343.8859649122808,11903.690476190475,0,125,False,0,20230315,1,0
59,60,1343.89588688946,12443.309768637531,0,132,False,0,20230315,1,0
60,61,1343.89588688946,12971.690231362469,0,0,False,0,20230315,1,0
61,62,1343.690476190476,13503.88596491228,2,121,False,0,20230315,1,0
62,63,1343.8859649122808,14039.690476190475,0,120,False,0,20230315,1,0
63,64,1343.4044703000611,14579.402020820577,0,119,False,0,20230315,1,0
64,65,1343.6953727506427,15115.885604113111,0,142,False,0,20230315,1,0
65,66,1343.690476190476,15647.88596491228,0,0,False,0,20230315,1,0
66,67,1343.7884012539184,16191.788401253918,1,135,False,0,20230315,1,0
67,68,1343.399935856318,16731.402501603592,3,116,False,0,20230315,1,0
68,69,1343.6865030674846,17267.308588957054,0,109,False,0,20230315,1,0
69,70,1343.5955296999389,17795.98009797918,0,131,False,0,20230315,1,0
70,71,1343.5975609756097,18335.40243902439,1,110,False,0,20230315,1,0
71,72,1343.5,18867.88235294117,1,120,False,0,20230315,1,0
72,73,1343.5,19403.5,0,0,False,0,20230315,1,0
73,74,1343.89588688946,19947.309768637533,0,113,False,0,20230315,1,0
74,75,1344.0539215686274,20482.93137254902,0,116,False,0,20230315,1,0
75,76,1344.1825499034128,21019.03122987765,2,107,False,0,20230315,1,0
76,77,1786.8558696988323,928.6923786109404,0,107,False,0,20230315,1,0
77,78,1786.6937984496124,1464.37338501292,0,0,False,0,20230315,1,0
78,79,1786.9313725490197,2000.053921568628,0,125,False,0,20230315,1,0
79,80,1787.2038895859473,2531.781053952321,0,0,False,0,20230315,1,0
80,81,1786.442065491184,3068.3110831234258,0,0,False,0,20230315,1,0
81,82,1787.970300061237,3608.149112063688,1,129,False,0,20230315,1,0
82,83,1787.5979791794243,4135.967850581751,1,142,False,0,20230315,1,0
83,84,1787.2204169221336,4679.772225628449,0,0,False,0,20230315,1,0
84,85,1787.029699938763,5208.149112063687,2,182,True,0,20230315,1,0
85,86,1787.882149591452,5748.053111250786,0,115,False,0,20230315,1,0
86,87,1787.9753476611884,6276.870417193426,0,0,False,0,20230315,1,0
87,88,1788.0700245700243,6816.055282555282,1,101,False,0,20230315,1,0
88,89,1788.0686274509803,7352.053921568628,2,125,False,0,20230315,1,0
89,90,1787.9066924066924,7887.685328185328,0,121,False,0,20230315,1,0
90,91,1788.4214157168567,8427.5,0,133,False,0,20230315,1,0
91,92,1788.8411003236247,8951.057281553398,0,127,False,0,20230315,1,0
92,93,1788.9590264941469,9488.74460874923,0,154,False,0,20230315,1,0
93,94,1788.5325752919484,10024.31868469576,0,0,False,0,20230315,1,0
94,95,1789.3282890673256,10560.925571340333,0,119,True,0,20230315,1,0
95,96,1788.2420706163973,11099.868641532015,1,118,False,0,20230315,1,0
96,97,1788.1082474226805,11639.5,0,129,False,0,20230315,1,0
97,98,1788.8382533825338,12175.657441574416,1,148,False,0,20230315,1,0
98,99,1788.3636363636365,13236.671717171715,0,0,False,0,20230315,1,0
99,100,1788.083280955374,13772.053111250783,1,115,False,0,20230315,1,0
100,101,1788.26214511041,14308.5952681388,0,114,False,0,20230315,1,0
101,102,1788.0925925925926,14851.5,0,122,False,0,20230315,1,0
102,103,1787.887665198238,15380.240088105727,0,133,False,0,20230315,1,0
103,104,1787.8779141104294,15920.24110429448,1,110,False,0,20230315,1,0
104,105,1787.7886850152904,16463.409480122325,0,117,False,0,20230315,1,0
105,106,1787.795739348371,16995.780701754386,1,119,False,0,20230315,1,0
106,107,1787.9177131526767,17531.68506278916,0,129,False,0,20230315,1,0
107,108,1787.7003757044458,18067.5,0,0,False,0,20230315,1,0
108,109,1787.6027617212587,18599.59505459217,3,102,False,0,20230315,1,0
109,110,1787.896238244514,19139.314420062696,3,120,False,0,20230315,1,0
110,111,1788.4214157168567,19675.5,0,120,False,0,20230315,1,0
111,112,1788.0925925925926,20211.5,2,116,False,0,20230315,1,0
112,113,1788.083280955374,20754.94688874921,0,0,False,0,20230315,1,0
113,114,1788.294468887492,21283.5,2,115,False,0,20230315,1,0
114,115,1791.89588688946,12707.309768637531,0,0,False,0,20230315,1,0
115,116,2231.304755944931,1199.5,0,0,False,0,20230315,1,0
116,117,2231.6907151819323,1727.8764115432873,1,117,False,0,20230315,1,0
117,118,2231.5,2263.5,0,117,False,0,20230315,1,0
118,119,2231.5,2799.5,0,121,False,0,20230315,1,0
119,120,2231.5,3335.5,0,130,False,0,20230315,1,0
120,121,2231.5,3871.5,1,129,False,0,20230315,1,0
121,122,2231.695244055069,4407.5,0,125,False,0,20230315,1,0
122,123,2231.5,4943.5,1,97,False,0,20230315,1,0
123,124,2231.5,5479.5,1,199,True,0,20230315,1,0
124,125,2231.6000641436817,6011.402501603592,1,141,False,0,20230315,1,0
125,126,2231.690476190476,6543.8859649122805,1,111,False,0,20230315,1,0
126,127,2231.89588688946,7083.690231362468,1,104,False,0,20230315,1,0
127,128,2232.077164366374,7623.5,4,117,False,0,20230315,1,0
128,129,2231.8859649122805,8151.690476190476,2,143,False,0,20230315,1,0
129,130,2232.1076618229854,8695.5,0,0,False,0,20230315,1,0
130,131,2231.79543994862,9219.787732819525,0,129,False,0,20230315,1,0
131,132,2232.182549903413,9755.968770122345,0,113,False,0,20230315,1,0
132,133,2232.182549903413,10291.968770122345,0,128,False,0,20230315,1,0
133,134,2232.082474226804,10828.067010309278,0,115,False,0,20230315,1,0
134,135,2231.6902377972465,11375.304755944931,1,123,False,0,20230315,1,0
135,136,2232.165411173886,11903.969554300063,0,112,False,0,20230315,1,0
136,137,2231.7002567394097,12443.5,0,134,False,0,20230315,1,0
137,138,2232.0817245817248,12972.06628056628,0,0,False,0,20230315,1,0
138,139,2232.3332284455632,13504.529578351165,0,115,False,0,20230315,1,0
139,140,2232.3332284455632,14040.529578351165,1,112,False,0,20230315,1,0
140,141,2232.241104294478,14579.87791411043,2,81,False,0,20230315,1,0
141,142,2232.0817245817248,15116.06628056628,1,114,False,0,20230315,1,0
142,143,2231.9695543000626,15648.165411173886,1,117,False,0,20230315,1,0
143,144,2231.8859649122805,16191.690476190475,1,125,False,0,20230315,1,0
144,145,2231.7002567394097,16731.5,1,118,False,0,20230315,1,0
145,146,2232.241104294478,17267.681595092025,2,120,False,0,20230315,1,0
146,147,2232.053921568628,17796.06862745098,2,111,False,0,20230315,1,0
147,148,2231.8859649122805,18335.69047619048,1,112,False,0,20230315,1,0
148,149,2232.33629675046,18867.220416922133,1,115,False,0,20230315,1,0
149,150,2231.79543994862,19403.787732819525,0,116,False,0,20230315,1,0
150,151,2231.89588688946,19947.309768637533,0,114,False,0,20230315,1,0
151,152,2232.33629675046,20483.220416922133,0,111,False,0,20230315,1,0
152,153,2231.89588688946,21019.309768637533,3,112,False,0,20230315,1,0
153,154,2674.93137254902,928.0539215686274,1,113,False,0,20230315,1,0
154,155,2677.859493670886,1462.4012658227848,0,0,False,0,20230315,1,0
155,156,2675.406919779547,1999.776791181874,2,129,False,0,20230315,1,0
156,157,2674.90666247643,2531.489943431804,2,169,False,0,20230315,1,0
157,158,2675.1173694147265,3068.04877281309,2,164,True,0,20230315,1,0
158,159,2674.6416309012875,3607.7722256284487,0,143,False,0,20230315,1,0
159,160,2678.221252257676,4135.150812763395,0,0,False,0,20230315,1,0
160,161,2679.5,4679.5,1,135,False,0,20230315,1,0
161,162,2678.2738452309536,5208.111877624475,0,134,False,0,20230315,1,0
162,163,2679.5,5747.5,3,110,False,0,20230315,1,0
163,164,2680.4987699877,6275.849323493235,0,132,False,0,20230315,1,0
164,165,2679.882775119617,6815.5,0,290,True,0,20230315,1,0
165,166,2680.2616766467067,7351.859281437126,1,134,False,0,20230315,1,0
166,167,2680.236225087925,8427.317116060962,1,143,False,0,20230315,1,0
167,168,2679.907035175879,8951.680904522613,2,125,False,0,20230315,1,0
168,169,2679.211389385808,9487.774299344066,0,124,False,0,20230315,1,0
169,170,2680.0693779904304,10024.04066985646,1,150,False,0,20230315,1,0
170,171,2681.5253470126736,10560.709414604707,3,131,False,0,20230315,1,0
171,172,2680.147574517826,11099.766510812393,2,127,False,0,20230315,1,0
172,173,2680.1638705811865,12175.766027561414,1,127,False,0,20230315,1,0
173,174,2680.093137254902,12707.5,2,115,False,0,20230315,1,0
174,175,2680.0840490797545,13236.039877300613,3,110,False,0,20230315,1,0
175,176,2679.796024464832,13771.774006116208,0,125,False,0,20230315,1,0
176,177,2680.459409594096,14308.385608856088,0,115,False,0,20230315,1,0
177,178,2679.896572827417,14851.681150550796,0,138,False,0,20230315,1,0
178,179,2680.0840490797545,15380.039877300613,0,0,False,0,20230315,1,0
179,180,2680.0693779904304,15920.04066985646,2,126,False,0,20230315,1,0
180,181,2679.980573819486,16463.406754333533,0,121,False,0,20230315,1,0
181,182,2679.896572827417,16995.681150550794,0,0,False,0,20230315,1,0
182,183,2679.605602060528,17531.592723760463,1,116,False,0,20230315,1,0
183,184,2679.9935543278084,18067.58348680172,0,135,False,0,20230315,1,0
184,185,2679.80923947203,18599.42206159648,0,0,False,0,20230315,1,0
185,186,2680.1876155268023,19139.214109673445,0,126,False,0,20230315,1,0
186,187,2680.4227166276346,19675.5,1,115,False,0,20230315,1,0
187,188,2679.700488997555,20211.5,3,109,False,0,20230315,1,0
188,189,2679.7963870177587,20755.22565829761,1,133,False,0,20230315,1,0
189,190,2680.093137254902,21283.5,0,0,True,0,20230315,1,0
190,191,2683.602761721259,7887.595054592164,0,0,False,0,20230315,1,0
191,192,2683.9025806451614,11639.5,2,117,False,0,20230315,1,0
192,193,3130.359950859951,1199.5,5,201,True,0,20230315,1,0
193,194,3125.668888888889,1728.9653968253967,0,203,True,0,20230315,1,0
194,195,3131.397238278741,2263.5950545921646,1,137,False,0,20230315,1,0
195,196,3127.2105097545627,2799.7794210195093,0,0,False,0,20230315,1,0
196,197,3129.775092936803,3336.6995043370507,0,0,False,0,20230315,1,0
197,198,3131.397238278741,3871.5950545921646,1,111,False,0,20230315,1,0
198,199,3130.726600985221,4406.869458128079,1,131,False,0,20230315,1,0
199,200,3130.9945196647323,4943.595422308188,0,0,False,0,20230315,1,0
200,201,3131.402260232132,5479.404703726329,0,122,False,0,20230315,1,0
201,202,3131.203889585948,6011.781053952322,0,0,False,0,20230315,1,0
202,203,3131.1220858895704,6544.241104294479,0,142,False,0,20230315,1,0
203,204,3131.6001251564458,7083.595118898624,0,119,False,0,20230315,1,0
204,205,3131.5,7623.127450980392,2,105,False,0,20230315,1,0
205,206,3131.5,8151.872549019607,0,117,False,0,20230315,1,0
206,207,3131.5,8695.309768637531,0,116,False,0,20230315,1,0
207,208,3131.6956112852663,9219.876175548588,3,116,False,0,20230315,1,0
208,209,3131.7961104140527,9755.781053952322,0,111,False,0,20230315,1,0
209,210,3131.7961104140527,10291.781053952322,3,131,False,0,20230315,1,0
210,211,3131.5,10828.06246076585,0,67,False,0,20230315,1,0
211,212,3131.779926335175,11374.854205033764,0,109,False,0,20230315,1,0
212,213,3131.6909424724604,11903.686046511628,0,0,False,0,20230315,1,0
213,214,3131.6002506265663,12443.40476190476,0,120,False,0,20230315,1,0
214,215,3131.7961104140527,12971.781053952322,3,130,False,0,20230315,1,0
215,216,3131.7795830778664,13504.33629675046,1,111,False,0,20230315,1,0
216,217,3131.7795830778664,14040.33629675046,0,132,False,0,20230315,1,0
217,218,3131.960431654676,14579.960431654676,0,122,False,0,20230315,1,0
218,219,3131.6956112852663,15115.876175548588,4,119,False,0,20230315,1,0
219,220,3131.5,15648.063035495716,1,114,False,0,20230315,1,0
220,221,3131.8823529411766,16191.5,1,115,False,0,20230315,1,0
221,222,3131.5,16731.30964308078,1,118,False,0,20230315,1,0
222,223,3131.6862686567165,17267.313731343285,0,135,False,0,20230315,1,0
223,224,3131.313953488372,17795.68604651163,1,118,False,0,20230315,1,0
224,225,3131.6909424724604,18335.31395348837,2,112,False,0,20230315,1,0
225,226,3131.68671454219,18867.68671454219,0,114,False,0,20230315,1,0
226,227,3131.700375704446,19403.5,0,107,False,0,20230315,1,0
227,228,3131.5,19947.5,0,129,False,0,20230315,1,0
228,229,3131.782634730539,20482.661676646705,1,114,False,0,20230315,1,0
229,230,3131.7961104140527,21019.21894604768,1,111,False,0,20230315,1,0
230,231,3570.6416309012875,927.7722256284488,1,117,False,0,20230315,1,0
231,232,3571.5,1463.5,0,0,False,0,20230315,1,0
232,233,3569.9433497536947,2000.5147783251232,0,0,False,0,20230315,1,0
233,234,3571.3043887147337,2531.1238244514107,1,135,False,0,20230315,1,0
234,235,3571.8962382445143,3067.6855799373043,2,124,False,0,20230315,1,0
235,236,3571.5,3607.309523809524,2,122,False,0,20230315,1,0
236,237,3571.597620500305,4135.595179987798,0,123,False,0,20230315,1,0
237,238,3571.5,4679.5,1,147,False,0,20230315,1,0
238,239,3571.88630806846,5207.6858190709045,0,154,False,0,20230315,1,0
239,240,3571.7961104140527,5747.590338770389,1,128,False,0,20230315,1,0
240,241,3571.8962382445143,6275.314420062696,0,0,False,0,20230315,1,0
241,242,3571.69536019536,6815.5,1,138,False,0,20230315,1,0
242,243,3572.166258420086,7351.041947336191,1,128,False,0,20230315,1,0
243,244,3571.7056555269924,7887.5,1,129,False,0,20230315,1,0
244,245,3572.5167865707435,8427.404076738609,1,1,False,0,20230315,1,0
245,246,3571.9066924066924,8951.685328185327,0,124,False,0,20230315,1,0
246,247,3572.260736196319,9487.86809815951,0,1,False,0,20230315,1,0
247,248,3572.260736196319,10023.86809815951,0,115,False,0,20230315,1,0
248,249,3572.0686274509803,10560.053921568628,0,0,True,0,20230315,1,0
249,250,3574.511180124224,11097.66645962733,1,135,False,0,20230315,1,0
250,251,3572.00998068255,11639.404700579524,0,0,False,0,20230315,1,0
251,252,3572.3583690987125,12175.227774371551,1,125,False,0,20230315,1,0
252,253,3572.0925925925926,12707.5,1,147,False,0,20230315,1,0
253,254,3572.0825486503454,13236.052416823602,1,131,False,0,20230315,1,0
254,255,3571.8962382445143,13771.685579937304,2,128,False,0,20230315,1,0
255,256,3572.183417085427,14307.957286432162,0,144,False,0,20230315,1,0
256,257,3571.700375704446,14851.5,0,120,False,0,20230315,1,0
257,258,3572.183417085427,15379.957286432162,2,123,False,0,20230315,1,0
258,259,3572.3583690987125,15919.772225628449,1,122,False,0,20230315,1,0
259,260,3571.88630806846,16463.314180929094,1,115,False,0,20230315,1,0
260,261,3572.0925925925926,16995.5,1,119,False,0,20230315,1,0
261,262,3571.6055408970974,17531.594986807388,1,119,False,0,20230315,1,0
262,263,3571.6001251564458,18067.40488110137,1,114,False,0,20230315,1,0
263,264,3571.602761721259,18599.59505459217,1,117,False,0,20230315,1,0
264,265,3572.0925925925926,19139.5,0,0,False,0,20230315,1,0
265,266,3572.5167865707435,19675.59592326139,0,110,False,0,20230315,1,0
266,267,3572.0925925925926,20211.5,0,127,False,0,20230315,1,0
267,268,3572.183417085427,20755.04271356784,1,117,False,0,20230315,1,0
268,269,3572.0925925925926,21283.5,0,0,True,0,20230315,1,0
269,270,4023.1235884567127,1199.1135508155585,1,1,False,0,20230315,1,0
270,271,4023.4024390243903,1727.5975609756097,1,131,False,0,20230315,1,0
271,272,4023.5,2263.5,1,149,False,0,20230315,1,0
272,273,4023.5,2799.304755944931,0,0,False,0,20230315,1,0
273,274,4023.22057898049,3335.7794210195093,1,130,False,0,20230315,1,0
274,275,4023.6026991441736,3871.597432521396,1,124,False,0,20230315,1,0
275,276,4023.6911949685536,4407.308805031446,0,0,False,0,20230315,1,0
276,277,4023.3973008558255,4943.597432521396,1,133,False,0,20230315,1,0
277,278,4023.690476190476,5479.11403508772,0,0,False,0,20230315,1,0
278,279,4023.6000641436817,6011.597498396408,1,147,False,0,20230315,1,0
279,280,4023.690476190476,6543.8859649122805,0,138,False,0,20230315,1,0
280,281,4023.7002567394097,7083.5,0,120,False,0,20230315,1,0
281,282,4023.7884012539184,7623.211598746081,0,130,False,0,20230315,1,0
282,283,4023.885964912281,8151.690476190476,0,0,False,0,20230315,1,0
283,284,4023.6026991441736,8695.402567478604,2,120,False,0,20230315,1,0
284,285,4023.7954399486193,9219.787732819525,0,119,False,0,20230315,1,0
285,286,4023.89588688946,9755.690231362469,1,112,False,0,20230315,1,0
286,287,4023.89588688946,10291.690231362469,0,137,False,0,20230315,1,0
287,288,4023.6953727506425,10827.885604113111,1,198,True,0,20230315,1,0
288,289,4023.7884012539184,11375.211598746082,1,181,True,0,20230315,1,0
289,290,4023.885964912281,11903.690476190475,2,132,False,0,20230315,1,0
290,291,4023.7002567394097,12443.5,1,126,False,0,20230315,1,0
291,292,4023.7954399486193,12971.787732819525,1,123,False,0,20230315,1,0
292,293,4023.969554300063,13504.165411173886,0,0,False,0,20230315,1,0
293,294,4023.885964912281,14039.690476190475,3,133,False,0,20230315,1,0
294,295,4023.87652811736,14579.690709046456,2,108,False,0,20230315,1,0
295,296,4023.7954399486193,15115.787732819525,1,128,False,0,20230315,1,0
296,297,4023.5975609756097,15647.40243902439,1,114,False,0,20230315,1,0
297,298,4023.5,16191.5,0,125,False,0,20230315,1,0
298,299,4023.6000641436817,16731.402501603592,1,124,False,0,20230315,1,0
299,300,4023.4048200122015,17267.402379499694,0,117,False,0,20230315,1,0
300,301,4024.053921568628,17796.06862745098,2,119,False,0,20230315,1,0
301,302,4023.695244055069,18335.5,2,118,False,0,20230315,1,0
302,303,4023.5,18867.5,0,115,False,0,20230315,1,0
303,304,4023.6000641436817,19403.597498396408,3,121,False,0,20230315,1,0
304,305,4023.89588688946,19947.309768637533,0,117,False,0,20230315,1,0
305,306,4023.314180929096,20483.11369193154,1,120,False,0,20230315,1,0
306,307,4023.6000641436817,21019.402501603592,2,110,False,0,20230315,1,0
307,308,4467.308588957055,927.6865030674846,1,115,False,0,20230315,1,0
308,309,4467.6027617212585,1463.5950545921644,4,130,False,0,20230315,1,0
309,310,4467.69094247246,1999.686046511628,1,133,False,0,20230315,1,0
310,311,4467.5,2531.5,1,134,False,0,20230315,1,0
311,312,4467.103264281231,3067.133396107972,1,1,False,0,20230315,1,0
312,313,4467.597620500305,3607.5951799877976,1,127,False,0,20230315,1,0
313,314,4468.0700245700245,4135.490171990172,2,126,False,0,20230315,1,0
314,315,4467.790461538461,4678.6704615384615,1,120,False,0,20230315,1,0
315,316,4467.220416922134,5207.772225628449,1,131,False,0,20230315,1,0
316,317,4467.600250626567,5747.4047619047615,1,126,False,0,20230315,1,0
317,318,4467.695611285267,6275.876175548589,1,122,False,0,20230315,1,0
318,319,4468.067931456549,6814.9467564259485,0,0,False,0,20230315,1,0
319,320,4467.69094247246,7351.686046511628,2,127,False,0,20230315,1,0
320,321,4467.705655526992,7887.5,1,133,False,0,20230315,1,0
321,322,4467.9604316546765,8427.039568345324,0,133,False,0,20230315,1,0
322,323,4467.803536977492,8951.78038585209,0,0,False,0,20230315,1,0
323,324,4467.779926335175,9488.145794966236,3,130,False,0,20230315,1,0
324,325,4467.970876762723,10023.958614347026,1,1,False,0,20230315,1,0
325,326,4467.779926335175,10560.145794966236,1,163,True,0,20230315,1,0
326,327,4467.773709483794,11099.773709483794,4,200,True,0,20230315,1,0
327,328,4467.705655526992,11639.5,1,123,False,0,20230315,1,0
328,329,4467.691411042945,12175.313496932517,0,0,False,0,20230315,1,0
329,330,4467.992462311558,12707.404522613066,3,132,False,0,20230315,1,0
330,331,4467.982412060302,13236.14824120603,2,132,False,0,20230315,1,0
331,332,4467.695611285267,13771.876175548588,1,152,False,0,20230315,1,0
332,333,4467.78679245283,14308.335220125786,1,134,False,0,20230315,1,0
333,334,4467.700375704446,14851.5,5,124,False,0,20230315,1,0
334,335,4467.695611285267,15379.876175548588,2,128,False,0,20230315,1,0
335,336,4467.69094247246,15919.686046511628,3,123,False,0,20230315,1,0
336,337,4467.597979179424,16463.03214941825,1,126,False,0,20230315,1,0
337,338,4467.796110414053,16995.590338770387,0,130,False,0,20230315,1,0
338,339,4467.812169312169,17531.589947089946,2,110,False,0,20230315,1,0
339,340,4467.304143126177,18067.314187068423,3,124,False,0,20230315,1,0
340,341,4467.6027617212585,18599.59505459217,2,113,False,0,20230315,1,0
341,342,4467.992462311558,19139.59547738693,2,117,False,0,20230315,1,0
342,343,4467.9604316546765,19675.586330935253,1,112,False,0,20230315,1,0
343,344,4467.992462311558,20211.404522613066,0,116,False,0,20230315,1,0
344,345,4467.695611285267,20755.87617554859,2,120,False,0,20230315,1,0
345,346,4467.600250626567,21283.404761904763,4,115,False,0,20230315,1,0
346,347,4910.279048765804,1198.8762793497892,0,0,False,0,20230315,1,0
347,348,4909.975961538462,1726.3557692307693,2,129,False,0,20230315,1,0
348,349,4911.294228356336,2263.5,0,0,False,0,20230315,1,0
349,350,4910.738323353294,2799.859281437126,1,119,False,0,20230315,1,0
350,351,4910.551497005988,3335.32754491018,0,125,False,0,20230315,1,0
351,352,4911.092964824121,3871.680904522613,0,0,False,0,20230315,1,0
352,353,4911.308383233533,4407.317964071856,0,0,False,0,20230315,1,0
353,354,4911.298994974874,4943.133165829146,0,131,False,0,20230315,1,0
354,355,4911.308841099164,5479.318399044206,0,120,False,0,20230315,1,0
355,356,4911.696078431372,6011.318627450981,0,0,False,0,20230315,1,0
356,357,4911.308383233533,6543.682035928144,3,125,False,0,20230315,1,0
357,358,4911.796387017759,7083.225658297612,1,129,False,0,20230315,1,0
358,359,4912.070743405276,7622.958033573142,2,125,False,0,20230315,1,0
359,360,4911.5,8151.5,0,0,False,0,20230315,1,0
360,361,4911.5,8694.951572327043,0,139,False,0,20230315,1,0
361,362,4911.696078431372,9219.68137254902,1,3,False,0,20230315,1,0
362,363,4911.69656019656,9755.681818181818,1,120,False,0,20230315,1,0
363,364,4911.5,10291.863190184047,0,135,False,0,20230315,1,0
364,365,4911.5,10827.863190184047,0,127,False,0,20230315,1,0
365,366,4911.5,11374.602040816326,0,142,False,0,20230315,1,0
366,367,4911.780407429598,11902.869682444578,1,116,False,0,20230315,1,0
367,368,4911.600551808707,12443.043838136113,0,0,False,0,20230315,1,0
368,369,4911.696078431372,12971.68137254902,1,123,False,0,20230315,1,0
369,370,4911.780407429598,13504.130317555422,2,116,False,0,20230315,1,0
370,371,4911.780407429598,14040.130317555422,1,124,False,0,20230315,1,0
371,372,4911.774165202109,14579.232864674868,0,109,False,0,20230315,1,0
372,373,4911.696078431372,15115.68137254902,0,1,False,0,20230315,1,0
373,374,4911.780407429598,15648.130317555422,0,115,False,0,20230315,1,0
374,375,4911.5,16191.136363636364,1,126,False,0,20230315,1,0
375,376,4911.5,16731.5,2,128,False,0,20230315,1,0
376,377,4911.869158878505,17266.77570093458,0,131,False,0,20230315,1,0
377,378,4911.877182770663,17795.681606519207,2,134,False,0,20230315,1,0
378,379,4912.261676646706,18335.32754491018,0,119,False,0,20230315,1,0
379,380,4912.056725146199,18867.49064327485,4,125,False,0,20230315,1,0
380,381,4911.696078431372,19403.68137254902,3,116,False,0,20230315,1,0
381,382,4911.796387017759,19947.22565829761,0,121,False,0,20230315,1,0
382,383,4911.961088355763,20483.050614394386,4,114,False,0,20230315,1,0
383,384,4911.888206388207,21018.77764127764,2,108,False,0,20230315,1,0
384,385,5354.359950859951,927.5,1,113,False,0,20230315,1,0
385,386,5355.3972382787415,1463.4049454078356,3,128,False,0,20230315,1,0
386,387,5354.355036855037,1999.8341523341523,0,124,False,0,20230315,1,0
387,388,5355.103761755486,2531.314420062696,2,123,False,0,20230315,1,0
388,389,5355.299624295554,3067.5,3,230,True,0,20230315,1,0
389,390,5355.5,3607.309523809524,1,211,True,0,20230315,1,0
390,391,5355.5,4135.5,1,150,False,0,20230315,1,0
391,392,5355.87791411043,4678.758895705521,1,136,False,0,20230315,1,0
392,393,5355.69094247246,5207.313953488372,1,139,False,0,20230315,1,0
393,394,5355.695611285267,5747.123824451411,0,118,False,0,20230315,1,0
394,395,5355.600250626567,6275.4047619047615,2,134,False,0,20230315,1,0
395,396,5355.5,6815.1274509803925,0,131,False,0,20230315,1,0
396,397,5355.597739767868,7351.404703726329,0,0,False,0,20230315,1,0
397,398,5355.6027617212585,7887.404945407836,0,141,False,0,20230315,1,0
398,399,5355.868641532017,8426.757929383602,1,122,False,0,20230315,1,0
399,400,5355.6027617212585,8951.595054592164,0,0,False,0,20230315,1,0
400,401,5355.69094247246,9487.686046511628,0,0,False,0,20230315,1,0
401,402,5355.882352941177,10023.5,0,144,False,0,20230315,1,0
402,403,5355.788685015291,10559.781345565749,0,0,False,0,20230315,1,0
403,404,5355.87298266587,11099.5,2,150,False,0,20230315,1,0
404,405,5355.803536977492,11639.21961414791,2,118,False,0,20230315,1,0
405,406,5355.788685015291,12175.218654434251,0,146,False,0,20230315,1,0
406,407,5355.796110414053,12707.218946047678,0,142,False,0,20230315,1,0
407,408,5355.896238244514,13235.685579937304,0,126,False,0,20230315,1,0
408,409,5355.700375704446,13771.5,0,0,False,0,20230315,1,0
409,410,5355.796110414053,14307.781053952322,1,135,False,0,20230315,1,0
410,411,5355.600125156446,14851.404881101376,3,109,False,0,20230315,1,0
411,412,5355.700375704446,15379.5,0,123,False,0,20230315,1,0
412,413,5355.88630806846,15919.685819070904,1,119,False,0,20230315,1,0
413,414,5355.5,16462.936964504283,2,115,False,0,20230315,1,0
414,415,5355.896238244514,16995.314420062696,3,128,False,0,20230315,1,0
415,416,5355.917713152677,17531.31493721084,0,111,False,0,20230315,1,0
416,417,5355.795739348371,18067.21929824561,0,112,False,0,20230315,1,0
417,418,5355.6027617212585,18599.59505459217,2,115,False,0,20230315,1,0
418,419,5355.700375704446,19139.5,1,126,False,0,20230315,1,0
419,420,5355.968339307049,19675.40442054958,0,0,False,0,20230315,1,0
420,421,5355.600125156446,20211.40488110137,3,118,False,0,20230315,1,0
421,422,5355.795739348371,20755.21929824561,5,121,False,0,20230315,1,0
422,423,5355.700375704446,21283.5,1,96,False,0,20230315,1,0
423,424,5806.541916167665,1199.3179640718563,0,0,False,0,20230315,1,0
424,425,5806.328331332533,1727.2454981992796,0,120,False,0,20230315,1,0
425,426,5806.901257861635,2262.9616352201256,1,116,False,0,20230315,1,0
426,427,5807.019426180514,2799.4067543335327,0,124,False,0,20230315,1,0
427,428,5807.204504504504,3335.262162162162,1,212,True,0,20230315,1,0
428,429,5807.705771643664,3871.5,2,129,False,0,20230315,1,0
429,430,5807.308383233533,4407.317964071856,0,0,False,0,20230315,1,0
430,431,5807.397049591965,4943.407093534212,0,0,False,0,20230315,1,0
431,432,5807.5,5479.136363636364,2,150,False,0,20230315,1,0
432,433,5807.5,6011.5,0,125,False,0,20230315,1,0
433,434,5807.317964071856,6544.223353293413,0,0,False,0,20230315,1,0
434,435,5807.303921568628,7083.318627450981,1,127,False,0,20230315,1,0
435,436,5807.5,7623.136363636364,0,122,False,0,20230315,1,0
436,437,5807.5,8151.5,1,139,False,0,20230315,1,0
437,438,5807.5,8694.951572327043,0,128,False,0,20230315,1,0
438,439,5807.399448191293,9219.956161863887,0,125,False,0,20230315,1,0
439,440,5807.303921568628,9755.68137254902,0,0,False,0,20230315,1,0
440,441,5807.5,10291.863190184047,2,126,False,0,20230315,1,0
441,442,5807.5,10827.863190184047,1,116,False,0,20230315,1,0
442,443,5807.5,11374.602040816326,4,127,False,0,20230315,1,0
443,444,5807.691616766467,11903.317964071855,2,131,False,0,20230315,1,0
444,445,5807.600551808707,12443.043838136113,1,119,False,0,20230315,1,0
445,446,5807.696078431372,12971.68137254902,1,133,False,0,20230315,1,0
446,447,5807.5,13503.863636363636,1,125,False,0,20230315,1,0
447,448,5807.780407429598,14040.130317555422,0,0,False,0,20230315,1,0
448,449,5807.5,14579.5,2,113,False,0,20230315,1,0
449,450,5807.5,15115.5,2,116,False,0,20230315,1,0
450,451,5807.308383233533,15647.682035928145,1,122,False,0,20230315,1,0
451,452,5807.219592570402,16190.869682444578,0,128,False,0,20230315,1,0
452,453,5807.203975535168,16731.225993883792,2,125,False,0,20230315,1,0
453,454,5808.315897136177,17266.518118059616,0,124,False,0,20230315,1,0
454,455,5807.5,17795.5,2,115,False,0,20230315,1,0
455,456,5807.598027495517,18335.04333532576,0,123,False,0,20230315,1,0
456,457,5807.686915887851,18867.317757009347,1,110,True,0,20230315,1,0
457,458,5807.399694189602,19403.59296636085,3,118,True,0,20230315,1,0
458,459,5807.600551808707,19947.04383813612,1,117,False,0,20230315,1,0
459,460,5807.322429906542,20482.59813084112,1,110,False,0,20230315,1,0
460,461,5807.600551808707,21019.04383813612,1,106,False,0,20230315,1,0
461,462,6248.491920447483,929.41671845867,1,1,True,0,20230315,1,0
462,463,6250.684516129032,1463.5,1,104,False,0,20230315,1,0
463,464,6250.062461538461,1999.2710769230769,1,109,False,0,20230315,1,0
464,465,6246.90797940798,2531.5,1,118,False,0,20230315,1,0
465,466,6251.103761755486,3067.6855799373043,1,131,False,0,20230315,1,0
466,467,6251.402379499695,3607.4048200122015,0,0,False,0,20230315,1,0
467,468,6251.30905752754,4135.686046511628,0,0,False,0,20230315,1,0
468,469,6251.788685015291,4679.21865443425,0,119,False,0,20230315,1,0
469,470,6251.882352941177,5207.5,2,113,False,0,20230315,1,0
470,471,6251.600250626567,5747.4047619047615,1,122,False,0,20230315,1,0
471,472,6251.600250626567,6275.595238095239,0,120,False,0,20230315,1,0
472,473,6251.5,6815.1274509803925,0,0,False,0,20230315,1,0
473,474,6251.5,7351.5,3,118,False,0,20230315,1,0
474,475,6251.6027617212585,7887.404945407836,2,124,False,0,20230315,1,0
475,476,6251.773053892216,8426.853293413174,1,129,False,0,20230315,1,0
476,477,6251.5,8951.690231362469,1,117,False,0,20230315,1,0
477,478,6251.5,9487.872549019608,1,119,False,0,20230315,1,0
478,479,6251.5,10023.872549019608,1,120,False,0,20230315,1,0
479,480,6251.69094247246,10559.686046511628,3,113,False,0,20230315,1,0
480,481,6251.87298266587,11099.5,2,126,False,0,20230315,1,0
481,482,6251.6027617212585,11639.404945407836,1,123,False,0,20230315,1,0
482,483,6251.597979179424,12175.032149418248,0,0,False,0,20230315,1,0
483,484,6251.796110414053,12707.218946047678,0,0,False,0,20230315,1,0
484,485,6251.896238244514,13235.685579937304,2,112,False,0,20230315,1,0
485,486,6251.600125156446,13771.595118898624,3,116,False,0,20230315,1,0
486,487,6251.795739348371,14307.780701754386,1,123,False,0,20230315,1,0
487,488,6251.5,14851.309643080776,1,115,False,0,20230315,1,0
488,489,6251.600250626567,15379.40476190476,1,117,False,0,20230315,1,0
489,490,6251.5,15919.5,3,123,False,0,20230315,1,0
490,491,6251.5,16462.389434889436,2,113,False,0,20230315,1,0
491,492,6251.5,16995.30964308078,3,121,False,0,20230315,1,0
492,493,6251.605540897098,17531.405013192612,3,122,False,0,20230315,1,0
493,494,6251.5,18066.93753923415,0,0,False,0,20230315,1,0
494,495,6251.5,18599.5,2,116,False,0,20230315,1,0
495,496,6251.5,19139.30964308078,1,117,True,0,20230315,1,0
496,497,6251.5,19675.12701733413,1,111,False,0,20230315,1,0
497,498,6251.5,20211.30964308078,2,102,False,0,20230315,1,0
498,499,6251.399874843554,20755.40488110137,1,100,False,0,20230315,1,0
499,500,6251.600250626567,21283.404761904763,0,0,True,0,20230315,1,0
500,1,899.004835589942,1464.1473243068988,3,85,True,2,20230404,1,0
501,2,898.7570725707257,2000.5971709717096,0,0,False,2,20230404,1,0
502,3,899.2132075471698,2532.3352201257862,1,0,False,2,20230404,1,0
503,4,899.2132075471698,3068.3352201257862,2,98,False,2,20230404,1,0
504,5,899.4020208205757,3607.967850581752,0,93,False,2,20230404,1,0
505,6,899.2204169221336,4136.33629675046,0,0,False,2,20230404,1,0
506,7,899.4020208205757,4679.967850581751,1,0,False,2,20230404,1,0
507,8,899.7795830778664,5208.33629675046,1,108,False,2,20230404,1,0
508,9,899.6956112852664,5747.876175548589,1,0,False,2,20230404,1,0
509,10,899.204260651629,6275.7807017543855,1,110,False,2,20230404,1,0
510,11,899.8779141104294,6816.241104294479,0,0,False,2,20230404,1,0
511,12,900.0686274509804,7352.053921568628,0,0,False,2,20230404,1,0
512,13,900.3051612903225,7887.866451612903,3,108,False,2,20230404,1,0
513,14,900.6003003003003,8428.206306306307,0,0,False,2,20230404,1,0
514,15,900.0979381443299,8952.051546391753,2,95,False,2,20230404,1,0
515,16,900.2429274292743,9488.59717097171,3,121,False,2,20230404,1,0
516,17,901.4233621755252,10024.187268232386,3,113,False,2,20230404,1,0
517,18,901.0743368291178,10560.657310302282,0,106,False,2,20230404,1,0
518,19,900.5989802039592,11100.224655068989,1,105,False,2,20230404,1,0
519,20,899.7005141388174,11639.690231362469,1,99,False,2,20230404,1,0
520,21,901.428306551298,12176.889369592089,2,124,False,2,20230404,1,0
521,22,900.3805031446541,12707.771698113207,0,0,False,2,20230404,1,0
522,23,900.3564231738035,13236.502518891688,4,109,False,2,20230404,1,0
523,24,899.9824120603015,13772.14824120603,0,109,False,2,20230404,1,0
524,25,900.1607818411097,14308.690416141237,0,0,False,2,20230404,1,0
525,26,899.896238244514,14851.685579937304,0,123,False,2,20230404,1,0
526,27,899.9824120603015,15380.14824120603,2,108,False,2,20230404,1,0
527,28,899.7795830778664,15920.33629675046,1,0,False,2,20230404,1,0
528,29,899.6909424724602,16463.68604651163,4,116,False,2,20230404,1,0
529,30,899.6956112852664,16995.87617554859,0,0,False,2,20230404,1,0
530,31,899.6055408970976,17531.594986807388,0,107,False,2,20230404,1,0
531,32,899.5,18067.5,0,0,False,2,20230404,1,0
532,33,899.5,18599.690231362467,1,110,False,2,20230404,1,0
533,34,899.6002506265664,19139.404761904763,0,0,False,2,20230404,1,0
534,35,900.1467065868263,19675.226946107785,0,106,False,2,20230404,1,0
535,36,900.0925925925926,20211.5,0,0,False,2,20230404,1,0
536,37,900.1842767295598,20754.86603773585,0,1,False,2,20230404,1,0
537,38,903.89588688946,21283.309768637533,1,0,True,2,20230404,1,0
538,39,1342.8345888261142,1199.9695543000628,1,97,True,2,20230404,1,0
539,40,1343.293710691824,1728.4610062893082,0,0,False,2,20230404,1,0
540,41,1343.1967699406723,2263.78740936058,0,0,False,2,20230404,1,0
541,42,1343.2115987460816,2799.7884012539184,0,0,False,2,20230404,1,0
542,43,1343.211959924859,3335.788040075141,1,0,False,2,20230404,1,0
543,44,1343.5,3871.694993412385,0,0,False,2,20230404,1,0
544,45,1343.5,4407.6952440550685,1,118,False,2,20230404,1,0
545,46,1343.5,4943.5,0,0,False,2,20230404,1,0
546,47,1343.5975609756097,5479.59756097561,0,0,False,2,20230404,1,0
547,48,1343.5951768488746,6011.788102893891,1,126,False,2,20230404,1,0
548,49,1343.7790697674418,6544.357322438717,1,118,False,2,20230404,1,0
549,50,1343.7002567394095,7083.5,0,0,False,2,20230404,1,0
550,51,1344.0771643663738,7623.5,1,125,False,2,20230404,1,0
551,52,1343.7884012539184,8151.788401253919,0,0,False,2,20230404,1,0
552,53,1343.705533596838,8695.5,0,0,False,2,20230404,1,0
553,54,1343.6953727506427,9219.885604113111,0,0,False,2,20230404,1,0
554,55,1343.89588688946,9755.690231362469,0,0,False,2,20230404,1,0
555,56,1343.399935856318,10291.597498396408,1,125,False,2,20230404,1,0
556,57,1344.0824742268042,10828.067010309278,3,123,False,2,20230404,1,0
557,58,1344.4319899244333,11374.568010075567,0,115,False,2,20230404,1,0
558,59,1343.8859649122808,11903.690476190475,0,0,False,2,20230404,1,0
559,60,1343.89588688946,12443.309768637531,0,0,False,2,20230404,1,0
560,61,1343.89588688946,12971.690231362469,3,107,False,2,20230404,1,0
561,62,1343.690476190476,13503.88596491228,0,0,False,2,20230404,1,0
562,63,1343.8859649122808,14039.690476190475,2,119,False,2,20230404,1,0
563,64,1343.4044703000611,14579.402020820577,1,123,False,2,20230404,1,0
564,65,1343.6953727506427,15115.885604113111,0,0,False,2,20230404,1,0
565,66,1343.690476190476,15647.88596491228,1,124,False,2,20230404,1,0
566,67,1343.7884012539184,16191.788401253918,2,112,False,2,20230404,1,0
567,68,1343.399935856318,16731.402501603592,0,0,False,2,20230404,1,0
568,69,1343.6865030674846,17267.308588957054,2,110,False,2,20230404,1,0
569,70,1343.5955296999389,17795.98009797918,1,120,False,2,20230404,1,0
570,71,1343.5975609756097,18335.40243902439,1,118,False,2,20230404,1,0
571,72,1343.5,18867.88235294117,5,126,False,2,20230404,1,0
572,73,1343.5,19403.5,0,0,False,2,20230404,1,0
573,74,1343.89588688946,19947.309768637533,2,117,False,2,20230404,1,0
574,75,1344.0539215686274,20482.93137254902,3,110,False,2,20230404,1,0
575,76,1344.1825499034128,21019.03122987765,0,0,False,2,20230404,1,0
576,77,1786.8558696988323,928.6923786109404,0,0,True,2,20230404,1,0
577,78,1786.6937984496124,1464.37338501292,2,121,False,2,20230404,1,0
578,79,1786.9313725490197,2000.053921568628,1,125,False,2,20230404,1,0
579,80,1787.2038895859473,2531.781053952321,1,135,False,2,20230404,1,0
580,81,1786.442065491184,3068.3110831234258,0,0,False,2,20230404,1,0
581,82,1787.970300061237,3608.149112063688,1,132,False,2,20230404,1,0
582,83,1787.5979791794243,4135.967850581751,1,140,False,2,20230404,1,0
583,84,1787.2204169221336,4679.772225628449,0,0,False,2,20230404,1,0
584,85,1787.029699938763,5208.149112063687,4,142,False,2,20230404,1,0
585,86,1787.882149591452,5748.053111250786,0,0,False,2,20230404,1,0
586,87,1787.9753476611884,6276.870417193426,0,0,False,2,20230404,1,0
587,88,1788.0700245700243,6816.055282555282,0,120,False,2,20230404,1,0
588,89,1788.0686274509803,7352.053921568628,3,134,False,2,20230404,1,0
589,90,1787.9066924066924,7887.685328185328,0,0,False,2,20230404,1,0
590,91,1788.4214157168567,8427.5,1,126,False,2,20230404,1,0
591,92,1788.8411003236247,8951.057281553398,0,0,False,2,20230404,1,0
592,93,1788.9590264941469,9488.74460874923,2,128,False,2,20230404,1,0
593,94,1788.5325752919484,10024.31868469576,1,126,False,2,20230404,1,0
594,95,1789.3282890673256,10560.925571340333,1,0,False,2,20230404,1,0
595,96,1788.2420706163973,11099.868641532015,0,0,False,2,20230404,1,0
596,97,1788.1082474226805,11639.5,0,0,False,2,20230404,1,0
597,98,1788.8382533825338,12175.657441574416,1,0,False,2,20230404,1,0
598,99,1788.3636363636365,13236.671717171715,1,137,False,2,20230404,1,0
599,100,1788.083280955374,13772.053111250783,1,127,False,2,20230404,1,0
600,101,1788.26214511041,14308.5952681388,2,121,False,2,20230404,1,0
601,102,1788.0925925925926,14851.5,1,0,False,2,20230404,1,0
602,103,1787.887665198238,15380.240088105727,0,122,False,2,20230404,1,0
603,104,1787.8779141104294,15920.24110429448,1,124,False,2,20230404,1,0
604,105,1787.7886850152904,16463.409480122325,1,115,False,2,20230404,1,0
605,106,1787.795739348371,16995.780701754386,2,120,False,2,20230404,1,0
606,107,1787.9177131526767,17531.68506278916,1,149,False,2,20230404,1,0
607,108,1787.7003757044458,18067.5,4,115,False,2,20230404,1,0
608,109,1787.6027617212587,18599.59505459217,2,120,False,2,20230404,1,0
609,110,1787.896238244514,19139.314420062696,0,0,False,2,20230404,1,0
610,111,1788.4214157168567,19675.5,4,114,False,2,20230404,1,0
611,112,1788.0925925925926,20211.5,4,123,False,2,20230404,1,0
612,113,1788.083280955374,20754.94688874921,1,121,False,2,20230404,1,0
613,114,1788.294468887492,21283.5,0,0,True,2,20230404,1,0
614,115,1791.89588688946,12707.309768637531,0,0,False,2,20230404,1,0
615,116,2231.304755944931,1199.5,2,110,False,2,20230404,1,0
616,117,2231.6907151819323,1727.8764115432873,0,0,False,2,20230404,1,0
617,118,2231.5,2263.5,1,126,False,2,20230404,1,0
618,119,2231.5,2799.5,1,115,False,2,20230404,1,0
619,120,2231.5,3335.5,2,124,False,2,20230404,1,0
620,121,2231.5,3871.5,1,1,False,2,20230404,1,0
621,122,2231.695244055069,4407.5,0,123,False,2,20230404,1,0
622,123,2231.5,4943.5,0,169,False,2,20230404,1,0
623,124,2231.5,5479.5,1,154,False,2,20230404,1,0
624,125,2231.6000641436817,6011.402501603592,0,0,False,2,20230404,1,0
625,126,2231.690476190476,6543.8859649122805,0,0,False,2,20230404,1,0
626,127,2231.89588688946,7083.690231362468,1,135,False,2,20230404,1,0
627,128,2232.077164366374,7623.5,0,115,False,2,20230404,1,0
628,129,2231.8859649122805,8151.690476190476,0,128,False,2,20230404,1,0
629,130,2232.1076618229854,8695.5,0,1,False,2,20230404,1,0
630,131,2231.79543994862,9219.787732819525,1,121,False,2,20230404,1,0
631,132,2232.182549903413,9755.968770122345,0,117,False,2,20230404,1,0
632,133,2232.182549903413,10291.968770122345,3,113,False,2,20230404,1,0
633,134,2232.082474226804,10828.067010309278,3,117,False,2,20230404,1,0
634,135,2231.6902377972465,11375.304755944931,0,0,False,2,20230404,1,0
635,136,2232.165411173886,11903.969554300063,0,0,False,2,20230404,1,0
636,137,2231.7002567394097,12443.5,2,121,False,2,20230404,1,0
637,138,2232.0817245817248,12972.06628056628,0,0,False,2,20230404,1,0
638,139,2232.3332284455632,13504.529578351165,1,106,False,2,20230404,1,0
639,140,2232.3332284455632,14040.529578351165,0,128,False,2,20230404,1,0
640,141,2232.241104294478,14579.87791411043,0,117,False,2,20230404,1,0
641,142,2232.0817245817248,15116.06628056628,5,120,False,2,20230404,1,0
642,143,2231.9695543000626,15648.165411173886,0,0,False,2,20230404,1,0
643,144,2231.8859649122805,16191.690476190475,1,123,False,2,20230404,1,0
644,145,2231.7002567394097,16731.5,0,178,True,2,20230404,1,0
645,146,2232.241104294478,17267.681595092025,4,173,True,2,20230404,1,0
646,147,2232.053921568628,17796.06862745098,2,0,False,2,20230404,1,0
647,148,2231.8859649122805,18335.69047619048,1,111,False,2,20230404,1,0
648,149,2232.33629675046,18867.220416922133,1,132,False,2,20230404,1,0
649,150,2231.79543994862,19403.787732819525,1,0,False,2,20230404,1,0
650,151,2231.89588688946,19947.309768637533,3,105,False,2,20230404,1,0
651,152,2232.33629675046,20483.220416922133,1,125,False,2,20230404,1,0
652,153,2231.89588688946,21019.309768637533,1,107,False,2,20230404,1,0
653,154,2674.93137254902,928.0539215686274,1,0,True,2,20230404,1,0
654,155,2677.859493670886,1462.4012658227848,1,125,False,2,20230404,1,0
655,156,2675.406919779547,1999.776791181874,0,138,False,2,20230404,1,0
656,157,2674.90666247643,2531.489943431804,2,133,False,2,20230404,1,0
657,158,2675.1173694147265,3068.04877281309,1,137,False,2,20230404,1,0
658,159,2674.6416309012875,3607.7722256284487,0,0,False,2,20230404,1,0
659,160,2678.221252257676,4135.150812763395,2,126,False,2,20230404,1,0
660,161,2679.5,4679.5,1,0,True,2,20230404,1,0
661,162,2678.2738452309536,5208.111877624475,0,0,True,2,20230404,1,0
662,163,2679.5,5747.5,0,0,False,2,20230404,1,0
663,164,2680.4987699877,6275.849323493235,1,138,False,2,20230404,1,0
664,165,2679.882775119617,6815.5,1,0,False,2,20230404,1,0
665,166,2680.2616766467067,7351.859281437126,1,117,False,2,20230404,1,0
666,167,2680.236225087925,8427.317116060962,0,0,False,2,20230404,1,0
667,168,2679.907035175879,8951.680904522613,0,0,False,2,20230404,1,0
668,169,2679.211389385808,9487.774299344066,1,125,False,2,20230404,1,0
669,170,2680.0693779904304,10024.04066985646,0,117,False,2,20230404,1,0
670,171,2681.5253470126736,10560.709414604707,0,0,False,2,20230404,1,0
671,172,2680.147574517826,11099.766510812393,1,119,False,2,20230404,1,0
672,173,2680.1638705811865,12175.766027561414,4,118,False,2,20230404,1,0
673,174,2680.093137254902,12707.5,1,111,False,2,20230404,1,0
674,175,2680.0840490797545,13236.039877300613,1,115,False,2,20230404,1,0
675,176,2679.796024464832,13771.774006116208,1,127,False,2,20230404,1,0
676,177,2680.459409594096,14308.385608856088,0,0,False,2,20230404,1,0
677,178,2679.896572827417,14851.681150550796,1,124,False,2,20230404,1,0
678,179,2680.0840490797545,15380.039877300613,3,114,False,2,20230404,1,0
679,180,2680.0693779904304,15920.04066985646,0,1,True,2,20230404,1,0
680,181,2679.980573819486,16463.406754333533,4,132,False,2,20230404,1,0
681,182,2679.896572827417,16995.681150550794,2,193,True,2,20230404,1,0
682,183,2679.605602060528,17531.592723760463,1,129,False,2,20230404,1,0
683,184,2679.9935543278084,18067.58348680172,1,222,True,2,20230404,1,0
684,185,2679.80923947203,18599.42206159648,0,0,False,2,20230404,1,0
685,186,2680.1876155268023,19139.214109673445,1,189,True,2,20230404,1,0
686,187,2680.4227166276346,19675.5,0,185,True,2,20230404,1,0
687,188,2679.700488997555,20211.5,3,133,False,2,20230404,1,0
688,189,2679.7963870177587,20755.22565829761,0,1,False,2,20230404,1,0
689,190,2680.093137254902,21283.5,4,159,True,2,20230404,1,0
690,191,2683.602761721259,7887.595054592164,1,107,False,2,20230404,1,0
691,192,2683.9025806451614,11639.5,4,131,False,2,20230404,1,0
692,193,3130.359950859951,1199.5,0,0,False,2,20230404,1,0
693,194,3125.668888888889,1728.9653968253967,1,117,False,2,20230404,1,0
694,195,3131.397238278741,2263.5950545921646,2,143,False,2,20230404,1,0
695,196,3127.2105097545627,2799.7794210195093,0,0,False,2,20230404,1,0
696,197,3129.775092936803,3336.6995043370507,0,0,False,2,20230404,1,0
697,198,3131.397238278741,3871.5950545921646,0,0,False,2,20230404,1,0
698,199,3130.726600985221,4406.869458128079,4,186,False,2,20230404,1,0
699,200,3130.9945196647323,4943.595422308188,1,0,False,2,20230404,1,0
700,201,3131.402260232132,5479.404703726329,2,126,False,2,20230404,1,0
701,202,3131.203889585948,6011.781053952322,1,112,False,2,20230404,1,0
702,203,3131.1220858895704,6544.241104294479,0,0,False,2,20230404,1,0
703,204,3131.6001251564458,7083.595118898624,0,0,False,2,20230404,1,0
704,205,3131.5,7623.127450980392,0,111,False,2,20230404,1,0
705,206,3131.5,8151.872549019607,0,114,False,2,20230404,1,0
706,207,3131.5,8695.309768637531,0,0,False,2,20230404,1,0
707,208,3131.6956112852663,9219.876175548588,0,139,False,2,20230404,1,0
708,209,3131.7961104140527,9755.781053952322,2,119,False,2,20230404,1,0
709,210,3131.7961104140527,10291.781053952322,1,1,False,2,20230404,1,0
710,211,3131.5,10828.06246076585,0,0,False,2,20230404,1,0
711,212,3131.779926335175,11374.854205033764,0,0,False,2,20230404,1,0
712,213,3131.6909424724604,11903.686046511628,1,122,False,2,20230404,1,0
713,214,3131.6002506265663,12443.40476190476,1,128,False,2,20230404,1,0
714,215,3131.7961104140527,12971.781053952322,1,122,False,2,20230404,1,0
715,216,3131.7795830778664,13504.33629675046,0,1,False,2,20230404,1,0
716,217,3131.7795830778664,14040.33629675046,0,136,False,2,20230404,1,0
717,218,3131.960431654676,14579.960431654676,0,0,False,2,20230404,1,0
718,219,3131.6956112852663,15115.876175548588,1,126,False,2,20230404,1,0
719,220,3131.5,15648.063035495716,0,0,False,2,20230404,1,0
720,221,3131.8823529411766,16191.5,4,254,True,2,20230404,1,0
721,222,3131.5,16731.30964308078,2,106,False,2,20230404,1,0
722,223,3131.6862686567165,17267.313731343285,3,109,False,2,20230404,1,0
723,224,3131.313953488372,17795.68604651163,0,205,True,2,20230404,1,0
724,225,3131.6909424724604,18335.31395348837,1,172,True,2,20230404,1,0
725,226,3131.68671454219,18867.68671454219,0,0,False,2,20230404,1,0
726,227,3131.700375704446,19403.5,1,124,False,2,20230404,1,0
727,228,3131.5,19947.5,1,142,False,2,20230404,1,0
728,229,3131.782634730539,20482.661676646705,0,2,False,2,20230404,1,0
729,230,3131.7961104140527,21019.21894604768,1,116,False,2,20230404,1,0
730,231,3570.6416309012875,927.7722256284488,1,0,False,2,20230404,1,0
731,232,3571.5,1463.5,1,118,False,2,20230404,1,0
732,233,3569.9433497536947,2000.5147783251232,0,0,False,2,20230404,1,0
733,234,3571.3043887147337,2531.1238244514107,0,0,False,2,20230404,1,0
734,235,3571.8962382445143,3067.6855799373043,0,0,False,2,20230404,1,0
735,236,3571.5,3607.309523809524,3,110,False,2,20230404,1,0
736,237,3571.597620500305,4135.595179987798,1,124,False,2,20230404,1,0
737,238,3571.5,4679.5,2,144,False,2,20230404,1,0
738,239,3571.88630806846,5207.6858190709045,2,142,False,2,20230404,1,0
739,240,3571.7961104140527,5747.590338770389,0,0,False,2,20230404,1,0
740,241,3571.8962382445143,6275.314420062696,2,109,False,2,20230404,1,0
741,242,3571.69536019536,6815.5,2,139,False,2,20230404,1,0
742,243,3572.166258420086,7351.041947336191,1,143,False,2,20230404,1,0
743,244,3571.7056555269924,7887.5,2,111,False,2,20230404,1,0
744,245,3572.5167865707435,8427.404076738609,0,0,False,2,20230404,1,0
745,246,3571.9066924066924,8951.685328185327,2,121,False,2,20230404,1,0
746,247,3572.260736196319,9487.86809815951,0,0,False,2,20230404,1,0
747,248,3572.260736196319,10023.86809815951,0,112,False,2,20230404,1,0
748,249,3572.0686274509803,10560.053921568628,0,0,False,2,20230404,1,0
749,250,3574.511180124224,11097.66645962733,0,0,False,2,20230404,1,0
750,251,3572.00998068255,11639.404700579524,0,0,False,2,20230404,1,0
751,252,3572.3583690987125,12175.227774371551,1,118,False,2,20230404,1,0
752,253,3572.0925925925926,12707.5,1,111,False,2,20230404,1,0
753,254,3572.0825486503454,13236.052416823602,1,117,False,2,20230404,1,0
754,255,3571.8962382445143,13771.685579937304,1,115,False,2,20230404,1,0
755,256,3572.183417085427,14307.957286432162,2,120,False,2,20230404,1,0
756,257,3571.700375704446,14851.5,1,124,False,2,20230404,1,0
757,258,3572.183417085427,15379.957286432162,2,112,False,2,20230404,1,0
758,259,3572.3583690987125,15919.772225628449,0,0,False,2,20230404,1,0
759,260,3571.88630806846,16463.314180929094,0,120,False,2,20230404,1,0
760,261,3572.0925925925926,16995.5,4,182,True,2,20230404,1,0
761,262,3571.6055408970974,17531.594986807388,2,166,True,2,20230404,1,0
762,263,3571.6001251564458,18067.40488110137,1,138,False,2,20230404,1,0
763,264,3571.602761721259,18599.59505459217,0,0,False,2,20230404,1,0
764,265,3572.0925925925926,19139.5,1,141,False,2,20230404,1,0
765,266,3572.5167865707435,19675.59592326139,1,133,False,2,20230404,1,0
766,267,3572.0925925925926,20211.5,1,152,False,2,20230404,1,0
767,268,3572.183417085427,20755.04271356784,2,115,False,2,20230404,1,0
768,269,3572.0925925925926,21283.5,1,99,False,2,20230404,1,0
769,270,4023.1235884567127,1199.1135508155585,0,0,False,2,20230404,1,0
770,271,4023.4024390243903,1727.5975609756097,0,129,False,2,20230404,1,0
771,272,4023.5,2263.5,6,122,False,2,20230404,1,0
772,273,4023.5,2799.304755944931,0,130,False,2,20230404,1,0
773,274,4023.22057898049,3335.7794210195093,0,135,False,2,20230404,1,0
774,275,4023.6026991441736,3871.597432521396,1,119,False,2,20230404,1,0
775,276,4023.6911949685536,4407.308805031446,0,0,False,2,20230404,1,0
776,277,4023.3973008558255,4943.597432521396,1,140,False,2,20230404,1,0
777,278,4023.690476190476,5479.11403508772,2,123,False,2,20230404,1,0
778,279,4023.6000641436817,6011.597498396408,0,0,False,2,20230404,1,0
779,280,4023.690476190476,6543.8859649122805,3,290,True,2,20230404,1,0
780,281,4023.7002567394097,7083.5,0,123,False,2,20230404,1,0
781,282,4023.7884012539184,7623.211598746081,0,0,False,2,20230404,1,0
782,283,4023.885964912281,8151.690476190476,1,112,False,2,20230404,1,0
783,284,4023.6026991441736,8695.402567478604,0,129,False,2,20230404,1,0
784,285,4023.7954399486193,9219.787732819525,0,0,False,2,20230404,1,0
785,286,4023.89588688946,9755.690231362469,3,131,False,2,20230404,1,0
786,287,4023.89588688946,10291.690231362469,4,114,False,2,20230404,1,0
787,288,4023.6953727506425,10827.885604113111,2,137,False,2,20230404,1,0
788,289,4023.7884012539184,11375.211598746082,2,135,False,2,20230404,1,0
789,290,4023.885964912281,11903.690476190475,8,0,False,2,20230404,1,0
790,291,4023.7002567394097,12443.5,2,127,False,2,20230404,1,0
791,292,4023.7954399486193,12971.787732819525,1,126,False,2,20230404,1,0
792,293,4023.969554300063,13504.165411173886,1,108,False,2,20230404,1,0
793,294,4023.885964912281,14039.690476190475,1,139,False,2,20230404,1,0
794,295,4023.87652811736,14579.690709046456,0,0,False,2,20230404,1,0
795,296,4023.7954399486193,15115.787732819525,0,0,False,2,20230404,1,0
796,297,4023.5975609756097,15647.40243902439,1,145,False,2,20230404,1,0
797,298,4023.5,16191.5,0,0,False,2,20230404,1,0
798,299,4023.6000641436817,16731.402501603592,0,0,False,2,20230404,1,0
799,300,4023.4048200122015,17267.402379499694,4,110,False,2,20230404,1,0
800,301,4024.053921568628,17796.06862745098,2,128,False,2,20230404,1,0
801,302,4023.695244055069,18335.5,0,118,False,2,20230404,1,0
802,303,4023.5,18867.5,1,0,False,2,20230404,1,0
803,304,4023.6000641436817,19403.597498396408,5,204,False,2,20230404,1,0
804,305,4023.89588688946,19947.309768637533,1,132,False,2,20230404,1,0
805,306,4023.314180929096,20483.11369193154,0,2,False,2,20230404,1,0
806,307,4023.6000641436817,21019.402501603592,0,1,False,2,20230404,1,0
807,308,4467.308588957055,927.6865030674846,4,128,True,2,20230404,1,0
808,309,4467.6027617212585,1463.5950545921644,0,0,False,2,20230404,1,0
809,310,4467.69094247246,1999.686046511628,1,119,False,2,20230404,1,0
810,311,4467.5,2531.5,1,123,False,2,20230404,1,0
811,312,4467.103264281231,3067.133396107972,0,0,False,2,20230404,1,0
812,313,4467.597620500305,3607.5951799877976,0,0,False,2,20230404,1,0
813,314,4468.0700245700245,4135.490171990172,0,0,False,2,20230404,1,0
814,315,4467.790461538461,4678.6704615384615,0,0,False,2,20230404,1,0
815,316,4467.220416922134,5207.772225628449,0,1,False,2,20230404,1,0
816,317,4467.600250626567,5747.4047619047615,0,0,False,2,20230404,1,0
817,318,4467.695611285267,6275.876175548589,1,123,False,2,20230404,1,0
818,319,4468.067931456549,6814.9467564259485,2,128,False,2,20230404,1,0
819,320,4467.69094247246,7351.686046511628,0,127,False,2,20230404,1,0
820,321,4467.705655526992,7887.5,1,123,False,2,20230404,1,0
821,322,4467.9604316546765,8427.039568345324,2,118,False,2,20230404,1,0
822,323,4467.803536977492,8951.78038585209,0,117,False,2,20230404,1,0
823,324,4467.779926335175,9488.145794966236,1,0,False,2,20230404,1,0
824,325,4467.970876762723,10023.958614347026,0,0,False,2,20230404,1,0
825,326,4467.779926335175,10560.145794966236,3,116,False,2,20230404,1,0
826,327,4467.773709483794,11099.773709483794,2,106,False,2,20230404,1,0
827,328,4467.705655526992,11639.5,0,0,False,2,20230404,1,0
828,329,4467.691411042945,12175.313496932517,0,0,False,2,20230404,1,0
829,330,4467.992462311558,12707.404522613066,0,0,False,2,20230404,1,0
830,331,4467.982412060302,13236.14824120603,1,149,False,2,20230404,1,0
831,332,4467.695611285267,13771.876175548588,4,122,False,2,20230404,1,0
832,333,4467.78679245283,14308.335220125786,0,0,False,2,20230404,1,0
833,334,4467.700375704446,14851.5,1,128,False,2,20230404,1,0
834,335,4467.695611285267,15379.876175548588,0,0,False,2,20230404,1,0
835,336,4467.69094247246,15919.686046511628,1,0,False,2,20230404,1,0
836,337,4467.597979179424,16463.03214941825,1,138,False,2,20230404,1,0
837,338,4467.796110414053,16995.590338770387,0,1,False,2,20230404,1,0
838,339,4467.812169312169,17531.589947089946,0,0,False,2,20230404,1,0
839,340,4467.304143126177,18067.314187068423,4,168,False,2,20230404,1,0
840,341,4467.6027617212585,18599.59505459217,0,0,False,2,20230404,1,0
841,342,4467.992462311558,19139.59547738693,1,114,False,2,20230404,1,0
842,343,4467.9604316546765,19675.586330935253,0,0,False,2,20230404,1,0
843,344,4467.992462311558,20211.404522613066,1,119,False,2,20230404,1,0
844,345,4467.695611285267,20755.87617554859,1,110,False,2,20230404,1,0
845,346,4467.600250626567,21283.404761904763,0,6,False,2,20230404,1,0
846,347,4910.279048765804,1198.8762793497892,0,0,False,2,20230404,1,0
847,348,4909.975961538462,1726.3557692307693,2,123,False,2,20230404,1,0
848,349,4911.294228356336,2263.5,0,0,False,2,20230404,1,0
849,350,4910.738323353294,2799.859281437126,0,120,False,2,20230404,1,0
850,351,4910.551497005988,3335.32754491018,2,116,False,2,20230404,1,0
851,352,4911.092964824121,3871.680904522613,0,0,False,2,20230404,1,0
852,353,4911.308383233533,4407.317964071856,1,303,True,2,20230404,1,0
853,354,4911.298994974874,4943.133165829146,0,0,False,2,20230404,1,0
854,355,4911.308841099164,5479.318399044206,3,141,False,2,20230404,1,0
855,356,4911.696078431372,6011.318627450981,2,156,False,2,20230404,1,0
856,357,4911.308383233533,6543.682035928144,0,107,False,2,20230404,1,0
857,358,4911.796387017759,7083.225658297612,0,117,False,2,20230404,1,0
858,359,4912.070743405276,7622.958033573142,0,0,False,2,20230404,1,0
859,360,4911.5,8151.5,0,121,False,2,20230404,1,0
860,361,4911.5,8694.951572327043,1,137,False,2,20230404,1,0
861,362,4911.696078431372,9219.68137254902,2,130,False,2,20230404,1,0
862,363,4911.69656019656,9755.681818181818,1,110,False,2,20230404,1,0
863,364,4911.5,10291.863190184047,3,104,False,2,20230404,1,0
864,365,4911.5,10827.863190184047,0,124,False,2,20230404,1,0
865,366,4911.5,11374.602040816326,0,120,False,2,20230404,1,0
866,367,4911.780407429598,11902.869682444578,5,108,False,2,20230404,1,0
867,368,4911.600551808707,12443.043838136113,1,105,False,2,20230404,1,0
868,369,4911.696078431372,12971.68137254902,0,1,False,2,20230404,1,0
869,370,4911.780407429598,13504.130317555422,0,0,False,2,20230404,1,0
870,371,4911.780407429598,14040.130317555422,0,0,False,2,20230404,1,0
871,372,4911.774165202109,14579.232864674868,1,1,False,2,20230404,1,0
872,373,4911.696078431372,15115.68137254902,3,115,False,2,20230404,1,0
873,374,4911.780407429598,15648.130317555422,1,125,False,2,20230404,1,0
874,375,4911.5,16191.136363636364,0,0,False,2,20230404,1,0
875,376,4911.5,16731.5,0,0,False,2,20230404,1,0
876,377,4911.869158878505,17266.77570093458,0,0,False,2,20230404,1,0
877,378,4911.877182770663,17795.681606519207,3,122,False,2,20230404,1,0
878,379,4912.261676646706,18335.32754491018,0,0,False,2,20230404,1,0
879,380,4912.056725146199,18867.49064327485,1,146,False,2,20230404,1,0
880,381,4911.696078431372,19403.68137254902,1,130,False,2,20230404,1,0
881,382,4911.796387017759,19947.22565829761,1,0,False,2,20230404,1,0
882,383,4911.961088355763,20483.050614394386,0,1,False,2,20230404,1,0
883,384,4911.888206388207,21018.77764127764,0,115,False,2,20230404,1,0
884,385,5354.359950859951,927.5,2,106,False,2,20230404,1,0
885,386,5355.3972382787415,1463.4049454078356,1,0,False,2,20230404,1,0
886,387,5354.355036855037,1999.8341523341523,1,119,False,2,20230404,1,0
887,388,5355.103761755486,2531.314420062696,0,0,False,2,20230404,1,0
888,389,5355.299624295554,3067.5,1,140,False,2,20230404,1,0
889,390,5355.5,3607.309523809524,2,120,False,2,20230404,1,0
890,391,5355.5,4135.5,0,0,False,2,20230404,1,0
891,392,5355.87791411043,4678.758895705521,3,112,False,2,20230404,1,0
892,393,5355.69094247246,5207.313953488372,3,142,False,2,20230404,1,0
893,394,5355.695611285267,5747.123824451411,2,130,False,2,20230404,1,0
894,395,5355.600250626567,6275.4047619047615,0,0,False,2,20230404,1,0
895,396,5355.5,6815.1274509803925,2,132,False,2,20230404,1,0
896,397,5355.597739767868,7351.404703726329,1,123,False,2,20230404,1,0
897,398,5355.6027617212585,7887.404945407836,2,105,False,2,20230404,1,0
898,399,5355.868641532017,8426.757929383602,1,109,False,2,20230404,1,0
899,400,5355.6027617212585,8951.595054592164,0,0,False,2,20230404,1,0
900,401,5355.69094247246,9487.686046511628,0,117,False,2,20230404,1,0
901,402,5355.882352941177,10023.5,2,113,False,2,20230404,1,0
902,403,5355.788685015291,10559.781345565749,0,118,False,2,20230404,1,0
903,404,5355.87298266587,11099.5,1,113,False,2,20230404,1,0
904,405,5355.803536977492,11639.21961414791,1,111,False,2,20230404,1,0
905,406,5355.788685015291,12175.218654434251,2,117,False,2,20230404,1,0
906,407,5355.796110414053,12707.218946047678,0,0,False,2,20230404,1,0
907,408,5355.896238244514,13235.685579937304,1,114,False,2,20230404,1,0
908,409,5355.700375704446,13771.5,0,142,False,2,20230404,1,0
909,410,5355.796110414053,14307.781053952322,2,125,False,2,20230404,1,0
910,411,5355.600125156446,14851.404881101376,3,113,False,2,20230404,1,0
911,412,5355.700375704446,15379.5,3,119,False,2,20230404,1,0
912,413,5355.88630806846,15919.685819070904,1,127,False,2,20230404,1,0
913,414,5355.5,16462.936964504283,1,121,False,2,20230404,1,0
914,415,5355.896238244514,16995.314420062696,0,0,False,2,20230404,1,0
915,416,5355.917713152677,17531.31493721084,0,0,False,2,20230404,1,0
916,417,5355.795739348371,18067.21929824561,0,0,False,2,20230404,1,0
917,418,5355.6027617212585,18599.59505459217,0,0,False,2,20230404,1,0
918,419,5355.700375704446,19139.5,1,138,False,2,20230404,1,0
919,420,5355.968339307049,19675.40442054958,0,0,False,2,20230404,1,0
920,421,5355.600125156446,20211.40488110137,1,0,False,2,20230404,1,0
921,422,5355.795739348371,20755.21929824561,0,0,False,2,20230404,1,0
922,423,5355.700375704446,21283.5,0,95,False,2,20230404,1,0
923,424,5806.541916167665,1199.3179640718563,1,93,False,2,20230404,1,0
924,425,5806.328331332533,1727.2454981992796,0,0,False,2,20230404,1,0
925,426,5806.901257861635,2262.9616352201256,1,116,False,2,20230404,1,0
926,427,5807.019426180514,2799.4067543335327,0,0,False,2,20230404,1,0
927,428,5807.204504504504,3335.262162162162,0,0,False,2,20230404,1,0
928,429,5807.705771643664,3871.5,1,115,False,2,20230404,1,0
929,430,5807.308383233533,4407.317964071856,3,116,False,2,20230404,1,0
930,431,5807.397049591965,4943.407093534212,0,0,False,2,20230404,1,0
931,432,5807.5,5479.136363636364,1,124,False,2,20230404,1,0
932,433,5807.5,6011.5,1,99,False,2,20230404,1,0
933,434,5807.317964071856,6544.223353293413,0,110,False,2,20230404,1,0
934,435,5807.303921568628,7083.318627450981,0,0,False,2,20230404,1,0
935,436,5807.5,7623.136363636364,2,97,False,2,20230404,1,0
936,437,5807.5,8151.5,0,0,False,2,20230404,1,0
937,438,5807.5,8694.951572327043,0,120,False,2,20230404,1,0
938,439,5807.399448191293,9219.956161863887,1,0,False,2,20230404,1,0
939,440,5807.303921568628,9755.68137254902,1,0,False,2,20230404,1,0
940,441,5807.5,10291.863190184047,1,0,False,2,20230404,1,0
941,442,5807.5,10827.863190184047,1,112,False,2,20230404,1,0
942,443,5807.5,11374.602040816326,1,0,False,2,20230404,1,0
943,444,5807.691616766467,11903.317964071855,2,77,False,2,20230404,1,0
944,445,5807.600551808707,12443.043838136113,2,107,False,2,20230404,1,0
945,446,5807.696078431372,12971.68137254902,0,120,False,2,20230404,1,0
946,447,5807.5,13503.863636363636,2,113,False,2,20230404,1,0
947,448,5807.780407429598,14040.130317555422,1,125,False,2,20230404,1,0
948,449,5807.5,14579.5,3,180,True,2,20230404,1,0
949,450,5807.5,15115.5,0,0,False,2,20230404,1,0
950,451,5807.308383233533,15647.682035928145,0,0,False,2,20230404,1,0
951,452,5807.219592570402,16190.869682444578,0,0,False,2,20230404,1,0
952,453,5807.203975535168,16731.225993883792,1,118,False,2,20230404,1,0
953,454,5808.315897136177,17266.518118059616,1,140,False,2,20230404,1,0
954,455,5807.5,17795.5,0,0,False,2,20230404,1,0
955,456,5807.598027495517,18335.04333532576,0,0,False,2,20230404,1,0
956,457,5807.686915887851,18867.317757009347,0,0,False,2,20230404,1,0
957,458,5807.399694189602,19403.59296636085,2,112,False,2,20230404,1,0
958,459,5807.600551808707,19947.04383813612,0,0,True,2,20230404,1,0
959,460,5807.322429906542,20482.59813084112,0,122,False,2,20230404,1,0
960,461,5807.600551808707,21019.04383813612,0,0,False,2,20230404,1,0
961,462,6248.491920447483,929.41671845867,1,34,True,2,20230404,1,0
962,463,6250.684516129032,1463.5,0,0,True,2,20230404,1,0
963,464,6250.062461538461,1999.2710769230769,1,108,False,2,20230404,1,0
964,465,6246.90797940798,2531.5,0,98,False,2,20230404,1,0
965,466,6251.103761755486,3067.6855799373043,2,104,False,2,20230404,1,0
966,467,6251.402379499695,3607.4048200122015,0,0,False,2,20230404,1,0
967,468,6251.30905752754,4135.686046511628,0,107,False,2,20230404,1,0
968,469,6251.788685015291,4679.21865443425,0,0,False,2,20230404,1,0
969,470,6251.882352941177,5207.5,8,113,False,2,20230404,1,0
970,471,6251.600250626567,5747.4047619047615,3,106,False,2,20230404,1,0
971,472,6251.600250626567,6275.595238095239,1,114,False,2,20230404,1,0
972,473,6251.5,6815.1274509803925,2,114,False,2,20230404,1,0
973,474,6251.5,7351.5,2,101,False,2,20230404,1,0
974,475,6251.6027617212585,7887.404945407836,1,105,False,2,20230404,1,0
975,476,6251.773053892216,8426.853293413174,0,0,False,2,20230404,1,0
976,477,6251.5,8951.690231362469,0,0,False,2,20230404,1,0
977,478,6251.5,9487.872549019608,2,118,False,2,20230404,1,0
978,479,6251.5,10023.872549019608,0,116,False,2,20230404,1,0
979,480,6251.69094247246,10559.686046511628,0,101,False,2,20230404,1,0
980,481,6251.87298266587,11099.5,1,0,False,2,20230404,1,0
981,482,6251.6027617212585,11639.404945407836,0,0,False,2,20230404,1,0
982,483,6251.597979179424,12175.032149418248,0,99,False,2,20230404,1,0
983,484,6251.796110414053,12707.218946047678,0,0,False,2,20230404,1,0
984,485,6251.896238244514,13235.685579937304,0,0,False,2,20230404,1,0
985,486,6251.600125156446,13771.595118898624,0,0,False,2,20230404,1,0
986,487,6251.795739348371,14307.780701754386,0,0,False,2,20230404,1,0
987,488,6251.5,14851.309643080776,0,163,True,2,20230404,1,0
988,489,6251.600250626567,15379.40476190476,0,115,False,2,20230404,1,0
989,490,6251.5,15919.5,1,116,False,2,20230404,1,0
990,491,6251.5,16462.389434889436,2,128,True,2,20230404,1,0
991,492,6251.5,16995.30964308078,2,135,True,2,20230404,1,0
992,493,6251.605540897098,17531.405013192612,0,0,True,2,20230404,1,0
993,494,6251.5,18066.93753923415,1,111,False,2,20230404,1,0
994,495,6251.5,18599.5,0,0,False,2,20230404,1,0
995,496,6251.5,19139.30964308078,1,115,False,2,20230404,1,0
996,497,6251.5,19675.12701733413,1,0,False,2,20230404,1,0
997,498,6251.5,20211.30964308078,0,132,True,2,20230404,1,0
998,499,6251.399874843554,20755.40488110137,2,124,True,2,20230404,1,0
999,500,6251.600250626567,21283.404761904763,0,0,True,2,20230404,1,0
1000,1,899.004835589942,1464.1473243068988,0,0,True,2,20230404,1,10
1001,2,898.7570725707257,2000.5971709717096,0,96,True,2,20230404,1,10
1002,3,899.2132075471698,2532.3352201257862,1,106,False,2,20230404,1,10
1003,4,899.2132075471698,3068.3352201257862,1,108,False,2,20230404,1,10
1004,5,899.4020208205757,3607.967850581752,1,105,False,2,20230404,1,10
1005,6,899.2204169221336,4136.33629675046,1,109,False,2,20230404,1,10
1006,7,899.4020208205757,4679.967850581751,1,106,False,2,20230404,1,10
1007,8,899.7795830778664,5208.33629675046,0,0,False,2,20230404,1,10
1008,9,899.6956112852664,5747.876175548589,1,113,False,2,20230404,1,10
1009,10,899.204260651629,6275.7807017543855,3,115,False,2,20230404,1,10
1010,11,899.8779141104294,6816.241104294479,0,0,False,2,20230404,1,10
1011,12,900.0686274509804,7352.053921568628,0,117,False,2,20230404,1,10
1012,13,900.3051612903225,7887.866451612903,3,118,False,2,20230404,1,10
1013,14,900.6003003003003,8428.206306306307,1,0,False,2,20230404,1,10
1014,15,900.0979381443299,8952.051546391753,1,111,False,2,20230404,1,10
1015,16,900.2429274292743,9488.59717097171,0,0,False,2,20230404,1,10
1016,17,901.4233621755252,10024.187268232386,0,0,False,2,20230404,1,10
1017,18,901.0743368291178,10560.657310302282,4,101,False,2,20230404,1,10
1018,19,900.5989802039592,11100.224655068989,0,117,False,2,20230404,1,10
1019,20,899.7005141388174,11639.690231362469,0,111,False,2,20230404,1,10
1020,21,901.428306551298,12176.889369592089,6,113,False,2,20230404,1,10
1021,22,900.3805031446541,12707.771698113207,2,108,False,2,20230404,1,10
1022,23,900.3564231738035,13236.502518891688,9,110,False,2,20230404,1,10
1023,24,899.9824120603015,13772.14824120603,0,0,False,2,20230404,1,10
1024,25,900.1607818411097,14308.690416141237,2,97,False,2,20230404,1,10
1025,26,899.896238244514,14851.685579937304,1,108,False,2,20230404,1,10
1026,27,899.9824120603015,15380.14824120603,3,102,False,2,20230404,1,10
1027,28,899.7795830778664,15920.33629675046,1,109,False,2,20230404,1,10
1028,29,899.6909424724602,16463.68604651163,3,110,False,2,20230404,1,10
1029,30,899.6956112852664,16995.87617554859,2,110,False,2,20230404,1,10
1030,31,899.6055408970976,17531.594986807388,1,118,False,2,20230404,1,10
1031,32,899.5,18067.5,1,100,False,2,20230404,1,10
1032,33,899.5,18599.690231362467,2,109,False,2,20230404,1,10
1033,34,899.6002506265664,19139.404761904763,0,0,False,2,20230404,1,10
1034,35,900.1467065868263,19675.226946107785,0,0,True,2,20230404,1,10
1035,36,900.0925925925926,20211.5,3,82,True,2,20230404,1,10
1036,37,900.1842767295598,20754.86603773585,1,1,False,2,20230404,1,10
1037,38,903.89588688946,21283.309768637533,1,49,True,2,20230404,1,10
1038,39,1342.8345888261142,1199.9695543000628,2,85,True,2,20230404,1,10
1039,40,1343.293710691824,1728.4610062893082,1,105,False,2,20230404,1,10
1040,41,1343.1967699406723,2263.78740936058,0,127,False,2,20230404,1,10
1041,42,1343.2115987460816,2799.7884012539184,8,124,False,2,20230404,1,10
1042,43,1343.211959924859,3335.788040075141,1,126,False,2,20230404,1,10
1043,44,1343.5,3871.694993412385,1,0,False,2,20230404,1,10
1044,45,1343.5,4407.6952440550685,1,2,False,2,20230404,1,10
1045,46,1343.5,4943.5,0,0,False,2,20230404,1,10
1046,47,1343.5975609756097,5479.59756097561,0,118,False,2,20230404,1,10
1047,48,1343.5951768488746,6011.788102893891,1,133,False,2,20230404,1,10
1048,49,1343.7790697674418,6544.357322438717,3,121,False,2,20230404,1,10
1049,50,1343.7002567394095,7083.5,0,0,False,2,20230404,1,10
1050,51,1344.0771643663738,7623.5,1,124,False,2,20230404,1,10
1051,52,1343.7884012539184,8151.788401253919,2,121,False,2,20230404,1,10
1052,53,1343.705533596838,8695.5,1,122,False,2,20230404,1,10
1053,54,1343.6953727506427,9219.885604113111,0,0,False,2,20230404,1,10
1054,55,1343.89588688946,9755.690231362469,0,0,False,2,20230404,1,10
1055,56,1343.399935856318,10291.597498396408,0,0,False,2,20230404,1,10
1056,57,1344.0824742268042,10828.067010309278,3,125,False,2,20230404,1,10
1057,58,1344.4319899244333,11374.568010075567,0,0,False,2,20230404,1,10
1058,59,1343.8859649122808,11903.690476190475,2,124,False,2,20230404,1,10
1059,60,1343.89588688946,12443.309768637531,1,124,False,2,20230404,1,10
1060,61,1343.89588688946,12971.690231362469,0,0,False,2,20230404,1,10
1061,62,1343.690476190476,13503.88596491228,1,128,False,2,20230404,1,10
1062,63,1343.8859649122808,14039.690476190475,6,119,False,2,20230404,1,10
1063,64,1343.4044703000611,14579.402020820577,1,105,False,2,20230404,1,10
1064,65,1343.6953727506427,15115.885604113111,0,0,False,2,20230404,1,10
1065,66,1343.690476190476,15647.88596491228,1,108,False,2,20230404,1,10
1066,67,1343.7884012539184,16191.788401253918,0,0,False,2,20230404,1,10
1067,68,1343.399935856318,16731.402501603592,0,117,False,2,20230404,1,10
1068,69,1343.6865030674846,17267.308588957054,3,101,False,2,20230404,1,10
1069,70,1343.5955296999389,17795.98009797918,0,0,False,2,20230404,1,10
1070,71,1343.5975609756097,18335.40243902439,2,96,False,2,20230404,1,10
1071,72,1343.5,18867.88235294117,4,101,False,2,20230404,1,10
1072,73,1343.5,19403.5,1,117,False,2,20230404,1,10
1073,74,1343.89588688946,19947.309768637533,1,96,False,2,20230404,1,10
1074,75,1344.0539215686274,20482.93137254902,3,98,False,2,20230404,1,10
1075,76,1344.1825499034128,21019.03122987765,1,84,True,2,20230404,1,10
1076,77,1786.8558696988323,928.6923786109404,0,0,True,2,20230404,1,10
1077,78,1786.6937984496124,1464.37338501292,1,122,False,2,20230404,1,10
1078,79,1786.9313725490197,2000.053921568628,1,124,False,2,20230404,1,10
1079,80,1787.2038895859473,2531.781053952321,0,0,False,2,20230404,1,10
1080,81,1786.442065491184,3068.3110831234258,0,0,False,2,20230404,1,10
1081,82,1787.970300061237,3608.149112063688,0,0,False,2,20230404,1,10
1082,83,1787.5979791794243,4135.967850581751,0,0,False,2,20230404,1,10
1083,84,1787.2204169221336,4679.772225628449,35,124,False,2,20230404,1,10
1084,85,1787.029699938763,5208.149112063687,3,135,False,2,20230404,1,10
1085,86,1787.882149591452,5748.053111250786,1,126,False,2,20230404,1,10
1086,87,1787.9753476611884,6276.870417193426,0,0,False,2,20230404,1,10
1087,88,1788.0700245700243,6816.055282555282,0,0,False,2,20230404,1,10
1088,89,1788.0686274509803,7352.053921568628,3,132,False,2,20230404,1,10
1089,90,1787.9066924066924,7887.685328185328,0,0,False,2,20230404,1,10
1090,91,1788.4214157168567,8427.5,1,124,False,2,20230404,1,10
1091,92,1788.8411003236247,8951.057281553398,3,127,False,2,20230404,1,10
1092,93,1788.9590264941469,9488.74460874923,0,0,False,2,20230404,1,10
1093,94,1788.5325752919484,10024.31868469576,1,133,False,2,20230404,1,10
1094,95,1789.3282890673256,10560.925571340333,3,131,False,2,20230404,1,10
1095,96,1788.2420706163973,11099.868641532015,3,137,False,2,20230404,1,10
1096,97,1788.1082474226805,11639.5,1,0,False,2,20230404,1,10
1097,98,1788.8382533825338,12175.657441574416,0,0,False,2,20230404,1,10
1098,99,1788.3636363636365,13236.671717171715,0,0,False,2,20230404,1,10
1099,100,1788.083280955374,13772.053111250783,2,130,False,2,20230404,1,10
1100,101,1788.26214511041,14308.5952681388,1,129,False,2,20230404,1,10
1101,102,1788.0925925925926,14851.5,0,0,False,2,20230404,1,10
1102,103,1787.887665198238,15380.240088105727,1,93,False,2,20230404,1,10
1103,104,1787.8779141104294,15920.24110429448,0,0,False,2,20230404,1,10
1104,105,1787.7886850152904,16463.409480122325,1,128,False,2,20230404,1,10
1105,106,1787.795739348371,16995.780701754386,1,131,False,2,20230404,1,10
1106,107,1787.9177131526767,17531.68506278916,2,123,False,2,20230404,1,10
1107,108,1787.7003757044458,18067.5,2,136,False,2,20230404,1,10
1108,109,1787.6027617212587,18599.59505459217,4,117,False,2,20230404,1,10
1109,110,1787.896238244514,19139.314420062696,5,107,False,2,20230404,1,10
1110,111,1788.4214157168567,19675.5,2,124,False,2,20230404,1,10
1111,112,1788.0925925925926,20211.5,3,107,False,2,20230404,1,10
1112,113,1788.083280955374,20754.94688874921,2,113,False,2,20230404,1,10
1113,114,1788.294468887492,21283.5,1,80,True,2,20230404,1,10
1114,115,1791.89588688946,12707.309768637531,0,0,False,2,20230404,1,10
1115,116,2231.304755944931,1199.5,0,0,False,2,20230404,1,10
1116,117,2231.6907151819323,1727.8764115432873,1,124,False,2,20230404,1,10
1117,118,2231.5,2263.5,5,128,False,2,20230404,1,10
1118,119,2231.5,2799.5,1,127,False,2,20230404,1,10
1119,120,2231.5,3335.5,0,134,False,2,20230404,1,10
1120,121,2231.5,3871.5,1,142,False,2,20230404,1,10
1121,122,2231.695244055069,4407.5,0,0,False,2,20230404,1,10
1122,123,2231.5,4943.5,1,131,False,2,20230404,1,10
1123,124,2231.5,5479.5,0,0,False,2,20230404,1,10
1124,125,2231.6000641436817,6011.402501603592,1,138,False,2,20230404,1,10
1125,126,2231.690476190476,6543.8859649122805,2,122,False,2,20230404,1,10
1126,127,2231.89588688946,7083.690231362468,2,124,False,2,20230404,1,10
1127,128,2232.077164366374,7623.5,2,129,False,2,20230404,1,10
1128,129,2231.8859649122805,8151.690476190476,0,0,False,2,20230404,1,10
1129,130,2232.1076618229854,8695.5,5,130,False,2,20230404,1,10
1130,131,2231.79543994862,9219.787732819525,1,199,False,2,20230404,1,10
1131,132,2232.182549903413,9755.968770122345,0,118,False,2,20230404,1,10
1132,133,2232.182549903413,10291.968770122345,2,134,False,2,20230404,1,10
1133,134,2232.082474226804,10828.067010309278,0,0,False,2,20230404,1,10
1134,135,2231.6902377972465,11375.304755944931,5,117,False,2,20230404,1,10
1135,136,2232.165411173886,11903.969554300063,2,187,False,2,20230404,1,10
1136,137,2231.7002567394097,12443.5,0,128,False,2,20230404,1,10
1137,138,2232.0817245817248,12972.06628056628,2,165,False,2,20230404,1,10
1138,139,2232.3332284455632,13504.529578351165,0,0,False,2,20230404,1,10
1139,140,2232.3332284455632,14040.529578351165,1,120,False,2,20230404,1,10
1140,141,2232.241104294478,14579.87791411043,0,121,False,2,20230404,1,10
1141,142,2232.0817245817248,15116.06628056628,0,0,False,2,20230404,1,10
1142,143,2231.9695543000626,15648.165411173886,3,99,False,2,20230404,1,10
1143,144,2231.8859649122805,16191.690476190475,2,114,False,2,20230404,1,10
1144,145,2231.7002567394097,16731.5,4,155,False,2,20230404,1,10
1145,146,2232.241104294478,17267.681595092025,0,0,False,2,20230404,1,10
1146,147,2232.053921568628,17796.06862745098,8,113,False,2,20230404,1,10
1147,148,2231.8859649122805,18335.69047619048,0,107,False,2,20230404,1,10
1148,149,2232.33629675046,18867.220416922133,2,112,False,2,20230404,1,10
1149,150,2231.79543994862,19403.787732819525,0,92,False,2,20230404,1,10
1150,151,2231.89588688946,19947.309768637533,3,104,False,2,20230404,1,10
1151,152,2232.33629675046,20483.220416922133,4,99,False,2,20230404,1,10
1152,153,2231.89588688946,21019.309768637533,2,99,False,2,20230404,1,10
1153,154,2674.93137254902,928.0539215686274,0,0,False,2,20230404,1,10
1154,155,2677.859493670886,1462.4012658227848,2,139,False,2,20230404,1,10
1155,156,2675.406919779547,1999.776791181874,4,130,False,2,20230404,1,10
1156,157,2674.90666247643,2531.489943431804,1,139,False,2,20230404,1,10
1157,158,2675.1173694147265,3068.04877281309,1,0,False,2,20230404,1,10
1158,159,2674.6416309012875,3607.7722256284487,4,193,False,2,20230404,1,10
1159,160,2678.221252257676,4135.150812763395,4,194,False,2,20230404,1,10
1160,161,2679.5,4679.5,1,0,False,2,20230404,1,10
1161,162,2678.2738452309536,5208.111877624475,2,135,False,2,20230404,1,10
1162,163,2679.5,5747.5,2,136,False,2,20230404,1,10
1163,164,2680.4987699877,6275.849323493235,0,0,False,2,20230404,1,10
1164,165,2679.882775119617,6815.5,1,139,False,2,20230404,1,10
1165,166,2680.2616766467067,7351.859281437126,0,134,False,2,20230404,1,10
1166,167,2680.236225087925,8427.317116060962,0,131,False,2,20230404,1,10
1167,168,2679.907035175879,8951.680904522613,0,0,False,2,20230404,1,10
1168,169,2679.211389385808,9487.774299344066,3,131,False,2,20230404,1,10
1169,170,2680.0693779904304,10024.04066985646,1,137,False,2,20230404,1,10
1170,171,2681.5253470126736,10560.709414604707,0,0,False,2,20230404,1,10
1171,172,2680.147574517826,11099.766510812393,1,140,False,2,20230404,1,10
1172,173,2680.1638705811865,12175.766027561414,4,132,False,2,20230404,1,10
1173,174,2680.093137254902,12707.5,7,267,False,2,20230404,1,10
1174,175,2680.0840490797545,13236.039877300613,0,0,False,2,20230404,1,10
1175,176,2679.796024464832,13771.774006116208,2,125,False,2,20230404,1,10
1176,177,2680.459409594096,14308.385608856088,0,223,False,2,20230404,1,10
1177,178,2679.896572827417,14851.681150550796,6,207,False,2,20230404,1,10
1178,179,2680.0840490797545,15380.039877300613,3,199,False,2,20230404,1,10
1179,180,2680.0693779904304,15920.04066985646,7,194,False,2,20230404,1,10
1180,181,2679.980573819486,16463.406754333533,2,116,False,2,20230404,1,10
1181,182,2679.896572827417,16995.681150550794,0,0,False,2,20230404,1,10
1182,183,2679.605602060528,17531.592723760463,1,129,False,2,20230404,1,10
1183,184,2679.9935543278084,18067.58348680172,1,127,False,2,20230404,1,10
1184,185,2679.80923947203,18599.42206159648,1,123,False,2,20230404,1,10
1185,186,2680.1876155268023,19139.214109673445,2,124,False,2,20230404,1,10
1186,187,2680.4227166276346,19675.5,2,118,False,2,20230404,1,10
1187,188,2679.700488997555,20211.5,2,94,False,2,20230404,1,10
1188,189,2679.7963870177587,20755.22565829761,2,112,False,2,20230404,1,10
1189,190,2680.093137254902,21283.5,0,0,True,2,20230404,1,10
1190,191,2683.602761721259,7887.595054592164,1,135,False,2,20230404,1,10
1191,192,2683.9025806451614,11639.5,0,0,False,2,20230404,1,10
1192,193,3130.359950859951,1199.5,1,0,False,2,20230404,1,10
1193,194,3125.668888888889,1728.9653968253967,0,0,False,2,20230404,1,10
1194,195,3131.397238278741,2263.5950545921646,0,0,False,2,20230404,1,10
1195,196,3127.2105097545627,2799.7794210195093,1,0,False,2,20230404,1,10
1196,197,3129.775092936803,3336.6995043370507,0,0,False,2,20230404,1,10
1197,198,3131.397238278741,3871.5950545921646,0,0,False,2,20230404,1,10
1198,199,3130.726600985221,4406.869458128079,2,129,False,2,20230404,1,10
1199,200,3130.9945196647323,4943.595422308188,2,146,False,2,20230404,1,10
1200,201,3131.402260232132,5479.404703726329,0,0,False,2,20230404,1,10
1201,202,3131.203889585948,6011.781053952322,0,146,False,2,20230404,1,10
1202,203,3131.1220858895704,6544.241104294479,1,138,False,2,20230404,1,10
1203,204,3131.6001251564458,7083.595118898624,2,136,False,2,20230404,1,10
1204,205,3131.5,7623.127450980392,2,124,False,2,20230404,1,10
1205,206,3131.5,8151.872549019607,1,1,False,2,20230404,1,10
1206,207,3131.5,8695.309768637531,3,135,False,2,20230404,1,10
1207,208,3131.6956112852663,9219.876175548588,2,144,False,2,20230404,1,10
1208,209,3131.7961104140527,9755.781053952322,0,137,False,2,20230404,1,10
1209,210,3131.7961104140527,10291.781053952322,0,137,False,2,20230404,1,10
1210,211,3131.5,10828.06246076585,1,150,False,2,20230404,1,10
1211,212,3131.779926335175,11374.854205033764,2,133,False,2,20230404,1,10
1212,213,3131.6909424724604,11903.686046511628,2,119,False,2,20230404,1,10
1213,214,3131.6002506265663,12443.40476190476,0,118,False,2,20230404,1,10
1214,215,3131.7961104140527,12971.781053952322,3,133,False,2,20230404,1,10
1215,216,3131.7795830778664,13504.33629675046,0,120,False,2,20230404,1,10
1216,217,3131.7795830778664,14040.33629675046,0,0,False,2,20230404,1,10
1217,218,3131.960431654676,14579.960431654676,2,119,False,2,20230404,1,10
1218,219,3131.6956112852663,15115.876175548588,3,124,False,2,20230404,1,10
1219,220,3131.5,15648.063035495716,0,123,False,2,20230404,1,10
1220,221,3131.8823529411766,16191.5,2,119,False,2,20230404,1,10
1221,222,3131.5,16731.30964308078,3,118,False,2,20230404,1,10
1222,223,3131.6862686567165,17267.313731343285,0,0,False,2,20230404,1,10
1223,224,3131.313953488372,17795.68604651163,1,116,False,2,20230404,1,10
1224,225,3131.6909424724604,18335.31395348837,3,97,False,2,20230404,1,10
1225,226,3131.68671454219,18867.68671454219,2,107,False,2,20230404,1,10
1226,227,3131.700375704446,19403.5,0,0,False,2,20230404,1,10
1227,228,3131.5,19947.5,4,97,False,2,20230404,1,10
1228,229,3131.782634730539,20482.661676646705,5,119,False,2,20230404,1,10
1229,230,3131.7961104140527,21019.21894604768,2,101,False,2,20230404,1,10
1230,231,3570.6416309012875,927.7722256284488,0,0,False,2,20230404,1,10
1231,232,3571.5,1463.5,0,0,False,2,20230404,1,10
1232,233,3569.9433497536947,2000.5147783251232,0,0,False,2,20230404,1,10
1233,234,3571.3043887147337,2531.1238244514107,1,138,False,2,20230404,1,10
1234,235,3571.8962382445143,3067.6855799373043,1,138,False,2,20230404,1,10
1235,236,3571.5,3607.309523809524,1,0,False,2,20230404,1,10
1236,237,3571.597620500305,4135.595179987798,0,147,False,2,20230404,1,10
1237,238,3571.5,4679.5,4,128,False,2,20230404,1,10
1238,239,3571.88630806846,5207.6858190709045,4,139,False,2,20230404,1,10
1239,240,3571.7961104140527,5747.590338770389,2,131,False,2,20230404,1,10
1240,241,3571.8962382445143,6275.314420062696,2,131,True,2,20230404,1,10
1241,242,3571.69536019536,6815.5,1,122,False,2,20230404,1,10
1242,243,3572.166258420086,7351.041947336191,2,141,False,2,20230404,1,10
1243,244,3571.7056555269924,7887.5,0,0,False,2,20230404,1,10
1244,245,3572.5167865707435,8427.404076738609,1,131,False,2,20230404,1,10
1245,246,3571.9066924066924,8951.685328185327,0,0,False,2,20230404,1,10
1246,247,3572.260736196319,9487.86809815951,0,0,False,2,20230404,1,10
1247,248,3572.260736196319,10023.86809815951,0,0,False,2,20230404,1,10
1248,249,3572.0686274509803,10560.053921568628,0,0,False,2,20230404,1,10
1249,250,3574.511180124224,11097.66645962733,2,142,False,2,20230404,1,10
1250,251,3572.00998068255,11639.404700579524,1,129,False,2,20230404,1,10
1251,252,3572.3583690987125,12175.227774371551,0,128,False,2,20230404,1,10
1252,253,3572.0925925925926,12707.5,1,0,False,2,20230404,1,10
1253,254,3572.0825486503454,13236.052416823602,0,0,False,2,20230404,1,10
1254,255,3571.8962382445143,13771.685579937304,0,133,False,2,20230404,1,10
1255,256,3572.183417085427,14307.957286432162,1,132,False,2,20230404,1,10
1256,257,3571.700375704446,14851.5,0,0,False,2,20230404,1,10
1257,258,3572.183417085427,15379.957286432162,1,117,False,2,20230404,1,10
1258,259,3572.3583690987125,15919.772225628449,0,131,False,2,20230404,1,10
1259,260,3571.88630806846,16463.314180929094,1,115,False,2,20230404,1,10
1260,261,3572.0925925925926,16995.5,2,121,False,2,20230404,1,10
1261,262,3571.6055408970974,17531.594986807388,0,0,False,2,20230404,1,10
1262,263,3571.6001251564458,18067.40488110137,2,128,False,2,20230404,1,10
1263,264,3571.602761721259,18599.59505459217,1,121,False,2,20230404,1,10
1264,265,3572.0925925925926,19139.5,1,107,False,2,20230404,1,10
1265,266,3572.5167865707435,19675.59592326139,1,120,False,2,20230404,1,10
1266,267,3572.0925925925926,20211.5,1,95,False,2,20230404,1,10
1267,268,3572.183417085427,20755.04271356784,2,111,False,2,20230404,1,10
1268,269,3572.0925925925926,21283.5,1,85,True,2,20230404,1,10
1269,270,4023.1235884567127,1199.1135508155585,0,0,False,2,20230404,1,10
1270,271,4023.4024390243903,1727.5975609756097,1,219,True,2,20230404,1,10
1271,272,4023.5,2263.5,3,138,False,2,20230404,1,10
1272,273,4023.5,2799.304755944931,0,0,False,2,20230404,1,10
1273,274,4023.22057898049,3335.7794210195093,1,133,False,2,20230404,1,10
1274,275,4023.6026991441736,3871.597432521396,2,125,False,2,20230404,1,10
1275,276,4023.6911949685536,4407.308805031446,0,0,False,2,20230404,1,10
1276,277,4023.3973008558255,4943.597432521396,0,0,False,2,20230404,1,10
1277,278,4023.690476190476,5479.11403508772,3,129,False,2,20230404,1,10
1278,279,4023.6000641436817,6011.597498396408,0,0,False,2,20230404,1,10
1279,280,4023.690476190476,6543.8859649122805,1,131,False,2,20230404,1,10
1280,281,4023.7002567394097,7083.5,0,0,False,2,20230404,1,10
1281,282,4023.7884012539184,7623.211598746081,1,113,False,2,20230404,1,10
1282,283,4023.885964912281,8151.690476190476,0,136,False,2,20230404,1,10
1283,284,4023.6026991441736,8695.402567478604,3,0,False,2,20230404,1,10
1284,285,4023.7954399486193,9219.787732819525,1,134,False,2,20230404,1,10
1285,286,4023.89588688946,9755.690231362469,0,0,False,2,20230404,1,10
1286,287,4023.89588688946,10291.690231362469,1,128,False,2,20230404,1,10
1287,288,4023.6953727506425,10827.885604113111,4,124,False,2,20230404,1,10
1288,289,4023.7884012539184,11375.211598746082,0,0,False,2,20230404,1,10
1289,290,4023.885964912281,11903.690476190475,3,133,False,2,20230404,1,10
1290,291,4023.7002567394097,12443.5,1,135,False,2,20230404,1,10
1291,292,4023.7954399486193,12971.787732819525,1,138,False,2,20230404,1,10
1292,293,4023.969554300063,13504.165411173886,0,123,False,2,20230404,1,10
1293,294,4023.885964912281,14039.690476190475,0,0,False,2,20230404,1,10
1294,295,4023.87652811736,14579.690709046456,1,0,False,2,20230404,1,10
1295,296,4023.7954399486193,15115.787732819525,0,134,False,2,20230404,1,10
1296,297,4023.5975609756097,15647.40243902439,0,111,False,2,20230404,1,10
1297,298,4023.5,16191.5,0,121,False,2,20230404,1,10
1298,299,4023.6000641436817,16731.402501603592,2,122,False,2,20230404,1,10
1299,300,4023.4048200122015,17267.402379499694,1,122,False,2,20230404,1,10
1300,301,4024.053921568628,17796.06862745098,0,0,False,2,20230404,1,10
1301,302,4023.695244055069,18335.5,2,93,False,2,20230404,1,10
1302,303,4023.5,18867.5,4,119,False,2,20230404,1,10
1303,304,4023.6000641436817,19403.597498396408,0,109,False,2,20230404,1,10
1304,305,4023.89588688946,19947.309768637533,0,105,False,2,20230404,1,10
1305,306,4023.314180929096,20483.11369193154,2,101,False,2,20230404,1,10
1306,307,4023.6000641436817,21019.402501603592,4,105,False,2,20230404,1,10
1307,308,4467.308588957055,927.6865030674846,1,2,False,2,20230404,1,10
1308,309,4467.6027617212585,1463.5950545921644,0,212,True,2,20230404,1,10
1309,310,4467.69094247246,1999.686046511628,0,0,False,2,20230404,1,10
1310,311,4467.5,2531.5,2,163,False,2,20230404,1,10
1311,312,4467.103264281231,3067.133396107972,1,130,False,2,20230404,1,10
1312,313,4467.597620500305,3607.5951799877976,0,0,False,2,20230404,1,10
1313,314,4468.0700245700245,4135.490171990172,0,0,False,2,20230404,1,10
1314,315,4467.790461538461,4678.6704615384615,0,0,False,2,20230404,1,10
1315,316,4467.220416922134,5207.772225628449,0,0,False,2,20230404,1,10
1316,317,4467.600250626567,5747.4047619047615,1,137,False,2,20230404,1,10
1317,318,4467.695611285267,6275.876175548589,1,127,False,2,20230404,1,10
1318,319,4468.067931456549,6814.9467564259485,2,152,False,2,20230404,1,10
1319,320,4467.69094247246,7351.686046511628,0,1,False,2,20230404,1,10
1320,321,4467.705655526992,7887.5,1,0,False,2,20230404,1,10
1321,322,4467.9604316546765,8427.039568345324,0,0,False,2,20230404,1,10
1322,323,4467.803536977492,8951.78038585209,0,0,False,2,20230404,1,10
1323,324,4467.779926335175,9488.145794966236,0,0,False,2,20230404,1,10
1324,325,4467.970876762723,10023.958614347026,0,140,False,2,20230404,1,10
1325,326,4467.779926335175,10560.145794966236,0,0,False,2,20230404,1,10
1326,327,4467.773709483794,11099.773709483794,0,0,False,2,20230404,1,10
1327,328,4467.705655526992,11639.5,0,0,False,2,20230404,1,10
1328,329,4467.691411042945,12175.313496932517,0,141,False,2,20230404,1,10
1329,330,4467.992462311558,12707.404522613066,1,126,False,2,20230404,1,10
1330,331,4467.982412060302,13236.14824120603,0,120,False,2,20230404,1,10
1331,332,4467.695611285267,13771.876175548588,1,120,False,2,20230404,1,10
1332,333,4467.78679245283,14308.335220125786,3,151,False,2,20230404,1,10
1333,334,4467.700375704446,14851.5,2,122,False,2,20230404,1,10
1334,335,4467.695611285267,15379.876175548588,0,0,False,2,20230404,1,10
1335,336,4467.69094247246,15919.686046511628,0,0,False,2,20230404,1,10
1336,337,4467.597979179424,16463.03214941825,2,107,False,2,20230404,1,10
1337,338,4467.796110414053,16995.590338770387,0,0,False,2,20230404,1,10
1338,339,4467.812169312169,17531.589947089946,5,127,False,2,20230404,1,10
1339,340,4467.304143126177,18067.314187068423,2,125,False,2,20230404,1,10
1340,341,4467.6027617212585,18599.59505459217,1,124,False,2,20230404,1,10
1341,342,4467.992462311558,19139.59547738693,0,112,False,2,20230404,1,10
1342,343,4467.9604316546765,19675.586330935253,0,131,False,2,20230404,1,10
1343,344,4467.992462311558,20211.404522613066,2,85,False,2,20230404,1,10
1344,345,4467.695611285267,20755.87617554859,4,81,False,2,20230404,1,10
1345,346,4467.600250626567,21283.404761904763,13,87,True,2,20230404,1,10
1346,347,4910.279048765804,1198.8762793497892,2,120,False,2,20230404,1,10
1347,348,4909.975961538462,1726.3557692307693,0,1,False,2,20230404,1,10
1348,349,4911.294228356336,2263.5,0,0,False,2,20230404,1,10
1349,350,4910.738323353294,2799.859281437126,5,130,False,2,20230404,1,10
1350,351,4910.551497005988,3335.32754491018,0,0,False,2,20230404,1,10
1351,352,4911.092964824121,3871.680904522613,0,0,False,2,20230404,1,10
1352,353,4911.308383233533,4407.317964071856,0,0,False,2,20230404,1,10
1353,354,4911.298994974874,4943.133165829146,0,0,False,2,20230404,1,10
1354,355,4911.308841099164,5479.318399044206,0,0,False,2,20230404,1,10
1355,356,4911.696078431372,6011.318627450981,1,127,False,2,20230404,1,10
1356,357,4911.308383233533,6543.682035928144,1,125,False,2,20230404,1,10
1357,358,4911.796387017759,7083.225658297612,1,0,False,2,20230404,1,10
1358,359,4912.070743405276,7622.958033573142,1,0,False,2,20230404,1,10
1359,360,4911.5,8151.5,2,134,False,2,20230404,1,10
1360,361,4911.5,8694.951572327043,2,128,False,2,20230404,1,10
1361,362,4911.696078431372,9219.68137254902,2,127,False,2,20230404,1,10
1362,363,4911.69656019656,9755.681818181818,0,118,False,2,20230404,1,10
1363,364,4911.5,10291.863190184047,0,135,False,2,20230404,1,10
1364,365,4911.5,10827.863190184047,0,122,False,2,20230404,1,10
1365,366,4911.5,11374.602040816326,3,187,False,2,20230404,1,10
1366,367,4911.780407429598,11902.869682444578,3,135,False,2,20230404,1,10
1367,368,4911.600551808707,12443.043838136113,4,83,False,2,20230404,1,10
1368,369,4911.696078431372,12971.68137254902,2,114,False,2,20230404,1,10
1369,370,4911.780407429598,13504.130317555422,3,118,False,2,20230404,1,10
1370,371,4911.780407429598,14040.130317555422,0,108,False,2,20230404,1,10
1371,372,4911.774165202109,14579.232864674868,19,101,False,2,20230404,1,10
1372,373,4911.696078431372,15115.68137254902,0,0,False,2,20230404,1,10
1373,374,4911.780407429598,15648.130317555422,3,115,False,2,20230404,1,10
1374,375,4911.5,16191.136363636364,0,0,False,2,20230404,1,10
1375,376,4911.5,16731.5,0,105,False,2,20230404,1,10
1376,377,4911.869158878505,17266.77570093458,2,103,False,2,20230404,1,10
1377,378,4911.877182770663,17795.681606519207,3,120,False,2,20230404,1,10
1378,379,4912.261676646706,18335.32754491018,5,82,False,2,20230404,1,10
1379,380,4912.056725146199,18867.49064327485,0,0,False,2,20230404,1,10
1380,381,4911.696078431372,19403.68137254902,3,116,False,2,20230404,1,10
1381,382,4911.796387017759,19947.22565829761,0,203,True,2,20230404,1,10
1382,383,4911.961088355763,20483.050614394386,11,188,True,2,20230404,1,10
1383,384,4911.888206388207,21018.77764127764,3,110,False,2,20230404,1,10
1384,385,5354.359950859951,927.5,2,111,False,2,20230404,1,10
1385,386,5355.3972382787415,1463.4049454078356,0,136,False,2,20230404,1,10
1386,387,5354.355036855037,1999.8341523341523,0,0,False,2,20230404,1,10
1387,388,5355.103761755486,2531.314420062696,1,136,False,2,20230404,1,10
1388,389,5355.299624295554,3067.5,0,0,False,2,20230404,1,10
1389,390,5355.5,3607.309523809524,2,135,False,2,20230404,1,10
1390,391,5355.5,4135.5,2,138,False,2,20230404,1,10
1391,392,5355.87791411043,4678.758895705521,0,0,False,2,20230404,1,10
1392,393,5355.69094247246,5207.313953488372,0,0,False,2,20230404,1,10
1393,394,5355.695611285267,5747.123824451411,1,0,False,2,20230404,1,10
1394,395,5355.600250626567,6275.4047619047615,1,118,False,2,20230404,1,10
1395,396,5355.5,6815.1274509803925,0,0,False,2,20230404,1,10
1396,397,5355.597739767868,7351.404703726329,1,133,False,2,20230404,1,10
1397,398,5355.6027617212585,7887.404945407836,1,136,False,2,20230404,1,10
1398,399,5355.868641532017,8426.757929383602,2,133,False,2,20230404,1,10
1399,400,5355.6027617212585,8951.595054592164,2,131,False,2,20230404,1,10
1400,401,5355.69094247246,9487.686046511628,0,0,False,2,20230404,1,10
1401,402,5355.882352941177,10023.5,4,132,False,2,20230404,1,10
1402,403,5355.788685015291,10559.781345565749,0,0,False,2,20230404,1,10
1403,404,5355.87298266587,11099.5,1,0,False,2,20230404,1,10
1404,405,5355.803536977492,11639.21961414791,0,133,False,2,20230404,1,10
1405,406,5355.788685015291,12175.218654434251,0,0,False,2,20230404,1,10
1406,407,5355.796110414053,12707.218946047678,3,133,False,2,20230404,1,10
1407,408,5355.896238244514,13235.685579937304,3,168,False,2,20230404,1,10
1408,409,5355.700375704446,13771.5,2,136,False,2,20230404,1,10
1409,410,5355.796110414053,14307.781053952322,2,122,False,2,20230404,1,10
1410,411,5355.600125156446,14851.404881101376,1,139,False,2,20230404,1,10
1411,412,5355.700375704446,15379.5,3,123,False,2,20230404,1,10
1412,413,5355.88630806846,15919.685819070904,3,133,False,2,20230404,1,10
1413,414,5355.5,16462.936964504283,0,124,False,2,20230404,1,10
1414,415,5355.896238244514,16995.314420062696,3,132,False,2,20230404,1,10
1415,416,5355.917713152677,17531.31493721084,1,130,False,2,20230404,1,10
1416,417,5355.795739348371,18067.21929824561,1,123,False,2,20230404,1,10
1417,418,5355.6027617212585,18599.59505459217,1,119,False,2,20230404,1,10
1418,419,5355.700375704446,19139.5,6,104,False,2,20230404,1,10
1419,420,5355.968339307049,19675.40442054958,2,118,False,2,20230404,1,10
1420,421,5355.600125156446,20211.40488110137,9,169,True,2,20230404,1,10
1421,422,5355.795739348371,20755.21929824561,2,113,False,2,20230404,1,10
1422,423,5355.700375704446,21283.5,2,85,True,2,20230404,1,10
1423,424,5806.541916167665,1199.3179640718563,0,0,False,2,20230404,1,10
1424,425,5806.328331332533,1727.2454981992796,2,114,False,2,20230404,1,10
1425,426,5806.901257861635,2262.9616352201256,2,115,False,2,20230404,1,10
1426,427,5807.019426180514,2799.4067543335327,0,0,False,2,20230404,1,10
1427,428,5807.204504504504,3335.262162162162,0,0,False,2,20230404,1,10
1428,429,5807.705771643664,3871.5,2,134,False,2,20230404,1,10
1429,430,5807.308383233533,4407.317964071856,1,134,False,2,20230404,1,10
1430,431,5807.397049591965,4943.407093534212,0,0,False,2,20230404,1,10
1431,432,5807.5,5479.136363636364,1,0,False,2,20230404,1,10
1432,433,5807.5,6011.5,2,139,False,2,20230404,1,10
1433,434,5807.317964071856,6544.223353293413,1,119,False,2,20230404,1,10
1434,435,5807.303921568628,7083.318627450981,0,0,False,2,20230404,1,10
1435,436,5807.5,7623.136363636364,0,125,False,2,20230404,1,10
1436,437,5807.5,8151.5,4,128,False,2,20230404,1,10
1437,438,5807.5,8694.951572327043,0,0,False,2,20230404,1,10
1438,439,5807.399448191293,9219.956161863887,0,122,False,2,20230404,1,10
1439,440,5807.303921568628,9755.68137254902,0,116,False,2,20230404,1,10
1440,441,5807.5,10291.863190184047,1,109,False,2,20230404,1,10
1441,442,5807.5,10827.863190184047,3,114,False,2,20230404,1,10
1442,443,5807.5,11374.602040816326,2,113,False,2,20230404,1,10
1443,444,5807.691616766467,11903.317964071855,1,107,False,2,20230404,1,10
1444,445,5807.600551808707,12443.043838136113,2,105,False,2,20230404,1,10
1445,446,5807.696078431372,12971.68137254902,1,108,False,2,20230404,1,10
1446,447,5807.5,13503.863636363636,0,0,False,2,20230404,1,10
1447,448,5807.780407429598,14040.130317555422,1,110,False,2,20230404,1,10
1448,449,5807.5,14579.5,0,104,False,2,20230404,1,10
1449,450,5807.5,15115.5,3,116,False,2,20230404,1,10
1450,451,5807.308383233533,15647.682035928145,5,120,False,2,20230404,1,10
1451,452,5807.219592570402,16190.869682444578,0,102,False,2,20230404,1,10
1452,453,5807.203975535168,16731.225993883792,1,122,True,2,20230404,1,10
1453,454,5808.315897136177,17266.518118059616,6,85,True,2,20230404,1,10
1454,455,5807.5,17795.5,1,123,False,2,20230404,1,10
1455,456,5807.598027495517,18335.04333532576,3,112,False,2,20230404,1,10
1456,457,5807.686915887851,18867.317757009347,5,118,False,2,20230404,1,10
1457,458,5807.399694189602,19403.59296636085,0,78,False,2,20230404,1,10
1458,459,5807.600551808707,19947.04383813612,3,192,True,2,20230404,1,10
1459,460,5807.322429906542,20482.59813084112,5,131,True,2,20230404,1,10
1460,461,5807.600551808707,21019.04383813612,3,94,True,2,20230404,1,10
1461,462,6248.491920447483,929.41671845867,1,76,True,2,20230404,1,10
1462,463,6250.684516129032,1463.5,5,0,False,2,20230404,1,10
1463,464,6250.062461538461,1999.2710769230769,0,109,True,2,20230404,1,10
1464,465,6246.90797940798,2531.5,1,0,True,2,20230404,1,10
1465,466,6251.103761755486,3067.6855799373043,1,113,False,2,20230404,1,10
1466,467,6251.402379499695,3607.4048200122015,0,0,False,2,20230404,1,10
1467,468,6251.30905752754,4135.686046511628,0,0,False,2,20230404,1,10
1468,469,6251.788685015291,4679.21865443425,0,0,False,2,20230404,1,10
1469,470,6251.882352941177,5207.5,1,1,False,2,20230404,1,10
1470,471,6251.600250626567,5747.4047619047615,0,111,False,2,20230404,1,10
1471,472,6251.600250626567,6275.595238095239,0,0,False,2,20230404,1,10
1472,473,6251.5,6815.1274509803925,0,126,False,2,20230404,1,10
1473,474,6251.5,7351.5,0,0,False,2,20230404,1,10
1474,475,6251.6027617212585,7887.404945407836,0,0,False,2,20230404,1,10
1475,476,6251.773053892216,8426.853293413174,1,106,False,2,20230404,1,10
1476,477,6251.5,8951.690231362469,0,0,False,2,20230404,1,10
1477,478,6251.5,9487.872549019608,1,114,False,2,20230404,1,10
1478,479,6251.5,10023.872549019608,7,132,True,2,20230404,1,10
1479,480,6251.69094247246,10559.686046511628,1,0,False,2,20230404,1,10
1480,481,6251.87298266587,11099.5,1,116,False,2,20230404,1,10
1481,482,6251.6027617212585,11639.404945407836,1,112,False,2,20230404,1,10
1482,483,6251.597979179424,12175.032149418248,3,100,False,2,20230404,1,10
1483,484,6251.796110414053,12707.218946047678,1,113,False,2,20230404,1,10
1484,485,6251.896238244514,13235.685579937304,0,102,False,2,20230404,1,10
1485,486,6251.600125156446,13771.595118898624,4,139,True,2,20230404,1,10
1486,487,6251.795739348371,14307.780701754386,3,128,True,2,20230404,1,10
1487,488,6251.5,14851.309643080776,0,0,False,2,20230404,1,10
1488,489,6251.600250626567,15379.40476190476,1,103,False,2,20230404,1,10
1489,490,6251.5,15919.5,1,123,False,2,20230404,1,10
1490,491,6251.5,16462.389434889436,4,106,False,2,20230404,1,10
1491,492,6251.5,16995.30964308078,0,110,False,2,20230404,1,10
1492,493,6251.605540897098,17531.405013192612,1,113,False,2,20230404,1,10
1493,494,6251.5,18066.93753923415,3,108,False,2,20230404,1,10
1494,495,6251.5,18599.5,2,99,False,2,20230404,1,10
1495,496,6251.5,19139.30964308078,3,94,False,2,20230404,1,10
1496,497,6251.5,19675.12701733413,4,99,False,2,20230404,1,10
1497,498,6251.5,20211.30964308078,5,93,False,2,20230404,1,10
1498,499,6251.399874843554,20755.40488110137,0,0,True,2,20230404,1,10
1499,500,6251.600250626567,21283.404761904763,0,0,True,2,20230404,1,10
1500,1,899.004835589942,1464.1473243068988,3,92,True,0,20230315,1,20
1501,2,898.7570725707257,2000.5971709717096,0,105,False,0,20230315,1,20
1502,3,899.2132075471698,2532.3352201257862,1,190,True,0,20230315,1,20
1503,4,899.2132075471698,3068.3352201257862,2,223,True,0,20230315,1,20
1504,5,899.4020208205757,3607.967850581752,0,119,False,0,20230315,1,20
1505,6,899.2204169221336,4136.33629675046,2,114,False,0,20230315,1,20
1506,7,899.4020208205757,4679.967850581751,1,121,False,0,20230315,1,20
1507,8,899.7795830778664,5208.33629675046,0,1,False,0,20230315,1,20
1508,9,899.6956112852664,5747.876175548589,3,117,False,0,20230315,1,20
1509,10,899.204260651629,6275.7807017543855,4,82,True,0,20230315,1,20
1510,11,899.8779141104294,6816.241104294479,3,92,True,0,20230315,1,20
1511,12,900.0686274509804,7352.053921568628,0,77,True,0,20230315,1,20
1512,13,900.3051612903225,7887.866451612903,1,86,True,0,20230315,1,20
1513,14,900.6003003003003,8428.206306306307,0,0,True,0,20230315,1,20
1514,15,900.0979381443299,8952.051546391753,1,140,False,0,20230315,1,20
1515,16,900.2429274292743,9488.59717097171,2,122,False,0,20230315,1,20
1516,17,901.4233621755252,10024.187268232386,2,120,False,0,20230315,1,20
1517,18,901.0743368291178,10560.657310302282,1,126,False,0,20230315,1,20
1518,19,900.5989802039592,11100.224655068989,2,129,False,0,20230315,1,20
1519,20,899.7005141388174,11639.690231362469,2,98,False,0,20230315,1,20
1520,21,901.428306551298,12176.889369592089,0,2,False,0,20230315,1,20
1521,22,900.3805031446541,12707.771698113207,2,122,False,0,20230315,1,20
1522,23,900.3564231738035,13236.502518891688,0,130,False,0,20230315,1,20
1523,24,899.9824120603015,13772.14824120603,2,114,False,0,20230315,1,20
1524,25,900.1607818411097,14308.690416141237,2,132,False,0,20230315,1,20
1525,26,899.896238244514,14851.685579937304,2,108,True,0,20230315,1,20
1526,27,899.9824120603015,15380.14824120603,1,165,False,0,20230315,1,20
1527,28,899.7795830778664,15920.33629675046,0,124,False,0,20230315,1,20
1528,29,899.6909424724602,16463.68604651163,0,124,False,0,20230315,1,20
1529,30,899.6956112852664,16995.87617554859,1,89,False,0,20230315,1,20
1530,31,899.6055408970976,17531.594986807388,1,100,False,0,20230315,1,20
1531,32,899.5,18067.5,0,123,True,0,20230315,1,20
1532,33,899.5,18599.690231362467,1,171,False,0,20230315,1,20
1533,34,899.6002506265664,19139.404761904763,0,0,False,0,20230315,1,20
1534,35,900.1467065868263,19675.226946107785,1,119,False,0,20230315,1,20
1535,36,900.0925925925926,20211.5,3,106,True,0,20230315,1,20
1536,37,900.1842767295598,20754.86603773585,6,108,False,0,20230315,1,20
1537,38,903.89588688946,21283.309768637533,4,106,True,0,20230315,1,20
1538,39,1342.8345888261142,1199.9695543000628,1,107,False,0,20230315,1,20
1539,40,1343.293710691824,1728.4610062893082,1,103,False,0,20230315,1,20
1540,41,1343.1967699406723,2263.78740936058,0,69,False,0,20230315,1,20
1541,42,1343.2115987460816,2799.7884012539184,1,97,False,0,20230315,1,20
1542,43,1343.211959924859,3335.788040075141,0,0,False,0,20230315,1,20
1543,44,1343.5,3871.694993412385,0,91,False,0,20230315,1,20
1544,45,1343.5,4407.6952440550685,0,125,False,0,20230315,1,20
1545,46,1343.5,4943.5,0,0,False,0,20230315,1,20
1546,47,1343.5975609756097,5479.59756097561,0,119,False,0,20230315,1,20
1547,48,1343.5951768488746,6011.788102893891,3,113,False,0,20230315,1,20
1548,49,1343.7790697674418,6544.357322438717,0,0,False,0,20230315,1,20
1549,50,1343.7002567394095,7083.5,3,101,False,0,20230315,1,20
1550,51,1344.0771643663738,7623.5,1,116,False,0,20230315,1,20
1551,52,1343.7884012539184,8151.788401253919,1,132,False,0,20230315,1,20
1552,53,1343.705533596838,8695.5,1,110,False,0,20230315,1,20
1553,54,1343.6953727506427,9219.885604113111,0,127,False,0,20230315,1,20
1554,55,1343.89588688946,9755.690231362469,0,106,False,0,20230315,1,20
1555,56,1343.399935856318,10291.597498396408,1,175,True,0,20230315,1,20
1556,57,1344.0824742268042,10828.067010309278,0,181,True,0,20230315,1,20
1557,58,1344.4319899244333,11374.568010075567,2,120,False,0,20230315,1,20
1558,59,1343.8859649122808,11903.690476190475,2,117,False,0,20230315,1,20
1559,60,1343.89588688946,12443.309768637531,0,115,False,0,20230315,1,20
1560,61,1343.89588688946,12971.690231362469,2,119,False,0,20230315,1,20
1561,62,1343.690476190476,13503.88596491228,0,0,False,0,20230315,1,20
1562,63,1343.8859649122808,14039.690476190475,0,113,False,0,20230315,1,20
1563,64,1343.4044703000611,14579.402020820577,1,110,False,0,20230315,1,20
1564,65,1343.6953727506427,15115.885604113111,2,130,False,0,20230315,1,20
1565,66,1343.690476190476,15647.88596491228,1,123,False,0,20230315,1,20
1566,67,1343.7884012539184,16191.788401253918,2,126,False,0,20230315,1,20
1567,68,1343.399935856318,16731.402501603592,1,122,False,0,20230315,1,20
1568,69,1343.6865030674846,17267.308588957054,2,276,True,0,20230315,1,20
1569,70,1343.5955296999389,17795.98009797918,2,110,False,0,20230315,1,20
1570,71,1343.5975609756097,18335.40243902439,0,130,False,0,20230315,1,20
1571,72,1343.5,18867.88235294117,0,113,False,0,20230315,1,20
1572,73,1343.5,19403.5,0,0,False,0,20230315,1,20
1573,74,1343.89588688946,19947.309768637533,3,112,False,0,20230315,1,20
1574,75,1344.0539215686274,20482.93137254902,1,125,False,0,20230315,1,20
1575,76,1344.1825499034128,21019.03122987765,1,109,False,0,20230315,1,20
1576,77,1786.8558696988323,928.6923786109404,0,113,False,0,20230315,1,20
1577,78,1786.6937984496124,1464.37338501292,2,121,False,0,20230315,1,20
1578,79,1786.9313725490197,2000.053921568628,1,124,False,0,20230315,1,20
1579,80,1787.2038895859473,2531.781053952321,3,173,False,0,20230315,1,20
1580,81,1786.442065491184,3068.3110831234258,3,164,False,0,20230315,1,20
1581,82,1787.970300061237,3608.149112063688,2,129,False,0,20230315,1,20
1582,83,1787.5979791794243,4135.967850581751,4,128,False,0,20230315,1,20
1583,84,1787.2204169221336,4679.772225628449,2,241,False,0,20230315,1,20
1584,85,1787.029699938763,5208.149112063687,1,1,False,0,20230315,1,20
1585,86,1787.882149591452,5748.053111250786,1,124,False,0,20230315,1,20
1586,87,1787.9753476611884,6276.870417193426,0,131,False,0,20230315,1,20
1587,88,1788.0700245700243,6816.055282555282,1,58,False,0,20230315,1,20
1588,89,1788.0686274509803,7352.053921568628,0,122,False,0,20230315,1,20
1589,90,1787.9066924066924,7887.685328185328,0,289,True,0,20230315,1,20
1590,91,1788.4214157168567,8427.5,0,0,False,0,20230315,1,20
1591,92,1788.8411003236247,8951.057281553398,2,134,False,0,20230315,1,20
1592,93,1788.9590264941469,9488.74460874923,0,1,False,0,20230315,1,20
1593,94,1788.5325752919484,10024.31868469576,2,116,False,0,20230315,1,20
1594,95,1789.3282890673256,10560.925571340333,3,112,False,0,20230315,1,20
1595,96,1788.2420706163973,11099.868641532015,2,147,False,0,20230315,1,20
1596,97,1788.1082474226805,11639.5,3,144,False,0,20230315,1,20
1597,98,1788.8382533825338,12175.657441574416,1,124,False,0,20230315,1,20
1598,99,1788.3636363636365,13236.671717171715,2,107,False,0,20230315,1,20
1599,100,1788.083280955374,13772.053111250783,1,139,False,0,20230315,1,20
1600,101,1788.26214511041,14308.5952681388,2,183,False,0,20230315,1,20
1601,102,1788.0925925925926,14851.5,2,135,False,0,20230315,1,20
1602,103,1787.887665198238,15380.240088105727,2,145,False,0,20230315,1,20
1603,104,1787.8779141104294,15920.24110429448,1,138,False,0,20230315,1,20
1604,105,1787.7886850152904,16463.409480122325,4,195,False,0,20230315,1,20
1605,106,1787.795739348371,16995.780701754386,0,0,False,0,20230315,1,20
1606,107,1787.9177131526767,17531.68506278916,0,0,False,0,20230315,1,20
1607,108,1787.7003757044458,18067.5,3,139,False,0,20230315,1,20
1608,109,1787.6027617212587,18599.59505459217,2,190,True,0,20230315,1,20
1609,110,1787.896238244514,19139.314420062696,0,0,True,0,20230315,1,20
1610,111,1788.4214157168567,19675.5,1,136,False,0,20230315,1,20
1611,112,1788.0925925925926,20211.5,1,45,True,0,20230315,1,20
1612,113,1788.083280955374,20754.94688874921,2,114,False,0,20230315,1,20
1613,114,1788.294468887492,21283.5,0,0,True,0,20230315,1,20
1614,115,1791.89588688946,12707.309768637531,1,143,False,0,20230315,1,20
1615,116,2231.304755944931,1199.5,1,114,False,0,20230315,1,20
1616,117,2231.6907151819323,1727.8764115432873,1,115,False,0,20230315,1,20
1617,118,2231.5,2263.5,0,107,False,0,20230315,1,20
1618,119,2231.5,2799.5,1,91,False,0,20230315,1,20
1619,120,2231.5,3335.5,1,113,False,0,20230315,1,20
1620,121,2231.5,3871.5,2,100,False,0,20230315,1,20
1621,122,2231.695244055069,4407.5,0,0,False,0,20230315,1,20
1622,123,2231.5,4943.5,1,92,False,0,20230315,1,20
1623,124,2231.5,5479.5,1,129,False,0,20230315,1,20
1624,125,2231.6000641436817,6011.402501603592,1,116,False,0,20230315,1,20
1625,126,2231.690476190476,6543.8859649122805,0,122,False,0,20230315,1,20
1626,127,2231.89588688946,7083.690231362468,1,137,False,0,20230315,1,20
1627,128,2232.077164366374,7623.5,0,125,False,0,20230315,1,20
1628,129,2231.8859649122805,8151.690476190476,0,0,False,0,20230315,1,20
1629,130,2232.1076618229854,8695.5,0,143,False,0,20230315,1,20
1630,131,2231.79543994862,9219.787732819525,2,146,False,0,20230315,1,20
1631,132,2232.182549903413,9755.968770122345,1,157,False,0,20230315,1,20
1632,133,2232.182549903413,10291.968770122345,2,227,False,0,20230315,1,20
1633,134,2232.082474226804,10828.067010309278,1,107,False,0,20230315,1,20
1634,135,2231.6902377972465,11375.304755944931,0,139,False,0,20230315,1,20
1635,136,2232.165411173886,11903.969554300063,0,0,False,0,20230315,1,20
1636,137,2231.7002567394097,12443.5,0,128,False,0,20230315,1,20
1637,138,2232.0817245817248,12972.06628056628,2,138,False,0,20230315,1,20
1638,139,2232.3332284455632,13504.529578351165,0,213,True,0,20230315,1,20
1639,140,2232.3332284455632,14040.529578351165,2,174,False,0,20230315,1,20
1640,141,2232.241104294478,14579.87791411043,1,109,False,0,20230315,1,20
1641,142,2232.0817245817248,15116.06628056628,1,96,False,0,20230315,1,20
1642,143,2231.9695543000626,15648.165411173886,0,0,False,0,20230315,1,20
1643,144,2231.8859649122805,16191.690476190475,4,147,False,0,20230315,1,20
1644,145,2231.7002567394097,16731.5,0,0,False,0,20230315,1,20
1645,146,2232.241104294478,17267.681595092025,0,0,False,0,20230315,1,20
1646,147,2232.053921568628,17796.06862745098,2,146,False,0,20230315,1,20
1647,148,2231.8859649122805,18335.69047619048,5,255,True,0,20230315,1,20
1648,149,2232.33629675046,18867.220416922133,2,118,False,0,20230315,1,20
1649,150,2231.79543994862,19403.787732819525,1,132,False,0,20230315,1,20
1650,151,2231.89588688946,19947.309768637533,2,173,False,0,20230315,1,20
1651,152,2232.33629675046,20483.220416922133,2,109,False,0,20230315,1,20
1652,153,2231.89588688946,21019.309768637533,2,129,False,0,20230315,1,20
1653,154,2674.93137254902,928.0539215686274,2,119,True,0,20230315,1,20
1654,155,2677.859493670886,1462.4012658227848,1,130,False,0,20230315,1,20
1655,156,2675.406919779547,1999.776791181874,0,0,False,0,20230315,1,20
1656,157,2674.90666247643,2531.489943431804,3,124,True,0,20230315,1,20
1657,158,2675.1173694147265,3068.04877281309,1,122,False,0,20230315,1,20
1658,159,2674.6416309012875,3607.7722256284487,1,0,False,0,20230315,1,20
1659,160,2678.221252257676,4135.150812763395,0,122,False,0,20230315,1,20
1660,161,2679.5,4679.5,1,199,False,0,20230315,1,20
1661,162,2678.2738452309536,5208.111877624475,1,133,False,0,20230315,1,20
1662,163,2679.5,5747.5,1,113,False,0,20230315,1,20
1663,164,2680.4987699877,6275.849323493235,1,129,False,0,20230315,1,20
1664,165,2679.882775119617,6815.5,2,164,False,0,20230315,1,20
1665,166,2680.2616766467067,7351.859281437126,1,139,False,0,20230315,1,20
1666,167,2680.236225087925,8427.317116060962,1,114,False,0,20230315,1,20
1667,168,2679.907035175879,8951.680904522613,1,160,False,0,20230315,1,20
1668,169,2679.211389385808,9487.774299344066,2,222,False,0,20230315,1,20
1669,170,2680.0693779904304,10024.04066985646,1,143,False,0,20230315,1,20
1670,171,2681.5253470126736,10560.709414604707,1,140,False,0,20230315,1,20
1671,172,2680.147574517826,11099.766510812393,1,258,False,0,20230315,1,20
1672,173,2680.1638705811865,12175.766027561414,3,126,False,0,20230315,1,20
1673,174,2680.093137254902,12707.5,1,198,False,0,20230315,1,20
1674,175,2680.0840490797545,13236.039877300613,3,127,False,0,20230315,1,20
1675,176,2679.796024464832,13771.774006116208,0,0,False,0,20230315,1,20
1676,177,2680.459409594096,14308.385608856088,0,169,True,0,20230315,1,20
1677,178,2679.896572827417,14851.681150550796,0,332,False,0,20230315,1,20
1678,179,2680.0840490797545,15380.039877300613,0,0,False,0,20230315,1,20
1679,180,2680.0693779904304,15920.04066985646,1,132,False,0,20230315,1,20
1680,181,2679.980573819486,16463.406754333533,1,119,False,0,20230315,1,20
1681,182,2679.896572827417,16995.681150550794,1,138,False,0,20230315,1,20
1682,183,2679.605602060528,17531.592723760463,2,132,False,0,20230315,1,20
1683,184,2679.9935543278084,18067.58348680172,0,136,False,0,20230315,1,20
1684,185,2679.80923947203,18599.42206159648,0,0,True,0,20230315,1,20
1685,186,2680.1876155268023,19139.214109673445,0,128,False,0,20230315,1,20
1686,187,2680.4227166276346,19675.5,1,136,False,0,20230315,1,20
1687,188,2679.700488997555,20211.5,0,0,False,0,20230315,1,20
1688,189,2679.7963870177587,20755.22565829761,0,87,True,0,20230315,1,20
1689,190,2680.093137254902,21283.5,2,88,True,0,20230315,1,20
1690,191,2683.602761721259,7887.595054592164,0,0,False,0,20230315,1,20
1691,192,2683.9025806451614,11639.5,2,273,False,0,20230315,1,20
1692,193,3130.359950859951,1199.5,3,120,False,0,20230315,1,20
1693,194,3125.668888888889,1728.9653968253967,0,0,False,0,20230315,1,20
1694,195,3131.397238278741,2263.5950545921646,0,164,False,0,20230315,1,20
1695,196,3127.2105097545627,2799.7794210195093,0,0,False,0,20230315,1,20
1696,197,3129.775092936803,3336.6995043370507,2,107,False,0,20230315,1,20
1697,198,3131.397238278741,3871.5950545921646,0,126,False,0,20230315,1,20
1698,199,3130.726600985221,4406.869458128079,2,103,False,0,20230315,1,20
1699,200,3130.9945196647323,4943.595422308188,1,141,False,0,20230315,1,20
1700,201,3131.402260232132,5479.404703726329,3,277,False,0,20230315,1,20
1701,202,3131.203889585948,6011.781053952322,0,0,False,0,20230315,1,20
1702,203,3131.1220858895704,6544.241104294479,0,99,False,0,20230315,1,20
1703,204,3131.6001251564458,7083.595118898624,0,0,False,0,20230315,1,20
1704,205,3131.5,7623.127450980392,1,200,False,0,20230315,1,20
1705,206,3131.5,8151.872549019607,0,0,False,0,20230315,1,20
1706,207,3131.5,8695.309768637531,1,122,False,0,20230315,1,20
1707,208,3131.6956112852663,9219.876175548588,2,111,False,0,20230315,1,20
1708,209,3131.7961104140527,9755.781053952322,1,117,False,0,20230315,1,20
1709,210,3131.7961104140527,10291.781053952322,1,292,True,0,20230315,1,20
1710,211,3131.5,10828.06246076585,0,166,False,0,20230315,1,20
1711,212,3131.779926335175,11374.854205033764,1,91,False,0,20230315,1,20
1712,213,3131.6909424724604,11903.686046511628,1,174,False,0,20230315,1,20
1713,214,3131.6002506265663,12443.40476190476,0,1,False,0,20230315,1,20
1714,215,3131.7961104140527,12971.781053952322,3,148,False,0,20230315,1,20
1715,216,3131.7795830778664,13504.33629675046,0,103,False,0,20230315,1,20
1716,217,3131.7795830778664,14040.33629675046,0,165,False,0,20230315,1,20
1717,218,3131.960431654676,14579.960431654676,0,0,False,0,20230315,1,20
1718,219,3131.6956112852663,15115.876175548588,1,128,False,0,20230315,1,20
1719,220,3131.5,15648.063035495716,1,119,False,0,20230315,1,20
1720,221,3131.8823529411766,16191.5,2,126,False,0,20230315,1,20
1721,222,3131.5,16731.30964308078,1,116,False,0,20230315,1,20
1722,223,3131.6862686567165,17267.313731343285,1,117,False,0,20230315,1,20
1723,224,3131.313953488372,17795.68604651163,2,136,False,0,20230315,1,20
1724,225,3131.6909424724604,18335.31395348837,2,119,False,0,20230315,1,20
1725,226,3131.68671454219,18867.68671454219,3,98,False,0,20230315,1,20
1726,227,3131.700375704446,19403.5,1,110,False,0,20230315,1,20
1727,228,3131.5,19947.5,0,103,False,0,20230315,1,20
1728,229,3131.782634730539,20482.661676646705,0,110,False,0,20230315,1,20
1729,230,3131.7961104140527,21019.21894604768,2,107,False,0,20230315,1,20
1730,231,3570.6416309012875,927.7722256284488,0,0,False,0,20230315,1,20
1731,232,3571.5,1463.5,1,127,False,0,20230315,1,20
1732,233,3569.9433497536947,2000.5147783251232,3,101,False,0,20230315,1,20
1733,234,3571.3043887147337,2531.1238244514107,0,140,False,0,20230315,1,20
1734,235,3571.8962382445143,3067.6855799373043,0,129,False,0,20230315,1,20
1735,236,3571.5,3607.309523809524,3,125,False,0,20230315,1,20
1736,237,3571.597620500305,4135.595179987798,3,122,False,0,20230315,1,20
1737,238,3571.5,4679.5,1,120,False,0,20230315,1,20
1738,239,3571.88630806846,5207.6858190709045,3,142,False,0,20230315,1,20
1739,240,3571.7961104140527,5747.590338770389,0,0,False,0,20230315,1,20
1740,241,3571.8962382445143,6275.314420062696,1,125,False,0,20230315,1,20
1741,242,3571.69536019536,6815.5,2,179,False,0,20230315,1,20
1742,243,3572.166258420086,7351.041947336191,1,134,False,0,20230315,1,20
1743,244,3571.7056555269924,7887.5,2,129,False,0,20230315,1,20
1744,245,3572.5167865707435,8427.404076738609,0,263,True,0,20230315,1,20
1745,246,3571.9066924066924,8951.685328185327,1,218,True,0,20230315,1,20
1746,247,3572.260736196319,9487.86809815951,0,0,False,0,20230315,1,20
1747,248,3572.260736196319,10023.86809815951,0,0,False,0,20230315,1,20
1748,249,3572.0686274509803,10560.053921568628,1,116,False,0,20230315,1,20
1749,250,3574.511180124224,11097.66645962733,1,131,False,0,20230315,1,20
1750,251,3572.00998068255,11639.404700579524,1,101,False,0,20230315,1,20
1751,252,3572.3583690987125,12175.227774371551,0,123,True,0,20230315,1,20
1752,253,3572.0925925925926,12707.5,2,183,True,0,20230315,1,20
1753,254,3572.0825486503454,13236.052416823602,0,150,False,0,20230315,1,20
1754,255,3571.8962382445143,13771.685579937304,1,242,False,0,20230315,1,20
1755,256,3572.183417085427,14307.957286432162,3,130,False,0,20230315,1,20
1756,257,3571.700375704446,14851.5,0,123,False,0,20230315,1,20
1757,258,3572.183417085427,15379.957286432162,1,109,False,0,20230315,1,20
1758,259,3572.3583690987125,15919.772225628449,1,126,False,0,20230315,1,20
1759,260,3571.88630806846,16463.314180929094,2,127,False,0,20230315,1,20
1760,261,3572.0925925925926,16995.5,2,133,False,0,20230315,1,20
1761,262,3571.6055408970974,17531.594986807388,3,116,False,0,20230315,1,20
1762,263,3571.6001251564458,18067.40488110137,2,127,False,0,20230315,1,20
1763,264,3571.602761721259,18599.59505459217,0,0,True,0,20230315,1,20
1764,265,3572.0925925925926,19139.5,0,123,False,0,20230315,1,20
1765,266,3572.5167865707435,19675.59592326139,0,115,False,0,20230315,1,20
1766,267,3572.0925925925926,20211.5,2,296,True,0,20230315,1,20
1767,268,3572.183417085427,20755.04271356784,0,127,False,0,20230315,1,20
1768,269,3572.0925925925926,21283.5,0,0,True,0,20230315,1,20
1769,270,4023.1235884567127,1199.1135508155585,1,251,True,0,20230315,1,20
1770,271,4023.4024390243903,1727.5975609756097,3,192,True,0,20230315,1,20
1771,272,4023.5,2263.5,0,0,False,0,20230315,1,20
1772,273,4023.5,2799.304755944931,0,83,False,0,20230315,1,20
1773,274,4023.22057898049,3335.7794210195093,2,159,False,0,20230315,1,20
1774,275,4023.6026991441736,3871.597432521396,0,99,False,0,20230315,1,20
1775,276,4023.6911949685536,4407.308805031446,3,149,False,0,20230315,1,20
1776,277,4023.3973008558255,4943.597432521396,2,198,False,0,20230315,1,20
1777,278,4023.690476190476,5479.11403508772,0,65,False,0,20230315,1,20
1778,279,4023.6000641436817,6011.597498396408,2,101,False,0,20230315,1,20
1779,280,4023.690476190476,6543.8859649122805,1,130,False,0,20230315,1,20
1780,281,4023.7002567394097,7083.5,1,129,False,0,20230315,1,20
1781,282,4023.7884012539184,7623.211598746081,0,126,False,0,20230315,1,20
1782,283,4023.885964912281,8151.690476190476,2,122,False,0,20230315,1,20
1783,284,4023.6026991441736,8695.402567478604,0,112,False,0,20230315,1,20
1784,285,4023.7954399486193,9219.787732819525,0,0,False,0,20230315,1,20
1785,286,4023.89588688946,9755.690231362469,1,77,False,0,20230315,1,20
1786,287,4023.89588688946,10291.690231362469,0,0,False,0,20230315,1,20
1787,288,4023.6953727506425,10827.885604113111,1,127,False,0,20230315,1,20
1788,289,4023.7884012539184,11375.211598746082,2,211,False,0,20230315,1,20
1789,290,4023.885964912281,11903.690476190475,1,236,False,0,20230315,1,20
1790,291,4023.7002567394097,12443.5,1,257,False,0,20230315,1,20
1791,292,4023.7954399486193,12971.787732819525,0,0,False,0,20230315,1,20
1792,293,4023.969554300063,13504.165411173886,0,130,False,0,20230315,1,20
1793,294,4023.885964912281,14039.690476190475,1,146,False,0,20230315,1,20
1794,295,4023.87652811736,14579.690709046456,0,81,False,0,20230315,1,20
1795,296,4023.7954399486193,15115.787732819525,2,134,False,0,20230315,1,20
1796,297,4023.5975609756097,15647.40243902439,1,113,False,0,20230315,1,20
1797,298,4023.5,16191.5,0,109,False,0,20230315,1,20
1798,299,4023.6000641436817,16731.402501603592,2,125,False,0,20230315,1,20
1799,300,4023.4048200122015,17267.402379499694,2,133,False,0,20230315,1,20
1800,301,4024.053921568628,17796.06862745098,1,1,False,0,20230315,1,20
1801,302,4023.695244055069,18335.5,0,0,False,0,20230315,1,20
1802,303,4023.5,18867.5,0,131,False,0,20230315,1,20
1803,304,4023.6000641436817,19403.597498396408,0,122,False,0,20230315,1,20
1804,305,4023.89588688946,19947.309768637533,2,124,False,0,20230315,1,20
1805,306,4023.314180929096,20483.11369193154,1,115,False,0,20230315,1,20
1806,307,4023.6000641436817,21019.402501603592,0,98,False,0,20230315,1,20
1807,308,4467.308588957055,927.6865030674846,3,115,False,0,20230315,1,20
1808,309,4467.6027617212585,1463.5950545921644,1,253,True,0,20230315,1,20
1809,310,4467.69094247246,1999.686046511628,3,124,False,0,20230315,1,20
1810,311,4467.5,2531.5,2,123,False,0,20230315,1,20
1811,312,4467.103264281231,3067.133396107972,3,200,False,0,20230315,1,20
1812,313,4467.597620500305,3607.5951799877976,2,118,False,0,20230315,1,20
1813,314,4468.0700245700245,4135.490171990172,1,138,False,0,20230315,1,20
1814,315,4467.790461538461,4678.6704615384615,1,222,False,0,20230315,1,20
1815,316,4467.220416922134,5207.772225628449,4,237,True,0,20230315,1,20
1816,317,4467.600250626567,5747.4047619047615,1,130,False,0,20230315,1,20
1817,318,4467.695611285267,6275.876175548589,1,127,False,0,20230315,1,20
1818,319,4468.067931456549,6814.9467564259485,1,136,False,0,20230315,1,20
1819,320,4467.69094247246,7351.686046511628,0,143,False,0,20230315,1,20
1820,321,4467.705655526992,7887.5,1,204,True,0,20230315,1,20
1821,322,4467.9604316546765,8427.039568345324,1,138,False,0,20230315,1,20
1822,323,4467.803536977492,8951.78038585209,1,145,False,0,20230315,1,20
1823,324,4467.779926335175,9488.145794966236,0,142,False,0,20230315,1,20
1824,325,4467.970876762723,10023.958614347026,1,133,False,0,20230315,1,20
1825,326,4467.779926335175,10560.145794966236,1,196,True,0,20230315,1,20
1826,327,4467.773709483794,11099.773709483794,3,303,True,0,20230315,1,20
1827,328,4467.705655526992,11639.5,0,103,False,0,20230315,1,20
1828,329,4467.691411042945,12175.313496932517,0,0,False,0,20230315,1,20
1829,330,4467.992462311558,12707.404522613066,0,0,False,0,20230315,1,20
1830,331,4467.982412060302,13236.14824120603,0,289,False,0,20230315,1,20
1831,332,4467.695611285267,13771.876175548588,1,141,False,0,20230315,1,20
1832,333,4467.78679245283,14308.335220125786,1,141,False,0,20230315,1,20
1833,334,4467.700375704446,14851.5,0,144,False,0,20230315,1,20
1834,335,4467.695611285267,15379.876175548588,3,128,False,0,20230315,1,20
1835,336,4467.69094247246,15919.686046511628,3,199,False,0,20230315,1,20
1836,337,4467.597979179424,16463.03214941825,3,205,False,0,20230315,1,20
1837,338,4467.796110414053,16995.590338770387,3,136,False,0,20230315,1,20
1838,339,4467.812169312169,17531.589947089946,0,149,False,0,20230315,1,20
1839,340,4467.304143126177,18067.314187068423,0,74,True,0,20230315,1,20
1840,341,4467.6027617212585,18599.59505459217,1,298,True,0,20230315,1,20
1841,342,4467.992462311558,19139.59547738693,1,145,False,0,20230315,1,20
1842,343,4467.9604316546765,19675.586330935253,0,0,False,0,20230315,1,20
1843,344,4467.992462311558,20211.404522613066,1,129,False,0,20230315,1,20
1844,345,4467.695611285267,20755.87617554859,2,109,False,0,20230315,1,20
1845,346,4467.600250626567,21283.404761904763,1,87,True,0,20230315,1,20
1846,347,4910.279048765804,1198.8762793497892,1,125,False,0,20230315,1,20
1847,348,4909.975961538462,1726.3557692307693,0,0,False,0,20230315,1,20
1848,349,4911.294228356336,2263.5,1,133,False,0,20230315,1,20
1849,350,4910.738323353294,2799.859281437126,0,0,False,0,20230315,1,20
1850,351,4910.551497005988,3335.32754491018,0,135,False,0,20230315,1,20
1851,352,4911.092964824121,3871.680904522613,1,123,False,0,20230315,1,20
1852,353,4911.308383233533,4407.317964071856,0,0,False,0,20230315,1,20
1853,354,4911.298994974874,4943.133165829146,0,178,True,0,20230315,1,20
1854,355,4911.308841099164,5479.318399044206,2,161,True,0,20230315,1,20
1855,356,4911.696078431372,6011.318627450981,0,112,False,0,20230315,1,20
1856,357,4911.308383233533,6543.682035928144,0,132,False,0,20230315,1,20
1857,358,4911.796387017759,7083.225658297612,1,257,False,0,20230315,1,20
1858,359,4912.070743405276,7622.958033573142,0,119,False,0,20230315,1,20
1859,360,4911.5,8151.5,1,122,False,0,20230315,1,20
1860,361,4911.5,8694.951572327043,0,0,False,0,20230315,1,20
1861,362,4911.696078431372,9219.68137254902,0,121,False,0,20230315,1,20
1862,363,4911.69656019656,9755.681818181818,1,115,False,0,20230315,1,20
1863,364,4911.5,10291.863190184047,2,117,False,0,20230315,1,20
1864,365,4911.5,10827.863190184047,0,252,False,0,20230315,1,20
1865,366,4911.5,11374.602040816326,1,136,False,0,20230315,1,20
1866,367,4911.780407429598,11902.869682444578,1,290,True,0,20230315,1,20
1867,368,4911.600551808707,12443.043838136113,1,295,True,0,20230315,1,20
1868,369,4911.696078431372,12971.68137254902,1,175,False,0,20230315,1,20
1869,370,4911.780407429598,13504.130317555422,1,84,False,0,20230315,1,20
1870,371,4911.780407429598,14040.130317555422,2,210,False,0,20230315,1,20
1871,372,4911.774165202109,14579.232864674868,0,166,True,0,20230315,1,20
1872,373,4911.696078431372,15115.68137254902,1,192,False,0,20230315,1,20
1873,374,4911.780407429598,15648.130317555422,2,179,False,0,20230315,1,20
1874,375,4911.5,16191.136363636364,1,117,False,0,20230315,1,20
1875,376,4911.5,16731.5,0,0,False,0,20230315,1,20
1876,377,4911.869158878505,17266.77570093458,1,139,False,0,20230315,1,20
1877,378,4911.877182770663,17795.681606519207,2,169,False,0,20230315,1,20
1878,379,4912.261676646706,18335.32754491018,0,141,False,0,20230315,1,20
1879,380,4912.056725146199,18867.49064327485,0,0,False,0,20230315,1,20
1880,381,4911.696078431372,19403.68137254902,0,0,False,0,20230315,1,20
1881,382,4911.796387017759,19947.22565829761,0,129,False,0,20230315,1,20
1882,383,4911.961088355763,20483.050614394386,2,117,False,0,20230315,1,20
1883,384,4911.888206388207,21018.77764127764,0,113,False,0,20230315,1,20
1884,385,5354.359950859951,927.5,0,108,True,0,20230315,1,20
1885,386,5355.3972382787415,1463.4049454078356,2,127,False,0,20230315,1,20
1886,387,5354.355036855037,1999.8341523341523,0,0,False,0,20230315,1,20
1887,388,5355.103761755486,2531.314420062696,1,134,False,0,20230315,1,20
1888,389,5355.299624295554,3067.5,0,0,False,0,20230315,1,20
1889,390,5355.5,3607.309523809524,2,133,False,0,20230315,1,20
1890,391,5355.5,4135.5,1,134,False,0,20230315,1,20
1891,392,5355.87791411043,4678.758895705521,1,120,False,0,20230315,1,20
1892,393,5355.69094247246,5207.313953488372,0,116,False,0,20230315,1,20
1893,394,5355.695611285267,5747.123824451411,1,0,False,0,20230315,1,20
1894,395,5355.600250626567,6275.4047619047615,2,151,False,0,20230315,1,20
1895,396,5355.5,6815.1274509803925,1,122,False,0,20230315,1,20
1896,397,5355.597739767868,7351.404703726329,1,154,False,0,20230315,1,20
1897,398,5355.6027617212585,7887.404945407836,2,120,False,0,20230315,1,20
1898,399,5355.868641532017,8426.757929383602,1,203,False,0,20230315,1,20
1899,400,5355.6027617212585,8951.595054592164,0,146,False,0,20230315,1,20
1900,401,5355.69094247246,9487.686046511628,1,143,False,0,20230315,1,20
1901,402,5355.882352941177,10023.5,1,121,False,0,20230315,1,20
1902,403,5355.788685015291,10559.781345565749,2,200,False,0,20230315,1,20
1903,404,5355.87298266587,11099.5,0,0,False,0,20230315,1,20
1904,405,5355.803536977492,11639.21961414791,0,141,False,0,20230315,1,20
1905,406,5355.788685015291,12175.218654434251,1,1,False,0,20230315,1,20
1906,407,5355.796110414053,12707.218946047678,1,175,False,0,20230315,1,20
1907,408,5355.896238244514,13235.685579937304,1,142,False,0,20230315,1,20
1908,409,5355.700375704446,13771.5,1,116,False,0,20230315,1,20
1909,410,5355.796110414053,14307.781053952322,2,181,False,0,20230315,1,20
1910,411,5355.600125156446,14851.404881101376,3,140,False,0,20230315,1,20
1911,412,5355.700375704446,15379.5,0,0,False,0,20230315,1,20
1912,413,5355.88630806846,15919.685819070904,0,1,False,0,20230315,1,20
1913,414,5355.5,16462.936964504283,0,0,False,0,20230315,1,20
1914,415,5355.896238244514,16995.314420062696,1,247,False,0,20230315,1,20
1915,416,5355.917713152677,17531.31493721084,0,0,False,0,20230315,1,20
1916,417,5355.795739348371,18067.21929824561,1,130,False,0,20230315,1,20
1917,418,5355.6027617212585,18599.59505459217,0,0,False,0,20230315,1,20
1918,419,5355.700375704446,19139.5,1,148,False,0,20230315,1,20
1919,420,5355.968339307049,19675.40442054958,1,120,False,0,20230315,1,20
1920,421,5355.600125156446,20211.40488110137,0,135,False,0,20230315,1,20
1921,422,5355.795739348371,20755.21929824561,2,111,False,0,20230315,1,20
1922,423,5355.700375704446,21283.5,0,115,False,0,20230315,1,20
1923,424,5806.541916167665,1199.3179640718563,6,306,True,0,20230315,1,20
1924,425,5806.328331332533,1727.2454981992796,1,132,False,0,20230315,1,20
1925,426,5806.901257861635,2262.9616352201256,0,0,False,0,20230315,1,20
1926,427,5807.019426180514,2799.4067543335327,0,0,False,0,20230315,1,20
1927,428,5807.204504504504,3335.262162162162,1,111,False,0,20230315,1,20
1928,429,5807.705771643664,3871.5,1,116,False,0,20230315,1,20
1929,430,5807.308383233533,4407.317964071856,1,136,False,0,20230315,1,20
1930,431,5807.397049591965,4943.407093534212,0,171,True,0,20230315,1,20
1931,432,5807.5,5479.136363636364,3,229,True,0,20230315,1,20
1932,433,5807.5,6011.5,0,121,False,0,20230315,1,20
1933,434,5807.317964071856,6544.223353293413,1,124,False,0,20230315,1,20
1934,435,5807.303921568628,7083.318627450981,1,113,False,0,20230315,1,20
1935,436,5807.5,7623.136363636364,0,116,False,0,20230315,1,20
1936,437,5807.5,8151.5,1,126,False,0,20230315,1,20
1937,438,5807.5,8694.951572327043,1,162,False,0,20230315,1,20
1938,439,5807.399448191293,9219.956161863887,0,0,False,0,20230315,1,20
1939,440,5807.303921568628,9755.68137254902,1,212,True,0,20230315,1,20
1940,441,5807.5,10291.863190184047,1,1,False,0,20230315,1,20
1941,442,5807.5,10827.863190184047,2,126,False,0,20230315,1,20
1942,443,5807.5,11374.602040816326,1,210,False,0,20230315,1,20
1943,444,5807.691616766467,11903.317964071855,1,213,False,0,20230315,1,20
1944,445,5807.600551808707,12443.043838136113,0,0,False,0,20230315,1,20
1945,446,5807.696078431372,12971.68137254902,0,1,False,0,20230315,1,20
1946,447,5807.5,13503.863636363636,1,135,False,0,20230315,1,20
1947,448,5807.780407429598,14040.130317555422,0,136,False,0,20230315,1,20
1948,449,5807.5,14579.5,0,104,False,0,20230315,1,20
1949,450,5807.5,15115.5,0,0,False,0,20230315,1,20
1950,451,5807.308383233533,15647.682035928145,0,0,False,0,20230315,1,20
1951,452,5807.219592570402,16190.869682444578,0,321,True,0,20230315,1,20
1952,453,5807.203975535168,16731.225993883792,0,97,False,0,20230315,1,20
1953,454,5808.315897136177,17266.518118059616,2,207,False,0,20230315,1,20
1954,455,5807.5,17795.5,1,122,False,0,20230315,1,20
1955,456,5807.598027495517,18335.04333532576,0,0,False,0,20230315,1,20
1956,457,5807.686915887851,18867.317757009347,1,128,False,0,20230315,1,20
1957,458,5807.399694189602,19403.59296636085,0,127,False,0,20230315,1,20
1958,459,5807.600551808707,19947.04383813612,1,111,False,0,20230315,1,20
1959,460,5807.322429906542,20482.59813084112,0,120,False,0,20230315,1,20
1960,461,5807.600551808707,21019.04383813612,3,131,False,0,20230315,1,20
1961,462,6248.491920447483,929.41671845867,0,100,True,0,20230315,1,20
1962,463,6250.684516129032,1463.5,0,113,True,0,20230315,1,20
1963,464,6250.062461538461,1999.2710769230769,0,0,False,0,20230315,1,20
1964,465,6246.90797940798,2531.5,1,131,False,0,20230315,1,20
1965,466,6251.103761755486,3067.6855799373043,2,125,False,0,20230315,1,20
1966,467,6251.402379499695,3607.4048200122015,0,135,False,0,20230315,1,20
1967,468,6251.30905752754,4135.686046511628,1,120,False,0,20230315,1,20
1968,469,6251.788685015291,4679.21865443425,1,114,False,0,20230315,1,20
1969,470,6251.882352941177,5207.5,1,212,True,0,20230315,1,20
1970,471,6251.600250626567,5747.4047619047615,0,164,True,0,20230315,1,20
1971,472,6251.600250626567,6275.595238095239,1,145,False,0,20230315,1,20
1972,473,6251.5,6815.1274509803925,0,0,False,0,20230315,1,20
1973,474,6251.5,7351.5,1,106,False,0,20230315,1,20
1974,475,6251.6027617212585,7887.404945407836,1,290,True,0,20230315,1,20
1975,476,6251.773053892216,8426.853293413174,0,0,False,0,20230315,1,20
1976,477,6251.5,8951.690231362469,1,113,False,0,20230315,1,20
1977,478,6251.5,9487.872549019608,1,266,True,0,20230315,1,20
1978,479,6251.5,10023.872549019608,1,141,False,0,20230315,1,20
1979,480,6251.69094247246,10559.686046511628,0,0,False,0,20230315,1,20
1980,481,6251.87298266587,11099.5,1,137,False,0,20230315,1,20
1981,482,6251.6027617212585,11639.404945407836,0,128,False,0,20230315,1,20
1982,483,6251.597979179424,12175.032149418248,1,162,False,0,20230315,1,20
1983,484,6251.796110414053,12707.218946047678,0,0,True,0,20230315,1,20
1984,485,6251.896238244514,13235.685579937304,1,147,False,0,20230315,1,20
1985,486,6251.600125156446,13771.595118898624,0,133,False,0,20230315,1,20
1986,487,6251.795739348371,14307.780701754386,1,123,False,0,20230315,1,20
1987,488,6251.5,14851.309643080776,1,126,False,0,20230315,1,20
1988,489,6251.600250626567,15379.40476190476,1,1,False,0,20230315,1,20
1989,490,6251.5,15919.5,1,139,False,0,20230315,1,20
1990,491,6251.5,16462.389434889436,0,130,False,0,20230315,1,20
1991,492,6251.5,16995.30964308078,1,122,False,0,20230315,1,20
1992,493,6251.605540897098,17531.405013192612,1,120,False,0,20230315,1,20
1993,494,6251.5,18066.93753923415,0,0,True,0,20230315,1,20
1994,495,6251.5,18599.5,3,106,False,0,20230315,1,20
1995,496,6251.5,19139.30964308078,2,123,False,0,20230315,1,20
1996,497,6251.5,19675.12701733413,4,124,False,0,20230315,1,20
1997,498,6251.5,20211.30964308078,0,0,False,0,20230315,1,20
1998,499,6251.399874843554,20755.40488110137,2,110,False,0,20230315,1,20
1999,500,6251.600250626567,21283.404761904763,1,93,True,0,20230315,1,20
2000,1,899.004835589942,1464.1473243068988,2,3,True,2,20230404,1,20
2001,2,898.7570725707257,2000.5971709717096,1,87,True,2,20230404,1,20
2002,3,899.2132075471698,2532.3352201257862,0,0,False,2,20230404,1,20
2003,4,899.2132075471698,3068.3352201257862,0,0,True,2,20230404,1,20
2004,5,899.4020208205757,3607.967850581752,2,77,False,2,20230404,1,20
2005,6,899.2204169221336,4136.33629675046,4,99,False,2,20230404,1,20
2006,7,899.4020208205757,4679.967850581751,2,2,False,2,20230404,1,20
2007,8,899.7795830778664,5208.33629675046,3,100,False,2,20230404,1,20
2008,9,899.6956112852664,5747.876175548589,0,83,False,2,20230404,1,20
2009,10,899.204260651629,6275.7807017543855,3,98,False,2,20230404,1,20
2010,11,899.8779141104294,6816.241104294479,0,98,False,2,20230404,1,20
2011,12,900.0686274509804,7352.053921568628,2,89,False,2,20230404,1,20
2012,13,900.3051612903225,7887.866451612903,2,110,False,2,20230404,1,20
2013,14,900.6003003003003,8428.206306306307,1,0,False,2,20230404,1,20
2014,15,900.0979381443299,8952.051546391753,1,101,False,2,20230404,1,20
2015,16,900.2429274292743,9488.59717097171,3,0,False,2,20230404,1,20
2016,17,901.4233621755252,10024.187268232386,2,109,False,2,20230404,1,20
2017,18,901.0743368291178,10560.657310302282,5,89,False,2,20230404,1,20
2018,19,900.5989802039592,11100.224655068989,2,101,False,2,20230404,1,20
2019,20,899.7005141388174,11639.690231362469,1,0,False,2,20230404,1,20
2020,21,901.428306551298,12176.889369592089,0,0,False,2,20230404,1,20
2021,22,900.3805031446541,12707.771698113207,8,102,False,2,20230404,1,20
2022,23,900.3564231738035,13236.502518891688,0,0,False,2,20230404,1,20
2023,24,899.9824120603015,13772.14824120603,1,101,False,2,20230404,1,20
2024,25,900.1607818411097,14308.690416141237,2,3,False,2,20230404,1,20
2025,26,899.896238244514,14851.685579937304,4,5,False,2,20230404,1,20
2026,27,899.9824120603015,15380.14824120603,3,88,False,2,20230404,1,20
2027,28,899.7795830778664,15920.33629675046,6,113,False,2,20230404,1,20
2028,29,899.6909424724602,16463.68604651163,1,96,False,2,20230404,1,20
2029,30,899.6956112852664,16995.87617554859,2,106,False,2,20230404,1,20
2030,31,899.6055408970976,17531.594986807388,0,1,False,2,20230404,1,20
2031,32,899.5,18067.5,1,0,False,2,20230404,1,20
2032,33,899.5,18599.690231362467,2,1,False,2,20230404,1,20
2033,34,899.6002506265664,19139.404761904763,0,0,False,2,20230404,1,20
2034,35,900.1467065868263,19675.226946107785,1,88,True,2,20230404,1,20
2035,36,900.0925925925926,20211.5,0,0,True,2,20230404,1,20
2036,37,900.1842767295598,20754.86603773585,2,2,False,2,20230404,1,20
2037,38,903.89588688946,21283.309768637533,7,3,True,2,20230404,1,20
2038,39,1342.8345888261142,1199.9695543000628,4,77,True,2,20230404,1,20
2039,40,1343.293710691824,1728.4610062893082,3,97,False,2,20230404,1,20
2040,41,1343.1967699406723,2263.78740936058,0,0,False,2,20230404,1,20
2041,42,1343.2115987460816,2799.7884012539184,0,0,False,2,20230404,1,20
2042,43,1343.211959924859,3335.788040075141,0,0,False,2,20230404,1,20
2043,44,1343.5,3871.694993412385,2,2,False,2,20230404,1,20
2044,45,1343.5,4407.6952440550685,0,0,False,2,20230404,1,20
2045,46,1343.5,4943.5,4,105,False,2,20230404,1,20
2046,47,1343.5975609756097,5479.59756097561,3,113,False,2,20230404,1,20
2047,48,1343.5951768488746,6011.788102893891,7,123,False,2,20230404,1,20
2048,49,1343.7790697674418,6544.357322438717,1,2,False,2,20230404,1,20
2049,50,1343.7002567394095,7083.5,0,0,False,2,20230404,1,20
2050,51,1344.0771643663738,7623.5,0,0,False,2,20230404,1,20
2051,52,1343.7884012539184,8151.788401253919,1,118,False,2,20230404,1,20
2052,53,1343.705533596838,8695.5,1,1,False,2,20230404,1,20
2053,54,1343.6953727506427,9219.885604113111,1,131,False,2,20230404,1,20
2054,55,1343.89588688946,9755.690231362469,1,0,False,2,20230404,1,20
2055,56,1343.399935856318,10291.597498396408,2,135,False,2,20230404,1,20
2056,57,1344.0824742268042,10828.067010309278,1,0,False,2,20230404,1,20
2057,58,1344.4319899244333,11374.568010075567,3,137,False,2,20230404,1,20
2058,59,1343.8859649122808,11903.690476190475,0,0,False,2,20230404,1,20
2059,60,1343.89588688946,12443.309768637531,0,0,False,2,20230404,1,20
2060,61,1343.89588688946,12971.690231362469,6,129,False,2,20230404,1,20
2061,62,1343.690476190476,13503.88596491228,1,126,False,2,20230404,1,20
2062,63,1343.8859649122808,14039.690476190475,3,118,False,2,20230404,1,20
2063,64,1343.4044703000611,14579.402020820577,0,114,False,2,20230404,1,20
2064,65,1343.6953727506427,15115.885604113111,0,0,False,2,20230404,1,20
2065,66,1343.690476190476,15647.88596491228,4,2,False,2,20230404,1,20
2066,67,1343.7884012539184,16191.788401253918,2,104,False,2,20230404,1,20
2067,68,1343.399935856318,16731.402501603592,1,0,False,2,20230404,1,20
2068,69,1343.6865030674846,17267.308588957054,2,1,False,2,20230404,1,20
2069,70,1343.5955296999389,17795.98009797918,0,0,False,2,20230404,1,20
2070,71,1343.5975609756097,18335.40243902439,0,0,False,2,20230404,1,20
2071,72,1343.5,18867.88235294117,1,1,False,2,20230404,1,20
2072,73,1343.5,19403.5,0,0,False,2,20230404,1,20
2073,74,1343.89588688946,19947.309768637533,4,1,False,2,20230404,1,20
2074,75,1344.0539215686274,20482.93137254902,0,0,False,2,20230404,1,20
2075,76,1344.1825499034128,21019.03122987765,2,83,False,2,20230404,1,20
2076,77,1786.8558696988323,928.6923786109404,4,70,True,2,20230404,1,20
2077,78,1786.6937984496124,1464.37338501292,3,110,False,2,20230404,1,20
2078,79,1786.9313725490197,2000.053921568628,2,111,False,2,20230404,1,20
2079,80,1787.2038895859473,2531.781053952321,5,99,False,2,20230404,1,20
2080,81,1786.442065491184,3068.3110831234258,3,153,True,2,20230404,1,20
2081,82,1787.970300061237,3608.149112063688,1,0,False,2,20230404,1,20
2082,83,1787.5979791794243,4135.967850581751,2,138,False,2,20230404,1,20
2083,84,1787.2204169221336,4679.772225628449,2,123,False,2,20230404,1,20
2084,85,1787.029699938763,5208.149112063687,4,117,False,2,20230404,1,20
2085,86,1787.882149591452,5748.053111250786,5,129,False,2,20230404,1,20
2086,87,1787.9753476611884,6276.870417193426,4,131,False,2,20230404,1,20
2087,88,1788.0700245700243,6816.055282555282,6,144,False,2,20230404,1,20
2088,89,1788.0686274509803,7352.053921568628,0,0,False,2,20230404,1,20
2089,90,1787.9066924066924,7887.685328185328,0,0,False,2,20230404,1,20
2090,91,1788.4214157168567,8427.5,3,128,False,2,20230404,1,20
2091,92,1788.8411003236247,8951.057281553398,4,98,False,2,20230404,1,20
2092,93,1788.9590264941469,9488.74460874923,3,119,False,2,20230404,1,20
2093,94,1788.5325752919484,10024.31868469576,4,138,False,2,20230404,1,20
2094,95,1789.3282890673256,10560.925571340333,3,2,False,2,20230404,1,20
2095,96,1788.2420706163973,11099.868641532015,3,130,False,2,20230404,1,20
2096,97,1788.1082474226805,11639.5,0,0,False,2,20230404,1,20
2097,98,1788.8382533825338,12175.657441574416,4,140,False,2,20230404,1,20
2098,99,1788.3636363636365,13236.671717171715,2,139,False,2,20230404,1,20
2099,100,1788.083280955374,13772.053111250783,2,136,False,2,20230404,1,20
2100,101,1788.26214511041,14308.5952681388,7,127,False,2,20230404,1,20
2101,102,1788.0925925925926,14851.5,1,1,False,2,20230404,1,20
2102,103,1787.887665198238,15380.240088105727,4,106,False,2,20230404,1,20
2103,104,1787.8779141104294,15920.24110429448,1,0,False,2,20230404,1,20
2104,105,1787.7886850152904,16463.409480122325,3,179,True,2,20230404,1,20
2105,106,1787.795739348371,16995.780701754386,2,187,True,2,20230404,1,20
2106,107,1787.9177131526767,17531.68506278916,2,136,False,2,20230404,1,20
2107,108,1787.7003757044458,18067.5,1,135,False,2,20230404,1,20
2108,109,1787.6027617212587,18599.59505459217,1,1,False,2,20230404,1,20
2109,110,1787.896238244514,19139.314420062696,1,124,False,2,20230404,1,20
2110,111,1788.4214157168567,19675.5,1,0,False,2,20230404,1,20
2111,112,1788.0925925925926,20211.5,1,100,False,2,20230404,1,20
2112,113,1788.083280955374,20754.94688874921,2,114,False,2,20230404,1,20
2113,114,1788.294468887492,21283.5,2,68,True,2,20230404,1,20
2114,115,1791.89588688946,12707.309768637531,0,0,False,2,20230404,1,20
2115,116,2231.304755944931,1199.5,0,0,False,2,20230404,1,20
2116,117,2231.6907151819323,1727.8764115432873,1,103,False,2,20230404,1,20
2117,118,2231.5,2263.5,5,194,True,2,20230404,1,20
2118,119,2231.5,2799.5,6,190,True,2,20230404,1,20
2119,120,2231.5,3335.5,3,127,False,2,20230404,1,20
2120,121,2231.5,3871.5,0,120,False,2,20230404,1,20
2121,122,2231.695244055069,4407.5,0,0,False,2,20230404,1,20
2122,123,2231.5,4943.5,3,115,False,2,20230404,1,20
2123,124,2231.5,5479.5,2,124,False,2,20230404,1,20
2124,125,2231.6000641436817,6011.402501603592,6,178,False,2,20230404,1,20
2125,126,2231.690476190476,6543.8859649122805,0,0,False,2,20230404,1,20
2126,127,2231.89588688946,7083.690231362468,2,131,False,2,20230404,1,20
2127,128,2232.077164366374,7623.5,3,136,False,2,20230404,1,20
2128,129,2231.8859649122805,8151.690476190476,3,134,False,2,20230404,1,20
2129,130,2232.1076618229854,8695.5,3,137,False,2,20230404,1,20
2130,131,2231.79543994862,9219.787732819525,3,132,False,2,20230404,1,20
2131,132,2232.182549903413,9755.968770122345,1,126,False,2,20230404,1,20
2132,133,2232.182549903413,10291.968770122345,2,128,False,2,20230404,1,20
2133,134,2232.082474226804,10828.067010309278,0,0,False,2,20230404,1,20
2134,135,2231.6902377972465,11375.304755944931,2,123,False,2,20230404,1,20
2135,136,2232.165411173886,11903.969554300063,0,134,False,2,20230404,1,20
2136,137,2231.7002567394097,12443.5,3,118,False,2,20230404,1,20
2137,138,2232.0817245817248,12972.06628056628,1,125,False,2,20230404,1,20
2138,139,2232.3332284455632,13504.529578351165,5,104,False,2,20230404,1,20
2139,140,2232.3332284455632,14040.529578351165,1,1,False,2,20230404,1,20
2140,141,2232.241104294478,14579.87791411043,1,122,False,2,20230404,1,20
2141,142,2232.0817245817248,15116.06628056628,1,137,False,2,20230404,1,20
2142,143,2231.9695543000626,15648.165411173886,9,131,False,2,20230404,1,20
2143,144,2231.8859649122805,16191.690476190475,2,137,True,2,20230404,1,20
2144,145,2231.7002567394097,16731.5,3,180,True,2,20230404,1,20
2145,146,2232.241104294478,17267.681595092025,0,0,False,2,20230404,1,20
2146,147,2232.053921568628,17796.06862745098,0,0,False,2,20230404,1,20
2147,148,2231.8859649122805,18335.69047619048,7,116,False,2,20230404,1,20
2148,149,2232.33629675046,18867.220416922133,0,0,False,2,20230404,1,20
2149,150,2231.79543994862,19403.787732819525,1,124,False,2,20230404,1,20
2150,151,2231.89588688946,19947.309768637533,4,112,False,2,20230404,1,20
2151,152,2232.33629675046,20483.220416922133,4,86,False,2,20230404,1,20
2152,153,2231.89588688946,21019.309768637533,1,82,False,2,20230404,1,20
2153,154,2674.93137254902,928.0539215686274,1,92,True,2,20230404,1,20
2154,155,2677.859493670886,1462.4012658227848,2,164,True,2,20230404,1,20
2155,156,2675.406919779547,1999.776791181874,1,178,True,2,20230404,1,20
2156,157,2674.90666247643,2531.489943431804,2,176,False,2,20230404,1,20
2157,158,2675.1173694147265,3068.04877281309,0,0,False,2,20230404,1,20
2158,159,2674.6416309012875,3607.7722256284487,3,141,False,2,20230404,1,20
2159,160,2678.221252257676,4135.150812763395,4,150,False,2,20230404,1,20
2160,161,2679.5,4679.5,6,147,False,2,20230404,1,20
2161,162,2678.2738452309536,5208.111877624475,2,149,False,2,20230404,1,20
2162,163,2679.5,5747.5,0,1,False,2,20230404,1,20
2163,164,2680.4987699877,6275.849323493235,4,135,False,2,20230404,1,20
2164,165,2679.882775119617,6815.5,2,123,False,2,20230404,1,20
2165,166,2680.2616766467067,7351.859281437126,1,133,False,2,20230404,1,20
2166,167,2680.236225087925,8427.317116060962,1,126,False,2,20230404,1,20
2167,168,2679.907035175879,8951.680904522613,1,134,False,2,20230404,1,20
2168,169,2679.211389385808,9487.774299344066,2,3,False,2,20230404,1,20
2169,170,2680.0693779904304,10024.04066985646,2,156,False,2,20230404,1,20
2170,171,2681.5253470126736,10560.709414604707,1,139,False,2,20230404,1,20
2171,172,2680.147574517826,11099.766510812393,2,2,False,2,20230404,1,20
2172,173,2680.1638705811865,12175.766027561414,4,3,False,2,20230404,1,20
2173,174,2680.093137254902,12707.5,4,127,False,2,20230404,1,20
2174,175,2680.0840490797545,13236.039877300613,4,130,False,2,20230404,1,20
2175,176,2679.796024464832,13771.774006116208,2,137,False,2,20230404,1,20
2176,177,2680.459409594096,14308.385608856088,9,137,False,2,20230404,1,20
2177,178,2679.896572827417,14851.681150550796,0,0,False,2,20230404,1,20
2178,179,2680.0840490797545,15380.039877300613,3,124,False,2,20230404,1,20
2179,180,2680.0693779904304,15920.04066985646,3,118,False,2,20230404,1,20
2180,181,2679.980573819486,16463.406754333533,5,102,False,2,20230404,1,20
2181,182,2679.896572827417,16995.681150550794,6,192,True,2,20230404,1,20
2182,183,2679.605602060528,17531.592723760463,0,184,True,2,20230404,1,20
2183,184,2679.9935543278084,18067.58348680172,4,122,False,2,20230404,1,20
2184,185,2679.80923947203,18599.42206159648,1,1,False,2,20230404,1,20
2185,186,2680.1876155268023,19139.214109673445,0,0,False,2,20230404,1,20
2186,187,2680.4227166276346,19675.5,3,125,False,2,20230404,1,20
2187,188,2679.700488997555,20211.5,3,111,False,2,20230404,1,20
2188,189,2679.7963870177587,20755.22565829761,4,105,False,2,20230404,1,20
2189,190,2680.093137254902,21283.5,4,81,True,2,20230404,1,20
2190,191,2683.602761721259,7887.595054592164,0,0,False,2,20230404,1,20
2191,192,2683.9025806451614,11639.5,1,0,False,2,20230404,1,20
2192,193,3130.359950859951,1199.5,2,108,False,2,20230404,1,20
2193,194,3125.668888888889,1728.9653968253967,0,0,False,2,20230404,1,20
2194,195,3131.397238278741,2263.5950545921646,1,0,False,2,20230404,1,20
2195,196,3127.2105097545627,2799.7794210195093,2,0,False,2,20230404,1,20
2196,197,3129.775092936803,3336.6995043370507,3,136,False,2,20230404,1,20
2197,198,3131.397238278741,3871.5950545921646,1,1,False,2,20230404,1,20
2198,199,3130.726600985221,4406.869458128079,2,108,False,2,20230404,1,20
2199,200,3130.9945196647323,4943.595422308188,5,124,False,2,20230404,1,20
2200,201,3131.402260232132,5479.404703726329,2,126,False,2,20230404,1,20
2201,202,3131.203889585948,6011.781053952322,3,156,False,2,20230404,1,20
2202,203,3131.1220858895704,6544.241104294479,7,189,True,2,20230404,1,20
2203,204,3131.6001251564458,7083.595118898624,3,213,True,2,20230404,1,20
2204,205,3131.5,7623.127450980392,1,129,False,2,20230404,1,20
2205,206,3131.5,8151.872549019607,2,149,False,2,20230404,1,20
2206,207,3131.5,8695.309768637531,2,2,False,2,20230404,1,20
2207,208,3131.6956112852663,9219.876175548588,1,145,False,2,20230404,1,20
2208,209,3131.7961104140527,9755.781053952322,1,140,False,2,20230404,1,20
2209,210,3131.7961104140527,10291.781053952322,0,0,False,2,20230404,1,20
2210,211,3131.5,10828.06246076585,3,149,False,2,20230404,1,20
2211,212,3131.779926335175,11374.854205033764,2,139,False,2,20230404,1,20
2212,213,3131.6909424724604,11903.686046511628,0,1,False,2,20230404,1,20
2213,214,3131.6002506265663,12443.40476190476,1,131,False,2,20230404,1,20
2214,215,3131.7961104140527,12971.781053952322,2,137,False,2,20230404,1,20
2215,216,3131.7795830778664,13504.33629675046,3,1,False,2,20230404,1,20
2216,217,3131.7795830778664,14040.33629675046,0,0,False,2,20230404,1,20
2217,218,3131.960431654676,14579.960431654676,1,126,False,2,20230404,1,20
2218,219,3131.6956112852663,15115.876175548588,0,132,False,2,20230404,1,20
2219,220,3131.5,15648.063035495716,3,119,False,2,20230404,1,20
2220,221,3131.8823529411766,16191.5,3,101,False,2,20230404,1,20
2221,222,3131.5,16731.30964308078,0,0,False,2,20230404,1,20
2222,223,3131.6862686567165,17267.313731343285,2,106,False,2,20230404,1,20
2223,224,3131.313953488372,17795.68604651163,8,118,False,2,20230404,1,20
2224,225,3131.6909424724604,18335.31395348837,2,114,False,2,20230404,1,20
2225,226,3131.68671454219,18867.68671454219,2,122,False,2,20230404,1,20
2226,227,3131.700375704446,19403.5,0,0,False,2,20230404,1,20
2227,228,3131.5,19947.5,2,111,False,2,20230404,1,20
2228,229,3131.782634730539,20482.661676646705,3,84,False,2,20230404,1,20
2229,230,3131.7961104140527,21019.21894604768,2,82,False,2,20230404,1,20
2230,231,3570.6416309012875,927.7722256284488,2,83,False,2,20230404,1,20
2231,232,3571.5,1463.5,3,118,False,2,20230404,1,20
2232,233,3569.9433497536947,2000.5147783251232,1,131,False,2,20230404,1,20
2233,234,3571.3043887147337,2531.1238244514107,0,0,False,2,20230404,1,20
2234,235,3571.8962382445143,3067.6855799373043,2,124,False,2,20230404,1,20
2235,236,3571.5,3607.309523809524,2,119,False,2,20230404,1,20
2236,237,3571.597620500305,4135.595179987798,0,1,False,2,20230404,1,20
2237,238,3571.5,4679.5,2,124,False,2,20230404,1,20
2238,239,3571.88630806846,5207.6858190709045,0,1,False,2,20230404,1,20
2239,240,3571.7961104140527,5747.590338770389,1,122,False,2,20230404,1,20
2240,241,3571.8962382445143,6275.314420062696,0,0,False,2,20230404,1,20
2241,242,3571.69536019536,6815.5,4,117,False,2,20230404,1,20
2242,243,3572.166258420086,7351.041947336191,4,140,False,2,20230404,1,20
2243,244,3571.7056555269924,7887.5,1,140,False,2,20230404,1,20
2244,245,3572.5167865707435,8427.404076738609,2,122,False,2,20230404,1,20
2245,246,3571.9066924066924,8951.685328185327,0,0,False,2,20230404,1,20
2246,247,3572.260736196319,9487.86809815951,1,106,False,2,20230404,1,20
2247,248,3572.260736196319,10023.86809815951,0,0,True,2,20230404,1,20
2248,249,3572.0686274509803,10560.053921568628,0,0,False,2,20230404,1,20
2249,250,3574.511180124224,11097.66645962733,1,1,False,2,20230404,1,20
2250,251,3572.00998068255,11639.404700579524,1,133,False,2,20230404,1,20
2251,252,3572.3583690987125,12175.227774371551,2,172,True,2,20230404,1,20
2252,253,3572.0925925925926,12707.5,0,1,True,2,20230404,1,20
2253,254,3572.0825486503454,13236.052416823602,2,126,False,2,20230404,1,20
2254,255,3571.8962382445143,13771.685579937304,2,222,True,2,20230404,1,20
2255,256,3572.183417085427,14307.957286432162,1,246,True,2,20230404,1,20
2256,257,3571.700375704446,14851.5,0,0,False,2,20230404,1,20
2257,258,3572.183417085427,15379.957286432162,2,95,False,2,20230404,1,20
2258,259,3572.3583690987125,15919.772225628449,4,125,False,2,20230404,1,20
2259,260,3571.88630806846,16463.314180929094,0,1,False,2,20230404,1,20
2260,261,3572.0925925925926,16995.5,4,118,False,2,20230404,1,20
2261,262,3571.6055408970974,17531.594986807388,2,0,False,2,20230404,1,20
2262,263,3571.6001251564458,18067.40488110137,1,125,False,2,20230404,1,20
2263,264,3571.602761721259,18599.59505459217,1,133,False,2,20230404,1,20
2264,265,3572.0925925925926,19139.5,2,120,False,2,20230404,1,20
2265,266,3572.5167865707435,19675.59592326139,0,0,False,2,20230404,1,20
2266,267,3572.0925925925926,20211.5,1,0,False,2,20230404,1,20
2267,268,3572.183417085427,20755.04271356784,1,1,False,2,20230404,1,20
2268,269,3572.0925925925926,21283.5,1,78,True,2,20230404,1,20
2269,270,4023.1235884567127,1199.1135508155585,3,107,False,2,20230404,1,20
2270,271,4023.4024390243903,1727.5975609756097,1,124,False,2,20230404,1,20
2271,272,4023.5,2263.5,0,0,False,2,20230404,1,20
2272,273,4023.5,2799.304755944931,0,0,False,2,20230404,1,20
2273,274,4023.22057898049,3335.7794210195093,2,2,False,2,20230404,1,20
2274,275,4023.6026991441736,3871.597432521396,1,0,False,2,20230404,1,20
2275,276,4023.6911949685536,4407.308805031446,2,138,False,2,20230404,1,20
2276,277,4023.3973008558255,4943.597432521396,3,131,False,2,20230404,1,20
2277,278,4023.690476190476,5479.11403508772,4,109,False,2,20230404,1,20
2278,279,4023.6000641436817,6011.597498396408,3,136,False,2,20230404,1,20
2279,280,4023.690476190476,6543.8859649122805,0,0,False,2,20230404,1,20
2280,281,4023.7002567394097,7083.5,3,122,False,2,20230404,1,20
2281,282,4023.7884012539184,7623.211598746081,4,117,False,2,20230404,1,20
2282,283,4023.885964912281,8151.690476190476,1,141,False,2,20230404,1,20
2283,284,4023.6026991441736,8695.402567478604,4,5,False,2,20230404,1,20
2284,285,4023.7954399486193,9219.787732819525,0,131,False,2,20230404,1,20
2285,286,4023.89588688946,9755.690231362469,0,122,False,2,20230404,1,20
2286,287,4023.89588688946,10291.690231362469,3,1,False,2,20230404,1,20
2287,288,4023.6953727506425,10827.885604113111,1,1,False,2,20230404,1,20
2288,289,4023.7884012539184,11375.211598746082,0,0,False,2,20230404,1,20
2289,290,4023.885964912281,11903.690476190475,1,0,False,2,20230404,1,20
2290,291,4023.7002567394097,12443.5,0,101,False,2,20230404,1,20
2291,292,4023.7954399486193,12971.787732819525,6,113,False,2,20230404,1,20
2292,293,4023.969554300063,13504.165411173886,5,93,False,2,20230404,1,20
2293,294,4023.885964912281,14039.690476190475,1,1,False,2,20230404,1,20
2294,295,4023.87652811736,14579.690709046456,2,112,False,2,20230404,1,20
2295,296,4023.7954399486193,15115.787732819525,2,105,False,2,20230404,1,20
2296,297,4023.5975609756097,15647.40243902439,3,110,False,2,20230404,1,20
2297,298,4023.5,16191.5,1,94,False,2,20230404,1,20
2298,299,4023.6000641436817,16731.402501603592,0,109,False,2,20230404,1,20
2299,300,4023.4048200122015,17267.402379499694,2,3,False,2,20230404,1,20
2300,301,4024.053921568628,17796.06862745098,5,105,False,2,20230404,1,20
2301,302,4023.695244055069,18335.5,3,78,False,2,20230404,1,20
2302,303,4023.5,18867.5,3,0,False,2,20230404,1,20
2303,304,4023.6000641436817,19403.597498396408,1,0,False,2,20230404,1,20
2304,305,4023.89588688946,19947.309768637533,1,1,False,2,20230404,1,20
2305,306,4023.314180929096,20483.11369193154,1,1,False,2,20230404,1,20
2306,307,4023.6000641436817,21019.402501603592,1,0,False,2,20230404,1,20
2307,308,4467.308588957055,927.6865030674846,2,103,False,2,20230404,1,20
2308,309,4467.6027617212585,1463.5950545921644,0,116,False,2,20230404,1,20
2309,310,4467.69094247246,1999.686046511628,1,130,False,2,20230404,1,20
2310,311,4467.5,2531.5,2,124,False,2,20230404,1,20
2311,312,4467.103264281231,3067.133396107972,0,129,False,2,20230404,1,20
2312,313,4467.597620500305,3607.5951799877976,2,122,False,2,20230404,1,20
2313,314,4468.0700245700245,4135.490171990172,4,127,False,2,20230404,1,20
2314,315,4467.790461538461,4678.6704615384615,3,115,False,2,20230404,1,20
2315,316,4467.220416922134,5207.772225628449,4,137,False,2,20230404,1,20
2316,317,4467.600250626567,5747.4047619047615,0,0,False,2,20230404,1,20
2317,318,4467.695611285267,6275.876175548589,1,0,False,2,20230404,1,20
2318,319,4468.067931456549,6814.9467564259485,0,124,False,2,20230404,1,20
2319,320,4467.69094247246,7351.686046511628,4,126,False,2,20230404,1,20
2320,321,4467.705655526992,7887.5,4,129,False,2,20230404,1,20
2321,322,4467.9604316546765,8427.039568345324,4,126,False,2,20230404,1,20
2322,323,4467.803536977492,8951.78038585209,3,130,False,2,20230404,1,20
2323,324,4467.779926335175,9488.145794966236,7,91,False,2,20230404,1,20
2324,325,4467.970876762723,10023.958614347026,0,0,False,2,20230404,1,20
2325,326,4467.779926335175,10560.145794966236,3,150,True,2,20230404,1,20
2326,327,4467.773709483794,11099.773709483794,7,143,True,2,20230404,1,20
2327,328,4467.705655526992,11639.5,3,159,False,2,20230404,1,20
2328,329,4467.691411042945,12175.313496932517,4,138,False,2,20230404,1,20
2329,330,4467.992462311558,12707.404522613066,7,104,False,2,20230404,1,20
2330,331,4467.982412060302,13236.14824120603,7,119,False,2,20230404,1,20
2331,332,4467.695611285267,13771.876175548588,2,0,False,2,20230404,1,20
2332,333,4467.78679245283,14308.335220125786,0,0,False,2,20230404,1,20
2333,334,4467.700375704446,14851.5,1,1,False,2,20230404,1,20
2334,335,4467.695611285267,15379.876175548588,2,112,False,2,20230404,1,20
2335,336,4467.69094247246,15919.686046511628,3,127,False,2,20230404,1,20
2336,337,4467.597979179424,16463.03214941825,4,106,False,2,20230404,1,20
2337,338,4467.796110414053,16995.590338770387,0,130,False,2,20230404,1,20
2338,339,4467.812169312169,17531.589947089946,2,122,False,2,20230404,1,20
2339,340,4467.304143126177,18067.314187068423,4,1,False,2,20230404,1,20
2340,341,4467.6027617212585,18599.59505459217,1,122,False,2,20230404,1,20
2341,342,4467.992462311558,19139.59547738693,1,0,False,2,20230404,1,20
2342,343,4467.9604316546765,19675.586330935253,1,118,False,2,20230404,1,20
2343,344,4467.992462311558,20211.404522613066,2,143,True,2,20230404,1,20
2344,345,4467.695611285267,20755.87617554859,2,140,True,2,20230404,1,20
2345,346,4467.600250626567,21283.404761904763,1,97,False,2,20230404,1,20
2346,347,4910.279048765804,1198.8762793497892,0,0,False,2,20230404,1,20
2347,348,4909.975961538462,1726.3557692307693,0,0,False,2,20230404,1,20
2348,349,4911.294228356336,2263.5,7,213,False,2,20230404,1,20
2349,350,4910.738323353294,2799.859281437126,2,117,False,2,20230404,1,20
2350,351,4910.551497005988,3335.32754491018,3,120,False,2,20230404,1,20
2351,352,4911.092964824121,3871.680904522613,1,0,False,2,20230404,1,20
2352,353,4911.308383233533,4407.317964071856,2,124,False,2,20230404,1,20
2353,354,4911.298994974874,4943.133165829146,0,132,False,2,20230404,1,20
2354,355,4911.308841099164,5479.318399044206,1,118,False,2,20230404,1,20
2355,356,4911.696078431372,6011.318627450981,0,139,False,2,20230404,1,20
2356,357,4911.308383233533,6543.682035928144,4,117,False,2,20230404,1,20
2357,358,4911.796387017759,7083.225658297612,1,1,False,2,20230404,1,20
2358,359,4912.070743405276,7622.958033573142,0,0,False,2,20230404,1,20
2359,360,4911.5,8151.5,0,1,False,2,20230404,1,20
2360,361,4911.5,8694.951572327043,1,1,False,2,20230404,1,20
2361,362,4911.696078431372,9219.68137254902,0,0,False,2,20230404,1,20
2362,363,4911.69656019656,9755.681818181818,4,109,False,2,20230404,1,20
2363,364,4911.5,10291.863190184047,4,123,False,2,20230404,1,20
2364,365,4911.5,10827.863190184047,3,113,False,2,20230404,1,20
2365,366,4911.5,11374.602040816326,0,1,False,2,20230404,1,20
2366,367,4911.780407429598,11902.869682444578,0,0,False,2,20230404,1,20
2367,368,4911.600551808707,12443.043838136113,0,0,False,2,20230404,1,20
2368,369,4911.696078431372,12971.68137254902,3,87,False,2,20230404,1,20
2369,370,4911.780407429598,13504.130317555422,2,103,False,2,20230404,1,20
2370,371,4911.780407429598,14040.130317555422,1,109,False,2,20230404,1,20
2371,372,4911.774165202109,14579.232864674868,4,109,False,2,20230404,1,20
2372,373,4911.696078431372,15115.68137254902,8,93,False,2,20230404,1,20
2373,374,4911.780407429598,15648.130317555422,4,108,False,2,20230404,1,20
2374,375,4911.5,16191.136363636364,2,2,False,2,20230404,1,20
2375,376,4911.5,16731.5,1,106,False,2,20230404,1,20
2376,377,4911.869158878505,17266.77570093458,1,10,False,2,20230404,1,20
2377,378,4911.877182770663,17795.681606519207,4,96,False,2,20230404,1,20
2378,379,4912.261676646706,18335.32754491018,3,5,False,2,20230404,1,20
2379,380,4912.056725146199,18867.49064327485,2,111,False,2,20230404,1,20
2380,381,4911.696078431372,19403.68137254902,1,114,False,2,20230404,1,20
2381,382,4911.796387017759,19947.22565829761,1,1,False,2,20230404,1,20
2382,383,4911.961088355763,20483.050614394386,2,101,False,2,20230404,1,20
2383,384,4911.888206388207,21018.77764127764,0,0,False,2,20230404,1,20
2384,385,5354.359950859951,927.5,5,2,False,2,20230404,1,20
2385,386,5355.3972382787415,1463.4049454078356,2,119,False,2,20230404,1,20
2386,387,5354.355036855037,1999.8341523341523,1,0,False,2,20230404,1,20
2387,388,5355.103761755486,2531.314420062696,0,125,False,2,20230404,1,20
2388,389,5355.299624295554,3067.5,1,143,False,2,20230404,1,20
2389,390,5355.5,3607.309523809524,2,118,False,2,20230404,1,20
2390,391,5355.5,4135.5,2,2,False,2,20230404,1,20
2391,392,5355.87791411043,4678.758895705521,1,1,False,2,20230404,1,20
2392,393,5355.69094247246,5207.313953488372,1,1,False,2,20230404,1,20
2393,394,5355.695611285267,5747.123824451411,3,124,False,2,20230404,1,20
2394,395,5355.600250626567,6275.4047619047615,0,0,False,2,20230404,1,20
2395,396,5355.5,6815.1274509803925,0,120,False,2,20230404,1,20
2396,397,5355.597739767868,7351.404703726329,4,128,False,2,20230404,1,20
2397,398,5355.6027617212585,7887.404945407836,2,122,False,2,20230404,1,20
2398,399,5355.868641532017,8426.757929383602,1,124,False,2,20230404,1,20
2399,400,5355.6027617212585,8951.595054592164,3,118,True,2,20230404,1,20
2400,401,5355.69094247246,9487.686046511628,3,122,False,2,20230404,1,20
2401,402,5355.882352941177,10023.5,1,126,False,2,20230404,1,20
2402,403,5355.788685015291,10559.781345565749,1,123,False,2,20230404,1,20
2403,404,5355.87298266587,11099.5,2,1,False,2,20230404,1,20
2404,405,5355.803536977492,11639.21961414791,5,124,False,2,20230404,1,20
2405,406,5355.788685015291,12175.218654434251,6,124,False,2,20230404,1,20
2406,407,5355.796110414053,12707.218946047678,3,108,False,2,20230404,1,20
2407,408,5355.896238244514,13235.685579937304,2,113,False,2,20230404,1,20
2408,409,5355.700375704446,13771.5,0,0,False,2,20230404,1,20
2409,410,5355.796110414053,14307.781053952322,3,111,False,2,20230404,1,20
2410,411,5355.600125156446,14851.404881101376,3,119,False,2,20230404,1,20
2411,412,5355.700375704446,15379.5,3,100,False,2,20230404,1,20
2412,413,5355.88630806846,15919.685819070904,4,133,False,2,20230404,1,20
2413,414,5355.5,16462.936964504283,5,105,False,2,20230404,1,20
2414,415,5355.896238244514,16995.314420062696,2,111,False,2,20230404,1,20
2415,416,5355.917713152677,17531.31493721084,0,114,False,2,20230404,1,20
2416,417,5355.795739348371,18067.21929824561,3,117,False,2,20230404,1,20
2417,418,5355.6027617212585,18599.59505459217,1,112,False,2,20230404,1,20
2418,419,5355.700375704446,19139.5,0,0,False,2,20230404,1,20
2419,420,5355.968339307049,19675.40442054958,3,141,True,2,20230404,1,20
2420,421,5355.600125156446,20211.40488110137,0,129,True,2,20230404,1,20
2421,422,5355.795739348371,20755.21929824561,0,0,False,2,20230404,1,20
2422,423,5355.700375704446,21283.5,2,74,True,2,20230404,1,20
2423,424,5806.541916167665,1199.3179640718563,3,118,True,2,20230404,1,20
2424,425,5806.328331332533,1727.2454981992796,6,133,True,2,20230404,1,20
2425,426,5806.901257861635,2262.9616352201256,3,122,False,2,20230404,1,20
2426,427,5807.019426180514,2799.4067543335327,0,0,False,2,20230404,1,20
2427,428,5807.204504504504,3335.262162162162,5,166,True,2,20230404,1,20
2428,429,5807.705771643664,3871.5,5,170,True,2,20230404,1,20
2429,430,5807.308383233533,4407.317964071856,3,125,False,2,20230404,1,20
2430,431,5807.397049591965,4943.407093534212,1,1,False,2,20230404,1,20
2431,432,5807.5,5479.136363636364,0,133,False,2,20230404,1,20
2432,433,5807.5,6011.5,3,1,False,2,20230404,1,20
2433,434,5807.317964071856,6544.223353293413,2,109,False,2,20230404,1,20
2434,435,5807.303921568628,7083.318627450981,3,125,False,2,20230404,1,20
2435,436,5807.5,7623.136363636364,1,110,False,2,20230404,1,20
2436,437,5807.5,8151.5,2,114,False,2,20230404,1,20
2437,438,5807.5,8694.951572327043,1,1,False,2,20230404,1,20
2438,439,5807.399448191293,9219.956161863887,2,125,False,2,20230404,1,20
2439,440,5807.303921568628,9755.68137254902,3,105,False,2,20230404,1,20
2440,441,5807.5,10291.863190184047,1,0,False,2,20230404,1,20
2441,442,5807.5,10827.863190184047,0,0,False,2,20230404,1,20
2442,443,5807.5,11374.602040816326,6,93,False,2,20230404,1,20
2443,444,5807.691616766467,11903.317964071855,3,100,False,2,20230404,1,20
2444,445,5807.600551808707,12443.043838136113,6,124,True,2,20230404,1,20
2445,446,5807.696078431372,12971.68137254902,4,134,True,2,20230404,1,20
2446,447,5807.5,13503.863636363636,7,105,True,2,20230404,1,20
2447,448,5807.780407429598,14040.130317555422,2,105,False,2,20230404,1,20
2448,449,5807.5,14579.5,1,105,False,2,20230404,1,20
2449,450,5807.5,15115.5,4,113,False,2,20230404,1,20
2450,451,5807.308383233533,15647.682035928145,2,96,False,2,20230404,1,20
2451,452,5807.219592570402,16190.869682444578,7,93,False,2,20230404,1,20
2452,453,5807.203975535168,16731.225993883792,3,98,False,2,20230404,1,20
2453,454,5808.315897136177,17266.518118059616,2,86,False,2,20230404,1,20
2454,455,5807.5,17795.5,3,98,False,2,20230404,1,20
2455,456,5807.598027495517,18335.04333532576,5,99,False,2,20230404,1,20
2456,457,5807.686915887851,18867.317757009347,3,108,False,2,20230404,1,20
2457,458,5807.399694189602,19403.59296636085,2,107,False,2,20230404,1,20
2458,459,5807.600551808707,19947.04383813612,2,89,False,2,20230404,1,20
2459,460,5807.322429906542,20482.59813084112,1,85,False,2,20230404,1,20
2460,461,5807.600551808707,21019.04383813612,1,79,True,2,20230404,1,20
2461,462,6248.491920447483,929.41671845867,4,56,True,2,20230404,1,20
2462,463,6250.684516129032,1463.5,4,95,True,2,20230404,1,20
2463,464,6250.062461538461,1999.2710769230769,1,87,True,2,20230404,1,20
2464,465,6246.90797940798,2531.5,0,0,False,2,20230404,1,20
2465,466,6251.103761755486,3067.6855799373043,1,2,False,2,20230404,1,20
2466,467,6251.402379499695,3607.4048200122015,2,108,False,2,20230404,1,20
2467,468,6251.30905752754,4135.686046511628,0,0,False,2,20230404,1,20
2468,469,6251.788685015291,4679.21865443425,1,109,False,2,20230404,1,20
2469,470,6251.882352941177,5207.5,1,1,False,2,20230404,1,20
2470,471,6251.600250626567,5747.4047619047615,0,139,True,2,20230404,1,20
2471,472,6251.600250626567,6275.595238095239,0,133,True,2,20230404,1,20
2472,473,6251.5,6815.1274509803925,3,123,True,2,20230404,1,20
2473,474,6251.5,7351.5,0,0,False,2,20230404,1,20
2474,475,6251.6027617212585,7887.404945407836,0,107,False,2,20230404,1,20
2475,476,6251.773053892216,8426.853293413174,0,0,False,2,20230404,1,20
2476,477,6251.5,8951.690231362469,1,115,False,2,20230404,1,20
2477,478,6251.5,9487.872549019608,1,94,False,2,20230404,1,20
2478,479,6251.5,10023.872549019608,5,105,False,2,20230404,1,20
2479,480,6251.69094247246,10559.686046511628,4,107,False,2,20230404,1,20
2480,481,6251.87298266587,11099.5,2,106,False,2,20230404,1,20
2481,482,6251.6027617212585,11639.404945407836,9,90,False,2,20230404,1,20
2482,483,6251.597979179424,12175.032149418248,3,102,False,2,20230404,1,20
2483,484,6251.796110414053,12707.218946047678,2,103,False,2,20230404,1,20
2484,485,6251.896238244514,13235.685579937304,2,3,False,2,20230404,1,20
2485,486,6251.600125156446,13771.595118898624,0,0,False,2,20230404,1,20
2486,487,6251.795739348371,14307.780701754386,3,0,False,2,20230404,1,20
2487,488,6251.5,14851.309643080776,4,88,False,2,20230404,1,20
2488,489,6251.600250626567,15379.40476190476,8,77,True,2,20230404,1,20
2489,490,6251.5,15919.5,18,8,True,2,20230404,1,20
2490,491,6251.5,16462.389434889436,2,95,False,2,20230404,1,20
2491,492,6251.5,16995.30964308078,1,100,False,2,20230404,1,20
2492,493,6251.605540897098,17531.405013192612,3,2,True,2,20230404,1,20
2493,494,6251.5,18066.93753923415,0,0,True,2,20230404,1,20
2494,495,6251.5,18599.5,3,94,True,2,20230404,1,20
2495,496,6251.5,19139.30964308078,5,2,True,2,20230404,1,20
2496,497,6251.5,19675.12701733413,3,68,True,2,20230404,1,20
2497,498,6251.5,20211.30964308078,2,55,True,2,20230404,1,20
2498,499,6251.399874843554,20755.40488110137,0,0,True,2,20230404,1,20
2499,500,6251.600250626567,21283.404761904763,2,27,True,2,20230404,1,20
2500,1,899.004835589942,1464.1473243068988,1,0,True,0,20230315,1,40
2501,2,898.7570725707257,2000.5971709717096,0,0,False,0,20230315,1,40
2502,3,899.2132075471698,2532.3352201257862,1,96,False,0,20230315,1,40
2503,4,899.2132075471698,3068.3352201257862,2,99,False,0,20230315,1,40
2504,5,899.4020208205757,3607.967850581752,2,109,False,0,20230315,1,40
2505,6,899.2204169221336,4136.33629675046,0,0,False,0,20230315,1,40
2506,7,899.4020208205757,4679.967850581751,3,106,False,0,20230315,1,40
2507,8,899.7795830778664,5208.33629675046,2,113,False,0,20230315,1,40
2508,9,899.6956112852664,5747.876175548589,0,1,False,0,20230315,1,40
2509,10,899.204260651629,6275.7807017543855,1,101,False,0,20230315,1,40
2510,11,899.8779141104294,6816.241104294479,0,1,False,0,20230315,1,40
2511,12,900.0686274509804,7352.053921568628,0,116,False,0,20230315,1,40
2512,13,900.3051612903225,7887.866451612903,2,111,False,0,20230315,1,40
2513,14,900.6003003003003,8428.206306306307,0,0,False,0,20230315,1,40
2514,15,900.0979381443299,8952.051546391753,1,1,False,0,20230315,1,40
2515,16,900.2429274292743,9488.59717097171,0,115,False,0,20230315,1,40
2516,17,901.4233621755252,10024.187268232386,1,130,False,0,20230315,1,40
2517,18,901.0743368291178,10560.657310302282,0,98,False,0,20230315,1,40
2518,19,900.5989802039592,11100.224655068989,1,130,False,0,20230315,1,40
2519,20,899.7005141388174,11639.690231362469,1,0,False,0,20230315,1,40
2520,21,901.428306551298,12176.889369592089,2,107,False,0,20230315,1,40
2521,22,900.3805031446541,12707.771698113207,3,89,False,0,20230315,1,40
2522,23,900.3564231738035,13236.502518891688,2,110,False,0,20230315,1,40
2523,24,899.9824120603015,13772.14824120603,0,2,False,0,20230315,1,40
2524,25,900.1607818411097,14308.690416141237,1,122,False,0,20230315,1,40
2525,26,899.896238244514,14851.685579937304,1,120,False,0,20230315,1,40
2526,27,899.9824120603015,15380.14824120603,2,2,False,0,20230315,1,40
2527,28,899.7795830778664,15920.33629675046,3,125,False,0,20230315,1,40
2528,29,899.6909424724602,16463.68604651163,0,102,False,0,20230315,1,40
2529,30,899.6956112852664,16995.87617554859,0,1,False,0,20230315,1,40
2530,31,899.6055408970976,17531.594986807388,1,119,False,0,20230315,1,40
2531,32,899.5,18067.5,0,0,False,0,20230315,1,40
2532,33,899.5,18599.690231362467,1,97,False,0,20230315,1,40
2533,34,899.6002506265664,19139.404761904763,2,116,False,0,20230315,1,40
2534,35,900.1467065868263,19675.226946107785,5,110,False,0,20230315,1,40
2535,36,900.0925925925926,20211.5,0,117,True,0,20230315,1,40
2536,37,900.1842767295598,20754.86603773585,3,91,False,0,20230315,1,40
2537,38,903.89588688946,21283.309768637533,2,3,True,0,20230315,1,40
2538,39,1342.8345888261142,1199.9695543000628,1,0,False,0,20230315,1,40
2539,40,1343.293710691824,1728.4610062893082,0,141,True,0,20230315,1,40
2540,41,1343.1967699406723,2263.78740936058,0,0,False,0,20230315,1,40
2541,42,1343.2115987460816,2799.7884012539184,0,0,False,0,20230315,1,40
2542,43,1343.211959924859,3335.788040075141,1,120,False,0,20230315,1,40
2543,44,1343.5,3871.694993412385,0,0,False,0,20230315,1,40
2544,45,1343.5,4407.6952440550685,0,0,False,0,20230315,1,40
2545,46,1343.5,4943.5,1,3,False,0,20230315,1,40
2546,47,1343.5975609756097,5479.59756097561,1,115,False,0,20230315,1,40
2547,48,1343.5951768488746,6011.788102893891,1,111,False,0,20230315,1,40
2548,49,1343.7790697674418,6544.357322438717,1,109,False,0,20230315,1,40
2549,50,1343.7002567394095,7083.5,3,116,False,0,20230315,1,40
2550,51,1344.0771643663738,7623.5,0,0,False,0,20230315,1,40
2551,52,1343.7884012539184,8151.788401253919,3,119,False,0,20230315,1,40
2552,53,1343.705533596838,8695.5,0,114,False,0,20230315,1,40
2553,54,1343.6953727506427,9219.885604113111,0,139,False,0,20230315,1,40
2554,55,1343.89588688946,9755.690231362469,2,110,False,0,20230315,1,40
2555,56,1343.399935856318,10291.597498396408,0,0,False,0,20230315,1,40
2556,57,1344.0824742268042,10828.067010309278,0,0,False,0,20230315,1,40
2557,58,1344.4319899244333,11374.568010075567,1,120,False,0,20230315,1,40
2558,59,1343.8859649122808,11903.690476190475,2,119,False,0,20230315,1,40
2559,60,1343.89588688946,12443.309768637531,3,108,False,0,20230315,1,40
2560,61,1343.89588688946,12971.690231362469,1,90,False,0,20230315,1,40
2561,62,1343.690476190476,13503.88596491228,1,1,False,0,20230315,1,40
2562,63,1343.8859649122808,14039.690476190475,1,1,False,0,20230315,1,40
2563,64,1343.4044703000611,14579.402020820577,1,94,False,0,20230315,1,40
2564,65,1343.6953727506427,15115.885604113111,2,119,False,0,20230315,1,40
2565,66,1343.690476190476,15647.88596491228,1,120,False,0,20230315,1,40
2566,67,1343.7884012539184,16191.788401253918,3,121,False,0,20230315,1,40
2567,68,1343.399935856318,16731.402501603592,0,0,False,0,20230315,1,40
2568,69,1343.6865030674846,17267.308588957054,1,134,False,0,20230315,1,40
2569,70,1343.5955296999389,17795.98009797918,1,137,False,0,20230315,1,40
2570,71,1343.5975609756097,18335.40243902439,2,127,False,0,20230315,1,40
2571,72,1343.5,18867.88235294117,0,1,False,0,20230315,1,40
2572,73,1343.5,19403.5,5,105,False,0,20230315,1,40
2573,74,1343.89588688946,19947.309768637533,1,119,False,0,20230315,1,40
2574,75,1344.0539215686274,20482.93137254902,2,116,False,0,20230315,1,40
2575,76,1344.1825499034128,21019.03122987765,4,115,False,0,20230315,1,40
2576,77,1786.8558696988323,928.6923786109404,1,1,False,0,20230315,1,40
2577,78,1786.6937984496124,1464.37338501292,0,0,False,0,20230315,1,40
2578,79,1786.9313725490197,2000.053921568628,0,129,False,0,20230315,1,40
2579,80,1787.2038895859473,2531.781053952321,0,1,False,0,20230315,1,40
2580,81,1786.442065491184,3068.3110831234258,0,0,False,0,20230315,1,40
2581,82,1787.970300061237,3608.149112063688,1,1,False,0,20230315,1,40
2582,83,1787.5979791794243,4135.967850581751,2,118,False,0,20230315,1,40
2583,84,1787.2204169221336,4679.772225628449,2,130,False,0,20230315,1,40
2584,85,1787.029699938763,5208.149112063687,3,129,False,0,20230315,1,40
2585,86,1787.882149591452,5748.053111250786,1,128,False,0,20230315,1,40
2586,87,1787.9753476611884,6276.870417193426,0,1,False,0,20230315,1,40
2587,88,1788.0700245700243,6816.055282555282,0,0,False,0,20230315,1,40
2588,89,1788.0686274509803,7352.053921568628,1,1,False,0,20230315,1,40
2589,90,1787.9066924066924,7887.685328185328,0,0,False,0,20230315,1,40
2590,91,1788.4214157168567,8427.5,1,0,False,0,20230315,1,40
2591,92,1788.8411003236247,8951.057281553398,0,0,False,0,20230315,1,40
2592,93,1788.9590264941469,9488.74460874923,0,2,False,0,20230315,1,40
2593,94,1788.5325752919484,10024.31868469576,1,1,False,0,20230315,1,40
2594,95,1789.3282890673256,10560.925571340333,0,100,False,0,20230315,1,40
2595,96,1788.2420706163973,11099.868641532015,1,118,False,0,20230315,1,40
2596,97,1788.1082474226805,11639.5,1,4,False,0,20230315,1,40
2597,98,1788.8382533825338,12175.657441574416,0,1,False,0,20230315,1,40
2598,99,1788.3636363636365,13236.671717171715,1,140,False,0,20230315,1,40
2599,100,1788.083280955374,13772.053111250783,4,107,False,0,20230315,1,40
2600,101,1788.26214511041,14308.5952681388,0,105,False,0,20230315,1,40
2601,102,1788.0925925925926,14851.5,1,2,False,0,20230315,1,40
2602,103,1787.887665198238,15380.240088105727,0,113,False,0,20230315,1,40
2603,104,1787.8779141104294,15920.24110429448,0,0,False,0,20230315,1,40
2604,105,1787.7886850152904,16463.409480122325,1,123,False,0,20230315,1,40
2605,106,1787.795739348371,16995.780701754386,0,1,False,0,20230315,1,40
2606,107,1787.9177131526767,17531.68506278916,1,114,False,0,20230315,1,40
2607,108,1787.7003757044458,18067.5,2,122,False,0,20230315,1,40
2608,109,1787.6027617212587,18599.59505459217,2,123,False,0,20230315,1,40
2609,110,1787.896238244514,19139.314420062696,2,132,False,0,20230315,1,40
2610,111,1788.4214157168567,19675.5,1,119,False,0,20230315,1,40
2611,112,1788.0925925925926,20211.5,2,113,False,0,20230315,1,40
2612,113,1788.083280955374,20754.94688874921,2,108,False,0,20230315,1,40
2613,114,1788.294468887492,21283.5,2,100,True,0,20230315,1,40
2614,115,1791.89588688946,12707.309768637531,1,128,False,0,20230315,1,40
2615,116,2231.304755944931,1199.5,0,0,False,0,20230315,1,40
2616,117,2231.6907151819323,1727.8764115432873,0,0,False,0,20230315,1,40
2617,118,2231.5,2263.5,0,0,False,0,20230315,1,40
2618,119,2231.5,2799.5,0,0,False,0,20230315,1,40
2619,120,2231.5,3335.5,0,2,False,0,20230315,1,40
2620,121,2231.5,3871.5,0,0,False,0,20230315,1,40
2621,122,2231.695244055069,4407.5,0,1,False,0,20230315,1,40
2622,123,2231.5,4943.5,0,0,False,0,20230315,1,40
2623,124,2231.5,5479.5,0,2,False,0,20230315,1,40
2624,125,2231.6000641436817,6011.402501603592,0,129,False,0,20230315,1,40
2625,126,2231.690476190476,6543.8859649122805,0,107,False,0,20230315,1,40
2626,127,2231.89588688946,7083.690231362468,0,0,False,0,20230315,1,40
2627,128,2232.077164366374,7623.5,0,0,False,0,20230315,1,40
2628,129,2231.8859649122805,8151.690476190476,0,0,False,0,20230315,1,40
2629,130,2232.1076618229854,8695.5,4,0,False,0,20230315,1,40
2630,131,2231.79543994862,9219.787732819525,2,0,True,0,20230315,1,40
2631,132,2232.182549903413,9755.968770122345,1,166,True,0,20230315,1,40
2632,133,2232.182549903413,10291.968770122345,0,0,False,0,20230315,1,40
2633,134,2232.082474226804,10828.067010309278,0,0,False,0,20230315,1,40
2634,135,2231.6902377972465,11375.304755944931,1,2,False,0,20230315,1,40
2635,136,2232.165411173886,11903.969554300063,2,124,False,0,20230315,1,40
2636,137,2231.7002567394097,12443.5,1,110,False,0,20230315,1,40
2637,138,2232.0817245817248,12972.06628056628,1,114,False,0,20230315,1,40
2638,139,2232.3332284455632,13504.529578351165,1,101,False,0,20230315,1,40
2639,140,2232.3332284455632,14040.529578351165,2,114,False,0,20230315,1,40
2640,141,2232.241104294478,14579.87791411043,0,0,False,0,20230315,1,40
2641,142,2232.0817245817248,15116.06628056628,0,117,False,0,20230315,1,40
2642,143,2231.9695543000626,15648.165411173886,0,101,False,0,20230315,1,40
2643,144,2231.8859649122805,16191.690476190475,3,126,False,0,20230315,1,40
2644,145,2231.7002567394097,16731.5,1,137,False,0,20230315,1,40
2645,146,2232.241104294478,17267.681595092025,2,138,False,0,20230315,1,40
2646,147,2232.053921568628,17796.06862745098,2,151,False,0,20230315,1,40
2647,148,2231.8859649122805,18335.69047619048,5,120,False,0,20230315,1,40
2648,149,2232.33629675046,18867.220416922133,3,110,False,0,20230315,1,40
2649,150,2231.79543994862,19403.787732819525,0,121,False,0,20230315,1,40
2650,151,2231.89588688946,19947.309768637533,1,0,False,0,20230315,1,40
2651,152,2232.33629675046,20483.220416922133,1,123,False,0,20230315,1,40
2652,153,2231.89588688946,21019.309768637533,2,111,False,0,20230315,1,40
2653,154,2674.93137254902,928.0539215686274,0,0,False,0,20230315,1,40
2654,155,2677.859493670886,1462.4012658227848,0,0,False,0,20230315,1,40
2655,156,2675.406919779547,1999.776791181874,0,112,False,0,20230315,1,40
2656,157,2674.90666247643,2531.489943431804,0,0,False,0,20230315,1,40
2657,158,2675.1173694147265,3068.04877281309,0,43,False,0,20230315,1,40
2658,159,2674.6416309012875,3607.7722256284487,0,0,False,0,20230315,1,40
2659,160,2678.221252257676,4135.150812763395,0,0,False,0,20230315,1,40
2660,161,2679.5,4679.5,0,117,False,0,20230315,1,40
2661,162,2678.2738452309536,5208.111877624475,0,0,False,0,20230315,1,40
2662,163,2679.5,5747.5,0,0,False,0,20230315,1,40
2663,164,2680.4987699877,6275.849323493235,0,0,False,0,20230315,1,40
2664,165,2679.882775119617,6815.5,1,1,False,0,20230315,1,40
2665,166,2680.2616766467067,7351.859281437126,0,0,False,0,20230315,1,40
2666,167,2680.236225087925,8427.317116060962,1,138,False,0,20230315,1,40
2667,168,2679.907035175879,8951.680904522613,2,131,False,0,20230315,1,40
2668,169,2679.211389385808,9487.774299344066,1,123,False,0,20230315,1,40
2669,170,2680.0693779904304,10024.04066985646,0,0,False,0,20230315,1,40
2670,171,2681.5253470126736,10560.709414604707,1,110,False,0,20230315,1,40
2671,172,2680.147574517826,11099.766510812393,1,130,False,0,20230315,1,40
2672,173,2680.1638705811865,12175.766027561414,1,116,False,0,20230315,1,40
2673,174,2680.093137254902,12707.5,0,0,False,0,20230315,1,40
2674,175,2680.0840490797545,13236.039877300613,1,124,False,0,20230315,1,40
2675,176,2679.796024464832,13771.774006116208,1,110,False,0,20230315,1,40
2676,177,2680.459409594096,14308.385608856088,1,116,False,0,20230315,1,40
2677,178,2679.896572827417,14851.681150550796,2,108,False,0,20230315,1,40
2678,179,2680.0840490797545,15380.039877300613,2,106,False,0,20230315,1,40
2679,180,2680.0693779904304,15920.04066985646,0,0,False,0,20230315,1,40
2680,181,2679.980573819486,16463.406754333533,3,131,False,0,20230315,1,40
2681,182,2679.896572827417,16995.681150550794,3,152,False,0,20230315,1,40
2682,183,2679.605602060528,17531.592723760463,2,275,True,0,20230315,1,40
2683,184,2679.9935543278084,18067.58348680172,2,134,False,0,20230315,1,40
2684,185,2679.80923947203,18599.42206159648,0,0,False,0,20230315,1,40
2685,186,2680.1876155268023,19139.214109673445,1,132,False,0,20230315,1,40
2686,187,2680.4227166276346,19675.5,1,108,False,0,20230315,1,40
2687,188,2679.700488997555,20211.5,4,116,False,0,20230315,1,40
2688,189,2679.7963870177587,20755.22565829761,2,110,False,0,20230315,1,40
2689,190,2680.093137254902,21283.5,0,0,False,0,20230315,1,40
2690,191,2683.602761721259,7887.595054592164,0,1,False,0,20230315,1,40
2691,192,2683.9025806451614,11639.5,1,138,False,0,20230315,1,40
2692,193,3130.359950859951,1199.5,0,1,False,0,20230315,1,40
2693,194,3125.668888888889,1728.9653968253967,0,0,False,0,20230315,1,40
2694,195,3131.397238278741,2263.5950545921646,1,106,False,0,20230315,1,40
2695,196,3127.2105097545627,2799.7794210195093,0,0,False,0,20230315,1,40
2696,197,3129.775092936803,3336.6995043370507,0,0,False,0,20230315,1,40
2697,198,3131.397238278741,3871.5950545921646,0,0,False,0,20230315,1,40
2698,199,3130.726600985221,4406.869458128079,0,0,False,0,20230315,1,40
2699,200,3130.9945196647323,4943.595422308188,0,0,False,0,20230315,1,40
2700,201,3131.402260232132,5479.404703726329,3,125,False,0,20230315,1,40
2701,202,3131.203889585948,6011.781053952322,1,162,True,0,20230315,1,40
2702,203,3131.1220858895704,6544.241104294479,2,191,True,0,20230315,1,40
2703,204,3131.6001251564458,7083.595118898624,0,0,False,0,20230315,1,40
2704,205,3131.5,7623.127450980392,1,1,False,0,20230315,1,40
2705,206,3131.5,8151.872549019607,3,164,False,0,20230315,1,40
2706,207,3131.5,8695.309768637531,0,0,False,0,20230315,1,40
2707,208,3131.6956112852663,9219.876175548588,0,125,False,0,20230315,1,40
2708,209,3131.7961104140527,9755.781053952322,0,0,False,0,20230315,1,40
2709,210,3131.7961104140527,10291.781053952322,0,111,False,0,20230315,1,40
2710,211,3131.5,10828.06246076585,0,103,False,0,20230315,1,40
2711,212,3131.779926335175,11374.854205033764,0,128,False,0,20230315,1,40
2712,213,3131.6909424724604,11903.686046511628,1,208,False,0,20230315,1,40
2713,214,3131.6002506265663,12443.40476190476,4,118,False,0,20230315,1,40
2714,215,3131.7961104140527,12971.781053952322,2,117,False,0,20230315,1,40
2715,216,3131.7795830778664,13504.33629675046,3,118,False,0,20230315,1,40
2716,217,3131.7795830778664,14040.33629675046,0,0,False,0,20230315,1,40
2717,218,3131.960431654676,14579.960431654676,6,92,False,0,20230315,1,40
2718,219,3131.6956112852663,15115.876175548588,1,125,False,0,20230315,1,40
2719,220,3131.5,15648.063035495716,0,102,False,0,20230315,1,40
2720,221,3131.8823529411766,16191.5,1,126,False,0,20230315,1,40
2721,222,3131.5,16731.30964308078,0,0,False,0,20230315,1,40
2722,223,3131.6862686567165,17267.313731343285,1,129,False,0,20230315,1,40
2723,224,3131.313953488372,17795.68604651163,0,0,False,0,20230315,1,40
2724,225,3131.6909424724604,18335.31395348837,1,110,False,0,20230315,1,40
2725,226,3131.68671454219,18867.68671454219,2,269,True,0,20230315,1,40
2726,227,3131.700375704446,19403.5,1,242,True,0,20230315,1,40
2727,228,3131.5,19947.5,1,159,False,0,20230315,1,40
2728,229,3131.782634730539,20482.661676646705,2,1,False,0,20230315,1,40
2729,230,3131.7961104140527,21019.21894604768,0,0,False,0,20230315,1,40
2730,231,3570.6416309012875,927.7722256284488,0,246,False,0,20230315,1,40
2731,232,3571.5,1463.5,0,0,False,0,20230315,1,40
2732,233,3569.9433497536947,2000.5147783251232,1,123,False,0,20230315,1,40
2733,234,3571.3043887147337,2531.1238244514107,0,0,False,0,20230315,1,40
2734,235,3571.8962382445143,3067.6855799373043,0,126,False,0,20230315,1,40
2735,236,3571.5,3607.309523809524,0,0,False,0,20230315,1,40
2736,237,3571.597620500305,4135.595179987798,0,0,False,0,20230315,1,40
2737,238,3571.5,4679.5,0,0,False,0,20230315,1,40
2738,239,3571.88630806846,5207.6858190709045,1,0,False,0,20230315,1,40
2739,240,3571.7961104140527,5747.590338770389,1,153,False,0,20230315,1,40
2740,241,3571.8962382445143,6275.314420062696,1,130,False,0,20230315,1,40
2741,242,3571.69536019536,6815.5,0,0,False,0,20230315,1,40
2742,243,3572.166258420086,7351.041947336191,2,135,False,0,20230315,1,40
2743,244,3571.7056555269924,7887.5,0,340,True,0,20230315,1,40
2744,245,3572.5167865707435,8427.404076738609,4,4,False,0,20230315,1,40
2745,246,3571.9066924066924,8951.685328185327,0,0,False,0,20230315,1,40
2746,247,3572.260736196319,9487.86809815951,0,0,False,0,20230315,1,40
2747,248,3572.260736196319,10023.86809815951,1,106,False,0,20230315,1,40
2748,249,3572.0686274509803,10560.053921568628,0,0,False,0,20230315,1,40
2749,250,3574.511180124224,11097.66645962733,2,134,False,0,20230315,1,40
2750,251,3572.00998068255,11639.404700579524,0,1,False,0,20230315,1,40
2751,252,3572.3583690987125,12175.227774371551,3,117,False,0,20230315,1,40
2752,253,3572.0925925925926,12707.5,3,251,True,0,20230315,1,40
2753,254,3572.0825486503454,13236.052416823602,0,0,False,0,20230315,1,40
2754,255,3571.8962382445143,13771.685579937304,1,108,False,0,20230315,1,40
2755,256,3572.183417085427,14307.957286432162,2,178,False,0,20230315,1,40
2756,257,3571.700375704446,14851.5,2,117,False,0,20230315,1,40
2757,258,3572.183417085427,15379.957286432162,0,0,False,0,20230315,1,40
2758,259,3572.3583690987125,15919.772225628449,0,0,False,0,20230315,1,40
2759,260,3571.88630806846,16463.314180929094,0,97,False,0,20230315,1,40
2760,261,3572.0925925925926,16995.5,0,0,False,0,20230315,1,40
2761,262,3571.6055408970974,17531.594986807388,0,113,False,0,20230315,1,40
2762,263,3571.6001251564458,18067.40488110137,1,0,False,0,20230315,1,40
2763,264,3571.602761721259,18599.59505459217,1,0,False,0,20230315,1,40
2764,265,3572.0925925925926,19139.5,0,137,False,0,20230315,1,40
2765,266,3572.5167865707435,19675.59592326139,1,135,False,0,20230315,1,40
2766,267,3572.0925925925926,20211.5,1,123,False,0,20230315,1,40
2767,268,3572.183417085427,20755.04271356784,1,361,True,0,20230315,1,40
2768,269,3572.0925925925926,21283.5,1,122,False,0,20230315,1,40
2769,270,4023.1235884567127,1199.1135508155585,0,0,False,0,20230315,1,40
2770,271,4023.4024390243903,1727.5975609756097,0,116,False,0,20230315,1,40
2771,272,4023.5,2263.5,1,94,False,0,20230315,1,40
2772,273,4023.5,2799.304755944931,1,102,False,0,20230315,1,40
2773,274,4023.22057898049,3335.7794210195093,0,124,False,0,20230315,1,40
2774,275,4023.6026991441736,3871.597432521396,0,0,False,0,20230315,1,40
2775,276,4023.6911949685536,4407.308805031446,2,99,False,0,20230315,1,40
2776,277,4023.3973008558255,4943.597432521396,1,132,False,0,20230315,1,40
2777,278,4023.690476190476,5479.11403508772,0,109,False,0,20230315,1,40
2778,279,4023.6000641436817,6011.597498396408,1,1,False,0,20230315,1,40
2779,280,4023.690476190476,6543.8859649122805,1,127,False,0,20230315,1,40
2780,281,4023.7002567394097,7083.5,0,0,False,0,20230315,1,40
2781,282,4023.7884012539184,7623.211598746081,0,122,False,0,20230315,1,40
2782,283,4023.885964912281,8151.690476190476,0,0,False,0,20230315,1,40
2783,284,4023.6026991441736,8695.402567478604,2,101,False,0,20230315,1,40
2784,285,4023.7954399486193,9219.787732819525,0,0,False,0,20230315,1,40
2785,286,4023.89588688946,9755.690231362469,0,0,False,0,20230315,1,40
2786,287,4023.89588688946,10291.690231362469,0,0,False,0,20230315,1,40
2787,288,4023.6953727506425,10827.885604113111,0,0,False,0,20230315,1,40
2788,289,4023.7884012539184,11375.211598746082,1,137,False,0,20230315,1,40
2789,290,4023.885964912281,11903.690476190475,0,110,False,0,20230315,1,40
2790,291,4023.7002567394097,12443.5,11,143,True,0,20230315,1,40
2791,292,4023.7954399486193,12971.787732819525,1,113,False,0,20230315,1,40
2792,293,4023.969554300063,13504.165411173886,0,115,False,0,20230315,1,40
2793,294,4023.885964912281,14039.690476190475,0,99,False,0,20230315,1,40
2794,295,4023.87652811736,14579.690709046456,1,121,False,0,20230315,1,40
2795,296,4023.7954399486193,15115.787732819525,0,0,False,0,20230315,1,40
2796,297,4023.5975609756097,15647.40243902439,2,120,False,0,20230315,1,40
2797,298,4023.5,16191.5,1,131,False,0,20230315,1,40
2798,299,4023.6000641436817,16731.402501603592,0,1,False,0,20230315,1,40
2799,300,4023.4048200122015,17267.402379499694,1,147,False,0,20230315,1,40
2800,301,4024.053921568628,17796.06862745098,2,112,False,0,20230315,1,40
2801,302,4023.695244055069,18335.5,1,0,False,0,20230315,1,40
2802,303,4023.5,18867.5,3,102,False,0,20230315,1,40
2803,304,4023.6000641436817,19403.597498396408,0,122,False,0,20230315,1,40
2804,305,4023.89588688946,19947.309768637533,0,110,False,0,20230315,1,40
2805,306,4023.314180929096,20483.11369193154,1,124,False,0,20230315,1,40
2806,307,4023.6000641436817,21019.402501603592,1,1,False,0,20230315,1,40
2807,308,4467.308588957055,927.6865030674846,1,0,False,0,20230315,1,40
2808,309,4467.6027617212585,1463.5950545921644,0,0,False,0,20230315,1,40
2809,310,4467.69094247246,1999.686046511628,1,278,True,0,20230315,1,40
2810,311,4467.5,2531.5,0,1,False,0,20230315,1,40
2811,312,4467.103264281231,3067.133396107972,2,137,False,0,20230315,1,40
2812,313,4467.597620500305,3607.5951799877976,0,0,False,0,20230315,1,40
2813,314,4468.0700245700245,4135.490171990172,0,0,False,0,20230315,1,40
2814,315,4467.790461538461,4678.6704615384615,3,169,False,0,20230315,1,40
2815,316,4467.220416922134,5207.772225628449,0,0,False,0,20230315,1,40
2816,317,4467.600250626567,5747.4047619047615,0,122,False,0,20230315,1,40
2817,318,4467.695611285267,6275.876175548589,0,1,False,0,20230315,1,40
2818,319,4468.067931456549,6814.9467564259485,0,2,False,0,20230315,1,40
2819,320,4467.69094247246,7351.686046511628,2,122,False,0,20230315,1,40
2820,321,4467.705655526992,7887.5,0,0,False,0,20230315,1,40
2821,322,4467.9604316546765,8427.039568345324,0,0,False,0,20230315,1,40
2822,323,4467.803536977492,8951.78038585209,0,0,False,0,20230315,1,40
2823,324,4467.779926335175,9488.145794966236,0,111,False,0,20230315,1,40
2824,325,4467.970876762723,10023.958614347026,0,0,False,0,20230315,1,40
2825,326,4467.779926335175,10560.145794966236,1,147,False,0,20230315,1,40
2826,327,4467.773709483794,11099.773709483794,1,133,False,0,20230315,1,40
2827,328,4467.705655526992,11639.5,2,128,True,0,20230315,1,40
2828,329,4467.691411042945,12175.313496932517,0,1,False,0,20230315,1,40
2829,330,4467.992462311558,12707.404522613066,2,1,True,0,20230315,1,40
2830,331,4467.982412060302,13236.14824120603,1,114,False,0,20230315,1,40
2831,332,4467.695611285267,13771.876175548588,0,0,False,0,20230315,1,40
2832,333,4467.78679245283,14308.335220125786,2,92,False,0,20230315,1,40
2833,334,4467.700375704446,14851.5,0,134,False,0,20230315,1,40
2834,335,4467.695611285267,15379.876175548588,0,0,False,0,20230315,1,40
2835,336,4467.69094247246,15919.686046511628,1,1,False,0,20230315,1,40
2836,337,4467.597979179424,16463.03214941825,2,137,False,0,20230315,1,40
2837,338,4467.796110414053,16995.590338770387,1,114,False,0,20230315,1,40
2838,339,4467.812169312169,17531.589947089946,2,131,False,0,20230315,1,40
2839,340,4467.304143126177,18067.314187068423,1,123,False,0,20230315,1,40
2840,341,4467.6027617212585,18599.59505459217,1,134,False,0,20230315,1,40
2841,342,4467.992462311558,19139.59547738693,1,109,False,0,20230315,1,40
2842,343,4467.9604316546765,19675.586330935253,0,104,False,0,20230315,1,40
2843,344,4467.992462311558,20211.404522613066,2,118,False,0,20230315,1,40
2844,345,4467.695611285267,20755.87617554859,0,0,False,0,20230315,1,40
2845,346,4467.600250626567,21283.404761904763,1,108,True,0,20230315,1,40
2846,347,4910.279048765804,1198.8762793497892,1,98,True,0,20230315,1,40
2847,348,4909.975961538462,1726.3557692307693,0,0,False,0,20230315,1,40
2848,349,4911.294228356336,2263.5,1,133,False,0,20230315,1,40
2849,350,4910.738323353294,2799.859281437126,0,117,False,0,20230315,1,40
2850,351,4910.551497005988,3335.32754491018,1,150,False,0,20230315,1,40
2851,352,4911.092964824121,3871.680904522613,1,1,False,0,20230315,1,40
2852,353,4911.308383233533,4407.317964071856,1,0,False,0,20230315,1,40
2853,354,4911.298994974874,4943.133165829146,1,115,False,0,20230315,1,40
2854,355,4911.308841099164,5479.318399044206,1,0,False,0,20230315,1,40
2855,356,4911.696078431372,6011.318627450981,0,0,False,0,20230315,1,40
2856,357,4911.308383233533,6543.682035928144,1,0,False,0,20230315,1,40
2857,358,4911.796387017759,7083.225658297612,2,229,False,0,20230315,1,40
2858,359,4912.070743405276,7622.958033573142,1,0,False,0,20230315,1,40
2859,360,4911.5,8151.5,1,243,False,0,20230315,1,40
2860,361,4911.5,8694.951572327043,1,2,False,0,20230315,1,40
2861,362,4911.696078431372,9219.68137254902,1,152,False,0,20230315,1,40
2862,363,4911.69656019656,9755.681818181818,0,0,False,0,20230315,1,40
2863,364,4911.5,10291.863190184047,1,0,False,0,20230315,1,40
2864,365,4911.5,10827.863190184047,1,105,False,0,20230315,1,40
2865,366,4911.5,11374.602040816326,2,247,True,0,20230315,1,40
2866,367,4911.780407429598,11902.869682444578,1,1,False,0,20230315,1,40
2867,368,4911.600551808707,12443.043838136113,0,131,False,0,20230315,1,40
2868,369,4911.696078431372,12971.68137254902,1,142,False,0,20230315,1,40
2869,370,4911.780407429598,13504.130317555422,1,2,False,0,20230315,1,40
2870,371,4911.780407429598,14040.130317555422,5,125,False,0,20230315,1,40
2871,372,4911.774165202109,14579.232864674868,0,90,False,0,20230315,1,40
2872,373,4911.696078431372,15115.68137254902,1,175,False,0,20230315,1,40
2873,374,4911.780407429598,15648.130317555422,1,123,False,0,20230315,1,40
2874,375,4911.5,16191.136363636364,1,137,False,0,20230315,1,40
2875,376,4911.5,16731.5,2,207,False,0,20230315,1,40
2876,377,4911.869158878505,17266.77570093458,1,1,False,0,20230315,1,40
2877,378,4911.877182770663,17795.681606519207,1,0,False,0,20230315,1,40
2878,379,4912.261676646706,18335.32754491018,0,1,False,0,20230315,1,40
2879,380,4912.056725146199,18867.49064327485,0,1,False,0,20230315,1,40
2880,381,4911.696078431372,19403.68137254902,0,0,True,0,20230315,1,40
2881,382,4911.796387017759,19947.22565829761,2,2,False,0,20230315,1,40
2882,383,4911.961088355763,20483.050614394386,0,1,False,0,20230315,1,40
2883,384,4911.888206388207,21018.77764127764,0,0,False,0,20230315,1,40
2884,385,5354.359950859951,927.5,0,0,False,0,20230315,1,40
2885,386,5355.3972382787415,1463.4049454078356,0,0,False,0,20230315,1,40
2886,387,5354.355036855037,1999.8341523341523,1,1,False,0,20230315,1,40
2887,388,5355.103761755486,2531.314420062696,2,104,False,0,20230315,1,40
2888,389,5355.299624295554,3067.5,2,2,False,0,20230315,1,40
2889,390,5355.5,3607.309523809524,0,0,False,0,20230315,1,40
2890,391,5355.5,4135.5,0,0,False,0,20230315,1,40
2891,392,5355.87791411043,4678.758895705521,1,129,False,0,20230315,1,40
2892,393,5355.69094247246,5207.313953488372,0,125,False,0,20230315,1,40
2893,394,5355.695611285267,5747.123824451411,1,93,False,0,20230315,1,40
2894,395,5355.600250626567,6275.4047619047615,0,0,False,0,20230315,1,40
2895,396,5355.5,6815.1274509803925,0,0,False,0,20230315,1,40
2896,397,5355.597739767868,7351.404703726329,0,0,False,0,20230315,1,40
2897,398,5355.6027617212585,7887.404945407836,1,268,True,0,20230315,1,40
2898,399,5355.868641532017,8426.757929383602,1,142,False,0,20230315,1,40
2899,400,5355.6027617212585,8951.595054592164,2,165,False,0,20230315,1,40
2900,401,5355.69094247246,9487.686046511628,0,2,False,0,20230315,1,40
2901,402,5355.882352941177,10023.5,0,0,False,0,20230315,1,40
2902,403,5355.788685015291,10559.781345565749,0,0,False,0,20230315,1,40
2903,404,5355.87298266587,11099.5,1,257,True,0,20230315,1,40
2904,405,5355.803536977492,11639.21961414791,0,83,False,0,20230315,1,40
2905,406,5355.788685015291,12175.218654434251,2,135,False,0,20230315,1,40
2906,407,5355.796110414053,12707.218946047678,0,0,False,0,20230315,1,40
2907,408,5355.896238244514,13235.685579937304,2,135,False,0,20230315,1,40
2908,409,5355.700375704446,13771.5,0,1,False,0,20230315,1,40
2909,410,5355.796110414053,14307.781053952322,2,121,False,0,20230315,1,40
2910,411,5355.600125156446,14851.404881101376,3,275,True,0,20230315,1,40
2911,412,5355.700375704446,15379.5,0,0,False,0,20230315,1,40
2912,413,5355.88630806846,15919.685819070904,0,80,False,0,20230315,1,40
2913,414,5355.5,16462.936964504283,1,1,False,0,20230315,1,40
2914,415,5355.896238244514,16995.314420062696,3,106,False,0,20230315,1,40
2915,416,5355.917713152677,17531.31493721084,2,133,False,0,20230315,1,40
2916,417,5355.795739348371,18067.21929824561,2,108,False,0,20230315,1,40
2917,418,5355.6027617212585,18599.59505459217,0,129,False,0,20230315,1,40
2918,419,5355.700375704446,19139.5,1,1,False,0,20230315,1,40
2919,420,5355.968339307049,19675.40442054958,0,0,False,0,20230315,1,40
2920,421,5355.600125156446,20211.40488110137,5,129,False,0,20230315,1,40
2921,422,5355.795739348371,20755.21929824561,0,109,False,0,20230315,1,40
2922,423,5355.700375704446,21283.5,2,3,False,0,20230315,1,40
2923,424,5806.541916167665,1199.3179640718563,0,64,True,0,20230315,1,40
2924,425,5806.328331332533,1727.2454981992796,1,120,False,0,20230315,1,40
2925,426,5806.901257861635,2262.9616352201256,1,127,False,0,20230315,1,40
2926,427,5807.019426180514,2799.4067543335327,0,102,False,0,20230315,1,40
2927,428,5807.204504504504,3335.262162162162,3,115,False,0,20230315,1,40
2928,429,5807.705771643664,3871.5,0,0,False,0,20230315,1,40
2929,430,5807.308383233533,4407.317964071856,1,106,False,0,20230315,1,40
2930,431,5807.397049591965,4943.407093534212,0,0,False,0,20230315,1,40
2931,432,5807.5,5479.136363636364,0,1,False,0,20230315,1,40
2932,433,5807.5,6011.5,0,101,False,0,20230315,1,40
2933,434,5807.317964071856,6544.223353293413,0,0,False,0,20230315,1,40
2934,435,5807.303921568628,7083.318627450981,2,287,True,0,20230315,1,40
2935,436,5807.5,7623.136363636364,0,1,False,0,20230315,1,40
2936,437,5807.5,8151.5,1,61,False,0,20230315,1,40
2937,438,5807.5,8694.951572327043,3,114,False,0,20230315,1,40
2938,439,5807.399448191293,9219.956161863887,0,2,False,0,20230315,1,40
2939,440,5807.303921568628,9755.68137254902,1,86,False,0,20230315,1,40
2940,441,5807.5,10291.863190184047,2,98,False,0,20230315,1,40
2941,442,5807.5,10827.863190184047,0,0,False,0,20230315,1,40
2942,443,5807.5,11374.602040816326,1,132,False,0,20230315,1,40
2943,444,5807.691616766467,11903.317964071855,1,116,False,0,20230315,1,40
2944,445,5807.600551808707,12443.043838136113,1,142,False,0,20230315,1,40
2945,446,5807.696078431372,12971.68137254902,1,123,False,0,20230315,1,40
2946,447,5807.5,13503.863636363636,1,132,False,0,20230315,1,40
2947,448,5807.780407429598,14040.130317555422,2,88,False,0,20230315,1,40
2948,449,5807.5,14579.5,1,0,False,0,20230315,1,40
2949,450,5807.5,15115.5,1,3,False,0,20230315,1,40
2950,451,5807.308383233533,15647.682035928145,0,0,False,0,20230315,1,40
2951,452,5807.219592570402,16190.869682444578,0,0,False,0,20230315,1,40
2952,453,5807.203975535168,16731.225993883792,1,111,False,0,20230315,1,40
2953,454,5808.315897136177,17266.518118059616,1,138,False,0,20230315,1,40
2954,455,5807.5,17795.5,3,128,False,0,20230315,1,40
2955,456,5807.598027495517,18335.04333532576,2,124,False,0,20230315,1,40
2956,457,5807.686915887851,18867.317757009347,1,1,False,0,20230315,1,40
2957,458,5807.399694189602,19403.59296636085,0,131,False,0,20230315,1,40
2958,459,5807.600551808707,19947.04383813612,2,131,False,0,20230315,1,40
2959,460,5807.322429906542,20482.59813084112,3,102,False,0,20230315,1,40
2960,461,5807.600551808707,21019.04383813612,1,1,False,0,20230315,1,40
2961,462,6248.491920447483,929.41671845867,3,61,True,0,20230315,1,40
2962,463,6250.684516129032,1463.5,1,1,True,0,20230315,1,40
2963,464,6250.062461538461,1999.2710769230769,0,110,True,0,20230315,1,40
2964,465,6246.90797940798,2531.5,0,0,True,0,20230315,1,40
2965,466,6251.103761755486,3067.6855799373043,0,0,False,0,20230315,1,40
2966,467,6251.402379499695,3607.4048200122015,1,2,False,0,20230315,1,40
2967,468,6251.30905752754,4135.686046511628,0,100,False,0,20230315,1,40
2968,469,6251.788685015291,4679.21865443425,0,1,False,0,20230315,1,40
2969,470,6251.882352941177,5207.5,0,116,False,0,20230315,1,40
2970,471,6251.600250626567,5747.4047619047615,0,97,False,0,20230315,1,40
2971,472,6251.600250626567,6275.595238095239,1,109,False,0,20230315,1,40
2972,473,6251.5,6815.1274509803925,1,122,False,0,20230315,1,40
2973,474,6251.5,7351.5,1,119,False,0,20230315,1,40
2974,475,6251.6027617212585,7887.404945407836,1,105,False,0,20230315,1,40
2975,476,6251.773053892216,8426.853293413174,1,1,False,0,20230315,1,40
2976,477,6251.5,8951.690231362469,0,0,False,0,20230315,1,40
2977,478,6251.5,9487.872549019608,2,105,False,0,20230315,1,40
2978,479,6251.5,10023.872549019608,0,0,False,0,20230315,1,40
2979,480,6251.69094247246,10559.686046511628,3,109,False,0,20230315,1,40
2980,481,6251.87298266587,11099.5,1,0,False,0,20230315,1,40
2981,482,6251.6027617212585,11639.404945407836,0,1,False,0,20230315,1,40
2982,483,6251.597979179424,12175.032149418248,0,0,False,0,20230315,1,40
2983,484,6251.796110414053,12707.218946047678,0,0,False,0,20230315,1,40
2984,485,6251.896238244514,13235.685579937304,1,130,False,0,20230315,1,40
2985,486,6251.600125156446,13771.595118898624,1,121,False,0,20230315,1,40
2986,487,6251.795739348371,14307.780701754386,2,91,False,0,20230315,1,40
2987,488,6251.5,14851.309643080776,1,107,False,0,20230315,1,40
2988,489,6251.600250626567,15379.40476190476,1,120,False,0,20230315,1,40
2989,490,6251.5,15919.5,1,125,False,0,20230315,1,40
2990,491,6251.5,16462.389434889436,0,1,False,0,20230315,1,40
2991,492,6251.5,16995.30964308078,0,0,False,0,20230315,1,40
2992,493,6251.605540897098,17531.405013192612,0,0,False,0,20230315,1,40
2993,494,6251.5,18066.93753923415,0,0,False,0,20230315,1,40
2994,495,6251.5,18599.5,0,1,False,0,20230315,1,40
2995,496,6251.5,19139.30964308078,0,0,False,0,20230315,1,40
2996,497,6251.5,19675.12701733413,0,0,False,0,20230315,1,40
2997,498,6251.5,20211.30964308078,1,2,False,0,20230315,1,40
2998,499,6251.399874843554,20755.40488110137,2,106,True,0,20230315,1,40
2999,500,6251.600250626567,21283.404761904763,0,93,True,0,20230315,1,40
3000,1,899.004835589942,1464.1473243068988,5,3,True,2,20230404,1,40
3001,2,898.7570725707257,2000.5971709717096,1,84,False,2,20230404,1,40
3002,3,899.2132075471698,2532.3352201257862,1,1,False,2,20230404,1,40
3003,4,899.2132075471698,3068.3352201257862,0,92,False,2,20230404,1,40
3004,5,899.4020208205757,3607.967850581752,0,3,False,2,20230404,1,40
3005,6,899.2204169221336,4136.33629675046,0,0,True,2,20230404,1,40
3006,7,899.4020208205757,4679.967850581751,19,155,True,2,20230404,1,40
3007,8,899.7795830778664,5208.33629675046,0,0,False,2,20230404,1,40
3008,9,899.6956112852664,5747.876175548589,11,122,False,2,20230404,1,40
3009,10,899.204260651629,6275.7807017543855,0,2,False,2,20230404,1,40
3010,11,899.8779141104294,6816.241104294479,1,1,False,2,20230404,1,40
3011,12,900.0686274509804,7352.053921568628,1,1,False,2,20230404,1,40
3012,13,900.3051612903225,7887.866451612903,5,100,False,2,20230404,1,40
3013,14,900.6003003003003,8428.206306306307,2,1,False,2,20230404,1,40
3014,15,900.0979381443299,8952.051546391753,2,0,False,2,20230404,1,40
3015,16,900.2429274292743,9488.59717097171,0,0,False,2,20230404,1,40
3016,17,901.4233621755252,10024.187268232386,11,109,False,2,20230404,1,40
3017,18,901.0743368291178,10560.657310302282,3,106,False,2,20230404,1,40
3018,19,900.5989802039592,11100.224655068989,6,2,False,2,20230404,1,40
3019,20,899.7005141388174,11639.690231362469,2,1,False,2,20230404,1,40
3020,21,901.428306551298,12176.889369592089,4,104,False,2,20230404,1,40
3021,22,900.3805031446541,12707.771698113207,2,3,False,2,20230404,1,40
3022,23,900.3564231738035,13236.502518891688,2,2,False,2,20230404,1,40
3023,24,899.9824120603015,13772.14824120603,1,0,False,2,20230404,1,40
3024,25,900.1607818411097,14308.690416141237,5,106,False,2,20230404,1,40
3025,26,899.896238244514,14851.685579937304,5,2,False,2,20230404,1,40
3026,27,899.9824120603015,15380.14824120603,5,105,False,2,20230404,1,40
3027,28,899.7795830778664,15920.33629675046,8,113,False,2,20230404,1,40
3028,29,899.6909424724602,16463.68604651163,5,112,False,2,20230404,1,40
3029,30,899.6956112852664,16995.87617554859,2,2,False,2,20230404,1,40
3030,31,899.6055408970976,17531.594986807388,4,2,False,2,20230404,1,40
3031,32,899.5,18067.5,16,104,False,2,20230404,1,40
3032,33,899.5,18599.690231362467,16,124,False,2,20230404,1,40
3033,34,899.6002506265664,19139.404761904763,14,99,False,2,20230404,1,40
3034,35,900.1467065868263,19675.226946107785,8,82,False,2,20230404,1,40
3035,36,900.0925925925926,20211.5,14,104,True,2,20230404,1,40
3036,37,900.1842767295598,20754.86603773585,16,90,False,2,20230404,1,40
3037,38,903.89588688946,21283.309768637533,7,3,True,2,20230404,1,40
3038,39,1342.8345888261142,1199.9695543000628,0,1,True,2,20230404,1,40
3039,40,1343.293710691824,1728.4610062893082,0,0,False,2,20230404,1,40
3040,41,1343.1967699406723,2263.78740936058,2,0,False,2,20230404,1,40
3041,42,1343.2115987460816,2799.7884012539184,0,0,False,2,20230404,1,40
3042,43,1343.211959924859,3335.788040075141,0,0,False,2,20230404,1,40
3043,44,1343.5,3871.694993412385,0,0,False,2,20230404,1,40
3044,45,1343.5,4407.6952440550685,2,120,False,2,20230404,1,40
3045,46,1343.5,4943.5,1,115,False,2,20230404,1,40
3046,47,1343.5975609756097,5479.59756097561,1,2,False,2,20230404,1,40
3047,48,1343.5951768488746,6011.788102893891,1,0,False,2,20230404,1,40
3048,49,1343.7790697674418,6544.357322438717,9,210,True,2,20230404,1,40
3049,50,1343.7002567394095,7083.5,9,1,False,2,20230404,1,40
3050,51,1344.0771643663738,7623.5,1,0,False,2,20230404,1,40
3051,52,1343.7884012539184,8151.788401253919,6,128,False,2,20230404,1,40
3052,53,1343.705533596838,8695.5,0,0,False,2,20230404,1,40
3053,54,1343.6953727506427,9219.885604113111,10,158,False,2,20230404,1,40
3054,55,1343.89588688946,9755.690231362469,0,0,False,2,20230404,1,40
3055,56,1343.399935856318,10291.597498396408,3,2,False,2,20230404,1,40
3056,57,1344.0824742268042,10828.067010309278,5,1,False,2,20230404,1,40
3057,58,1344.4319899244333,11374.568010075567,5,2,False,2,20230404,1,40
3058,59,1343.8859649122808,11903.690476190475,5,2,False,2,20230404,1,40
3059,60,1343.89588688946,12443.309768637531,4,2,False,2,20230404,1,40
3060,61,1343.89588688946,12971.690231362469,11,176,True,2,20230404,1,40
3061,62,1343.690476190476,13503.88596491228,5,5,False,2,20230404,1,40
3062,63,1343.8859649122808,14039.690476190475,14,166,True,2,20230404,1,40
3063,64,1343.4044703000611,14579.402020820577,11,160,True,2,20230404,1,40
3064,65,1343.6953727506427,15115.885604113111,12,163,False,2,20230404,1,40
3065,66,1343.690476190476,15647.88596491228,4,4,False,2,20230404,1,40
3066,67,1343.7884012539184,16191.788401253918,7,158,True,2,20230404,1,40
3067,68,1343.399935856318,16731.402501603592,6,2,False,2,20230404,1,40
3068,69,1343.6865030674846,17267.308588957054,3,105,False,2,20230404,1,40
3069,70,1343.5955296999389,17795.98009797918,4,115,False,2,20230404,1,40
3070,71,1343.5975609756097,18335.40243902439,4,4,False,2,20230404,1,40
3071,72,1343.5,18867.88235294117,6,116,False,2,20230404,1,40
3072,73,1343.5,19403.5,16,56,False,2,20230404,1,40
3073,74,1343.89588688946,19947.309768637533,14,89,False,2,20230404,1,40
3074,75,1344.0539215686274,20482.93137254902,16,68,False,2,20230404,1,40
3075,76,1344.1825499034128,21019.03122987765,15,72,True,2,20230404,1,40
3076,77,1786.8558696988323,928.6923786109404,6,106,True,2,20230404,1,40
3077,78,1786.6937984496124,1464.37338501292,2,0,False,2,20230404,1,40
3078,79,1786.9313725490197,2000.053921568628,0,115,False,2,20230404,1,40
3079,80,1787.2038895859473,2531.781053952321,0,0,False,2,20230404,1,40
3080,81,1786.442065491184,3068.3110831234258,3,1,False,2,20230404,1,40
3081,82,1787.970300061237,3608.149112063688,1,1,False,2,20230404,1,40
3082,83,1787.5979791794243,4135.967850581751,2,1,False,2,20230404,1,40
3083,84,1787.2204169221336,4679.772225628449,1,331,True,2,20230404,1,40
3084,85,1787.029699938763,5208.149112063687,8,2,False,2,20230404,1,40
3085,86,1787.882149591452,5748.053111250786,7,113,False,2,20230404,1,40
3086,87,1787.9753476611884,6276.870417193426,9,206,True,2,20230404,1,40
3087,88,1788.0700245700243,6816.055282555282,0,0,False,2,20230404,1,40
3088,89,1788.0686274509803,7352.053921568628,7,114,False,2,20230404,1,40
3089,90,1787.9066924066924,7887.685328185328,2,4,False,2,20230404,1,40
3090,91,1788.4214157168567,8427.5,1,118,False,2,20230404,1,40
3091,92,1788.8411003236247,8951.057281553398,2,2,False,2,20230404,1,40
3092,93,1788.9590264941469,9488.74460874923,8,114,False,2,20230404,1,40
3093,94,1788.5325752919484,10024.31868469576,3,134,False,2,20230404,1,40
3094,95,1789.3282890673256,10560.925571340333,2,0,False,2,20230404,1,40
3095,96,1788.2420706163973,11099.868641532015,3,1,False,2,20230404,1,40
3096,97,1788.1082474226805,11639.5,6,127,False,2,20230404,1,40
3097,98,1788.8382533825338,12175.657441574416,4,128,False,2,20230404,1,40
3098,99,1788.3636363636365,13236.671717171715,2,2,False,2,20230404,1,40
3099,100,1788.083280955374,13772.053111250783,5,130,False,2,20230404,1,40
3100,101,1788.26214511041,14308.5952681388,1,1,False,2,20230404,1,40
3101,102,1788.0925925925926,14851.5,2,2,False,2,20230404,1,40
3102,103,1787.887665198238,15380.240088105727,4,107,False,2,20230404,1,40
3103,104,1787.8779141104294,15920.24110429448,1,0,False,2,20230404,1,40
3104,105,1787.7886850152904,16463.409480122325,10,3,False,2,20230404,1,40
3105,106,1787.795739348371,16995.780701754386,4,4,False,2,20230404,1,40
3106,107,1787.9177131526767,17531.68506278916,11,106,False,2,20230404,1,40
3107,108,1787.7003757044458,18067.5,4,1,False,2,20230404,1,40
3108,109,1787.6027617212587,18599.59505459217,14,287,True,2,20230404,1,40
3109,110,1787.896238244514,19139.314420062696,4,150,False,2,20230404,1,40
3110,111,1788.4214157168567,19675.5,9,118,False,2,20230404,1,40
3111,112,1788.0925925925926,20211.5,7,97,False,2,20230404,1,40
3112,113,1788.083280955374,20754.94688874921,8,101,False,2,20230404,1,40
3113,114,1788.294468887492,21283.5,6,90,True,2,20230404,1,40
3114,115,1791.89588688946,12707.309768637531,6,138,False,2,20230404,1,40
3115,116,2231.304755944931,1199.5,1,93,False,2,20230404,1,40
3116,117,2231.6907151819323,1727.8764115432873,8,100,False,2,20230404,1,40
3117,118,2231.5,2263.5,3,1,True,2,20230404,1,40
3118,119,2231.5,2799.5,2,1,False,2,20230404,1,40
3119,120,2231.5,3335.5,1,1,False,2,20230404,1,40
3120,121,2231.5,3871.5,1,169,False,2,20230404,1,40
3121,122,2231.695244055069,4407.5,3,120,False,2,20230404,1,40
3122,123,2231.5,4943.5,2,2,False,2,20230404,1,40
3123,124,2231.5,5479.5,20,296,True,2,20230404,1,40
3124,125,2231.6000641436817,6011.402501603592,2,0,False,2,20230404,1,40
3125,126,2231.690476190476,6543.8859649122805,2,0,False,2,20230404,1,40
3126,127,2231.89588688946,7083.690231362468,4,122,False,2,20230404,1,40
3127,128,2232.077164366374,7623.5,1,121,False,2,20230404,1,40
3128,129,2231.8859649122805,8151.690476190476,2,130,False,2,20230404,1,40
3129,130,2232.1076618229854,8695.5,3,3,False,2,20230404,1,40
3130,131,2231.79543994862,9219.787732819525,1,0,False,2,20230404,1,40
3131,132,2232.182549903413,9755.968770122345,0,1,False,2,20230404,1,40
3132,133,2232.182549903413,10291.968770122345,1,0,False,2,20230404,1,40
3133,134,2232.082474226804,10828.067010309278,2,0,False,2,20230404,1,40
3134,135,2231.6902377972465,11375.304755944931,1,2,False,2,20230404,1,40
3135,136,2232.165411173886,11903.969554300063,2,1,False,2,20230404,1,40
3136,137,2231.7002567394097,12443.5,2,2,False,2,20230404,1,40
3137,138,2232.0817245817248,12972.06628056628,1,0,False,2,20230404,1,40
3138,139,2232.3332284455632,13504.529578351165,3,2,False,2,20230404,1,40
3139,140,2232.3332284455632,14040.529578351165,4,1,False,2,20230404,1,40
3140,141,2232.241104294478,14579.87791411043,3,118,False,2,20230404,1,40
3141,142,2232.0817245817248,15116.06628056628,5,109,False,2,20230404,1,40
3142,143,2231.9695543000626,15648.165411173886,2,140,False,2,20230404,1,40
3143,144,2231.8859649122805,16191.690476190475,5,3,False,2,20230404,1,40
3144,145,2231.7002567394097,16731.5,2,1,False,2,20230404,1,40
3145,146,2232.241104294478,17267.681595092025,3,0,False,2,20230404,1,40
3146,147,2232.053921568628,17796.06862745098,6,3,False,2,20230404,1,40
3147,148,2231.8859649122805,18335.69047619048,9,112,False,2,20230404,1,40
3148,149,2232.33629675046,18867.220416922133,12,123,False,2,20230404,1,40
3149,150,2231.79543994862,19403.787732819525,11,72,False,2,20230404,1,40
3150,151,2231.89588688946,19947.309768637533,6,86,False,2,20230404,1,40
3151,152,2232.33629675046,20483.220416922133,6,84,False,2,20230404,1,40
3152,153,2231.89588688946,21019.309768637533,9,103,False,2,20230404,1,40
3153,154,2674.93137254902,928.0539215686274,4,2,False,2,20230404,1,40
3154,155,2677.859493670886,1462.4012658227848,0,0,False,2,20230404,1,40
3155,156,2675.406919779547,1999.776791181874,7,5,False,2,20230404,1,40
3156,157,2674.90666247643,2531.489943431804,1,0,True,2,20230404,1,40
3157,158,2675.1173694147265,3068.04877281309,1,1,False,2,20230404,1,40
3158,159,2674.6416309012875,3607.7722256284487,4,1,False,2,20230404,1,40
3159,160,2678.221252257676,4135.150812763395,3,129,False,2,20230404,1,40
3160,161,2679.5,4679.5,4,111,False,2,20230404,1,40
3161,162,2678.2738452309536,5208.111877624475,2,0,False,2,20230404,1,40
3162,163,2679.5,5747.5,1,1,False,2,20230404,1,40
3163,164,2680.4987699877,6275.849323493235,0,1,False,2,20230404,1,40
3164,165,2679.882775119617,6815.5,1,124,False,2,20230404,1,40
3165,166,2680.2616766467067,7351.859281437126,1,3,False,2,20230404,1,40
3166,167,2680.236225087925,8427.317116060962,1,0,False,2,20230404,1,40
3167,168,2679.907035175879,8951.680904522613,3,1,False,2,20230404,1,40
3168,169,2679.211389385808,9487.774299344066,0,0,False,2,20230404,1,40
3169,170,2680.0693779904304,10024.04066985646,2,1,False,2,20230404,1,40
3170,171,2681.5253470126736,10560.709414604707,0,1,False,2,20230404,1,40
3171,172,2680.147574517826,11099.766510812393,1,1,False,2,20230404,1,40
3172,173,2680.1638705811865,12175.766027561414,6,119,False,2,20230404,1,40
3173,174,2680.093137254902,12707.5,0,2,False,2,20230404,1,40
3174,175,2680.0840490797545,13236.039877300613,2,1,False,2,20230404,1,40
3175,176,2679.796024464832,13771.774006116208,5,125,False,2,20230404,1,40
3176,177,2680.459409594096,14308.385608856088,3,123,False,2,20230404,1,40
3177,178,2679.896572827417,14851.681150550796,5,123,False,2,20230404,1,40
3178,179,2680.0840490797545,15380.039877300613,3,120,False,2,20230404,1,40
3179,180,2680.0693779904304,15920.04066985646,2,124,False,2,20230404,1,40
3180,181,2679.980573819486,16463.406754333533,2,114,False,2,20230404,1,40
3181,182,2679.896572827417,16995.681150550794,6,4,False,2,20230404,1,40
3182,183,2679.605602060528,17531.592723760463,2,4,False,2,20230404,1,40
3183,184,2679.9935543278084,18067.58348680172,5,126,False,2,20230404,1,40
3184,185,2679.80923947203,18599.42206159648,4,107,False,2,20230404,1,40
3185,186,2680.1876155268023,19139.214109673445,6,113,False,2,20230404,1,40
3186,187,2680.4227166276346,19675.5,2,116,False,2,20230404,1,40
3187,188,2679.700488997555,20211.5,2,137,False,2,20230404,1,40
3188,189,2679.7963870177587,20755.22565829761,6,121,False,2,20230404,1,40
3189,190,2680.093137254902,21283.5,4,93,True,2,20230404,1,40
3190,191,2683.602761721259,7887.595054592164,0,1,False,2,20230404,1,40
3191,192,2683.9025806451614,11639.5,2,0,False,2,20230404,1,40
3192,193,3130.359950859951,1199.5,1,1,False,2,20230404,1,40
3193,194,3125.668888888889,1728.9653968253967,1,124,False,2,20230404,1,40
3194,195,3131.397238278741,2263.5950545921646,0,1,False,2,20230404,1,40
3195,196,3127.2105097545627,2799.7794210195093,1,124,False,2,20230404,1,40
3196,197,3129.775092936803,3336.6995043370507,0,0,False,2,20230404,1,40
3197,198,3131.397238278741,3871.5950545921646,4,2,False,2,20230404,1,40
3198,199,3130.726600985221,4406.869458128079,3,1,False,2,20230404,1,40
3199,200,3130.9945196647323,4943.595422308188,0,0,False,2,20230404,1,40
3200,201,3131.402260232132,5479.404703726329,2,139,False,2,20230404,1,40
3201,202,3131.203889585948,6011.781053952322,1,142,False,2,20230404,1,40
3202,203,3131.1220858895704,6544.241104294479,6,124,False,2,20230404,1,40
3203,204,3131.6001251564458,7083.595118898624,0,1,False,2,20230404,1,40
3204,205,3131.5,7623.127450980392,1,1,False,2,20230404,1,40
3205,206,3131.5,8151.872549019607,2,1,False,2,20230404,1,40
3206,207,3131.5,8695.309768637531,3,0,False,2,20230404,1,40
3207,208,3131.6956112852663,9219.876175548588,2,150,False,2,20230404,1,40
3208,209,3131.7961104140527,9755.781053952322,0,0,False,2,20230404,1,40
3209,210,3131.7961104140527,10291.781053952322,1,0,False,2,20230404,1,40
3210,211,3131.5,10828.06246076585,0,0,False,2,20230404,1,40
3211,212,3131.779926335175,11374.854205033764,2,134,False,2,20230404,1,40
3212,213,3131.6909424724604,11903.686046511628,2,2,False,2,20230404,1,40
3213,214,3131.6002506265663,12443.40476190476,0,1,False,2,20230404,1,40
3214,215,3131.7961104140527,12971.781053952322,1,1,False,2,20230404,1,40
3215,216,3131.7795830778664,13504.33629675046,4,5,False,2,20230404,1,40
3216,217,3131.7795830778664,14040.33629675046,2,2,False,2,20230404,1,40
3217,218,3131.960431654676,14579.960431654676,5,113,False,2,20230404,1,40
3218,219,3131.6956112852663,15115.876175548588,4,117,False,2,20230404,1,40
3219,220,3131.5,15648.063035495716,5,3,False,2,20230404,1,40
3220,221,3131.8823529411766,16191.5,2,2,False,2,20230404,1,40
3221,222,3131.5,16731.30964308078,6,116,False,2,20230404,1,40
3222,223,3131.6862686567165,17267.313731343285,2,105,False,2,20230404,1,40
3223,224,3131.313953488372,17795.68604651163,8,117,False,2,20230404,1,40
3224,225,3131.6909424724604,18335.31395348837,8,66,False,2,20230404,1,40
3225,226,3131.68671454219,18867.68671454219,8,93,False,2,20230404,1,40
3226,227,3131.700375704446,19403.5,13,76,False,2,20230404,1,40
3227,228,3131.5,19947.5,3,108,False,2,20230404,1,40
3228,229,3131.782634730539,20482.661676646705,5,100,False,2,20230404,1,40
3229,230,3131.7961104140527,21019.21894604768,8,96,False,2,20230404,1,40
3230,231,3570.6416309012875,927.7722256284488,2,2,False,2,20230404,1,40
3231,232,3571.5,1463.5,1,1,False,2,20230404,1,40
3232,233,3569.9433497536947,2000.5147783251232,0,1,False,2,20230404,1,40
3233,234,3571.3043887147337,2531.1238244514107,3,111,False,2,20230404,1,40
3234,235,3571.8962382445143,3067.6855799373043,1,0,False,2,20230404,1,40
3235,236,3571.5,3607.309523809524,1,117,False,2,20230404,1,40
3236,237,3571.597620500305,4135.595179987798,1,121,False,2,20230404,1,40
3237,238,3571.5,4679.5,1,1,False,2,20230404,1,40
3238,239,3571.88630806846,5207.6858190709045,3,2,False,2,20230404,1,40
3239,240,3571.7961104140527,5747.590338770389,1,128,False,2,20230404,1,40
3240,241,3571.8962382445143,6275.314420062696,2,117,False,2,20230404,1,40
3241,242,3571.69536019536,6815.5,3,129,False,2,20230404,1,40
3242,243,3572.166258420086,7351.041947336191,5,127,False,2,20230404,1,40
3243,244,3571.7056555269924,7887.5,0,1,False,2,20230404,1,40
3244,245,3572.5167865707435,8427.404076738609,3,2,False,2,20230404,1,40
3245,246,3571.9066924066924,8951.685328185327,1,1,False,2,20230404,1,40
3246,247,3572.260736196319,9487.86809815951,0,0,False,2,20230404,1,40
3247,248,3572.260736196319,10023.86809815951,3,1,False,2,20230404,1,40
3248,249,3572.0686274509803,10560.053921568628,3,2,False,2,20230404,1,40
3249,250,3574.511180124224,11097.66645962733,6,2,False,2,20230404,1,40
3250,251,3572.00998068255,11639.404700579524,0,0,False,2,20230404,1,40
3251,252,3572.3583690987125,12175.227774371551,2,0,False,2,20230404,1,40
3252,253,3572.0925925925926,12707.5,3,139,False,2,20230404,1,40
3253,254,3572.0825486503454,13236.052416823602,0,0,False,2,20230404,1,40
3254,255,3571.8962382445143,13771.685579937304,2,2,False,2,20230404,1,40
3255,256,3572.183417085427,14307.957286432162,3,1,False,2,20230404,1,40
3256,257,3571.700375704446,14851.5,1,133,False,2,20230404,1,40
3257,258,3572.183417085427,15379.957286432162,5,106,False,2,20230404,1,40
3258,259,3572.3583690987125,15919.772225628449,3,2,False,2,20230404,1,40
3259,260,3571.88630806846,16463.314180929094,3,125,False,2,20230404,1,40
3260,261,3572.0925925925926,16995.5,4,1,False,2,20230404,1,40
3261,262,3571.6055408970974,17531.594986807388,8,99,False,2,20230404,1,40
3262,263,3571.6001251564458,18067.40488110137,3,125,False,2,20230404,1,40
3263,264,3571.602761721259,18599.59505459217,5,93,False,2,20230404,1,40
3264,265,3572.0925925925926,19139.5,7,124,False,2,20230404,1,40
3265,266,3572.5167865707435,19675.59592326139,0,0,False,2,20230404,1,40
3266,267,3572.0925925925926,20211.5,8,113,False,2,20230404,1,40
3267,268,3572.183417085427,20755.04271356784,3,105,False,2,20230404,1,40
3268,269,3572.0925925925926,21283.5,2,93,True,2,20230404,1,40
3269,270,4023.1235884567127,1199.1135508155585,0,0,False,2,20230404,1,40
3270,271,4023.4024390243903,1727.5975609756097,1,1,False,2,20230404,1,40
3271,272,4023.5,2263.5,0,0,False,2,20230404,1,40
3272,273,4023.5,2799.304755944931,1,1,True,2,20230404,1,40
3273,274,4023.22057898049,3335.7794210195093,4,3,False,2,20230404,1,40
3274,275,4023.6026991441736,3871.597432521396,0,0,False,2,20230404,1,40
3275,276,4023.6911949685536,4407.308805031446,4,1,False,2,20230404,1,40
3276,277,4023.3973008558255,4943.597432521396,3,2,False,2,20230404,1,40
3277,278,4023.690476190476,5479.11403508772,2,2,False,2,20230404,1,40
3278,279,4023.6000641436817,6011.597498396408,4,1,True,2,20230404,1,40
3279,280,4023.690476190476,6543.8859649122805,1,126,False,2,20230404,1,40
3280,281,4023.7002567394097,7083.5,1,2,False,2,20230404,1,40
3281,282,4023.7884012539184,7623.211598746081,1,0,True,2,20230404,1,40
3282,283,4023.885964912281,8151.690476190476,2,120,False,2,20230404,1,40
3283,284,4023.6026991441736,8695.402567478604,3,125,False,2,20230404,1,40
3284,285,4023.7954399486193,9219.787732819525,0,0,False,2,20230404,1,40
3285,286,4023.89588688946,9755.690231362469,3,1,False,2,20230404,1,40
3286,287,4023.89588688946,10291.690231362469,0,0,False,2,20230404,1,40
3287,288,4023.6953727506425,10827.885604113111,2,2,False,2,20230404,1,40
3288,289,4023.7884012539184,11375.211598746082,0,0,False,2,20230404,1,40
3289,290,4023.885964912281,11903.690476190475,1,121,False,2,20230404,1,40
3290,291,4023.7002567394097,12443.5,2,2,False,2,20230404,1,40
3291,292,4023.7954399486193,12971.787732819525,1,0,False,2,20230404,1,40
3292,293,4023.969554300063,13504.165411173886,4,2,False,2,20230404,1,40
3293,294,4023.885964912281,14039.690476190475,5,116,False,2,20230404,1,40
3294,295,4023.87652811736,14579.690709046456,0,3,False,2,20230404,1,40
3295,296,4023.7954399486193,15115.787732819525,6,128,False,2,20230404,1,40
3296,297,4023.5975609756097,15647.40243902439,2,3,False,2,20230404,1,40
3297,298,4023.5,16191.5,4,100,False,2,20230404,1,40
3298,299,4023.6000641436817,16731.402501603592,3,3,False,2,20230404,1,40
3299,300,4023.4048200122015,17267.402379499694,7,2,False,2,20230404,1,40
3300,301,4024.053921568628,17796.06862745098,4,101,False,2,20230404,1,40
3301,302,4023.695244055069,18335.5,7,85,False,2,20230404,1,40
3302,303,4023.5,18867.5,9,4,False,2,20230404,1,40
3303,304,4023.6000641436817,19403.597498396408,9,119,False,2,20230404,1,40
3304,305,4023.89588688946,19947.309768637533,6,4,False,2,20230404,1,40
3305,306,4023.314180929096,20483.11369193154,4,2,False,2,20230404,1,40
3306,307,4023.6000641436817,21019.402501603592,10,91,False,2,20230404,1,40
3307,308,4467.308588957055,927.6865030674846,3,97,True,2,20230404,1,40
3308,309,4467.6027617212585,1463.5950545921644,0,0,False,2,20230404,1,40
3309,310,4467.69094247246,1999.686046511628,1,0,False,2,20230404,1,40
3310,311,4467.5,2531.5,0,0,False,2,20230404,1,40
3311,312,4467.103264281231,3067.133396107972,0,0,False,2,20230404,1,40
3312,313,4467.597620500305,3607.5951799877976,0,0,False,2,20230404,1,40
3313,314,4468.0700245700245,4135.490171990172,1,289,True,2,20230404,1,40
3314,315,4467.790461538461,4678.6704615384615,5,4,True,2,20230404,1,40
3315,316,4467.220416922134,5207.772225628449,3,1,True,2,20230404,1,40
3316,317,4467.600250626567,5747.4047619047615,2,3,True,2,20230404,1,40
3317,318,4467.695611285267,6275.876175548589,2,3,True,2,20230404,1,40
3318,319,4468.067931456549,6814.9467564259485,0,1,False,2,20230404,1,40
3319,320,4467.69094247246,7351.686046511628,2,0,True,2,20230404,1,40
3320,321,4467.705655526992,7887.5,4,3,False,2,20230404,1,40
3321,322,4467.9604316546765,8427.039568345324,3,146,False,2,20230404,1,40
3322,323,4467.803536977492,8951.78038585209,1,0,False,2,20230404,1,40
3323,324,4467.779926335175,9488.145794966236,2,178,True,2,20230404,1,40
3324,325,4467.970876762723,10023.958614347026,4,224,True,2,20230404,1,40
3325,326,4467.779926335175,10560.145794966236,1,2,False,2,20230404,1,40
3326,327,4467.773709483794,11099.773709483794,2,123,False,2,20230404,1,40
3327,328,4467.705655526992,11639.5,0,0,False,2,20230404,1,40
3328,329,4467.691411042945,12175.313496932517,1,133,False,2,20230404,1,40
3329,330,4467.992462311558,12707.404522613066,1,0,False,2,20230404,1,40
3330,331,4467.982412060302,13236.14824120603,1,0,False,2,20230404,1,40
3331,332,4467.695611285267,13771.876175548588,0,0,False,2,20230404,1,40
3332,333,4467.78679245283,14308.335220125786,7,2,False,2,20230404,1,40
3333,334,4467.700375704446,14851.5,3,3,False,2,20230404,1,40
3334,335,4467.695611285267,15379.876175548588,6,115,False,2,20230404,1,40
3335,336,4467.69094247246,15919.686046511628,6,133,False,2,20230404,1,40
3336,337,4467.597979179424,16463.03214941825,5,139,False,2,20230404,1,40
3337,338,4467.796110414053,16995.590338770387,4,4,False,2,20230404,1,40
3338,339,4467.812169312169,17531.589947089946,2,131,False,2,20230404,1,40
3339,340,4467.304143126177,18067.314187068423,5,125,False,2,20230404,1,40
3340,341,4467.6027617212585,18599.59505459217,4,4,False,2,20230404,1,40
3341,342,4467.992462311558,19139.59547738693,9,108,False,2,20230404,1,40
3342,343,4467.9604316546765,19675.586330935253,5,108,False,2,20230404,1,40
3343,344,4467.992462311558,20211.404522613066,9,111,False,2,20230404,1,40
3344,345,4467.695611285267,20755.87617554859,5,4,False,2,20230404,1,40
3345,346,4467.600250626567,21283.404761904763,6,80,True,2,20230404,1,40
3346,347,4910.279048765804,1198.8762793497892,5,2,False,2,20230404,1,40
3347,348,4909.975961538462,1726.3557692307693,1,1,False,2,20230404,1,40
3348,349,4911.294228356336,2263.5,0,0,False,2,20230404,1,40
3349,350,4910.738323353294,2799.859281437126,0,0,True,2,20230404,1,40
3350,351,4910.551497005988,3335.32754491018,2,2,False,2,20230404,1,40
3351,352,4911.092964824121,3871.680904522613,2,2,False,2,20230404,1,40
3352,353,4911.308383233533,4407.317964071856,0,0,True,2,20230404,1,40
3353,354,4911.298994974874,4943.133165829146,2,3,True,2,20230404,1,40
3354,355,4911.308841099164,5479.318399044206,2,3,False,2,20230404,1,40
3355,356,4911.696078431372,6011.318627450981,2,0,False,2,20230404,1,40
3356,357,4911.308383233533,6543.682035928144,3,132,False,2,20230404,1,40
3357,358,4911.796387017759,7083.225658297612,4,120,False,2,20230404,1,40
3358,359,4912.070743405276,7622.958033573142,6,134,False,2,20230404,1,40
3359,360,4911.5,8151.5,2,0,False,2,20230404,1,40
3360,361,4911.5,8694.951572327043,1,0,False,2,20230404,1,40
3361,362,4911.696078431372,9219.68137254902,1,1,False,2,20230404,1,40
3362,363,4911.69656019656,9755.681818181818,0,1,False,2,20230404,1,40
3363,364,4911.5,10291.863190184047,4,2,True,2,20230404,1,40
3364,365,4911.5,10827.863190184047,5,2,False,2,20230404,1,40
3365,366,4911.5,11374.602040816326,1,2,False,2,20230404,1,40
3366,367,4911.780407429598,11902.869682444578,4,151,False,2,20230404,1,40
3367,368,4911.600551808707,12443.043838136113,3,0,True,2,20230404,1,40
3368,369,4911.696078431372,12971.68137254902,2,2,True,2,20230404,1,40
3369,370,4911.780407429598,13504.130317555422,3,146,False,2,20230404,1,40
3370,371,4911.780407429598,14040.130317555422,2,2,False,2,20230404,1,40
3371,372,4911.774165202109,14579.232864674868,0,0,False,2,20230404,1,40
3372,373,4911.696078431372,15115.68137254902,5,3,False,2,20230404,1,40
3373,374,4911.780407429598,15648.130317555422,1,0,False,2,20230404,1,40
3374,375,4911.5,16191.136363636364,6,111,False,2,20230404,1,40
3375,376,4911.5,16731.5,4,2,False,2,20230404,1,40
3376,377,4911.869158878505,17266.77570093458,3,1,True,2,20230404,1,40
3377,378,4911.877182770663,17795.681606519207,5,107,False,2,20230404,1,40
3378,379,4912.261676646706,18335.32754491018,0,81,False,2,20230404,1,40
3379,380,4912.056725146199,18867.49064327485,4,3,False,2,20230404,1,40
3380,381,4911.696078431372,19403.68137254902,3,6,False,2,20230404,1,40
3381,382,4911.796387017759,19947.22565829761,2,106,False,2,20230404,1,40
3382,383,4911.961088355763,20483.050614394386,2,3,False,2,20230404,1,40
3383,384,4911.888206388207,21018.77764127764,4,104,False,2,20230404,1,40
3384,385,5354.359950859951,927.5,0,282,True,2,20230404,1,40
3385,386,5355.3972382787415,1463.4049454078356,1,1,False,2,20230404,1,40
3386,387,5354.355036855037,1999.8341523341523,2,2,False,2,20230404,1,40
3387,388,5355.103761755486,2531.314420062696,1,0,False,2,20230404,1,40
3388,389,5355.299624295554,3067.5,0,0,False,2,20230404,1,40
3389,390,5355.5,3607.309523809524,0,0,False,2,20230404,1,40
3390,391,5355.5,4135.5,0,0,False,2,20230404,1,40
3391,392,5355.87791411043,4678.758895705521,1,1,False,2,20230404,1,40
3392,393,5355.69094247246,5207.313953488372,1,1,False,2,20230404,1,40
3393,394,5355.695611285267,5747.123824451411,2,3,True,2,20230404,1,40
3394,395,5355.600250626567,6275.4047619047615,3,1,True,2,20230404,1,40
3395,396,5355.5,6815.1274509803925,1,292,True,2,20230404,1,40
3396,397,5355.597739767868,7351.404703726329,3,115,False,2,20230404,1,40
3397,398,5355.6027617212585,7887.404945407836,1,0,False,2,20230404,1,40
3398,399,5355.868641532017,8426.757929383602,1,0,False,2,20230404,1,40
3399,400,5355.6027617212585,8951.595054592164,0,0,False,2,20230404,1,40
3400,401,5355.69094247246,9487.686046511628,7,182,True,2,20230404,1,40
3401,402,5355.882352941177,10023.5,2,1,False,2,20230404,1,40
3402,403,5355.788685015291,10559.781345565749,2,2,False,2,20230404,1,40
3403,404,5355.87298266587,11099.5,1,145,False,2,20230404,1,40
3404,405,5355.803536977492,11639.21961414791,2,0,True,2,20230404,1,40
3405,406,5355.788685015291,12175.218654434251,3,2,False,2,20230404,1,40
3406,407,5355.796110414053,12707.218946047678,4,121,False,2,20230404,1,40
3407,408,5355.896238244514,13235.685579937304,2,363,True,2,20230404,1,40
3408,409,5355.700375704446,13771.5,2,1,False,2,20230404,1,40
3409,410,5355.796110414053,14307.781053952322,3,0,False,2,20230404,1,40
3410,411,5355.600125156446,14851.404881101376,1,1,False,2,20230404,1,40
3411,412,5355.700375704446,15379.5,0,0,False,2,20230404,1,40
3412,413,5355.88630806846,15919.685819070904,2,5,False,2,20230404,1,40
3413,414,5355.5,16462.936964504283,8,5,False,2,20230404,1,40
3414,415,5355.896238244514,16995.314420062696,3,115,False,2,20230404,1,40
3415,416,5355.917713152677,17531.31493721084,5,104,False,2,20230404,1,40
3416,417,5355.795739348371,18067.21929824561,9,109,False,2,20230404,1,40
3417,418,5355.6027617212585,18599.59505459217,6,5,False,2,20230404,1,40
3418,419,5355.700375704446,19139.5,7,105,False,2,20230404,1,40
3419,420,5355.968339307049,19675.40442054958,4,3,False,2,20230404,1,40
3420,421,5355.600125156446,20211.40488110137,4,2,False,2,20230404,1,40
3421,422,5355.795739348371,20755.21929824561,9,132,False,2,20230404,1,40
3422,423,5355.700375704446,21283.5,5,73,True,2,20230404,1,40
3423,424,5806.541916167665,1199.3179640718563,2,1,False,2,20230404,1,40
3424,425,5806.328331332533,1727.2454981992796,1,1,False,2,20230404,1,40
3425,426,5806.901257861635,2262.9616352201256,2,0,False,2,20230404,1,40
3426,427,5807.019426180514,2799.4067543335327,1,0,False,2,20230404,1,40
3427,428,5807.204504504504,3335.262162162162,3,2,False,2,20230404,1,40
3428,429,5807.705771643664,3871.5,1,1,False,2,20230404,1,40
3429,430,5807.308383233533,4407.317964071856,4,2,True,2,20230404,1,40
3430,431,5807.397049591965,4943.407093534212,2,2,False,2,20230404,1,40
3431,432,5807.5,5479.136363636364,0,0,False,2,20230404,1,40
3432,433,5807.5,6011.5,2,2,False,2,20230404,1,40
3433,434,5807.317964071856,6544.223353293413,1,1,False,2,20230404,1,40
3434,435,5807.303921568628,7083.318627450981,1,0,False,2,20230404,1,40
3435,436,5807.5,7623.136363636364,6,4,False,2,20230404,1,40
3436,437,5807.5,8151.5,6,2,False,2,20230404,1,40
3437,438,5807.5,8694.951572327043,5,140,False,2,20230404,1,40
3438,439,5807.399448191293,9219.956161863887,5,190,True,2,20230404,1,40
3439,440,5807.303921568628,9755.68137254902,3,193,True,2,20230404,1,40
3440,441,5807.5,10291.863190184047,3,2,False,2,20230404,1,40
3441,442,5807.5,10827.863190184047,4,4,False,2,20230404,1,40
3442,443,5807.5,11374.602040816326,0,1,False,2,20230404,1,40
3443,444,5807.691616766467,11903.317964071855,2,131,False,2,20230404,1,40
3444,445,5807.600551808707,12443.043838136113,10,117,False,2,20230404,1,40
3445,446,5807.696078431372,12971.68137254902,0,0,False,2,20230404,1,40
3446,447,5807.5,13503.863636363636,2,3,False,2,20230404,1,40
3447,448,5807.780407429598,14040.130317555422,8,207,True,2,20230404,1,40
3448,449,5807.5,14579.5,0,0,False,2,20230404,1,40
3449,450,5807.5,15115.5,0,1,False,2,20230404,1,40
3450,451,5807.308383233533,15647.682035928145,3,1,False,2,20230404,1,40
3451,452,5807.219592570402,16190.869682444578,3,3,False,2,20230404,1,40
3452,453,5807.203975535168,16731.225993883792,3,118,False,2,20230404,1,40
3453,454,5808.315897136177,17266.518118059616,2,99,False,2,20230404,1,40
3454,455,5807.5,17795.5,7,97,True,2,20230404,1,40
3455,456,5807.598027495517,18335.04333532576,5,163,True,2,20230404,1,40
3456,457,5807.686915887851,18867.317757009347,6,6,False,2,20230404,1,40
3457,458,5807.399694189602,19403.59296636085,11,109,False,2,20230404,1,40
3458,459,5807.600551808707,19947.04383813612,4,2,False,2,20230404,1,40
3459,460,5807.322429906542,20482.59813084112,3,3,False,2,20230404,1,40
3460,461,5807.600551808707,21019.04383813612,1,1,False,2,20230404,1,40
3461,462,6248.491920447483,929.41671845867,8,65,True,2,20230404,1,40
3462,463,6250.684516129032,1463.5,5,88,True,2,20230404,1,40
3463,464,6250.062461538461,1999.2710769230769,7,6,False,2,20230404,1,40
3464,465,6246.90797940798,2531.5,10,5,False,2,20230404,1,40
3465,466,6251.103761755486,3067.6855799373043,7,3,False,2,20230404,1,40
3466,467,6251.402379499695,3607.4048200122015,0,0,False,2,20230404,1,40
3467,468,6251.30905752754,4135.686046511628,0,0,False,2,20230404,1,40
3468,469,6251.788685015291,4679.21865443425,0,0,False,2,20230404,1,40
3469,470,6251.882352941177,5207.5,0,0,False,2,20230404,1,40
3470,471,6251.600250626567,5747.4047619047615,3,100,False,2,20230404,1,40
3471,472,6251.600250626567,6275.595238095239,1,1,False,2,20230404,1,40
3472,473,6251.5,6815.1274509803925,0,0,False,2,20230404,1,40
3473,474,6251.5,7351.5,1,0,False,2,20230404,1,40
3474,475,6251.6027617212585,7887.404945407836,8,118,False,2,20230404,1,40
3475,476,6251.773053892216,8426.853293413174,5,98,False,2,20230404,1,40
3476,477,6251.5,8951.690231362469,8,91,False,2,20230404,1,40
3477,478,6251.5,9487.872549019608,0,0,False,2,20230404,1,40
3478,479,6251.5,10023.872549019608,5,3,False,2,20230404,1,40
3479,480,6251.69094247246,10559.686046511628,1,1,False,2,20230404,1,40
3480,481,6251.87298266587,11099.5,5,187,False,2,20230404,1,40
3481,482,6251.6027617212585,11639.404945407836,4,1,False,2,20230404,1,40
3482,483,6251.597979179424,12175.032149418248,1,0,False,2,20230404,1,40
3483,484,6251.796110414053,12707.218946047678,1,102,False,2,20230404,1,40
3484,485,6251.896238244514,13235.685579937304,5,4,False,2,20230404,1,40
3485,486,6251.600125156446,13771.595118898624,3,2,False,2,20230404,1,40
3486,487,6251.795739348371,14307.780701754386,2,0,False,2,20230404,1,40
3487,488,6251.5,14851.309643080776,3,3,False,2,20230404,1,40
3488,489,6251.600250626567,15379.40476190476,4,118,False,2,20230404,1,40
3489,490,6251.5,15919.5,5,3,False,2,20230404,1,40
3490,491,6251.5,16462.389434889436,3,2,False,2,20230404,1,40
3491,492,6251.5,16995.30964308078,2,0,False,2,20230404,1,40
3492,493,6251.605540897098,17531.405013192612,15,174,True,2,20230404,1,40
3493,494,6251.5,18066.93753923415,10,236,True,2,20230404,1,40
3494,495,6251.5,18599.5,8,97,True,2,20230404,1,40
3495,496,6251.5,19139.30964308078,9,128,False,2,20230404,1,40
3496,497,6251.5,19675.12701733413,3,2,False,2,20230404,1,40
3497,498,6251.5,20211.30964308078,9,84,True,2,20230404,1,40
3498,499,6251.399874843554,20755.40488110137,7,78,True,2,20230404,1,40
3499,500,6251.600250626567,21283.404761904763,7,4,True,2,20230404,1,40
3500,1,899.004835589942,1464.1473243068988,1,0,True,2,20230404,1,50
3501,2,898.7570725707257,2000.5971709717096,1,0,True,2,20230404,1,50
3502,3,899.2132075471698,2532.3352201257862,3,1,False,2,20230404,1,50
3503,4,899.2132075471698,3068.3352201257862,0,0,False,2,20230404,1,50
3504,5,899.4020208205757,3607.967850581752,1,0,False,2,20230404,1,50
3505,6,899.2204169221336,4136.33629675046,0,0,False,2,20230404,1,50
3506,7,899.4020208205757,4679.967850581751,0,0,False,2,20230404,1,50
3507,8,899.7795830778664,5208.33629675046,0,0,False,2,20230404,1,50
3508,9,899.6956112852664,5747.876175548589,0,0,False,2,20230404,1,50
3509,10,899.204260651629,6275.7807017543855,2,1,False,2,20230404,1,50
3510,11,899.8779141104294,6816.241104294479,1,95,False,2,20230404,1,50
3511,12,900.0686274509804,7352.053921568628,1,0,False,2,20230404,1,50
3512,13,900.3051612903225,7887.866451612903,0,0,False,2,20230404,1,50
3513,14,900.6003003003003,8428.206306306307,1,0,False,2,20230404,1,50
3514,15,900.0979381443299,8952.051546391753,2,2,False,2,20230404,1,50
3515,16,900.2429274292743,9488.59717097171,1,1,False,2,20230404,1,50
3516,17,901.4233621755252,10024.187268232386,3,1,False,2,20230404,1,50
3517,18,901.0743368291178,10560.657310302282,1,0,False,2,20230404,1,50
3518,19,900.5989802039592,11100.224655068989,1,0,False,2,20230404,1,50
3519,20,899.7005141388174,11639.690231362469,3,0,False,2,20230404,1,50
3520,21,901.428306551298,12176.889369592089,3,3,False,2,20230404,1,50
3521,22,900.3805031446541,12707.771698113207,3,2,False,2,20230404,1,50
3522,23,900.3564231738035,13236.502518891688,2,2,False,2,20230404,1,50
3523,24,899.9824120603015,13772.14824120603,0,0,False,2,20230404,1,50
3524,25,900.1607818411097,14308.690416141237,1,0,False,2,20230404,1,50
3525,26,899.896238244514,14851.685579937304,0,0,False,2,20230404,1,50
3526,27,899.9824120603015,15380.14824120603,2,2,False,2,20230404,1,50
3527,28,899.7795830778664,15920.33629675046,1,0,False,2,20230404,1,50
3528,29,899.6909424724602,16463.68604651163,0,1,False,2,20230404,1,50
3529,30,899.6956112852664,16995.87617554859,1,1,False,2,20230404,1,50
3530,31,899.6055408970976,17531.594986807388,0,0,False,2,20230404,1,50
3531,32,899.5,18067.5,2,1,False,2,20230404,1,50
3532,33,899.5,18599.690231362467,2,2,False,2,20230404,1,50
3533,34,899.6002506265664,19139.404761904763,3,2,False,2,20230404,1,50
3534,35,900.1467065868263,19675.226946107785,0,0,False,2,20230404,1,50
3535,36,900.0925925925926,20211.5,0,0,True,2,20230404,1,50
3536,37,900.1842767295598,20754.86603773585,2,2,False,2,20230404,1,50
3537,38,903.89588688946,21283.309768637533,2,1,True,2,20230404,1,50
3538,39,1342.8345888261142,1199.9695543000628,1,1,False,2,20230404,1,50
3539,40,1343.293710691824,1728.4610062893082,0,0,False,2,20230404,1,50
3540,41,1343.1967699406723,2263.78740936058,1,1,False,2,20230404,1,50
3541,42,1343.2115987460816,2799.7884012539184,1,0,False,2,20230404,1,50
3542,43,1343.211959924859,3335.788040075141,3,3,False,2,20230404,1,50
3543,44,1343.5,3871.694993412385,3,3,False,2,20230404,1,50
3544,45,1343.5,4407.6952440550685,4,2,False,2,20230404,1,50
3545,46,1343.5,4943.5,2,1,False,2,20230404,1,50
3546,47,1343.5975609756097,5479.59756097561,0,0,False,2,20230404,1,50
3547,48,1343.5951768488746,6011.788102893891,2,0,False,2,20230404,1,50
3548,49,1343.7790697674418,6544.357322438717,1,1,False,2,20230404,1,50
3549,50,1343.7002567394095,7083.5,3,2,False,2,20230404,1,50
3550,51,1344.0771643663738,7623.5,3,1,False,2,20230404,1,50
3551,52,1343.7884012539184,8151.788401253919,0,0,False,2,20230404,1,50
3552,53,1343.705533596838,8695.5,3,0,False,2,20230404,1,50
3553,54,1343.6953727506427,9219.885604113111,2,1,False,2,20230404,1,50
3554,55,1343.89588688946,9755.690231362469,3,1,False,2,20230404,1,50
3555,56,1343.399935856318,10291.597498396408,0,0,False,2,20230404,1,50
3556,57,1344.0824742268042,10828.067010309278,1,0,False,2,20230404,1,50
3557,58,1344.4319899244333,11374.568010075567,1,1,False,2,20230404,1,50
3558,59,1343.8859649122808,11903.690476190475,3,2,False,2,20230404,1,50
3559,60,1343.89588688946,12443.309768637531,2,1,False,2,20230404,1,50
3560,61,1343.89588688946,12971.690231362469,0,0,False,2,20230404,1,50
3561,62,1343.690476190476,13503.88596491228,0,0,False,2,20230404,1,50
3562,63,1343.8859649122808,14039.690476190475,4,3,False,2,20230404,1,50
3563,64,1343.4044703000611,14579.402020820577,1,0,False,2,20230404,1,50
3564,65,1343.6953727506427,15115.885604113111,2,0,False,2,20230404,1,50
3565,66,1343.690476190476,15647.88596491228,1,1,False,2,20230404,1,50
3566,67,1343.7884012539184,16191.788401253918,3,2,False,2,20230404,1,50
3567,68,1343.399935856318,16731.402501603592,0,0,False,2,20230404,1,50
3568,69,1343.6865030674846,17267.308588957054,3,1,False,2,20230404,1,50
3569,70,1343.5955296999389,17795.98009797918,0,0,False,2,20230404,1,50
3570,71,1343.5975609756097,18335.40243902439,1,121,False,2,20230404,1,50
3571,72,1343.5,18867.88235294117,1,0,False,2,20230404,1,50
3572,73,1343.5,19403.5,1,0,False,2,20230404,1,50
3573,74,1343.89588688946,19947.309768637533,1,1,False,2,20230404,1,50
3574,75,1344.0539215686274,20482.93137254902,1,0,False,2,20230404,1,50
3575,76,1344.1825499034128,21019.03122987765,1,1,True,2,20230404,1,50
3576,77,1786.8558696988323,928.6923786109404,0,1,True,2,20230404,1,50
3577,78,1786.6937984496124,1464.37338501292,3,2,False,2,20230404,1,50
3578,79,1786.9313725490197,2000.053921568628,1,0,False,2,20230404,1,50
3579,80,1787.2038895859473,2531.781053952321,1,0,False,2,20230404,1,50
3580,81,1786.442065491184,3068.3110831234258,2,2,False,2,20230404,1,50
3581,82,1787.970300061237,3608.149112063688,4,3,False,2,20230404,1,50
3582,83,1787.5979791794243,4135.967850581751,0,0,False,2,20230404,1,50
3583,84,1787.2204169221336,4679.772225628449,4,2,False,2,20230404,1,50
3584,85,1787.029699938763,5208.149112063687,1,0,False,2,20230404,1,50
3585,86,1787.882149591452,5748.053111250786,1,0,False,2,20230404,1,50
3586,87,1787.9753476611884,6276.870417193426,1,1,False,2,20230404,1,50
3587,88,1788.0700245700243,6816.055282555282,1,0,False,2,20230404,1,50
3588,89,1788.0686274509803,7352.053921568628,0,0,False,2,20230404,1,50
3589,90,1787.9066924066924,7887.685328185328,3,0,False,2,20230404,1,50
3590,91,1788.4214157168567,8427.5,4,3,False,2,20230404,1,50
3591,92,1788.8411003236247,8951.057281553398,1,1,False,2,20230404,1,50
3592,93,1788.9590264941469,9488.74460874923,0,0,False,2,20230404,1,50
3593,94,1788.5325752919484,10024.31868469576,3,1,False,2,20230404,1,50
3594,95,1789.3282890673256,10560.925571340333,1,0,False,2,20230404,1,50
3595,96,1788.2420706163973,11099.868641532015,1,2,False,2,20230404,1,50
3596,97,1788.1082474226805,11639.5,2,2,False,2,20230404,1,50
3597,98,1788.8382533825338,12175.657441574416,2,2,False,2,20230404,1,50
3598,99,1788.3636363636365,13236.671717171715,3,2,False,2,20230404,1,50
3599,100,1788.083280955374,13772.053111250783,3,2,False,2,20230404,1,50
3600,101,1788.26214511041,14308.5952681388,1,0,False,2,20230404,1,50
3601,102,1788.0925925925926,14851.5,1,1,False,2,20230404,1,50
3602,103,1787.887665198238,15380.240088105727,1,0,False,2,20230404,1,50
3603,104,1787.8779141104294,15920.24110429448,2,0,False,2,20230404,1,50
3604,105,1787.7886850152904,16463.409480122325,3,0,False,2,20230404,1,50
3605,106,1787.795739348371,16995.780701754386,1,2,False,2,20230404,1,50
3606,107,1787.9177131526767,17531.68506278916,0,0,False,2,20230404,1,50
3607,108,1787.7003757044458,18067.5,1,1,False,2,20230404,1,50
3608,109,1787.6027617212587,18599.59505459217,1,0,False,2,20230404,1,50
3609,110,1787.896238244514,19139.314420062696,1,1,False,2,20230404,1,50
3610,111,1788.4214157168567,19675.5,2,2,False,2,20230404,1,50
3611,112,1788.0925925925926,20211.5,1,0,False,2,20230404,1,50
3612,113,1788.083280955374,20754.94688874921,2,0,False,2,20230404,1,50
3613,114,1788.294468887492,21283.5,0,0,True,2,20230404,1,50
3614,115,1791.89588688946,12707.309768637531,0,2,False,2,20230404,1,50
3615,116,2231.304755944931,1199.5,3,1,False,2,20230404,1,50
3616,117,2231.6907151819323,1727.8764115432873,8,2,False,2,20230404,1,50
3617,118,2231.5,2263.5,0,0,False,2,20230404,1,50
3618,119,2231.5,2799.5,0,0,False,2,20230404,1,50
3619,120,2231.5,3335.5,3,0,False,2,20230404,1,50
3620,121,2231.5,3871.5,2,2,False,2,20230404,1,50
3621,122,2231.695244055069,4407.5,3,1,False,2,20230404,1,50
3622,123,2231.5,4943.5,0,0,False,2,20230404,1,50
3623,124,2231.5,5479.5,1,0,False,2,20230404,1,50
3624,125,2231.6000641436817,6011.402501603592,3,1,False,2,20230404,1,50
3625,126,2231.690476190476,6543.8859649122805,0,0,False,2,20230404,1,50
3626,127,2231.89588688946,7083.690231362468,2,1,False,2,20230404,1,50
3627,128,2232.077164366374,7623.5,0,0,False,2,20230404,1,50
3628,129,2231.8859649122805,8151.690476190476,0,0,False,2,20230404,1,50
3629,130,2232.1076618229854,8695.5,3,2,False,2,20230404,1,50
3630,131,2231.79543994862,9219.787732819525,3,1,False,2,20230404,1,50
3631,132,2232.182549903413,9755.968770122345,2,111,False,2,20230404,1,50
3632,133,2232.182549903413,10291.968770122345,1,0,False,2,20230404,1,50
3633,134,2232.082474226804,10828.067010309278,1,0,False,2,20230404,1,50
3634,135,2231.6902377972465,11375.304755944931,1,0,False,2,20230404,1,50
3635,136,2232.165411173886,11903.969554300063,1,1,False,2,20230404,1,50
3636,137,2231.7002567394097,12443.5,1,0,False,2,20230404,1,50
3637,138,2232.0817245817248,12972.06628056628,3,116,False,2,20230404,1,50
3638,139,2232.3332284455632,13504.529578351165,0,0,False,2,20230404,1,50
3639,140,2232.3332284455632,14040.529578351165,1,1,False,2,20230404,1,50
3640,141,2232.241104294478,14579.87791411043,0,0,False,2,20230404,1,50
3641,142,2232.0817245817248,15116.06628056628,3,3,False,2,20230404,1,50
3642,143,2231.9695543000626,15648.165411173886,0,0,False,2,20230404,1,50
3643,144,2231.8859649122805,16191.690476190475,3,0,False,2,20230404,1,50
3644,145,2231.7002567394097,16731.5,2,1,False,2,20230404,1,50
3645,146,2232.241104294478,17267.681595092025,0,0,False,2,20230404,1,50
3646,147,2232.053921568628,17796.06862745098,1,0,False,2,20230404,1,50
3647,148,2231.8859649122805,18335.69047619048,1,1,False,2,20230404,1,50
3648,149,2232.33629675046,18867.220416922133,1,0,False,2,20230404,1,50
3649,150,2231.79543994862,19403.787732819525,1,0,False,2,20230404,1,50
3650,151,2231.89588688946,19947.309768637533,2,0,False,2,20230404,1,50
3651,152,2232.33629675046,20483.220416922133,4,3,False,2,20230404,1,50
3652,153,2231.89588688946,21019.309768637533,0,0,False,2,20230404,1,50
3653,154,2674.93137254902,928.0539215686274,3,0,True,2,20230404,1,50
3654,155,2677.859493670886,1462.4012658227848,0,191,True,2,20230404,1,50
3655,156,2675.406919779547,1999.776791181874,2,1,True,2,20230404,1,50
3656,157,2674.90666247643,2531.489943431804,3,0,False,2,20230404,1,50
3657,158,2675.1173694147265,3068.04877281309,4,2,False,2,20230404,1,50
3658,159,2674.6416309012875,3607.7722256284487,3,4,False,2,20230404,1,50
3659,160,2678.221252257676,4135.150812763395,0,0,False,2,20230404,1,50
3660,161,2679.5,4679.5,1,1,False,2,20230404,1,50
3661,162,2678.2738452309536,5208.111877624475,2,147,False,2,20230404,1,50
3662,163,2679.5,5747.5,0,0,False,2,20230404,1,50
3663,164,2680.4987699877,6275.849323493235,1,0,False,2,20230404,1,50
3664,165,2679.882775119617,6815.5,0,0,False,2,20230404,1,50
3665,166,2680.2616766467067,7351.859281437126,0,0,False,2,20230404,1,50
3666,167,2680.236225087925,8427.317116060962,3,0,False,2,20230404,1,50
3667,168,2679.907035175879,8951.680904522613,2,1,False,2,20230404,1,50
3668,169,2679.211389385808,9487.774299344066,1,2,False,2,20230404,1,50
3669,170,2680.0693779904304,10024.04066985646,0,0,False,2,20230404,1,50
3670,171,2681.5253470126736,10560.709414604707,1,2,False,2,20230404,1,50
3671,172,2680.147574517826,11099.766510812393,2,1,False,2,20230404,1,50
3672,173,2680.1638705811865,12175.766027561414,1,1,False,2,20230404,1,50
3673,174,2680.093137254902,12707.5,4,4,False,2,20230404,1,50
3674,175,2680.0840490797545,13236.039877300613,4,1,False,2,20230404,1,50
3675,176,2679.796024464832,13771.774006116208,2,1,False,2,20230404,1,50
3676,177,2680.459409594096,14308.385608856088,0,0,False,2,20230404,1,50
3677,178,2679.896572827417,14851.681150550796,0,0,False,2,20230404,1,50
3678,179,2680.0840490797545,15380.039877300613,4,3,True,2,20230404,1,50
3679,180,2680.0693779904304,15920.04066985646,1,0,False,2,20230404,1,50
3680,181,2679.980573819486,16463.406754333533,0,0,False,2,20230404,1,50
3681,182,2679.896572827417,16995.681150550794,1,0,False,2,20230404,1,50
3682,183,2679.605602060528,17531.592723760463,3,2,False,2,20230404,1,50
3683,184,2679.9935543278084,18067.58348680172,1,0,False,2,20230404,1,50
3684,185,2679.80923947203,18599.42206159648,4,0,False,2,20230404,1,50
3685,186,2680.1876155268023,19139.214109673445,0,0,False,2,20230404,1,50
3686,187,2680.4227166276346,19675.5,4,135,False,2,20230404,1,50
3687,188,2679.700488997555,20211.5,2,1,False,2,20230404,1,50
3688,189,2679.7963870177587,20755.22565829761,3,1,False,2,20230404,1,50
3689,190,2680.093137254902,21283.5,3,1,True,2,20230404,1,50
3690,191,2683.602761721259,7887.595054592164,0,0,False,2,20230404,1,50
3691,192,2683.9025806451614,11639.5,2,2,False,2,20230404,1,50
3692,193,3130.359950859951,1199.5,1,0,False,2,20230404,1,50
3693,194,3125.668888888889,1728.9653968253967,5,2,True,2,20230404,1,50
3694,195,3131.397238278741,2263.5950545921646,2,1,True,2,20230404,1,50
3695,196,3127.2105097545627,2799.7794210195093,0,0,False,2,20230404,1,50
3696,197,3129.775092936803,3336.6995043370507,2,135,False,2,20230404,1,50
3697,198,3131.397238278741,3871.5950545921646,2,111,False,2,20230404,1,50
3698,199,3130.726600985221,4406.869458128079,0,0,True,2,20230404,1,50
3699,200,3130.9945196647323,4943.595422308188,1,0,False,2,20230404,1,50
3700,201,3131.402260232132,5479.404703726329,2,0,False,2,20230404,1,50
3701,202,3131.203889585948,6011.781053952322,0,0,False,2,20230404,1,50
3702,203,3131.1220858895704,6544.241104294479,0,0,True,2,20230404,1,50
3703,204,3131.6001251564458,7083.595118898624,1,0,False,2,20230404,1,50
3704,205,3131.5,7623.127450980392,1,1,False,2,20230404,1,50
3705,206,3131.5,8151.872549019607,1,1,False,2,20230404,1,50
3706,207,3131.5,8695.309768637531,2,0,False,2,20230404,1,50
3707,208,3131.6956112852663,9219.876175548588,2,0,False,2,20230404,1,50
3708,209,3131.7961104140527,9755.781053952322,6,261,False,2,20230404,1,50
3709,210,3131.7961104140527,10291.781053952322,0,0,False,2,20230404,1,50
3710,211,3131.5,10828.06246076585,1,108,False,2,20230404,1,50
3711,212,3131.779926335175,11374.854205033764,4,1,False,2,20230404,1,50
3712,213,3131.6909424724604,11903.686046511628,6,3,False,2,20230404,1,50
3713,214,3131.6002506265663,12443.40476190476,1,1,False,2,20230404,1,50
3714,215,3131.7961104140527,12971.781053952322,0,0,False,2,20230404,1,50
3715,216,3131.7795830778664,13504.33629675046,6,6,False,2,20230404,1,50
3716,217,3131.7795830778664,14040.33629675046,1,0,False,2,20230404,1,50
3717,218,3131.960431654676,14579.960431654676,1,1,False,2,20230404,1,50
3718,219,3131.6956112852663,15115.876175548588,3,133,False,2,20230404,1,50
3719,220,3131.5,15648.063035495716,1,1,False,2,20230404,1,50
3720,221,3131.8823529411766,16191.5,1,1,False,2,20230404,1,50
3721,222,3131.5,16731.30964308078,0,0,False,2,20230404,1,50
3722,223,3131.6862686567165,17267.313731343285,2,1,False,2,20230404,1,50
3723,224,3131.313953488372,17795.68604651163,2,131,False,2,20230404,1,50
3724,225,3131.6909424724604,18335.31395348837,2,1,False,2,20230404,1,50
3725,226,3131.68671454219,18867.68671454219,0,0,False,2,20230404,1,50
3726,227,3131.700375704446,19403.5,0,0,False,2,20230404,1,50
3727,228,3131.5,19947.5,3,2,False,2,20230404,1,50
3728,229,3131.782634730539,20482.661676646705,6,5,False,2,20230404,1,50
3729,230,3131.7961104140527,21019.21894604768,4,82,False,2,20230404,1,50
3730,231,3570.6416309012875,927.7722256284488,2,0,True,2,20230404,1,50
3731,232,3571.5,1463.5,5,1,False,2,20230404,1,50
3732,233,3569.9433497536947,2000.5147783251232,1,0,False,2,20230404,1,50
3733,234,3571.3043887147337,2531.1238244514107,1,0,False,2,20230404,1,50
3734,235,3571.8962382445143,3067.6855799373043,2,1,False,2,20230404,1,50
3735,236,3571.5,3607.309523809524,5,2,False,2,20230404,1,50
3736,237,3571.597620500305,4135.595179987798,2,1,False,2,20230404,1,50
3737,238,3571.5,4679.5,2,2,True,2,20230404,1,50
3738,239,3571.88630806846,5207.6858190709045,3,2,True,2,20230404,1,50
3739,240,3571.7961104140527,5747.590338770389,1,2,False,2,20230404,1,50
3740,241,3571.8962382445143,6275.314420062696,4,2,False,2,20230404,1,50
3741,242,3571.69536019536,6815.5,4,122,False,2,20230404,1,50
3742,243,3572.166258420086,7351.041947336191,3,4,False,2,20230404,1,50
3743,244,3571.7056555269924,7887.5,0,0,False,2,20230404,1,50
3744,245,3572.5167865707435,8427.404076738609,2,0,False,2,20230404,1,50
3745,246,3571.9066924066924,8951.685328185327,2,0,False,2,20230404,1,50
3746,247,3572.260736196319,9487.86809815951,1,1,False,2,20230404,1,50
3747,248,3572.260736196319,10023.86809815951,3,2,False,2,20230404,1,50
3748,249,3572.0686274509803,10560.053921568628,3,2,False,2,20230404,1,50
3749,250,3574.511180124224,11097.66645962733,1,0,False,2,20230404,1,50
3750,251,3572.00998068255,11639.404700579524,1,1,True,2,20230404,1,50
3751,252,3572.3583690987125,12175.227774371551,4,0,True,2,20230404,1,50
3752,253,3572.0925925925926,12707.5,0,2,True,2,20230404,1,50
3753,254,3572.0825486503454,13236.052416823602,0,0,False,2,20230404,1,50
3754,255,3571.8962382445143,13771.685579937304,1,1,False,2,20230404,1,50
3755,256,3572.183417085427,14307.957286432162,0,0,False,2,20230404,1,50
3756,257,3571.700375704446,14851.5,1,0,False,2,20230404,1,50
3757,258,3572.183417085427,15379.957286432162,1,2,False,2,20230404,1,50
3758,259,3572.3583690987125,15919.772225628449,0,0,False,2,20230404,1,50
3759,260,3571.88630806846,16463.314180929094,0,0,False,2,20230404,1,50
3760,261,3572.0925925925926,16995.5,0,1,False,2,20230404,1,50
3761,262,3571.6055408970974,17531.594986807388,0,0,False,2,20230404,1,50
3762,263,3571.6001251564458,18067.40488110137,2,1,False,2,20230404,1,50
3763,264,3571.602761721259,18599.59505459217,0,0,False,2,20230404,1,50
3764,265,3572.0925925925926,19139.5,1,0,False,2,20230404,1,50
3765,266,3572.5167865707435,19675.59592326139,1,0,False,2,20230404,1,50
3766,267,3572.0925925925926,20211.5,0,0,False,2,20230404,1,50
3767,268,3572.183417085427,20755.04271356784,0,0,False,2,20230404,1,50
3768,269,3572.0925925925926,21283.5,1,1,False,2,20230404,1,50
3769,270,4023.1235884567127,1199.1135508155585,5,1,True,2,20230404,1,50
3770,271,4023.4024390243903,1727.5975609756097,1,0,False,2,20230404,1,50
3771,272,4023.5,2263.5,2,2,False,2,20230404,1,50
3772,273,4023.5,2799.304755944931,0,0,False,2,20230404,1,50
3773,274,4023.22057898049,3335.7794210195093,3,0,False,2,20230404,1,50
3774,275,4023.6026991441736,3871.597432521396,5,3,False,2,20230404,1,50
3775,276,4023.6911949685536,4407.308805031446,0,0,False,2,20230404,1,50
3776,277,4023.3973008558255,4943.597432521396,2,1,False,2,20230404,1,50
3777,278,4023.690476190476,5479.11403508772,4,2,True,2,20230404,1,50
3778,279,4023.6000641436817,6011.597498396408,2,0,False,2,20230404,1,50
3779,280,4023.690476190476,6543.8859649122805,2,0,False,2,20230404,1,50
3780,281,4023.7002567394097,7083.5,4,236,False,2,20230404,1,50
3781,282,4023.7884012539184,7623.211598746081,1,1,False,2,20230404,1,50
3782,283,4023.885964912281,8151.690476190476,2,2,False,2,20230404,1,50
3783,284,4023.6026991441736,8695.402567478604,0,0,False,2,20230404,1,50
3784,285,4023.7954399486193,9219.787732819525,1,0,False,2,20230404,1,50
3785,286,4023.89588688946,9755.690231362469,6,1,False,2,20230404,1,50
3786,287,4023.89588688946,10291.690231362469,1,0,False,2,20230404,1,50
3787,288,4023.6953727506425,10827.885604113111,0,1,False,2,20230404,1,50
3788,289,4023.7884012539184,11375.211598746082,1,0,True,2,20230404,1,50
3789,290,4023.885964912281,11903.690476190475,12,8,True,2,20230404,1,50
3790,291,4023.7002567394097,12443.5,0,0,True,2,20230404,1,50
3791,292,4023.7954399486193,12971.787732819525,3,3,False,2,20230404,1,50
3792,293,4023.969554300063,13504.165411173886,1,0,False,2,20230404,1,50
3793,294,4023.885964912281,14039.690476190475,4,110,False,2,20230404,1,50
3794,295,4023.87652811736,14579.690709046456,1,0,False,2,20230404,1,50
3795,296,4023.7954399486193,15115.787732819525,0,0,False,2,20230404,1,50
3796,297,4023.5975609756097,15647.40243902439,2,1,False,2,20230404,1,50
3797,298,4023.5,16191.5,0,0,False,2,20230404,1,50
3798,299,4023.6000641436817,16731.402501603592,0,0,False,2,20230404,1,50
3799,300,4023.4048200122015,17267.402379499694,1,0,True,2,20230404,1,50
3800,301,4024.053921568628,17796.06862745098,2,2,False,2,20230404,1,50
3801,302,4023.695244055069,18335.5,1,0,False,2,20230404,1,50
3802,303,4023.5,18867.5,2,1,False,2,20230404,1,50
3803,304,4023.6000641436817,19403.597498396408,3,0,False,2,20230404,1,50
3804,305,4023.89588688946,19947.309768637533,2,0,False,2,20230404,1,50
3805,306,4023.314180929096,20483.11369193154,0,0,False,2,20230404,1,50
3806,307,4023.6000641436817,21019.402501603592,0,0,False,2,20230404,1,50
3807,308,4467.308588957055,927.6865030674846,1,1,False,2,20230404,1,50
3808,309,4467.6027617212585,1463.5950545921644,0,0,False,2,20230404,1,50
3809,310,4467.69094247246,1999.686046511628,3,0,False,2,20230404,1,50
3810,311,4467.5,2531.5,2,0,False,2,20230404,1,50
3811,312,4467.103264281231,3067.133396107972,5,3,False,2,20230404,1,50
3812,313,4467.597620500305,3607.5951799877976,2,0,False,2,20230404,1,50
3813,314,4468.0700245700245,4135.490171990172,0,0,False,2,20230404,1,50
3814,315,4467.790461538461,4678.6704615384615,0,1,False,2,20230404,1,50
3815,316,4467.220416922134,5207.772225628449,1,0,False,2,20230404,1,50
3816,317,4467.600250626567,5747.4047619047615,2,0,False,2,20230404,1,50
3817,318,4467.695611285267,6275.876175548589,0,0,False,2,20230404,1,50
3818,319,4468.067931456549,6814.9467564259485,1,1,False,2,20230404,1,50
3819,320,4467.69094247246,7351.686046511628,1,3,False,2,20230404,1,50
3820,321,4467.705655526992,7887.5,3,3,False,2,20230404,1,50
3821,322,4467.9604316546765,8427.039568345324,1,0,False,2,20230404,1,50
3822,323,4467.803536977492,8951.78038585209,1,0,False,2,20230404,1,50
3823,324,4467.779926335175,9488.145794966236,3,4,True,2,20230404,1,50
3824,325,4467.970876762723,10023.958614347026,3,0,True,2,20230404,1,50
3825,326,4467.779926335175,10560.145794966236,1,0,False,2,20230404,1,50
3826,327,4467.773709483794,11099.773709483794,4,117,False,2,20230404,1,50
3827,328,4467.705655526992,11639.5,1,1,False,2,20230404,1,50
3828,329,4467.691411042945,12175.313496932517,1,0,False,2,20230404,1,50
3829,330,4467.992462311558,12707.404522613066,0,0,False,2,20230404,1,50
3830,331,4467.982412060302,13236.14824120603,3,2,False,2,20230404,1,50
3831,332,4467.695611285267,13771.876175548588,2,1,False,2,20230404,1,50
3832,333,4467.78679245283,14308.335220125786,2,2,False,2,20230404,1,50
3833,334,4467.700375704446,14851.5,1,0,False,2,20230404,1,50
3834,335,4467.695611285267,15379.876175548588,0,0,False,2,20230404,1,50
3835,336,4467.69094247246,15919.686046511628,2,0,False,2,20230404,1,50
3836,337,4467.597979179424,16463.03214941825,3,1,False,2,20230404,1,50
3837,338,4467.796110414053,16995.590338770387,1,0,False,2,20230404,1,50
3838,339,4467.812169312169,17531.589947089946,4,1,False,2,20230404,1,50
3839,340,4467.304143126177,18067.314187068423,1,0,False,2,20230404,1,50
3840,341,4467.6027617212585,18599.59505459217,3,2,False,2,20230404,1,50
3841,342,4467.992462311558,19139.59547738693,2,1,False,2,20230404,1,50
3842,343,4467.9604316546765,19675.586330935253,2,0,False,2,20230404,1,50
3843,344,4467.992462311558,20211.404522613066,0,0,False,2,20230404,1,50
3844,345,4467.695611285267,20755.87617554859,1,2,False,2,20230404,1,50
3845,346,4467.600250626567,21283.404761904763,2,3,False,2,20230404,1,50
3846,347,4910.279048765804,1198.8762793497892,0,0,False,2,20230404,1,50
3847,348,4909.975961538462,1726.3557692307693,1,2,False,2,20230404,1,50
3848,349,4911.294228356336,2263.5,2,1,False,2,20230404,1,50
3849,350,4910.738323353294,2799.859281437126,0,0,False,2,20230404,1,50
3850,351,4910.551497005988,3335.32754491018,5,2,False,2,20230404,1,50
3851,352,4911.092964824121,3871.680904522613,2,0,False,2,20230404,1,50
3852,353,4911.308383233533,4407.317964071856,3,1,False,2,20230404,1,50
3853,354,4911.298994974874,4943.133165829146,0,0,False,2,20230404,1,50
3854,355,4911.308841099164,5479.318399044206,0,0,False,2,20230404,1,50
3855,356,4911.696078431372,6011.318627450981,1,1,False,2,20230404,1,50
3856,357,4911.308383233533,6543.682035928144,5,2,True,2,20230404,1,50
3857,358,4911.796387017759,7083.225658297612,0,0,False,2,20230404,1,50
3858,359,4912.070743405276,7622.958033573142,0,1,False,2,20230404,1,50
3859,360,4911.5,8151.5,1,0,False,2,20230404,1,50
3860,361,4911.5,8694.951572327043,2,0,False,2,20230404,1,50
3861,362,4911.696078431372,9219.68137254902,2,1,False,2,20230404,1,50
3862,363,4911.69656019656,9755.681818181818,3,2,False,2,20230404,1,50
3863,364,4911.5,10291.863190184047,1,0,False,2,20230404,1,50
3864,365,4911.5,10827.863190184047,1,1,True,2,20230404,1,50
3865,366,4911.5,11374.602040816326,1,2,True,2,20230404,1,50
3866,367,4911.780407429598,11902.869682444578,6,3,False,2,20230404,1,50
3867,368,4911.600551808707,12443.043838136113,0,0,False,2,20230404,1,50
3868,369,4911.696078431372,12971.68137254902,3,141,False,2,20230404,1,50
3869,370,4911.780407429598,13504.130317555422,0,0,True,2,20230404,1,50
3870,371,4911.780407429598,14040.130317555422,2,2,False,2,20230404,1,50
3871,372,4911.774165202109,14579.232864674868,1,1,False,2,20230404,1,50
3872,373,4911.696078431372,15115.68137254902,4,1,True,2,20230404,1,50
3873,374,4911.780407429598,15648.130317555422,2,1,True,2,20230404,1,50
3874,375,4911.5,16191.136363636364,0,0,False,2,20230404,1,50
3875,376,4911.5,16731.5,0,0,False,2,20230404,1,50
3876,377,4911.869158878505,17266.77570093458,1,0,False,2,20230404,1,50
3877,378,4911.877182770663,17795.681606519207,2,1,False,2,20230404,1,50
3878,379,4912.261676646706,18335.32754491018,2,1,False,2,20230404,1,50
3879,380,4912.056725146199,18867.49064327485,5,3,False,2,20230404,1,50
3880,381,4911.696078431372,19403.68137254902,2,2,False,2,20230404,1,50
3881,382,4911.796387017759,19947.22565829761,0,0,False,2,20230404,1,50
3882,383,4911.961088355763,20483.050614394386,1,0,False,2,20230404,1,50
3883,384,4911.888206388207,21018.77764127764,2,1,False,2,20230404,1,50
3884,385,5354.359950859951,927.5,3,2,False,2,20230404,1,50
3885,386,5355.3972382787415,1463.4049454078356,0,0,False,2,20230404,1,50
3886,387,5354.355036855037,1999.8341523341523,1,1,False,2,20230404,1,50
3887,388,5355.103761755486,2531.314420062696,0,0,False,2,20230404,1,50
3888,389,5355.299624295554,3067.5,1,1,False,2,20230404,1,50
3889,390,5355.5,3607.309523809524,1,2,False,2,20230404,1,50
3890,391,5355.5,4135.5,4,0,True,2,20230404,1,50
3891,392,5355.87791411043,4678.758895705521,1,2,True,2,20230404,1,50
3892,393,5355.69094247246,5207.313953488372,2,1,True,2,20230404,1,50
3893,394,5355.695611285267,5747.123824451411,2,2,True,2,20230404,1,50
3894,395,5355.600250626567,6275.4047619047615,1,1,False,2,20230404,1,50
3895,396,5355.5,6815.1274509803925,3,3,True,2,20230404,1,50
3896,397,5355.597739767868,7351.404703726329,1,1,False,2,20230404,1,50
3897,398,5355.6027617212585,7887.404945407836,2,0,False,2,20230404,1,50
3898,399,5355.868641532017,8426.757929383602,1,1,False,2,20230404,1,50
3899,400,5355.6027617212585,8951.595054592164,2,1,False,2,20230404,1,50
3900,401,5355.69094247246,9487.686046511628,1,0,False,2,20230404,1,50
3901,402,5355.882352941177,10023.5,2,1,False,2,20230404,1,50
3902,403,5355.788685015291,10559.781345565749,0,0,False,2,20230404,1,50
3903,404,5355.87298266587,11099.5,1,1,False,2,20230404,1,50
3904,405,5355.803536977492,11639.21961414791,1,1,False,2,20230404,1,50
3905,406,5355.788685015291,12175.218654434251,3,3,False,2,20230404,1,50
3906,407,5355.796110414053,12707.218946047678,2,1,False,2,20230404,1,50
3907,408,5355.896238244514,13235.685579937304,1,0,False,2,20230404,1,50
3908,409,5355.700375704446,13771.5,2,3,False,2,20230404,1,50
3909,410,5355.796110414053,14307.781053952322,2,1,False,2,20230404,1,50
3910,411,5355.600125156446,14851.404881101376,0,0,False,2,20230404,1,50
3911,412,5355.700375704446,15379.5,6,128,False,2,20230404,1,50
3912,413,5355.88630806846,15919.685819070904,2,1,False,2,20230404,1,50
3913,414,5355.5,16462.936964504283,0,0,False,2,20230404,1,50
3914,415,5355.896238244514,16995.314420062696,4,0,False,2,20230404,1,50
3915,416,5355.917713152677,17531.31493721084,0,0,False,2,20230404,1,50
3916,417,5355.795739348371,18067.21929824561,1,0,False,2,20230404,1,50
3917,418,5355.6027617212585,18599.59505459217,1,2,False,2,20230404,1,50
3918,419,5355.700375704446,19139.5,1,1,False,2,20230404,1,50
3919,420,5355.968339307049,19675.40442054958,1,0,False,2,20230404,1,50
3920,421,5355.600125156446,20211.40488110137,3,0,False,2,20230404,1,50
3921,422,5355.795739348371,20755.21929824561,0,1,False,2,20230404,1,50
3922,423,5355.700375704446,21283.5,2,0,False,2,20230404,1,50
3923,424,5806.541916167665,1199.3179640718563,0,0,False,2,20230404,1,50
3924,425,5806.328331332533,1727.2454981992796,0,0,False,2,20230404,1,50
3925,426,5806.901257861635,2262.9616352201256,2,2,False,2,20230404,1,50
3926,427,5807.019426180514,2799.4067543335327,1,0,False,2,20230404,1,50
3927,428,5807.204504504504,3335.262162162162,0,0,False,2,20230404,1,50
3928,429,5807.705771643664,3871.5,0,0,True,2,20230404,1,50
3929,430,5807.308383233533,4407.317964071856,1,1,True,2,20230404,1,50
3930,431,5807.397049591965,4943.407093534212,2,0,False,2,20230404,1,50
3931,432,5807.5,5479.136363636364,0,0,False,2,20230404,1,50
3932,433,5807.5,6011.5,0,0,False,2,20230404,1,50
3933,434,5807.317964071856,6544.223353293413,1,0,False,2,20230404,1,50
3934,435,5807.303921568628,7083.318627450981,0,0,False,2,20230404,1,50
3935,436,5807.5,7623.136363636364,0,0,False,2,20230404,1,50
3936,437,5807.5,8151.5,2,1,False,2,20230404,1,50
3937,438,5807.5,8694.951572327043,0,0,False,2,20230404,1,50
3938,439,5807.399448191293,9219.956161863887,1,0,False,2,20230404,1,50
3939,440,5807.303921568628,9755.68137254902,2,2,False,2,20230404,1,50
3940,441,5807.5,10291.863190184047,1,1,False,2,20230404,1,50
3941,442,5807.5,10827.863190184047,2,2,False,2,20230404,1,50
3942,443,5807.5,11374.602040816326,3,2,False,2,20230404,1,50
3943,444,5807.691616766467,11903.317964071855,1,2,False,2,20230404,1,50
3944,445,5807.600551808707,12443.043838136113,0,0,False,2,20230404,1,50
3945,446,5807.696078431372,12971.68137254902,2,114,False,2,20230404,1,50
3946,447,5807.5,13503.863636363636,2,3,False,2,20230404,1,50
3947,448,5807.780407429598,14040.130317555422,2,3,False,2,20230404,1,50
3948,449,5807.5,14579.5,1,1,False,2,20230404,1,50
3949,450,5807.5,15115.5,0,0,False,2,20230404,1,50
3950,451,5807.308383233533,15647.682035928145,0,0,False,2,20230404,1,50
3951,452,5807.219592570402,16190.869682444578,1,0,False,2,20230404,1,50
3952,453,5807.203975535168,16731.225993883792,4,2,False,2,20230404,1,50
3953,454,5808.315897136177,17266.518118059616,2,0,False,2,20230404,1,50
3954,455,5807.5,17795.5,1,2,False,2,20230404,1,50
3955,456,5807.598027495517,18335.04333532576,0,0,False,2,20230404,1,50
3956,457,5807.686915887851,18867.317757009347,0,0,False,2,20230404,1,50
3957,458,5807.399694189602,19403.59296636085,1,1,False,2,20230404,1,50
3958,459,5807.600551808707,19947.04383813612,0,0,False,2,20230404,1,50
3959,460,5807.322429906542,20482.59813084112,0,0,False,2,20230404,1,50
3960,461,5807.600551808707,21019.04383813612,1,0,False,2,20230404,1,50
3961,462,6248.491920447483,929.41671845867,5,2,True,2,20230404,1,50
3962,463,6250.684516129032,1463.5,1,1,False,2,20230404,1,50
3963,464,6250.062461538461,1999.2710769230769,0,0,False,2,20230404,1,50
3964,465,6246.90797940798,2531.5,0,0,False,2,20230404,1,50
3965,466,6251.103761755486,3067.6855799373043,3,1,False,2,20230404,1,50
3966,467,6251.402379499695,3607.4048200122015,2,3,False,2,20230404,1,50
3967,468,6251.30905752754,4135.686046511628,2,2,False,2,20230404,1,50
3968,469,6251.788685015291,4679.21865443425,5,106,False,2,20230404,1,50
3969,470,6251.882352941177,5207.5,5,4,False,2,20230404,1,50
3970,471,6251.600250626567,5747.4047619047615,1,1,False,2,20230404,1,50
3971,472,6251.600250626567,6275.595238095239,2,0,False,2,20230404,1,50
3972,473,6251.5,6815.1274509803925,0,0,False,2,20230404,1,50
3973,474,6251.5,7351.5,2,0,False,2,20230404,1,50
3974,475,6251.6027617212585,7887.404945407836,4,1,False,2,20230404,1,50
3975,476,6251.773053892216,8426.853293413174,0,0,False,2,20230404,1,50
3976,477,6251.5,8951.690231362469,1,1,False,2,20230404,1,50
3977,478,6251.5,9487.872549019608,1,1,False,2,20230404,1,50
3978,479,6251.5,10023.872549019608,1,0,False,2,20230404,1,50
3979,480,6251.69094247246,10559.686046511628,0,0,False,2,20230404,1,50
3980,481,6251.87298266587,11099.5,0,1,False,2,20230404,1,50
3981,482,6251.6027617212585,11639.404945407836,3,2,False,2,20230404,1,50
3982,483,6251.597979179424,12175.032149418248,2,2,False,2,20230404,1,50
3983,484,6251.796110414053,12707.218946047678,2,1,True,2,20230404,1,50
3984,485,6251.896238244514,13235.685579937304,1,2,False,2,20230404,1,50
3985,486,6251.600125156446,13771.595118898624,3,3,False,2,20230404,1,50
3986,487,6251.795739348371,14307.780701754386,3,3,False,2,20230404,1,50
3987,488,6251.5,14851.309643080776,1,0,False,2,20230404,1,50
3988,489,6251.600250626567,15379.40476190476,2,1,False,2,20230404,1,50
3989,490,6251.5,15919.5,0,0,False,2,20230404,1,50
3990,491,6251.5,16462.389434889436,0,0,False,2,20230404,1,50
3991,492,6251.5,16995.30964308078,0,0,False,2,20230404,1,50
3992,493,6251.605540897098,17531.405013192612,0,0,False,2,20230404,1,50
3993,494,6251.5,18066.93753923415,2,1,False,2,20230404,1,50
3994,495,6251.5,18599.5,0,0,False,2,20230404,1,50
3995,496,6251.5,19139.30964308078,3,1,False,2,20230404,1,50
3996,497,6251.5,19675.12701733413,6,3,False,2,20230404,1,50
3997,498,6251.5,20211.30964308078,3,2,False,2,20230404,1,50
3998,499,6251.399874843554,20755.40488110137,0,0,False,2,20230404,1,50
3999,500,6251.600250626567,21283.404761904763,3,1,True,2,20230404,1,50
4000,1,899.004835589942,1464.1473243068988,0,82,True,0,20230315,1,60
4001,2,898.7570725707257,2000.5971709717096,0,0,True,0,20230315,1,60
4002,3,899.2132075471698,2532.3352201257862,0,1,False,0,20230315,1,60
4003,4,899.2132075471698,3068.3352201257862,0,0,False,0,20230315,1,60
4004,5,899.4020208205757,3607.967850581752,0,0,False,0,20230315,1,60
4005,6,899.2204169221336,4136.33629675046,1,1,False,0,20230315,1,60
4006,7,899.4020208205757,4679.967850581751,0,0,False,0,20230315,1,60
4007,8,899.7795830778664,5208.33629675046,1,2,False,0,20230315,1,60
4008,9,899.6956112852664,5747.876175548589,0,2,False,0,20230315,1,60
4009,10,899.204260651629,6275.7807017543855,0,0,False,0,20230315,1,60
4010,11,899.8779141104294,6816.241104294479,0,82,False,0,20230315,1,60
4011,12,900.0686274509804,7352.053921568628,0,0,False,0,20230315,1,60
4012,13,900.3051612903225,7887.866451612903,1,1,False,0,20230315,1,60
4013,14,900.6003003003003,8428.206306306307,1,2,False,0,20230315,1,60
4014,15,900.0979381443299,8952.051546391753,4,92,False,0,20230315,1,60
4015,16,900.2429274292743,9488.59717097171,0,88,False,0,20230315,1,60
4016,17,901.4233621755252,10024.187268232386,1,1,False,0,20230315,1,60
4017,18,901.0743368291178,10560.657310302282,4,79,False,0,20230315,1,60
4018,19,900.5989802039592,11100.224655068989,0,2,False,0,20230315,1,60
4019,20,899.7005141388174,11639.690231362469,3,2,False,0,20230315,1,60
4020,21,901.428306551298,12176.889369592089,1,1,True,0,20230315,1,60
4021,22,900.3805031446541,12707.771698113207,0,0,True,0,20230315,1,60
4022,23,900.3564231738035,13236.502518891688,0,0,True,0,20230315,1,60
4023,24,899.9824120603015,13772.14824120603,0,0,True,0,20230315,1,60
4024,25,900.1607818411097,14308.690416141237,1,0,False,0,20230315,1,60
4025,26,899.896238244514,14851.685579937304,2,86,False,0,20230315,1,60
4026,27,899.9824120603015,15380.14824120603,2,1,False,0,20230315,1,60
4027,28,899.7795830778664,15920.33629675046,3,92,False,0,20230315,1,60
4028,29,899.6909424724602,16463.68604651163,4,70,False,0,20230315,1,60
4029,30,899.6956112852664,16995.87617554859,1,75,False,0,20230315,1,60
4030,31,899.6055408970976,17531.594986807388,2,76,False,0,20230315,1,60
4031,32,899.5,18067.5,2,76,False,0,20230315,1,60
4032,33,899.5,18599.690231362467,1,61,False,0,20230315,1,60
4033,34,899.6002506265664,19139.404761904763,0,0,False,0,20230315,1,60
4034,35,900.1467065868263,19675.226946107785,1,75,True,0,20230315,1,60
4035,36,900.0925925925926,20211.5,1,82,True,0,20230315,1,60
4036,37,900.1842767295598,20754.86603773585,0,2,False,0,20230315,1,60
4037,38,903.89588688946,21283.309768637533,1,2,True,0,20230315,1,60
4038,39,1342.8345888261142,1199.9695543000628,0,0,True,0,20230315,1,60
4039,40,1343.293710691824,1728.4610062893082,0,99,False,0,20230315,1,60
4040,41,1343.1967699406723,2263.78740936058,1,113,False,0,20230315,1,60
4041,42,1343.2115987460816,2799.7884012539184,1,0,False,0,20230315,1,60
4042,43,1343.211959924859,3335.788040075141,0,0,False,0,20230315,1,60
4043,44,1343.5,3871.694993412385,0,2,False,0,20230315,1,60
4044,45,1343.5,4407.6952440550685,0,116,False,0,20230315,1,60
4045,46,1343.5,4943.5,0,149,False,0,20230315,1,60
4046,47,1343.5975609756097,5479.59756097561,0,1,False,0,20230315,1,60
4047,48,1343.5951768488746,6011.788102893891,0,0,False,0,20230315,1,60
4048,49,1343.7790697674418,6544.357322438717,0,130,False,0,20230315,1,60
4049,50,1343.7002567394095,7083.5,1,237,True,0,20230315,1,60
4050,51,1344.0771643663738,7623.5,1,211,True,0,20230315,1,60
4051,52,1343.7884012539184,8151.788401253919,0,119,False,0,20230315,1,60
4052,53,1343.705533596838,8695.5,0,1,False,0,20230315,1,60
4053,54,1343.6953727506427,9219.885604113111,0,120,False,0,20230315,1,60
4054,55,1343.89588688946,9755.690231362469,2,2,False,0,20230315,1,60
4055,56,1343.399935856318,10291.597498396408,1,112,False,0,20230315,1,60
4056,57,1344.0824742268042,10828.067010309278,0,90,False,0,20230315,1,60
4057,58,1344.4319899244333,11374.568010075567,1,0,False,0,20230315,1,60
4058,59,1343.8859649122808,11903.690476190475,0,2,False,0,20230315,1,60
4059,60,1343.89588688946,12443.309768637531,1,110,False,0,20230315,1,60
4060,61,1343.89588688946,12971.690231362469,0,112,False,0,20230315,1,60
4061,62,1343.690476190476,13503.88596491228,1,0,False,0,20230315,1,60
4062,63,1343.8859649122808,14039.690476190475,2,91,False,0,20230315,1,60
4063,64,1343.4044703000611,14579.402020820577,1,127,False,0,20230315,1,60
4064,65,1343.6953727506427,15115.885604113111,0,0,False,0,20230315,1,60
4065,66,1343.690476190476,15647.88596491228,2,108,False,0,20230315,1,60
4066,67,1343.7884012539184,16191.788401253918,1,2,False,0,20230315,1,60
4067,68,1343.399935856318,16731.402501603592,5,104,False,0,20230315,1,60
4068,69,1343.6865030674846,17267.308588957054,1,111,False,0,20230315,1,60
4069,70,1343.5955296999389,17795.98009797918,0,0,False,0,20230315,1,60
4070,71,1343.5975609756097,18335.40243902439,0,124,False,0,20230315,1,60
4071,72,1343.5,18867.88235294117,0,82,False,0,20230315,1,60
4072,73,1343.5,19403.5,1,116,False,0,20230315,1,60
4073,74,1343.89588688946,19947.309768637533,4,4,False,0,20230315,1,60
4074,75,1344.0539215686274,20482.93137254902,2,72,False,0,20230315,1,60
4075,76,1344.1825499034128,21019.03122987765,0,72,True,0,20230315,1,60
4076,77,1786.8558696988323,928.6923786109404,1,42,True,0,20230315,1,60
4077,78,1786.6937984496124,1464.37338501292,2,118,False,0,20230315,1,60
4078,79,1786.9313725490197,2000.053921568628,1,96,False,0,20230315,1,60
4079,80,1787.2038895859473,2531.781053952321,1,132,False,0,20230315,1,60
4080,81,1786.442065491184,3068.3110831234258,2,0,False,0,20230315,1,60
4081,82,1787.970300061237,3608.149112063688,0,0,False,0,20230315,1,60
4082,83,1787.5979791794243,4135.967850581751,3,124,False,0,20230315,1,60
4083,84,1787.2204169221336,4679.772225628449,0,0,False,0,20230315,1,60
4084,85,1787.029699938763,5208.149112063687,0,130,False,0,20230315,1,60
4085,86,1787.882149591452,5748.053111250786,2,173,False,0,20230315,1,60
4086,87,1787.9753476611884,6276.870417193426,2,1,False,0,20230315,1,60
4087,88,1788.0700245700243,6816.055282555282,1,134,False,0,20230315,1,60
4088,89,1788.0686274509803,7352.053921568628,3,215,True,0,20230315,1,60
4089,90,1787.9066924066924,7887.685328185328,1,2,False,0,20230315,1,60
4090,91,1788.4214157168567,8427.5,0,1,False,0,20230315,1,60
4091,92,1788.8411003236247,8951.057281553398,2,120,False,0,20230315,1,60
4092,93,1788.9590264941469,9488.74460874923,0,0,False,0,20230315,1,60
4093,94,1788.5325752919484,10024.31868469576,2,125,False,0,20230315,1,60
4094,95,1789.3282890673256,10560.925571340333,1,108,False,0,20230315,1,60
4095,96,1788.2420706163973,11099.868641532015,3,105,False,0,20230315,1,60
4096,97,1788.1082474226805,11639.5,2,54,False,0,20230315,1,60
4097,98,1788.8382533825338,12175.657441574416,4,96,False,0,20230315,1,60
4098,99,1788.3636363636365,13236.671717171715,4,120,False,0,20230315,1,60
4099,100,1788.083280955374,13772.053111250783,2,1,False,0,20230315,1,60
4100,101,1788.26214511041,14308.5952681388,2,120,False,0,20230315,1,60
4101,102,1788.0925925925926,14851.5,3,126,False,0,20230315,1,60
4102,103,1787.887665198238,15380.240088105727,1,1,False,0,20230315,1,60
4103,104,1787.8779141104294,15920.24110429448,2,139,False,0,20230315,1,60
4104,105,1787.7886850152904,16463.409480122325,3,128,False,0,20230315,1,60
4105,106,1787.795739348371,16995.780701754386,2,139,False,0,20230315,1,60
4106,107,1787.9177131526767,17531.68506278916,4,97,False,0,20230315,1,60
4107,108,1787.7003757044458,18067.5,6,105,False,0,20230315,1,60
4108,109,1787.6027617212587,18599.59505459217,7,110,False,0,20230315,1,60
4109,110,1787.896238244514,19139.314420062696,3,85,False,0,20230315,1,60
4110,111,1788.4214157168567,19675.5,2,1,False,0,20230315,1,60
4111,112,1788.0925925925926,20211.5,7,94,False,0,20230315,1,60
4112,113,1788.083280955374,20754.94688874921,1,104,False,0,20230315,1,60
4113,114,1788.294468887492,21283.5,2,82,True,0,20230315,1,60
4114,115,1791.89588688946,12707.309768637531,2,2,False,0,20230315,1,60
4115,116,2231.304755944931,1199.5,8,111,True,0,20230315,1,60
4116,117,2231.6907151819323,1727.8764115432873,1,128,False,0,20230315,1,60
4117,118,2231.5,2263.5,2,101,False,0,20230315,1,60
4118,119,2231.5,2799.5,0,104,False,0,20230315,1,60
4119,120,2231.5,3335.5,1,0,False,0,20230315,1,60
4120,121,2231.5,3871.5,0,117,False,0,20230315,1,60
4121,122,2231.695244055069,4407.5,0,130,False,0,20230315,1,60
4122,123,2231.5,4943.5,2,96,False,0,20230315,1,60
4123,124,2231.5,5479.5,0,0,False,0,20230315,1,60
4124,125,2231.6000641436817,6011.402501603592,0,0,False,0,20230315,1,60
4125,126,2231.690476190476,6543.8859649122805,0,0,False,0,20230315,1,60
4126,127,2231.89588688946,7083.690231362468,0,0,False,0,20230315,1,60
4127,128,2232.077164366374,7623.5,0,99,False,0,20230315,1,60
4128,129,2231.8859649122805,8151.690476190476,2,113,False,0,20230315,1,60
4129,130,2232.1076618229854,8695.5,0,95,False,0,20230315,1,60
4130,131,2231.79543994862,9219.787732819525,3,102,False,0,20230315,1,60
4131,132,2232.182549903413,9755.968770122345,4,164,False,0,20230315,1,60
4132,133,2232.182549903413,10291.968770122345,1,1,False,0,20230315,1,60
4133,134,2232.082474226804,10828.067010309278,0,61,False,0,20230315,1,60
4134,135,2231.6902377972465,11375.304755944931,1,82,False,0,20230315,1,60
4135,136,2232.165411173886,11903.969554300063,1,111,False,0,20230315,1,60
4136,137,2231.7002567394097,12443.5,0,111,False,0,20230315,1,60
4137,138,2232.0817245817248,12972.06628056628,3,106,False,0,20230315,1,60
4138,139,2232.3332284455632,13504.529578351165,4,173,True,0,20230315,1,60
4139,140,2232.3332284455632,14040.529578351165,2,181,True,0,20230315,1,60
4140,141,2232.241104294478,14579.87791411043,1,1,False,0,20230315,1,60
4141,142,2232.0817245817248,15116.06628056628,1,114,False,0,20230315,1,60
4142,143,2231.9695543000626,15648.165411173886,2,140,False,0,20230315,1,60
4143,144,2231.8859649122805,16191.690476190475,3,130,False,0,20230315,1,60
4144,145,2231.7002567394097,16731.5,1,1,False,0,20230315,1,60
4145,146,2232.241104294478,17267.681595092025,2,116,False,0,20230315,1,60
4146,147,2232.053921568628,17796.06862745098,2,128,False,0,20230315,1,60
4147,148,2231.8859649122805,18335.69047619048,3,135,False,0,20230315,1,60
4148,149,2232.33629675046,18867.220416922133,5,125,False,0,20230315,1,60
4149,150,2231.79543994862,19403.787732819525,2,0,False,0,20230315,1,60
4150,151,2231.89588688946,19947.309768637533,3,2,False,0,20230315,1,60
4151,152,2232.33629675046,20483.220416922133,1,116,False,0,20230315,1,60
4152,153,2231.89588688946,21019.309768637533,2,100,False,0,20230315,1,60
4153,154,2674.93137254902,928.0539215686274,0,111,False,0,20230315,1,60
4154,155,2677.859493670886,1462.4012658227848,1,111,False,0,20230315,1,60
4155,156,2675.406919779547,1999.776791181874,2,108,False,0,20230315,1,60
4156,157,2674.90666247643,2531.489943431804,1,198,False,0,20230315,1,60
4157,158,2675.1173694147265,3068.04877281309,1,148,False,0,20230315,1,60
4158,159,2674.6416309012875,3607.7722256284487,2,1,False,0,20230315,1,60
4159,160,2678.221252257676,4135.150812763395,1,113,False,0,20230315,1,60
4160,161,2679.5,4679.5,1,178,False,0,20230315,1,60
4161,162,2678.2738452309536,5208.111877624475,3,115,False,0,20230315,1,60
4162,163,2679.5,5747.5,1,99,False,0,20230315,1,60
4163,164,2680.4987699877,6275.849323493235,1,137,False,0,20230315,1,60
4164,165,2679.882775119617,6815.5,0,112,False,0,20230315,1,60
4165,166,2680.2616766467067,7351.859281437126,1,131,False,0,20230315,1,60
4166,167,2680.236225087925,8427.317116060962,1,105,False,0,20230315,1,60
4167,168,2679.907035175879,8951.680904522613,2,117,False,0,20230315,1,60
4168,169,2679.211389385808,9487.774299344066,4,100,False,0,20230315,1,60
4169,170,2680.0693779904304,10024.04066985646,1,108,False,0,20230315,1,60
4170,171,2681.5253470126736,10560.709414604707,1,104,False,0,20230315,1,60
4171,172,2680.147574517826,11099.766510812393,2,120,False,0,20230315,1,60
4172,173,2680.1638705811865,12175.766027561414,4,110,False,0,20230315,1,60
4173,174,2680.093137254902,12707.5,1,2,False,0,20230315,1,60
4174,175,2680.0840490797545,13236.039877300613,0,141,False,0,20230315,1,60
4175,176,2679.796024464832,13771.774006116208,2,134,False,0,20230315,1,60
4176,177,2680.459409594096,14308.385608856088,1,175,False,0,20230315,1,60
4177,178,2679.896572827417,14851.681150550796,0,0,False,0,20230315,1,60
4178,179,2680.0840490797545,15380.039877300613,0,141,False,0,20230315,1,60
4179,180,2680.0693779904304,15920.04066985646,2,163,False,0,20230315,1,60
4180,181,2679.980573819486,16463.406754333533,4,132,False,0,20230315,1,60
4181,182,2679.896572827417,16995.681150550794,1,109,False,0,20230315,1,60
4182,183,2679.605602060528,17531.592723760463,4,106,False,0,20230315,1,60
4183,184,2679.9935543278084,18067.58348680172,2,115,False,0,20230315,1,60
4184,185,2679.80923947203,18599.42206159648,1,99,False,0,20230315,1,60
4185,186,2680.1876155268023,19139.214109673445,1,142,True,0,20230315,1,60
4186,187,2680.4227166276346,19675.5,0,139,True,0,20230315,1,60
4187,188,2679.700488997555,20211.5,2,137,False,0,20230315,1,60
4188,189,2679.7963870177587,20755.22565829761,1,1,True,0,20230315,1,60
4189,190,2680.093137254902,21283.5,0,2,False,0,20230315,1,60
4190,191,2683.602761721259,7887.595054592164,1,116,False,0,20230315,1,60
4191,192,2683.9025806451614,11639.5,2,91,False,0,20230315,1,60
4192,193,3130.359950859951,1199.5,5,16,True,0,20230315,1,60
4193,194,3125.668888888889,1728.9653968253967,0,128,False,0,20230315,1,60
4194,195,3131.397238278741,2263.5950545921646,0,121,False,0,20230315,1,60
4195,196,3127.2105097545627,2799.7794210195093,0,0,False,0,20230315,1,60
4196,197,3129.775092936803,3336.6995043370507,0,0,False,0,20230315,1,60
4197,198,3131.397238278741,3871.5950545921646,0,0,False,0,20230315,1,60
4198,199,3130.726600985221,4406.869458128079,0,107,False,0,20230315,1,60
4199,200,3130.9945196647323,4943.595422308188,0,0,False,0,20230315,1,60
4200,201,3131.402260232132,5479.404703726329,0,0,False,0,20230315,1,60
4201,202,3131.203889585948,6011.781053952322,1,123,False,0,20230315,1,60
4202,203,3131.1220858895704,6544.241104294479,0,1,False,0,20230315,1,60
4203,204,3131.6001251564458,7083.595118898624,0,2,False,0,20230315,1,60
4204,205,3131.5,7623.127450980392,0,1,False,0,20230315,1,60
4205,206,3131.5,8151.872549019607,1,115,False,0,20230315,1,60
4206,207,3131.5,8695.309768637531,0,108,True,0,20230315,1,60
4207,208,3131.6956112852663,9219.876175548588,0,121,False,0,20230315,1,60
4208,209,3131.7961104140527,9755.781053952322,2,93,False,0,20230315,1,60
4209,210,3131.7961104140527,10291.781053952322,2,129,False,0,20230315,1,60
4210,211,3131.5,10828.06246076585,2,3,False,0,20230315,1,60
4211,212,3131.779926335175,11374.854205033764,0,154,False,0,20230315,1,60
4212,213,3131.6909424724604,11903.686046511628,1,80,False,0,20230315,1,60
4213,214,3131.6002506265663,12443.40476190476,2,145,False,0,20230315,1,60
4214,215,3131.7961104140527,12971.781053952322,1,108,False,0,20230315,1,60
4215,216,3131.7795830778664,13504.33629675046,0,0,False,0,20230315,1,60
4216,217,3131.7795830778664,14040.33629675046,3,140,False,0,20230315,1,60
4217,218,3131.960431654676,14579.960431654676,1,2,False,0,20230315,1,60
4218,219,3131.6956112852663,15115.876175548588,2,116,False,0,20230315,1,60
4219,220,3131.5,15648.063035495716,1,100,False,0,20230315,1,60
4220,221,3131.8823529411766,16191.5,3,113,False,0,20230315,1,60
4221,222,3131.5,16731.30964308078,1,90,False,0,20230315,1,60
4222,223,3131.6862686567165,17267.313731343285,0,0,False,0,20230315,1,60
4223,224,3131.313953488372,17795.68604651163,3,137,False,0,20230315,1,60
4224,225,3131.6909424724604,18335.31395348837,1,116,False,0,20230315,1,60
4225,226,3131.68671454219,18867.68671454219,3,100,False,0,20230315,1,60
4226,227,3131.700375704446,19403.5,6,132,True,0,20230315,1,60
4227,228,3131.5,19947.5,3,145,True,0,20230315,1,60
4228,229,3131.782634730539,20482.661676646705,4,107,False,0,20230315,1,60
4229,230,3131.7961104140527,21019.21894604768,2,1,True,0,20230315,1,60
4230,231,3570.6416309012875,927.7722256284488,2,93,False,0,20230315,1,60
4231,232,3571.5,1463.5,1,1,False,0,20230315,1,60
4232,233,3569.9433497536947,2000.5147783251232,0,0,False,0,20230315,1,60
4233,234,3571.3043887147337,2531.1238244514107,0,1,False,0,20230315,1,60
4234,235,3571.8962382445143,3067.6855799373043,1,104,False,0,20230315,1,60
4235,236,3571.5,3607.309523809524,0,108,False,0,20230315,1,60
4236,237,3571.597620500305,4135.595179987798,0,0,False,0,20230315,1,60
4237,238,3571.5,4679.5,1,0,True,0,20230315,1,60
4238,239,3571.88630806846,5207.6858190709045,0,2,True,0,20230315,1,60
4239,240,3571.7961104140527,5747.590338770389,0,0,False,0,20230315,1,60
4240,241,3571.8962382445143,6275.314420062696,1,0,False,0,20230315,1,60
4241,242,3571.69536019536,6815.5,2,136,False,0,20230315,1,60
4242,243,3572.166258420086,7351.041947336191,4,190,False,0,20230315,1,60
4243,244,3571.7056555269924,7887.5,0,125,False,0,20230315,1,60
4244,245,3572.5167865707435,8427.404076738609,1,0,False,0,20230315,1,60
4245,246,3571.9066924066924,8951.685328185327,3,117,False,0,20230315,1,60
4246,247,3572.260736196319,9487.86809815951,4,113,False,0,20230315,1,60
4247,248,3572.260736196319,10023.86809815951,3,90,False,0,20230315,1,60
4248,249,3572.0686274509803,10560.053921568628,1,1,False,0,20230315,1,60
4249,250,3574.511180124224,11097.66645962733,3,127,False,0,20230315,1,60
4250,251,3572.00998068255,11639.404700579524,1,115,False,0,20230315,1,60
4251,252,3572.3583690987125,12175.227774371551,3,165,True,0,20230315,1,60
4252,253,3572.0925925925926,12707.5,2,142,True,0,20230315,1,60
4253,254,3572.0825486503454,13236.052416823602,0,0,False,0,20230315,1,60
4254,255,3571.8962382445143,13771.685579937304,3,96,False,0,20230315,1,60
4255,256,3572.183417085427,14307.957286432162,1,2,False,0,20230315,1,60
4256,257,3571.700375704446,14851.5,1,1,False,0,20230315,1,60
4257,258,3572.183417085427,15379.957286432162,1,141,False,0,20230315,1,60
4258,259,3572.3583690987125,15919.772225628449,1,194,True,0,20230315,1,60
4259,260,3571.88630806846,16463.314180929094,1,179,True,0,20230315,1,60
4260,261,3572.0925925925926,16995.5,2,195,True,0,20230315,1,60
4261,262,3571.6055408970974,17531.594986807388,0,0,False,0,20230315,1,60
4262,263,3571.6001251564458,18067.40488110137,1,2,False,0,20230315,1,60
4263,264,3571.602761721259,18599.59505459217,3,141,False,0,20230315,1,60
4264,265,3572.0925925925926,19139.5,1,88,False,0,20230315,1,60
4265,266,3572.5167865707435,19675.59592326139,2,1,False,0,20230315,1,60
4266,267,3572.0925925925926,20211.5,0,116,False,0,20230315,1,60
4267,268,3572.183417085427,20755.04271356784,0,0,True,0,20230315,1,60
4268,269,3572.0925925925926,21283.5,1,0,True,0,20230315,1,60
4269,270,4023.1235884567127,1199.1135508155585,0,109,False,0,20230315,1,60
4270,271,4023.4024390243903,1727.5975609756097,0,1,False,0,20230315,1,60
4271,272,4023.5,2263.5,0,105,False,0,20230315,1,60
4272,273,4023.5,2799.304755944931,1,170,True,0,20230315,1,60
4273,274,4023.22057898049,3335.7794210195093,2,167,True,0,20230315,1,60
4274,275,4023.6026991441736,3871.597432521396,2,180,True,0,20230315,1,60
4275,276,4023.6911949685536,4407.308805031446,0,156,True,0,20230315,1,60
4276,277,4023.3973008558255,4943.597432521396,0,0,False,0,20230315,1,60
4277,278,4023.690476190476,5479.11403508772,2,95,False,0,20230315,1,60
4278,279,4023.6000641436817,6011.597498396408,0,127,False,0,20230315,1,60
4279,280,4023.690476190476,6543.8859649122805,2,0,True,0,20230315,1,60
4280,281,4023.7002567394097,7083.5,3,115,False,0,20230315,1,60
4281,282,4023.7884012539184,7623.211598746081,1,113,False,0,20230315,1,60
4282,283,4023.885964912281,8151.690476190476,0,0,False,0,20230315,1,60
4283,284,4023.6026991441736,8695.402567478604,0,0,False,0,20230315,1,60
4284,285,4023.7954399486193,9219.787732819525,0,0,False,0,20230315,1,60
4285,286,4023.89588688946,9755.690231362469,0,153,True,0,20230315,1,60
4286,287,4023.89588688946,10291.690231362469,3,177,True,0,20230315,1,60
4287,288,4023.6953727506425,10827.885604113111,1,107,False,0,20230315,1,60
4288,289,4023.7884012539184,11375.211598746082,1,0,False,0,20230315,1,60
4289,290,4023.885964912281,11903.690476190475,0,1,False,0,20230315,1,60
4290,291,4023.7002567394097,12443.5,0,0,False,0,20230315,1,60
4291,292,4023.7954399486193,12971.787732819525,1,0,False,0,20230315,1,60
4292,293,4023.969554300063,13504.165411173886,1,125,False,0,20230315,1,60
4293,294,4023.885964912281,14039.690476190475,3,113,False,0,20230315,1,60
4294,295,4023.87652811736,14579.690709046456,3,105,False,0,20230315,1,60
4295,296,4023.7954399486193,15115.787732819525,1,105,False,0,20230315,1,60
4296,297,4023.5975609756097,15647.40243902439,0,1,False,0,20230315,1,60
4297,298,4023.5,16191.5,3,139,False,0,20230315,1,60
4298,299,4023.6000641436817,16731.402501603592,3,118,False,0,20230315,1,60
4299,300,4023.4048200122015,17267.402379499694,3,124,False,0,20230315,1,60
4300,301,4024.053921568628,17796.06862745098,1,131,False,0,20230315,1,60
4301,302,4023.695244055069,18335.5,1,126,False,0,20230315,1,60
4302,303,4023.5,18867.5,2,122,False,0,20230315,1,60
4303,304,4023.6000641436817,19403.597498396408,1,0,False,0,20230315,1,60
4304,305,4023.89588688946,19947.309768637533,0,0,False,0,20230315,1,60
4305,306,4023.314180929096,20483.11369193154,1,0,False,0,20230315,1,60
4306,307,4023.6000641436817,21019.402501603592,0,0,False,0,20230315,1,60
4307,308,4467.308588957055,927.6865030674846,0,1,True,0,20230315,1,60
4308,309,4467.6027617212585,1463.5950545921644,0,131,False,0,20230315,1,60
4309,310,4467.69094247246,1999.686046511628,1,2,False,0,20230315,1,60
4310,311,4467.5,2531.5,0,0,False,0,20230315,1,60
4311,312,4467.103264281231,3067.133396107972,0,0,False,0,20230315,1,60
4312,313,4467.597620500305,3607.5951799877976,0,114,False,0,20230315,1,60
4313,314,4468.0700245700245,4135.490171990172,2,194,False,0,20230315,1,60
4314,315,4467.790461538461,4678.6704615384615,3,169,False,0,20230315,1,60
4315,316,4467.220416922134,5207.772225628449,0,0,False,0,20230315,1,60
4316,317,4467.600250626567,5747.4047619047615,0,2,False,0,20230315,1,60
4317,318,4467.695611285267,6275.876175548589,2,151,True,0,20230315,1,60
4318,319,4468.067931456549,6814.9467564259485,0,182,True,0,20230315,1,60
4319,320,4467.69094247246,7351.686046511628,0,0,False,0,20230315,1,60
4320,321,4467.705655526992,7887.5,2,138,False,0,20230315,1,60
4321,322,4467.9604316546765,8427.039568345324,0,138,False,0,20230315,1,60
4322,323,4467.803536977492,8951.78038585209,4,122,False,0,20230315,1,60
4323,324,4467.779926335175,9488.145794966236,0,1,False,0,20230315,1,60
4324,325,4467.970876762723,10023.958614347026,1,1,False,0,20230315,1,60
4325,326,4467.779926335175,10560.145794966236,2,120,False,0,20230315,1,60
4326,327,4467.773709483794,11099.773709483794,3,167,False,0,20230315,1,60
4327,328,4467.705655526992,11639.5,3,115,False,0,20230315,1,60
4328,329,4467.691411042945,12175.313496932517,1,131,False,0,20230315,1,60
4329,330,4467.992462311558,12707.404522613066,1,1,False,0,20230315,1,60
4330,331,4467.982412060302,13236.14824120603,0,0,False,0,20230315,1,60
4331,332,4467.695611285267,13771.876175548588,2,148,False,0,20230315,1,60
4332,333,4467.78679245283,14308.335220125786,4,147,False,0,20230315,1,60
4333,334,4467.700375704446,14851.5,1,3,False,0,20230315,1,60
4334,335,4467.695611285267,15379.876175548588,1,1,False,0,20230315,1,60
4335,336,4467.69094247246,15919.686046511628,0,0,False,0,20230315,1,60
4336,337,4467.597979179424,16463.03214941825,1,127,False,0,20230315,1,60
4337,338,4467.796110414053,16995.590338770387,3,144,False,0,20230315,1,60
4338,339,4467.812169312169,17531.589947089946,0,0,False,0,20230315,1,60
4339,340,4467.304143126177,18067.314187068423,0,0,False,0,20230315,1,60
4340,341,4467.6027617212585,18599.59505459217,1,1,False,0,20230315,1,60
4341,342,4467.992462311558,19139.59547738693,2,146,False,0,20230315,1,60
4342,343,4467.9604316546765,19675.586330935253,2,2,False,0,20230315,1,60
4343,344,4467.992462311558,20211.404522613066,0,0,False,0,20230315,1,60
4344,345,4467.695611285267,20755.87617554859,0,0,False,0,20230315,1,60
4345,346,4467.600250626567,21283.404761904763,0,1,False,0,20230315,1,60
4346,347,4910.279048765804,1198.8762793497892,0,0,False,0,20230315,1,60
4347,348,4909.975961538462,1726.3557692307693,0,0,False,0,20230315,1,60
4348,349,4911.294228356336,2263.5,1,125,False,0,20230315,1,60
4349,350,4910.738323353294,2799.859281437126,2,146,False,0,20230315,1,60
4350,351,4910.551497005988,3335.32754491018,1,193,False,0,20230315,1,60
4351,352,4911.092964824121,3871.680904522613,1,78,False,0,20230315,1,60
4352,353,4911.308383233533,4407.317964071856,0,99,False,0,20230315,1,60
4353,354,4911.298994974874,4943.133165829146,0,0,False,0,20230315,1,60
4354,355,4911.308841099164,5479.318399044206,2,163,True,0,20230315,1,60
4355,356,4911.696078431372,6011.318627450981,1,137,True,0,20230315,1,60
4356,357,4911.308383233533,6543.682035928144,2,1,False,0,20230315,1,60
4357,358,4911.796387017759,7083.225658297612,0,184,True,0,20230315,1,60
4358,359,4912.070743405276,7622.958033573142,0,206,True,0,20230315,1,60
4359,360,4911.5,8151.5,0,194,True,0,20230315,1,60
4360,361,4911.5,8694.951572327043,1,0,False,0,20230315,1,60
4361,362,4911.696078431372,9219.68137254902,1,3,False,0,20230315,1,60
4362,363,4911.69656019656,9755.681818181818,0,0,False,0,20230315,1,60
4363,364,4911.5,10291.863190184047,0,0,False,0,20230315,1,60
4364,365,4911.5,10827.863190184047,0,147,False,0,20230315,1,60
4365,366,4911.5,11374.602040816326,1,116,False,0,20230315,1,60
4366,367,4911.780407429598,11902.869682444578,0,0,False,0,20230315,1,60
4367,368,4911.600551808707,12443.043838136113,4,148,False,0,20230315,1,60
4368,369,4911.696078431372,12971.68137254902,4,119,False,0,20230315,1,60
4369,370,4911.780407429598,13504.130317555422,3,139,False,0,20230315,1,60
4370,371,4911.780407429598,14040.130317555422,0,0,False,0,20230315,1,60
4371,372,4911.774165202109,14579.232864674868,0,1,False,0,20230315,1,60
4372,373,4911.696078431372,15115.68137254902,1,130,False,0,20230315,1,60
4373,374,4911.780407429598,15648.130317555422,2,114,False,0,20230315,1,60
4374,375,4911.5,16191.136363636364,0,124,False,0,20230315,1,60
4375,376,4911.5,16731.5,3,137,False,0,20230315,1,60
4376,377,4911.869158878505,17266.77570093458,2,120,False,0,20230315,1,60
4377,378,4911.877182770663,17795.681606519207,1,137,False,0,20230315,1,60
4378,379,4912.261676646706,18335.32754491018,0,0,False,0,20230315,1,60
4379,380,4912.056725146199,18867.49064327485,0,1,False,0,20230315,1,60
4380,381,4911.696078431372,19403.68137254902,1,99,False,0,20230315,1,60
4381,382,4911.796387017759,19947.22565829761,1,130,False,0,20230315,1,60
4382,383,4911.961088355763,20483.050614394386,1,115,False,0,20230315,1,60
4383,384,4911.888206388207,21018.77764127764,2,109,False,0,20230315,1,60
4384,385,5354.359950859951,927.5,0,93,True,0,20230315,1,60
4385,386,5355.3972382787415,1463.4049454078356,0,127,False,0,20230315,1,60
4386,387,5354.355036855037,1999.8341523341523,1,0,False,0,20230315,1,60
4387,388,5355.103761755486,2531.314420062696,0,0,False,0,20230315,1,60
4388,389,5355.299624295554,3067.5,1,211,True,0,20230315,1,60
4389,390,5355.5,3607.309523809524,2,217,True,0,20230315,1,60
4390,391,5355.5,4135.5,0,169,True,0,20230315,1,60
4391,392,5355.87791411043,4678.758895705521,0,94,False,0,20230315,1,60
4392,393,5355.69094247246,5207.313953488372,0,0,False,0,20230315,1,60
4393,394,5355.695611285267,5747.123824451411,1,143,False,0,20230315,1,60
4394,395,5355.600250626567,6275.4047619047615,2,142,False,0,20230315,1,60
4395,396,5355.5,6815.1274509803925,3,127,False,0,20230315,1,60
4396,397,5355.597739767868,7351.404703726329,1,1,False,0,20230315,1,60
4397,398,5355.6027617212585,7887.404945407836,0,0,False,0,20230315,1,60
4398,399,5355.868641532017,8426.757929383602,0,0,False,0,20230315,1,60
4399,400,5355.6027617212585,8951.595054592164,0,0,False,0,20230315,1,60
4400,401,5355.69094247246,9487.686046511628,0,1,False,0,20230315,1,60
4401,402,5355.882352941177,10023.5,1,227,True,0,20230315,1,60
4402,403,5355.788685015291,10559.781345565749,1,291,True,0,20230315,1,60
4403,404,5355.87298266587,11099.5,1,0,False,0,20230315,1,60
4404,405,5355.803536977492,11639.21961414791,1,131,False,0,20230315,1,60
4405,406,5355.788685015291,12175.218654434251,0,0,False,0,20230315,1,60
4406,407,5355.796110414053,12707.218946047678,2,112,False,0,20230315,1,60
4407,408,5355.896238244514,13235.685579937304,1,134,False,0,20230315,1,60
4408,409,5355.700375704446,13771.5,3,135,False,0,20230315,1,60
4409,410,5355.796110414053,14307.781053952322,1,133,False,0,20230315,1,60
4410,411,5355.600125156446,14851.404881101376,2,3,False,0,20230315,1,60
4411,412,5355.700375704446,15379.5,0,0,False,0,20230315,1,60
4412,413,5355.88630806846,15919.685819070904,0,0,False,0,20230315,1,60
4413,414,5355.5,16462.936964504283,1,101,False,0,20230315,1,60
4414,415,5355.896238244514,16995.314420062696,1,127,False,0,20230315,1,60
4415,416,5355.917713152677,17531.31493721084,0,135,False,0,20230315,1,60
4416,417,5355.795739348371,18067.21929824561,2,1,False,0,20230315,1,60
4417,418,5355.6027617212585,18599.59505459217,0,109,False,0,20230315,1,60
4418,419,5355.700375704446,19139.5,11,108,False,0,20230315,1,60
4419,420,5355.968339307049,19675.40442054958,1,141,False,0,20230315,1,60
4420,421,5355.600125156446,20211.40488110137,2,107,False,0,20230315,1,60
4421,422,5355.795739348371,20755.21929824561,4,111,False,0,20230315,1,60
4422,423,5355.700375704446,21283.5,2,2,False,0,20230315,1,60
4423,424,5806.541916167665,1199.3179640718563,0,0,False,0,20230315,1,60
4424,425,5806.328331332533,1727.2454981992796,2,103,False,0,20230315,1,60
4425,426,5806.901257861635,2262.9616352201256,1,129,False,0,20230315,1,60
4426,427,5807.019426180514,2799.4067543335327,0,0,False,0,20230315,1,60
4427,428,5807.204504504504,3335.262162162162,0,0,False,0,20230315,1,60
4428,429,5807.705771643664,3871.5,1,1,False,0,20230315,1,60
4429,430,5807.308383233533,4407.317964071856,0,0,False,0,20230315,1,60
4430,431,5807.397049591965,4943.407093534212,0,102,False,0,20230315,1,60
4431,432,5807.5,5479.136363636364,0,0,False,0,20230315,1,60
4432,433,5807.5,6011.5,4,100,False,0,20230315,1,60
4433,434,5807.317964071856,6544.223353293413,1,1,False,0,20230315,1,60
4434,435,5807.303921568628,7083.318627450981,0,0,False,0,20230315,1,60
4435,436,5807.5,7623.136363636364,0,187,True,0,20230315,1,60
4436,437,5807.5,8151.5,1,216,True,0,20230315,1,60
4437,438,5807.5,8694.951572327043,1,205,True,0,20230315,1,60
4438,439,5807.399448191293,9219.956161863887,3,210,True,0,20230315,1,60
4439,440,5807.303921568628,9755.68137254902,1,120,False,0,20230315,1,60
4440,441,5807.5,10291.863190184047,3,112,False,0,20230315,1,60
4441,442,5807.5,10827.863190184047,1,215,True,0,20230315,1,60
4442,443,5807.5,11374.602040816326,2,184,False,0,20230315,1,60
4443,444,5807.691616766467,11903.317964071855,0,0,False,0,20230315,1,60
4444,445,5807.600551808707,12443.043838136113,1,0,False,0,20230315,1,60
4445,446,5807.696078431372,12971.68137254902,0,0,False,0,20230315,1,60
4446,447,5807.5,13503.863636363636,1,1,False,0,20230315,1,60
4447,448,5807.780407429598,14040.130317555422,1,2,False,0,20230315,1,60
4448,449,5807.5,14579.5,1,121,False,0,20230315,1,60
4449,450,5807.5,15115.5,0,119,False,0,20230315,1,60
4450,451,5807.308383233533,15647.682035928145,1,118,False,0,20230315,1,60
4451,452,5807.219592570402,16190.869682444578,1,126,False,0,20230315,1,60
4452,453,5807.203975535168,16731.225993883792,2,113,False,0,20230315,1,60
4453,454,5808.315897136177,17266.518118059616,2,122,False,0,20230315,1,60
4454,455,5807.5,17795.5,0,1,False,0,20230315,1,60
4455,456,5807.598027495517,18335.04333532576,0,1,False,0,20230315,1,60
4456,457,5807.686915887851,18867.317757009347,0,2,False,0,20230315,1,60
4457,458,5807.399694189602,19403.59296636085,2,123,False,0,20230315,1,60
4458,459,5807.600551808707,19947.04383813612,3,1,False,0,20230315,1,60
4459,460,5807.322429906542,20482.59813084112,5,104,False,0,20230315,1,60
4460,461,5807.600551808707,21019.04383813612,2,3,False,0,20230315,1,60
4461,462,6248.491920447483,929.41671845867,0,0,True,0,20230315,1,60
4462,463,6250.684516129032,1463.5,1,1,False,0,20230315,1,60
4463,464,6250.062461538461,1999.2710769230769,0,0,False,0,20230315,1,60
4464,465,6246.90797940798,2531.5,1,107,False,0,20230315,1,60
4465,466,6251.103761755486,3067.6855799373043,0,0,False,0,20230315,1,60
4466,467,6251.402379499695,3607.4048200122015,2,92,False,0,20230315,1,60
4467,468,6251.30905752754,4135.686046511628,1,1,False,0,20230315,1,60
4468,469,6251.788685015291,4679.21865443425,1,1,False,0,20230315,1,60
4469,470,6251.882352941177,5207.5,1,110,False,0,20230315,1,60
4470,471,6251.600250626567,5747.4047619047615,0,99,False,0,20230315,1,60
4471,472,6251.600250626567,6275.595238095239,0,0,False,0,20230315,1,60
4472,473,6251.5,6815.1274509803925,0,0,False,0,20230315,1,60
4473,474,6251.5,7351.5,2,120,False,0,20230315,1,60
4474,475,6251.6027617212585,7887.404945407836,1,108,False,0,20230315,1,60
4475,476,6251.773053892216,8426.853293413174,0,0,False,0,20230315,1,60
4476,477,6251.5,8951.690231362469,0,0,False,0,20230315,1,60
4477,478,6251.5,9487.872549019608,2,111,False,0,20230315,1,60
4478,479,6251.5,10023.872549019608,0,0,False,0,20230315,1,60
4479,480,6251.69094247246,10559.686046511628,0,184,True,0,20230315,1,60
4480,481,6251.87298266587,11099.5,2,209,True,0,20230315,1,60
4481,482,6251.6027617212585,11639.404945407836,0,0,False,0,20230315,1,60
4482,483,6251.597979179424,12175.032149418248,3,2,False,0,20230315,1,60
4483,484,6251.796110414053,12707.218946047678,1,1,False,0,20230315,1,60
4484,485,6251.896238244514,13235.685579937304,2,2,False,0,20230315,1,60
4485,486,6251.600125156446,13771.595118898624,1,114,False,0,20230315,1,60
4486,487,6251.795739348371,14307.780701754386,1,85,False,0,20230315,1,60
4487,488,6251.5,14851.309643080776,2,95,True,0,20230315,1,60
4488,489,6251.600250626567,15379.40476190476,1,1,False,0,20230315,1,60
4489,490,6251.5,15919.5,2,2,False,0,20230315,1,60
4490,491,6251.5,16462.389434889436,1,3,False,0,20230315,1,60
4491,492,6251.5,16995.30964308078,2,116,False,0,20230315,1,60
4492,493,6251.605540897098,17531.405013192612,2,17,False,0,20230315,1,60
4493,494,6251.5,18066.93753923415,2,2,False,0,20230315,1,60
4494,495,6251.5,18599.5,4,88,False,0,20230315,1,60
4495,496,6251.5,19139.30964308078,3,103,False,0,20230315,1,60
4496,497,6251.5,19675.12701733413,5,89,False,0,20230315,1,60
4497,498,6251.5,20211.30964308078,8,118,False,0,20230315,1,60
4498,499,6251.399874843554,20755.40488110137,4,91,True,0,20230315,1,60
4499,500,6251.600250626567,21283.404761904763,1,60,True,0,20230315,1,60
4500,1,899.004835589942,1464.1473243068988,0,0,True,2,20230404,1,60
4501,2,898.7570725707257,2000.5971709717096,2,1,True,2,20230404,1,60
4502,3,899.2132075471698,2532.3352201257862,2,33,True,2,20230404,1,60
4503,4,899.2132075471698,3068.3352201257862,2,1,False,2,20230404,1,60
4504,5,899.4020208205757,3607.967850581752,1,0,False,2,20230404,1,60
4505,6,899.2204169221336,4136.33629675046,0,0,False,2,20230404,1,60
4506,7,899.4020208205757,4679.967850581751,0,0,False,2,20230404,1,60
4507,8,899.7795830778664,5208.33629675046,1,0,False,2,20230404,1,60
4508,9,899.6956112852664,5747.876175548589,3,1,False,2,20230404,1,60
4509,10,899.204260651629,6275.7807017543855,1,0,False,2,20230404,1,60
4510,11,899.8779141104294,6816.241104294479,2,2,False,2,20230404,1,60
4511,12,900.0686274509804,7352.053921568628,5,2,False,2,20230404,1,60
4512,13,900.3051612903225,7887.866451612903,0,0,False,2,20230404,1,60
4513,14,900.6003003003003,8428.206306306307,0,0,False,2,20230404,1,60
4514,15,900.0979381443299,8952.051546391753,2,1,False,2,20230404,1,60
4515,16,900.2429274292743,9488.59717097171,3,4,False,2,20230404,1,60
4516,17,901.4233621755252,10024.187268232386,5,3,False,2,20230404,1,60
4517,18,901.0743368291178,10560.657310302282,3,3,False,2,20230404,1,60
4518,19,900.5989802039592,11100.224655068989,1,1,False,2,20230404,1,60
4519,20,899.7005141388174,11639.690231362469,1,0,False,2,20230404,1,60
4520,21,901.428306551298,12176.889369592089,1,1,False,2,20230404,1,60
4521,22,900.3805031446541,12707.771698113207,3,3,False,2,20230404,1,60
4522,23,900.3564231738035,13236.502518891688,0,0,False,2,20230404,1,60
4523,24,899.9824120603015,13772.14824120603,4,4,False,2,20230404,1,60
4524,25,900.1607818411097,14308.690416141237,3,0,False,2,20230404,1,60
4525,26,899.896238244514,14851.685579937304,2,1,False,2,20230404,1,60
4526,27,899.9824120603015,15380.14824120603,0,0,False,2,20230404,1,60
4527,28,899.7795830778664,15920.33629675046,3,1,False,2,20230404,1,60
4528,29,899.6909424724602,16463.68604651163,2,107,False,2,20230404,1,60
4529,30,899.6956112852664,16995.87617554859,0,0,False,2,20230404,1,60
4530,31,899.6055408970976,17531.594986807388,0,0,False,2,20230404,1,60
4531,32,899.5,18067.5,0,0,False,2,20230404,1,60
4532,33,899.5,18599.690231362467,3,1,False,2,20230404,1,60
4533,34,899.6002506265664,19139.404761904763,1,1,False,2,20230404,1,60
4534,35,900.1467065868263,19675.226946107785,1,0,False,2,20230404,1,60
4535,36,900.0925925925926,20211.5,4,2,True,2,20230404,1,60
4536,37,900.1842767295598,20754.86603773585,0,0,False,2,20230404,1,60
4537,38,903.89588688946,21283.309768637533,2,0,True,2,20230404,1,60
4538,39,1342.8345888261142,1199.9695543000628,1,0,False,2,20230404,1,60
4539,40,1343.293710691824,1728.4610062893082,1,0,False,2,20230404,1,60
4540,41,1343.1967699406723,2263.78740936058,2,0,False,2,20230404,1,60
4541,42,1343.2115987460816,2799.7884012539184,1,2,False,2,20230404,1,60
4542,43,1343.211959924859,3335.788040075141,1,0,False,2,20230404,1,60
4543,44,1343.5,3871.694993412385,2,1,False,2,20230404,1,60
4544,45,1343.5,4407.6952440550685,1,0,False,2,20230404,1,60
4545,46,1343.5,4943.5,0,1,False,2,20230404,1,60
4546,47,1343.5975609756097,5479.59756097561,2,0,True,2,20230404,1,60
4547,48,1343.5951768488746,6011.788102893891,0,0,False,2,20230404,1,60
4548,49,1343.7790697674418,6544.357322438717,1,1,False,2,20230404,1,60
4549,50,1343.7002567394095,7083.5,0,0,False,2,20230404,1,60
4550,51,1344.0771643663738,7623.5,1,2,False,2,20230404,1,60
4551,52,1343.7884012539184,8151.788401253919,2,1,False,2,20230404,1,60
4552,53,1343.705533596838,8695.5,0,0,False,2,20230404,1,60
4553,54,1343.6953727506427,9219.885604113111,2,0,False,2,20230404,1,60
4554,55,1343.89588688946,9755.690231362469,3,2,False,2,20230404,1,60
4555,56,1343.399935856318,10291.597498396408,5,2,False,2,20230404,1,60
4556,57,1344.0824742268042,10828.067010309278,1,2,False,2,20230404,1,60
4557,58,1344.4319899244333,11374.568010075567,5,2,False,2,20230404,1,60
4558,59,1343.8859649122808,11903.690476190475,2,2,False,2,20230404,1,60
4559,60,1343.89588688946,12443.309768637531,0,1,False,2,20230404,1,60
4560,61,1343.89588688946,12971.690231362469,1,0,False,2,20230404,1,60
4561,62,1343.690476190476,13503.88596491228,1,1,False,2,20230404,1,60
4562,63,1343.8859649122808,14039.690476190475,0,0,False,2,20230404,1,60
4563,64,1343.4044703000611,14579.402020820577,4,1,False,2,20230404,1,60
4564,65,1343.6953727506427,15115.885604113111,1,0,False,2,20230404,1,60
4565,66,1343.690476190476,15647.88596491228,0,0,False,2,20230404,1,60
4566,67,1343.7884012539184,16191.788401253918,2,0,False,2,20230404,1,60
4567,68,1343.399935856318,16731.402501603592,1,0,False,2,20230404,1,60
4568,69,1343.6865030674846,17267.308588957054,1,0,False,2,20230404,1,60
4569,70,1343.5955296999389,17795.98009797918,2,0,False,2,20230404,1,60
4570,71,1343.5975609756097,18335.40243902439,1,2,False,2,20230404,1,60
4571,72,1343.5,18867.88235294117,0,2,False,2,20230404,1,60
4572,73,1343.5,19403.5,8,5,False,2,20230404,1,60
4573,74,1343.89588688946,19947.309768637533,6,3,False,2,20230404,1,60
4574,75,1344.0539215686274,20482.93137254902,8,116,False,2,20230404,1,60
4575,76,1344.1825499034128,21019.03122987765,2,1,False,2,20230404,1,60
4576,77,1786.8558696988323,928.6923786109404,0,0,False,2,20230404,1,60
4577,78,1786.6937984496124,1464.37338501292,1,117,False,2,20230404,1,60
4578,79,1786.9313725490197,2000.053921568628,0,0,False,2,20230404,1,60
4579,80,1787.2038895859473,2531.781053952321,1,0,False,2,20230404,1,60
4580,81,1786.442065491184,3068.3110831234258,0,0,False,2,20230404,1,60
4581,82,1787.970300061237,3608.149112063688,2,0,False,2,20230404,1,60
4582,83,1787.5979791794243,4135.967850581751,3,2,False,2,20230404,1,60
4583,84,1787.2204169221336,4679.772225628449,4,1,False,2,20230404,1,60
4584,85,1787.029699938763,5208.149112063687,0,0,False,2,20230404,1,60
4585,86,1787.882149591452,5748.053111250786,7,3,True,2,20230404,1,60
4586,87,1787.9753476611884,6276.870417193426,2,0,False,2,20230404,1,60
4587,88,1788.0700245700243,6816.055282555282,1,0,False,2,20230404,1,60
4588,89,1788.0686274509803,7352.053921568628,4,0,False,2,20230404,1,60
4589,90,1787.9066924066924,7887.685328185328,3,118,True,2,20230404,1,60
4590,91,1788.4214157168567,8427.5,2,1,False,2,20230404,1,60
4591,92,1788.8411003236247,8951.057281553398,2,0,False,2,20230404,1,60
4592,93,1788.9590264941469,9488.74460874923,0,1,False,2,20230404,1,60
4593,94,1788.5325752919484,10024.31868469576,0,0,False,2,20230404,1,60
4594,95,1789.3282890673256,10560.925571340333,2,1,False,2,20230404,1,60
4595,96,1788.2420706163973,11099.868641532015,0,0,False,2,20230404,1,60
4596,97,1788.1082474226805,11639.5,2,1,False,2,20230404,1,60
4597,98,1788.8382533825338,12175.657441574416,1,3,False,2,20230404,1,60
4598,99,1788.3636363636365,13236.671717171715,2,0,False,2,20230404,1,60
4599,100,1788.083280955374,13772.053111250783,3,0,False,2,20230404,1,60
4600,101,1788.26214511041,14308.5952681388,3,0,False,2,20230404,1,60
4601,102,1788.0925925925926,14851.5,0,0,False,2,20230404,1,60
4602,103,1787.887665198238,15380.240088105727,1,1,False,2,20230404,1,60
4603,104,1787.8779141104294,15920.24110429448,2,2,False,2,20230404,1,60
4604,105,1787.7886850152904,16463.409480122325,1,1,False,2,20230404,1,60
4605,106,1787.795739348371,16995.780701754386,4,3,False,2,20230404,1,60
4606,107,1787.9177131526767,17531.68506278916,1,0,True,2,20230404,1,60
4607,108,1787.7003757044458,18067.5,1,116,False,2,20230404,1,60
4608,109,1787.6027617212587,18599.59505459217,4,4,False,2,20230404,1,60
4609,110,1787.896238244514,19139.314420062696,2,3,False,2,20230404,1,60
4610,111,1788.4214157168567,19675.5,2,0,False,2,20230404,1,60
4611,112,1788.0925925925926,20211.5,1,2,False,2,20230404,1,60
4612,113,1788.083280955374,20754.94688874921,2,1,False,2,20230404,1,60
4613,114,1788.294468887492,21283.5,1,1,False,2,20230404,1,60
4614,115,1791.89588688946,12707.309768637531,2,2,False,2,20230404,1,60
4615,116,2231.304755944931,1199.5,0,0,False,2,20230404,1,60
4616,117,2231.6907151819323,1727.8764115432873,0,0,False,2,20230404,1,60
4617,118,2231.5,2263.5,0,0,False,2,20230404,1,60
4618,119,2231.5,2799.5,0,0,False,2,20230404,1,60
4619,120,2231.5,3335.5,1,0,False,2,20230404,1,60
4620,121,2231.5,3871.5,0,0,False,2,20230404,1,60
4621,122,2231.695244055069,4407.5,0,0,False,2,20230404,1,60
4622,123,2231.5,4943.5,2,0,False,2,20230404,1,60
4623,124,2231.5,5479.5,1,1,False,2,20230404,1,60
4624,125,2231.6000641436817,6011.402501603592,2,0,False,2,20230404,1,60
4625,126,2231.690476190476,6543.8859649122805,2,1,False,2,20230404,1,60
4626,127,2231.89588688946,7083.690231362468,2,0,False,2,20230404,1,60
4627,128,2232.077164366374,7623.5,1,1,False,2,20230404,1,60
4628,129,2231.8859649122805,8151.690476190476,0,0,False,2,20230404,1,60
4629,130,2232.1076618229854,8695.5,0,0,False,2,20230404,1,60
4630,131,2231.79543994862,9219.787732819525,0,0,False,2,20230404,1,60
4631,132,2232.182549903413,9755.968770122345,1,2,False,2,20230404,1,60
4632,133,2232.182549903413,10291.968770122345,0,0,False,2,20230404,1,60
4633,134,2232.082474226804,10828.067010309278,3,100,False,2,20230404,1,60
4634,135,2231.6902377972465,11375.304755944931,2,0,False,2,20230404,1,60
4635,136,2232.165411173886,11903.969554300063,4,0,False,2,20230404,1,60
4636,137,2231.7002567394097,12443.5,3,2,False,2,20230404,1,60
4637,138,2232.0817245817248,12972.06628056628,1,0,False,2,20230404,1,60
4638,139,2232.3332284455632,13504.529578351165,0,0,False,2,20230404,1,60
4639,140,2232.3332284455632,14040.529578351165,0,0,False,2,20230404,1,60
4640,141,2232.241104294478,14579.87791411043,5,2,False,2,20230404,1,60
4641,142,2232.0817245817248,15116.06628056628,2,68,False,2,20230404,1,60
4642,143,2231.9695543000626,15648.165411173886,0,0,False,2,20230404,1,60
4643,144,2231.8859649122805,16191.690476190475,1,1,False,2,20230404,1,60
4644,145,2231.7002567394097,16731.5,1,0,False,2,20230404,1,60
4645,146,2232.241104294478,17267.681595092025,1,0,False,2,20230404,1,60
4646,147,2232.053921568628,17796.06862745098,3,0,True,2,20230404,1,60
4647,148,2231.8859649122805,18335.69047619048,0,0,False,2,20230404,1,60
4648,149,2232.33629675046,18867.220416922133,0,0,False,2,20230404,1,60
4649,150,2231.79543994862,19403.787732819525,4,0,False,2,20230404,1,60
4650,151,2231.89588688946,19947.309768637533,2,1,False,2,20230404,1,60
4651,152,2232.33629675046,20483.220416922133,0,1,False,2,20230404,1,60
4652,153,2231.89588688946,21019.309768637533,1,0,False,2,20230404,1,60
4653,154,2674.93137254902,928.0539215686274,0,0,False,2,20230404,1,60
4654,155,2677.859493670886,1462.4012658227848,2,1,False,2,20230404,1,60
4655,156,2675.406919779547,1999.776791181874,0,0,False,2,20230404,1,60
4656,157,2674.90666247643,2531.489943431804,2,0,False,2,20230404,1,60
4657,158,2675.1173694147265,3068.04877281309,0,1,False,2,20230404,1,60
4658,159,2674.6416309012875,3607.7722256284487,2,1,False,2,20230404,1,60
4659,160,2678.221252257676,4135.150812763395,0,0,False,2,20230404,1,60
4660,161,2679.5,4679.5,2,0,False,2,20230404,1,60
4661,162,2678.2738452309536,5208.111877624475,4,105,False,2,20230404,1,60
4662,163,2679.5,5747.5,0,0,False,2,20230404,1,60
4663,164,2680.4987699877,6275.849323493235,0,0,False,2,20230404,1,60
4664,165,2679.882775119617,6815.5,2,1,False,2,20230404,1,60
4665,166,2680.2616766467067,7351.859281437126,0,0,False,2,20230404,1,60
4666,167,2680.236225087925,8427.317116060962,1,0,False,2,20230404,1,60
4667,168,2679.907035175879,8951.680904522613,1,1,False,2,20230404,1,60
4668,169,2679.211389385808,9487.774299344066,3,2,False,2,20230404,1,60
4669,170,2680.0693779904304,10024.04066985646,0,1,False,2,20230404,1,60
4670,171,2681.5253470126736,10560.709414604707,2,2,False,2,20230404,1,60
4671,172,2680.147574517826,11099.766510812393,1,0,False,2,20230404,1,60
4672,173,2680.1638705811865,12175.766027561414,3,2,False,2,20230404,1,60
4673,174,2680.093137254902,12707.5,3,2,False,2,20230404,1,60
4674,175,2680.0840490797545,13236.039877300613,4,2,False,2,20230404,1,60
4675,176,2679.796024464832,13771.774006116208,2,0,False,2,20230404,1,60
4676,177,2680.459409594096,14308.385608856088,4,2,False,2,20230404,1,60
4677,178,2679.896572827417,14851.681150550796,2,140,False,2,20230404,1,60
4678,179,2680.0840490797545,15380.039877300613,0,1,False,2,20230404,1,60
4679,180,2680.0693779904304,15920.04066985646,4,2,False,2,20230404,1,60
4680,181,2679.980573819486,16463.406754333533,1,2,False,2,20230404,1,60
4681,182,2679.896572827417,16995.681150550794,1,1,False,2,20230404,1,60
4682,183,2679.605602060528,17531.592723760463,6,3,False,2,20230404,1,60
4683,184,2679.9935543278084,18067.58348680172,5,0,False,2,20230404,1,60
4684,185,2679.80923947203,18599.42206159648,4,92,False,2,20230404,1,60
4685,186,2680.1876155268023,19139.214109673445,1,0,False,2,20230404,1,60
4686,187,2680.4227166276346,19675.5,2,1,False,2,20230404,1,60
4687,188,2679.700488997555,20211.5,1,0,False,2,20230404,1,60
4688,189,2679.7963870177587,20755.22565829761,0,0,False,2,20230404,1,60
4689,190,2680.093137254902,21283.5,2,2,True,2,20230404,1,60
4690,191,2683.602761721259,7887.595054592164,3,1,False,2,20230404,1,60
4691,192,2683.9025806451614,11639.5,2,1,False,2,20230404,1,60
4692,193,3130.359950859951,1199.5,2,0,False,2,20230404,1,60
4693,194,3125.668888888889,1728.9653968253967,0,1,False,2,20230404,1,60
4694,195,3131.397238278741,2263.5950545921646,4,1,False,2,20230404,1,60
4695,196,3127.2105097545627,2799.7794210195093,2,1,False,2,20230404,1,60
4696,197,3129.775092936803,3336.6995043370507,0,0,False,2,20230404,1,60
4697,198,3131.397238278741,3871.5950545921646,2,1,False,2,20230404,1,60
4698,199,3130.726600985221,4406.869458128079,1,0,False,2,20230404,1,60
4699,200,3130.9945196647323,4943.595422308188,3,0,False,2,20230404,1,60
4700,201,3131.402260232132,5479.404703726329,1,1,False,2,20230404,1,60
4701,202,3131.203889585948,6011.781053952322,4,190,True,2,20230404,1,60
4702,203,3131.1220858895704,6544.241104294479,5,197,True,2,20230404,1,60
4703,204,3131.6001251564458,7083.595118898624,1,0,False,2,20230404,1,60
4704,205,3131.5,7623.127450980392,0,0,False,2,20230404,1,60
4705,206,3131.5,8151.872549019607,2,0,False,2,20230404,1,60
4706,207,3131.5,8695.309768637531,1,0,False,2,20230404,1,60
4707,208,3131.6956112852663,9219.876175548588,1,0,False,2,20230404,1,60
4708,209,3131.7961104140527,9755.781053952322,4,4,False,2,20230404,1,60
4709,210,3131.7961104140527,10291.781053952322,3,3,False,2,20230404,1,60
4710,211,3131.5,10828.06246076585,0,0,False,2,20230404,1,60
4711,212,3131.779926335175,11374.854205033764,1,0,False,2,20230404,1,60
4712,213,3131.6909424724604,11903.686046511628,4,0,False,2,20230404,1,60
4713,214,3131.6002506265663,12443.40476190476,0,0,False,2,20230404,1,60
4714,215,3131.7961104140527,12971.781053952322,0,0,False,2,20230404,1,60
4715,216,3131.7795830778664,13504.33629675046,1,0,False,2,20230404,1,60
4716,217,3131.7795830778664,14040.33629675046,0,0,False,2,20230404,1,60
4717,218,3131.960431654676,14579.960431654676,2,1,False,2,20230404,1,60
4718,219,3131.6956112852663,15115.876175548588,3,1,False,2,20230404,1,60
4719,220,3131.5,15648.063035495716,3,2,False,2,20230404,1,60
4720,221,3131.8823529411766,16191.5,4,1,False,2,20230404,1,60
4721,222,3131.5,16731.30964308078,1,1,False,2,20230404,1,60
4722,223,3131.6862686567165,17267.313731343285,6,4,False,2,20230404,1,60
4723,224,3131.313953488372,17795.68604651163,2,2,False,2,20230404,1,60
4724,225,3131.6909424724604,18335.31395348837,3,2,False,2,20230404,1,60
4725,226,3131.68671454219,18867.68671454219,1,1,False,2,20230404,1,60
4726,227,3131.700375704446,19403.5,1,0,False,2,20230404,1,60
4727,228,3131.5,19947.5,3,1,False,2,20230404,1,60
4728,229,3131.782634730539,20482.661676646705,3,0,False,2,20230404,1,60
4729,230,3131.7961104140527,21019.21894604768,1,0,False,2,20230404,1,60
4730,231,3570.6416309012875,927.7722256284488,0,0,False,2,20230404,1,60
4731,232,3571.5,1463.5,1,2,False,2,20230404,1,60
4732,233,3569.9433497536947,2000.5147783251232,3,2,False,2,20230404,1,60
4733,234,3571.3043887147337,2531.1238244514107,0,0,False,2,20230404,1,60
4734,235,3571.8962382445143,3067.6855799373043,3,3,False,2,20230404,1,60
4735,236,3571.5,3607.309523809524,1,1,False,2,20230404,1,60
4736,237,3571.597620500305,4135.595179987798,0,0,False,2,20230404,1,60
4737,238,3571.5,4679.5,2,2,False,2,20230404,1,60
4738,239,3571.88630806846,5207.6858190709045,0,0,False,2,20230404,1,60
4739,240,3571.7961104140527,5747.590338770389,2,1,False,2,20230404,1,60
4740,241,3571.8962382445143,6275.314420062696,1,1,False,2,20230404,1,60
4741,242,3571.69536019536,6815.5,2,2,False,2,20230404,1,60
4742,243,3572.166258420086,7351.041947336191,0,0,False,2,20230404,1,60
4743,244,3571.7056555269924,7887.5,1,1,False,2,20230404,1,60
4744,245,3572.5167865707435,8427.404076738609,3,0,False,2,20230404,1,60
4745,246,3571.9066924066924,8951.685328185327,3,1,False,2,20230404,1,60
4746,247,3572.260736196319,9487.86809815951,1,1,False,2,20230404,1,60
4747,248,3572.260736196319,10023.86809815951,1,0,False,2,20230404,1,60
4748,249,3572.0686274509803,10560.053921568628,1,2,True,2,20230404,1,60
4749,250,3574.511180124224,11097.66645962733,0,1,False,2,20230404,1,60
4750,251,3572.00998068255,11639.404700579524,0,0,False,2,20230404,1,60
4751,252,3572.3583690987125,12175.227774371551,0,0,False,2,20230404,1,60
4752,253,3572.0925925925926,12707.5,0,0,False,2,20230404,1,60
4753,254,3572.0825486503454,13236.052416823602,1,1,False,2,20230404,1,60
4754,255,3571.8962382445143,13771.685579937304,8,130,False,2,20230404,1,60
4755,256,3572.183417085427,14307.957286432162,2,0,False,2,20230404,1,60
4756,257,3571.700375704446,14851.5,1,0,False,2,20230404,1,60
4757,258,3572.183417085427,15379.957286432162,0,0,False,2,20230404,1,60
4758,259,3572.3583690987125,15919.772225628449,2,0,False,2,20230404,1,60
4759,260,3571.88630806846,16463.314180929094,1,1,False,2,20230404,1,60
4760,261,3572.0925925925926,16995.5,1,1,False,2,20230404,1,60
4761,262,3571.6055408970974,17531.594986807388,2,1,False,2,20230404,1,60
4762,263,3571.6001251564458,18067.40488110137,2,2,False,2,20230404,1,60
4763,264,3571.602761721259,18599.59505459217,1,0,False,2,20230404,1,60
4764,265,3572.0925925925926,19139.5,1,0,False,2,20230404,1,60
4765,266,3572.5167865707435,19675.59592326139,6,2,False,2,20230404,1,60
4766,267,3572.0925925925926,20211.5,0,0,False,2,20230404,1,60
4767,268,3572.183417085427,20755.04271356784,1,0,False,2,20230404,1,60
4768,269,3572.0925925925926,21283.5,1,0,True,2,20230404,1,60
4769,270,4023.1235884567127,1199.1135508155585,0,0,False,2,20230404,1,60
4770,271,4023.4024390243903,1727.5975609756097,4,2,False,2,20230404,1,60
4771,272,4023.5,2263.5,2,0,False,2,20230404,1,60
4772,273,4023.5,2799.304755944931,0,2,False,2,20230404,1,60
4773,274,4023.22057898049,3335.7794210195093,3,121,False,2,20230404,1,60
4774,275,4023.6026991441736,3871.597432521396,1,82,False,2,20230404,1,60
4775,276,4023.6911949685536,4407.308805031446,5,162,True,2,20230404,1,60
4776,277,4023.3973008558255,4943.597432521396,1,1,True,2,20230404,1,60
4777,278,4023.690476190476,5479.11403508772,2,2,True,2,20230404,1,60
4778,279,4023.6000641436817,6011.597498396408,1,1,False,2,20230404,1,60
4779,280,4023.690476190476,6543.8859649122805,1,1,False,2,20230404,1,60
4780,281,4023.7002567394097,7083.5,2,0,False,2,20230404,1,60
4781,282,4023.7884012539184,7623.211598746081,3,2,False,2,20230404,1,60
4782,283,4023.885964912281,8151.690476190476,4,1,False,2,20230404,1,60
4783,284,4023.6026991441736,8695.402567478604,0,0,False,2,20230404,1,60
4784,285,4023.7954399486193,9219.787732819525,1,0,False,2,20230404,1,60
4785,286,4023.89588688946,9755.690231362469,1,1,True,2,20230404,1,60
4786,287,4023.89588688946,10291.690231362469,2,0,True,2,20230404,1,60
4787,288,4023.6953727506425,10827.885604113111,1,0,True,2,20230404,1,60
4788,289,4023.7884012539184,11375.211598746082,0,0,False,2,20230404,1,60
4789,290,4023.885964912281,11903.690476190475,0,0,False,2,20230404,1,60
4790,291,4023.7002567394097,12443.5,8,4,False,2,20230404,1,60
4791,292,4023.7954399486193,12971.787732819525,3,3,False,2,20230404,1,60
4792,293,4023.969554300063,13504.165411173886,0,129,False,2,20230404,1,60
4793,294,4023.885964912281,14039.690476190475,4,1,False,2,20230404,1,60
4794,295,4023.87652811736,14579.690709046456,2,111,False,2,20230404,1,60
4795,296,4023.7954399486193,15115.787732819525,0,0,False,2,20230404,1,60
4796,297,4023.5975609756097,15647.40243902439,6,1,False,2,20230404,1,60
4797,298,4023.5,16191.5,5,1,False,2,20230404,1,60
4798,299,4023.6000641436817,16731.402501603592,4,2,False,2,20230404,1,60
4799,300,4023.4048200122015,17267.402379499694,0,0,False,2,20230404,1,60
4800,301,4024.053921568628,17796.06862745098,0,0,False,2,20230404,1,60
4801,302,4023.695244055069,18335.5,1,2,False,2,20230404,1,60
4802,303,4023.5,18867.5,0,0,False,2,20230404,1,60
4803,304,4023.6000641436817,19403.597498396408,1,0,False,2,20230404,1,60
4804,305,4023.89588688946,19947.309768637533,8,5,False,2,20230404,1,60
4805,306,4023.314180929096,20483.11369193154,3,1,False,2,20230404,1,60
4806,307,4023.6000641436817,21019.402501603592,4,1,False,2,20230404,1,60
4807,308,4467.308588957055,927.6865030674846,0,0,False,2,20230404,1,60
4808,309,4467.6027617212585,1463.5950545921644,2,0,False,2,20230404,1,60
4809,310,4467.69094247246,1999.686046511628,1,1,False,2,20230404,1,60
4810,311,4467.5,2531.5,0,0,False,2,20230404,1,60
4811,312,4467.103264281231,3067.133396107972,0,0,False,2,20230404,1,60
4812,313,4467.597620500305,3607.5951799877976,3,1,False,2,20230404,1,60
4813,314,4468.0700245700245,4135.490171990172,1,2,False,2,20230404,1,60
4814,315,4467.790461538461,4678.6704615384615,1,1,False,2,20230404,1,60
4815,316,4467.220416922134,5207.772225628449,2,1,False,2,20230404,1,60
4816,317,4467.600250626567,5747.4047619047615,2,2,False,2,20230404,1,60
4817,318,4467.695611285267,6275.876175548589,2,0,False,2,20230404,1,60
4818,319,4468.067931456549,6814.9467564259485,3,2,False,2,20230404,1,60
4819,320,4467.69094247246,7351.686046511628,0,0,False,2,20230404,1,60
4820,321,4467.705655526992,7887.5,1,2,False,2,20230404,1,60
4821,322,4467.9604316546765,8427.039568345324,1,3,True,2,20230404,1,60
4822,323,4467.803536977492,8951.78038585209,2,0,True,2,20230404,1,60
4823,324,4467.779926335175,9488.145794966236,1,2,False,2,20230404,1,60
4824,325,4467.970876762723,10023.958614347026,2,1,False,2,20230404,1,60
4825,326,4467.779926335175,10560.145794966236,2,0,False,2,20230404,1,60
4826,327,4467.773709483794,11099.773709483794,0,0,False,2,20230404,1,60
4827,328,4467.705655526992,11639.5,2,2,False,2,20230404,1,60
4828,329,4467.691411042945,12175.313496932517,5,3,False,2,20230404,1,60
4829,330,4467.992462311558,12707.404522613066,1,0,False,2,20230404,1,60
4830,331,4467.982412060302,13236.14824120603,1,0,False,2,20230404,1,60
4831,332,4467.695611285267,13771.876175548588,1,2,False,2,20230404,1,60
4832,333,4467.78679245283,14308.335220125786,3,2,False,2,20230404,1,60
4833,334,4467.700375704446,14851.5,1,2,False,2,20230404,1,60
4834,335,4467.695611285267,15379.876175548588,3,2,False,2,20230404,1,60
4835,336,4467.69094247246,15919.686046511628,0,0,False,2,20230404,1,60
4836,337,4467.597979179424,16463.03214941825,1,117,False,2,20230404,1,60
4837,338,4467.796110414053,16995.590338770387,1,1,False,2,20230404,1,60
4838,339,4467.812169312169,17531.589947089946,2,2,False,2,20230404,1,60
4839,340,4467.304143126177,18067.314187068423,1,0,False,2,20230404,1,60
4840,341,4467.6027617212585,18599.59505459217,1,1,False,2,20230404,1,60
4841,342,4467.992462311558,19139.59547738693,2,2,False,2,20230404,1,60
4842,343,4467.9604316546765,19675.586330935253,0,1,False,2,20230404,1,60
4843,344,4467.992462311558,20211.404522613066,0,0,False,2,20230404,1,60
4844,345,4467.695611285267,20755.87617554859,0,0,False,2,20230404,1,60
4845,346,4467.600250626567,21283.404761904763,2,2,True,2,20230404,1,60
4846,347,4910.279048765804,1198.8762793497892,2,3,False,2,20230404,1,60
4847,348,4909.975961538462,1726.3557692307693,1,0,False,2,20230404,1,60
4848,349,4911.294228356336,2263.5,0,0,False,2,20230404,1,60
4849,350,4910.738323353294,2799.859281437126,2,0,False,2,20230404,1,60
4850,351,4910.551497005988,3335.32754491018,0,0,False,2,20230404,1,60
4851,352,4911.092964824121,3871.680904522613,0,0,False,2,20230404,1,60
4852,353,4911.308383233533,4407.317964071856,0,0,False,2,20230404,1,60
4853,354,4911.298994974874,4943.133165829146,1,0,False,2,20230404,1,60
4854,355,4911.308841099164,5479.318399044206,6,3,False,2,20230404,1,60
4855,356,4911.696078431372,6011.318627450981,0,0,False,2,20230404,1,60
4856,357,4911.308383233533,6543.682035928144,0,0,False,2,20230404,1,60
4857,358,4911.796387017759,7083.225658297612,0,0,False,2,20230404,1,60
4858,359,4912.070743405276,7622.958033573142,0,0,False,2,20230404,1,60
4859,360,4911.5,8151.5,3,2,False,2,20230404,1,60
4860,361,4911.5,8694.951572327043,0,0,False,2,20230404,1,60
4861,362,4911.696078431372,9219.68137254902,3,110,False,2,20230404,1,60
4862,363,4911.69656019656,9755.681818181818,1,104,False,2,20230404,1,60
4863,364,4911.5,10291.863190184047,1,1,False,2,20230404,1,60
4864,365,4911.5,10827.863190184047,0,0,False,2,20230404,1,60
4865,366,4911.5,11374.602040816326,1,0,False,2,20230404,1,60
4866,367,4911.780407429598,11902.869682444578,1,0,False,2,20230404,1,60
4867,368,4911.600551808707,12443.043838136113,1,0,False,2,20230404,1,60
4868,369,4911.696078431372,12971.68137254902,0,0,False,2,20230404,1,60
4869,370,4911.780407429598,13504.130317555422,2,0,False,2,20230404,1,60
4870,371,4911.780407429598,14040.130317555422,2,2,False,2,20230404,1,60
4871,372,4911.774165202109,14579.232864674868,4,1,False,2,20230404,1,60
4872,373,4911.696078431372,15115.68137254902,1,1,False,2,20230404,1,60
4873,374,4911.780407429598,15648.130317555422,2,0,False,2,20230404,1,60
4874,375,4911.5,16191.136363636364,1,0,False,2,20230404,1,60
4875,376,4911.5,16731.5,0,0,False,2,20230404,1,60
4876,377,4911.869158878505,17266.77570093458,1,0,False,2,20230404,1,60
4877,378,4911.877182770663,17795.681606519207,0,2,False,2,20230404,1,60
4878,379,4912.261676646706,18335.32754491018,1,0,False,2,20230404,1,60
4879,380,4912.056725146199,18867.49064327485,0,0,False,2,20230404,1,60
4880,381,4911.696078431372,19403.68137254902,2,1,False,2,20230404,1,60
4881,382,4911.796387017759,19947.22565829761,3,4,False,2,20230404,1,60
4882,383,4911.961088355763,20483.050614394386,0,0,False,2,20230404,1,60
4883,384,4911.888206388207,21018.77764127764,1,1,False,2,20230404,1,60
4884,385,5354.359950859951,927.5,2,0,False,2,20230404,1,60
4885,386,5355.3972382787415,1463.4049454078356,0,0,False,2,20230404,1,60
4886,387,5354.355036855037,1999.8341523341523,1,0,False,2,20230404,1,60
4887,388,5355.103761755486,2531.314420062696,0,0,False,2,20230404,1,60
4888,389,5355.299624295554,3067.5,3,104,False,2,20230404,1,60
4889,390,5355.5,3607.309523809524,0,0,False,2,20230404,1,60
4890,391,5355.5,4135.5,4,2,False,2,20230404,1,60
4891,392,5355.87791411043,4678.758895705521,1,1,False,2,20230404,1,60
4892,393,5355.69094247246,5207.313953488372,1,0,False,2,20230404,1,60
4893,394,5355.695611285267,5747.123824451411,1,0,False,2,20230404,1,60
4894,395,5355.600250626567,6275.4047619047615,2,1,False,2,20230404,1,60
4895,396,5355.5,6815.1274509803925,0,0,False,2,20230404,1,60
4896,397,5355.597739767868,7351.404703726329,1,0,False,2,20230404,1,60
4897,398,5355.6027617212585,7887.404945407836,2,1,False,2,20230404,1,60
4898,399,5355.868641532017,8426.757929383602,0,0,False,2,20230404,1,60
4899,400,5355.6027617212585,8951.595054592164,3,0,False,2,20230404,1,60
4900,401,5355.69094247246,9487.686046511628,2,0,False,2,20230404,1,60
4901,402,5355.882352941177,10023.5,0,1,False,2,20230404,1,60
4902,403,5355.788685015291,10559.781345565749,2,0,False,2,20230404,1,60
4903,404,5355.87298266587,11099.5,1,2,False,2,20230404,1,60
4904,405,5355.803536977492,11639.21961414791,1,1,False,2,20230404,1,60
4905,406,5355.788685015291,12175.218654434251,1,2,False,2,20230404,1,60
4906,407,5355.796110414053,12707.218946047678,2,1,False,2,20230404,1,60
4907,408,5355.896238244514,13235.685579937304,1,0,False,2,20230404,1,60
4908,409,5355.700375704446,13771.5,2,0,False,2,20230404,1,60
4909,410,5355.796110414053,14307.781053952322,0,0,False,2,20230404,1,60
4910,411,5355.600125156446,14851.404881101376,0,0,False,2,20230404,1,60
4911,412,5355.700375704446,15379.5,0,0,False,2,20230404,1,60
4912,413,5355.88630806846,15919.685819070904,0,0,False,2,20230404,1,60
4913,414,5355.5,16462.936964504283,1,1,False,2,20230404,1,60
4914,415,5355.896238244514,16995.314420062696,1,0,False,2,20230404,1,60
4915,416,5355.917713152677,17531.31493721084,1,1,False,2,20230404,1,60
4916,417,5355.795739348371,18067.21929824561,1,1,False,2,20230404,1,60
4917,418,5355.6027617212585,18599.59505459217,4,2,False,2,20230404,1,60
4918,419,5355.700375704446,19139.5,1,0,False,2,20230404,1,60
4919,420,5355.968339307049,19675.40442054958,0,1,False,2,20230404,1,60
4920,421,5355.600125156446,20211.40488110137,3,1,False,2,20230404,1,60
4921,422,5355.795739348371,20755.21929824561,0,0,False,2,20230404,1,60
4922,423,5355.700375704446,21283.5,0,0,True,2,20230404,1,60
4923,424,5806.541916167665,1199.3179640718563,0,0,False,2,20230404,1,60
4924,425,5806.328331332533,1727.2454981992796,2,92,False,2,20230404,1,60
4925,426,5806.901257861635,2262.9616352201256,1,0,False,2,20230404,1,60
4926,427,5807.019426180514,2799.4067543335327,0,0,False,2,20230404,1,60
4927,428,5807.204504504504,3335.262162162162,4,4,False,2,20230404,1,60
4928,429,5807.705771643664,3871.5,1,1,False,2,20230404,1,60
4929,430,5807.308383233533,4407.317964071856,1,1,False,2,20230404,1,60
4930,431,5807.397049591965,4943.407093534212,1,0,False,2,20230404,1,60
4931,432,5807.5,5479.136363636364,1,1,False,2,20230404,1,60
4932,433,5807.5,6011.5,0,0,False,2,20230404,1,60
4933,434,5807.317964071856,6544.223353293413,1,1,False,2,20230404,1,60
4934,435,5807.303921568628,7083.318627450981,0,0,False,2,20230404,1,60
4935,436,5807.5,7623.136363636364,0,0,False,2,20230404,1,60
4936,437,5807.5,8151.5,2,109,False,2,20230404,1,60
4937,438,5807.5,8694.951572327043,0,0,False,2,20230404,1,60
4938,439,5807.399448191293,9219.956161863887,1,0,False,2,20230404,1,60
4939,440,5807.303921568628,9755.68137254902,3,0,False,2,20230404,1,60
4940,441,5807.5,10291.863190184047,1,1,False,2,20230404,1,60
4941,442,5807.5,10827.863190184047,0,0,False,2,20230404,1,60
4942,443,5807.5,11374.602040816326,0,0,False,2,20230404,1,60
4943,444,5807.691616766467,11903.317964071855,3,0,False,2,20230404,1,60
4944,445,5807.600551808707,12443.043838136113,1,0,False,2,20230404,1,60
4945,446,5807.696078431372,12971.68137254902,3,7,False,2,20230404,1,60
4946,447,5807.5,13503.863636363636,2,1,False,2,20230404,1,60
4947,448,5807.780407429598,14040.130317555422,2,2,False,2,20230404,1,60
4948,449,5807.5,14579.5,4,1,False,2,20230404,1,60
4949,450,5807.5,15115.5,1,1,False,2,20230404,1,60
4950,451,5807.308383233533,15647.682035928145,2,0,False,2,20230404,1,60
4951,452,5807.219592570402,16190.869682444578,1,0,False,2,20230404,1,60
4952,453,5807.203975535168,16731.225993883792,0,0,False,2,20230404,1,60
4953,454,5808.315897136177,17266.518118059616,2,1,False,2,20230404,1,60
4954,455,5807.5,17795.5,0,0,False,2,20230404,1,60
4955,456,5807.598027495517,18335.04333532576,2,1,False,2,20230404,1,60
4956,457,5807.686915887851,18867.317757009347,4,1,False,2,20230404,1,60
4957,458,5807.399694189602,19403.59296636085,1,71,False,2,20230404,1,60
4958,459,5807.600551808707,19947.04383813612,0,0,False,2,20230404,1,60
4959,460,5807.322429906542,20482.59813084112,1,1,True,2,20230404,1,60
4960,461,5807.600551808707,21019.04383813612,2,3,True,2,20230404,1,60
4961,462,6248.491920447483,929.41671845867,5,4,True,2,20230404,1,60
4962,463,6250.684516129032,1463.5,0,0,True,2,20230404,1,60
4963,464,6250.062461538461,1999.2710769230769,1,0,False,2,20230404,1,60
4964,465,6246.90797940798,2531.5,0,0,False,2,20230404,1,60
4965,466,6251.103761755486,3067.6855799373043,0,0,False,2,20230404,1,60
4966,467,6251.402379499695,3607.4048200122015,2,1,False,2,20230404,1,60
4967,468,6251.30905752754,4135.686046511628,1,1,False,2,20230404,1,60
4968,469,6251.788685015291,4679.21865443425,1,0,False,2,20230404,1,60
4969,470,6251.882352941177,5207.5,1,0,False,2,20230404,1,60
4970,471,6251.600250626567,5747.4047619047615,0,0,False,2,20230404,1,60
4971,472,6251.600250626567,6275.595238095239,1,0,False,2,20230404,1,60
4972,473,6251.5,6815.1274509803925,2,2,False,2,20230404,1,60
4973,474,6251.5,7351.5,1,0,False,2,20230404,1,60
4974,475,6251.6027617212585,7887.404945407836,0,0,False,2,20230404,1,60
4975,476,6251.773053892216,8426.853293413174,0,0,False,2,20230404,1,60
4976,477,6251.5,8951.690231362469,3,3,False,2,20230404,1,60
4977,478,6251.5,9487.872549019608,1,1,False,2,20230404,1,60
4978,479,6251.5,10023.872549019608,3,3,False,2,20230404,1,60
4979,480,6251.69094247246,10559.686046511628,0,0,False,2,20230404,1,60
4980,481,6251.87298266587,11099.5,0,0,False,2,20230404,1,60
4981,482,6251.6027617212585,11639.404945407836,1,1,False,2,20230404,1,60
4982,483,6251.597979179424,12175.032149418248,2,0,False,2,20230404,1,60
4983,484,6251.796110414053,12707.218946047678,0,0,False,2,20230404,1,60
4984,485,6251.896238244514,13235.685579937304,3,2,False,2,20230404,1,60
4985,486,6251.600125156446,13771.595118898624,3,1,False,2,20230404,1,60
4986,487,6251.795739348371,14307.780701754386,0,1,False,2,20230404,1,60
4987,488,6251.5,14851.309643080776,0,0,False,2,20230404,1,60
4988,489,6251.600250626567,15379.40476190476,0,0,False,2,20230404,1,60
4989,490,6251.5,15919.5,3,1,False,2,20230404,1,60
4990,491,6251.5,16462.389434889436,0,0,False,2,20230404,1,60
4991,492,6251.5,16995.30964308078,1,0,False,2,20230404,1,60
4992,493,6251.605540897098,17531.405013192612,0,1,False,2,20230404,1,60
4993,494,6251.5,18066.93753923415,1,1,False,2,20230404,1,60
4994,495,6251.5,18599.5,2,1,False,2,20230404,1,60
4995,496,6251.5,19139.30964308078,3,2,False,2,20230404,1,60
4996,497,6251.5,19675.12701733413,2,2,False,2,20230404,1,60
4997,498,6251.5,20211.30964308078,2,1,True,2,20230404,1,60
4998,499,6251.399874843554,20755.40488110137,1,0,False,2,20230404,1,60
4999,500,6251.600250626567,21283.404761904763,3,1,True,2,20230404,1,60
5000,1,899.004835589942,1464.1473243068988,2,2,True,3,20230404,2,65
5001,2,898.7570725707257,2000.5971709717096,1,0,True,3,20230404,2,65
5002,3,899.2132075471698,2532.3352201257862,4,3,True,3,20230404,2,65
5003,4,899.2132075471698,3068.3352201257862,1,1,False,3,20230404,2,65
5004,5,899.4020208205757,3607.967850581752,0,0,True,3,20230404,2,65
5005,6,899.2204169221336,4136.33629675046,0,0,False,3,20230404,2,65
5006,7,899.4020208205757,4679.967850581751,0,0,False,3,20230404,2,65
5007,8,899.7795830778664,5208.33629675046,1,0,False,3,20230404,2,65
5008,9,899.6956112852664,5747.876175548589,2,2,False,3,20230404,2,65
5009,10,899.204260651629,6275.7807017543855,1,1,True,3,20230404,2,65
5010,11,899.8779141104294,6816.241104294479,0,1,False,3,20230404,2,65
5011,12,900.0686274509804,7352.053921568628,2,0,False,3,20230404,2,65
5012,13,900.3051612903225,7887.866451612903,3,0,False,3,20230404,2,65
5013,14,900.6003003003003,8428.206306306307,1,0,False,3,20230404,2,65
5014,15,900.0979381443299,8952.051546391753,2,1,False,3,20230404,2,65
5015,16,900.2429274292743,9488.59717097171,3,1,False,3,20230404,2,65
5016,17,901.4233621755252,10024.187268232386,0,1,False,3,20230404,2,65
5017,18,901.0743368291178,10560.657310302282,0,0,False,3,20230404,2,65
5018,19,900.5989802039592,11100.224655068989,2,0,False,3,20230404,2,65
5019,20,899.7005141388174,11639.690231362469,1,0,False,3,20230404,2,65
5020,21,901.428306551298,12176.889369592089,0,2,True,3,20230404,2,65
5021,22,900.3805031446541,12707.771698113207,3,2,False,3,20230404,2,65
5022,23,900.3564231738035,13236.502518891688,1,0,False,3,20230404,2,65
5023,24,899.9824120603015,13772.14824120603,1,0,False,3,20230404,2,65
5024,25,900.1607818411097,14308.690416141237,0,0,False,3,20230404,2,65
5025,26,899.896238244514,14851.685579937304,2,2,False,3,20230404,2,65
5026,27,899.9824120603015,15380.14824120603,3,1,False,3,20230404,2,65
5027,28,899.7795830778664,15920.33629675046,1,45,False,3,20230404,2,65
5028,29,899.6909424724602,16463.68604651163,1,1,False,3,20230404,2,65
5029,30,899.6956112852664,16995.87617554859,0,2,False,3,20230404,2,65
5030,31,899.6055408970976,17531.594986807388,1,1,False,3,20230404,2,65
5031,32,899.5,18067.5,0,0,False,3,20230404,2,65
5032,33,899.5,18599.690231362467,0,0,False,3,20230404,2,65
5033,34,899.6002506265664,19139.404761904763,0,0,False,3,20230404,2,65
5034,35,900.1467065868263,19675.226946107785,0,0,False,3,20230404,2,65
5035,36,900.0925925925926,20211.5,0,0,False,3,20230404,2,65
5036,37,900.1842767295598,20754.86603773585,2,2,False,3,20230404,2,65
5037,38,903.89588688946,21283.309768637533,0,0,True,3,20230404,2,65
5038,39,1342.8345888261142,1199.9695543000628,0,2,True,3,20230404,2,65
5039,40,1343.293710691824,1728.4610062893082,1,0,True,3,20230404,2,65
5040,41,1343.1967699406723,2263.78740936058,1,0,True,3,20230404,2,65
5041,42,1343.2115987460816,2799.7884012539184,0,0,False,3,20230404,2,65
5042,43,1343.211959924859,3335.788040075141,0,0,False,3,20230404,2,65
5043,44,1343.5,3871.694993412385,1,1,False,3,20230404,2,65
5044,45,1343.5,4407.6952440550685,2,2,False,3,20230404,2,65
5045,46,1343.5,4943.5,0,0,False,3,20230404,2,65
5046,47,1343.5975609756097,5479.59756097561,2,1,False,3,20230404,2,65
5047,48,1343.5951768488746,6011.788102893891,3,1,False,3,20230404,2,65
5048,49,1343.7790697674418,6544.357322438717,1,0,False,3,20230404,2,65
5049,50,1343.7002567394095,7083.5,0,0,False,3,20230404,2,65
5050,51,1344.0771643663738,7623.5,0,0,False,3,20230404,2,65
5051,52,1343.7884012539184,8151.788401253919,2,0,False,3,20230404,2,65
5052,53,1343.705533596838,8695.5,1,1,False,3,20230404,2,65
5053,54,1343.6953727506427,9219.885604113111,2,0,False,3,20230404,2,65
5054,55,1343.89588688946,9755.690231362469,2,1,False,3,20230404,2,65
5055,56,1343.399935856318,10291.597498396408,0,1,False,3,20230404,2,65
5056,57,1344.0824742268042,10828.067010309278,4,2,False,3,20230404,2,65
5057,58,1344.4319899244333,11374.568010075567,0,0,False,3,20230404,2,65
5058,59,1343.8859649122808,11903.690476190475,1,0,False,3,20230404,2,65
5059,60,1343.89588688946,12443.309768637531,1,2,False,3,20230404,2,65
5060,61,1343.89588688946,12971.690231362469,0,0,False,3,20230404,2,65
5061,62,1343.690476190476,13503.88596491228,2,1,False,3,20230404,2,65
5062,63,1343.8859649122808,14039.690476190475,1,0,False,3,20230404,2,65
5063,64,1343.4044703000611,14579.402020820577,0,0,False,3,20230404,2,65
5064,65,1343.6953727506427,15115.885604113111,3,4,False,3,20230404,2,65
5065,66,1343.690476190476,15647.88596491228,0,0,False,3,20230404,2,65
5066,67,1343.7884012539184,16191.788401253918,0,0,False,3,20230404,2,65
5067,68,1343.399935856318,16731.402501603592,1,1,False,3,20230404,2,65
5068,69,1343.6865030674846,17267.308588957054,0,1,False,3,20230404,2,65
5069,70,1343.5955296999389,17795.98009797918,0,0,False,3,20230404,2,65
5070,71,1343.5975609756097,18335.40243902439,1,0,False,3,20230404,2,65
5071,72,1343.5,18867.88235294117,3,0,False,3,20230404,2,65
5072,73,1343.5,19403.5,1,1,False,3,20230404,2,65
5073,74,1343.89588688946,19947.309768637533,0,0,False,3,20230404,2,65
5074,75,1344.0539215686274,20482.93137254902,1,0,False,3,20230404,2,65
5075,76,1344.1825499034128,21019.03122987765,1,1,False,3,20230404,2,65
5076,77,1786.8558696988323,928.6923786109404,2,1,True,3,20230404,2,65
5077,78,1786.6937984496124,1464.37338501292,0,1,True,3,20230404,2,65
5078,79,1786.9313725490197,2000.053921568628,1,0,False,3,20230404,2,65
5079,80,1787.2038895859473,2531.781053952321,0,0,True,3,20230404,2,65
5080,81,1786.442065491184,3068.3110831234258,1,1,True,3,20230404,2,65
5081,82,1787.970300061237,3608.149112063688,1,1,True,3,20230404,2,65
5082,83,1787.5979791794243,4135.967850581751,5,2,False,3,20230404,2,65
5083,84,1787.2204169221336,4679.772225628449,2,2,False,3,20230404,2,65
5084,85,1787.029699938763,5208.149112063687,0,0,False,3,20230404,2,65
5085,86,1787.882149591452,5748.053111250786,1,1,False,3,20230404,2,65
5086,87,1787.9753476611884,6276.870417193426,0,0,False,3,20230404,2,65
5087,88,1788.0700245700243,6816.055282555282,1,0,False,3,20230404,2,65
5088,89,1788.0686274509803,7352.053921568628,0,0,False,3,20230404,2,65
5089,90,1787.9066924066924,7887.685328185328,2,1,False,3,20230404,2,65
5090,91,1788.4214157168567,8427.5,0,0,False,3,20230404,2,65
5091,92,1788.8411003236247,8951.057281553398,2,1,False,3,20230404,2,65
5092,93,1788.9590264941469,9488.74460874923,2,0,False,3,20230404,2,65
5093,94,1788.5325752919484,10024.31868469576,1,0,False,3,20230404,2,65
5094,95,1789.3282890673256,10560.925571340333,0,0,False,3,20230404,2,65
5095,96,1788.2420706163973,11099.868641532015,0,0,False,3,20230404,2,65
5096,97,1788.1082474226805,11639.5,0,0,False,3,20230404,2,65
5097,98,1788.8382533825338,12175.657441574416,1,0,False,3,20230404,2,65
5098,99,1788.3636363636365,13236.671717171715,3,2,False,3,20230404,2,65
5099,100,1788.083280955374,13772.053111250783,0,0,False,3,20230404,2,65
5100,101,1788.26214511041,14308.5952681388,0,0,True,3,20230404,2,65
5101,102,1788.0925925925926,14851.5,1,0,False,3,20230404,2,65
5102,103,1787.887665198238,15380.240088105727,1,2,False,3,20230404,2,65
5103,104,1787.8779141104294,15920.24110429448,0,0,False,3,20230404,2,65
5104,105,1787.7886850152904,16463.409480122325,3,1,False,3,20230404,2,65
5105,106,1787.795739348371,16995.780701754386,1,105,False,3,20230404,2,65
5106,107,1787.9177131526767,17531.68506278916,2,2,False,3,20230404,2,65
5107,108,1787.7003757044458,18067.5,1,1,False,3,20230404,2,65
5108,109,1787.6027617212587,18599.59505459217,0,0,False,3,20230404,2,65
5109,110,1787.896238244514,19139.314420062696,0,0,False,3,20230404,2,65
5110,111,1788.4214157168567,19675.5,0,1,False,3,20230404,2,65
5111,112,1788.0925925925926,20211.5,1,0,False,3,20230404,2,65
5112,113,1788.083280955374,20754.94688874921,0,0,False,3,20230404,2,65
5113,114,1788.294468887492,21283.5,0,0,False,3,20230404,2,65
5114,115,1791.89588688946,12707.309768637531,0,2,False,3,20230404,2,65
5115,116,2231.304755944931,1199.5,1,1,False,3,20230404,2,65
5116,117,2231.6907151819323,1727.8764115432873,3,2,False,3,20230404,2,65
5117,118,2231.5,2263.5,0,0,False,3,20230404,2,65
5118,119,2231.5,2799.5,0,0,False,3,20230404,2,65
5119,120,2231.5,3335.5,1,0,True,3,20230404,2,65
5120,121,2231.5,3871.5,1,0,False,3,20230404,2,65
5121,122,2231.695244055069,4407.5,1,0,False,3,20230404,2,65
5122,123,2231.5,4943.5,1,0,False,3,20230404,2,65
5123,124,2231.5,5479.5,1,2,False,3,20230404,2,65
5124,125,2231.6000641436817,6011.402501603592,1,1,False,3,20230404,2,65
5125,126,2231.690476190476,6543.8859649122805,1,0,False,3,20230404,2,65
5126,127,2231.89588688946,7083.690231362468,1,0,False,3,20230404,2,65
5127,128,2232.077164366374,7623.5,1,0,False,3,20230404,2,65
5128,129,2231.8859649122805,8151.690476190476,2,2,False,3,20230404,2,65
5129,130,2232.1076618229854,8695.5,5,2,True,3,20230404,2,65
5130,131,2231.79543994862,9219.787732819525,9,8,True,3,20230404,2,65
5131,132,2232.182549903413,9755.968770122345,2,2,False,3,20230404,2,65
5132,133,2232.182549903413,10291.968770122345,0,0,False,3,20230404,2,65
5133,134,2232.082474226804,10828.067010309278,4,2,False,3,20230404,2,65
5134,135,2231.6902377972465,11375.304755944931,2,1,False,3,20230404,2,65
5135,136,2232.165411173886,11903.969554300063,0,0,False,3,20230404,2,65
5136,137,2231.7002567394097,12443.5,0,0,False,3,20230404,2,65
5137,138,2232.0817245817248,12972.06628056628,0,0,False,3,20230404,2,65
5138,139,2232.3332284455632,13504.529578351165,2,1,False,3,20230404,2,65
5139,140,2232.3332284455632,14040.529578351165,1,0,False,3,20230404,2,65
5140,141,2232.241104294478,14579.87791411043,1,0,True,3,20230404,2,65
5141,142,2232.0817245817248,15116.06628056628,0,1,True,3,20230404,2,65
5142,143,2231.9695543000626,15648.165411173886,1,0,True,3,20230404,2,65
5143,144,2231.8859649122805,16191.690476190475,0,0,False,3,20230404,2,65
5144,145,2231.7002567394097,16731.5,1,1,False,3,20230404,2,65
5145,146,2232.241104294478,17267.681595092025,1,1,False,3,20230404,2,65
5146,147,2232.053921568628,17796.06862745098,2,0,False,3,20230404,2,65
5147,148,2231.8859649122805,18335.69047619048,1,0,False,3,20230404,2,65
5148,149,2232.33629675046,18867.220416922133,3,0,False,3,20230404,2,65
5149,150,2231.79543994862,19403.787732819525,2,0,False,3,20230404,2,65
5150,151,2231.89588688946,19947.309768637533,0,0,False,3,20230404,2,65
5151,152,2232.33629675046,20483.220416922133,2,2,False,3,20230404,2,65
5152,153,2231.89588688946,21019.309768637533,0,0,False,3,20230404,2,65
5153,154,2674.93137254902,928.0539215686274,2,2,True,3,20230404,2,65
5154,155,2677.859493670886,1462.4012658227848,1,2,True,3,20230404,2,65
5155,156,2675.406919779547,1999.776791181874,4,2,True,3,20230404,2,65
5156,157,2674.90666247643,2531.489943431804,0,0,False,3,20230404,2,65
5157,158,2675.1173694147265,3068.04877281309,0,0,False,3,20230404,2,65
5158,159,2674.6416309012875,3607.7722256284487,1,2,False,3,20230404,2,65
5159,160,2678.221252257676,4135.150812763395,1,123,False,3,20230404,2,65
5160,161,2679.5,4679.5,1,0,False,3,20230404,2,65
5161,162,2678.2738452309536,5208.111877624475,1,0,False,3,20230404,2,65
5162,163,2679.5,5747.5,1,0,False,3,20230404,2,65
5163,164,2680.4987699877,6275.849323493235,0,0,False,3,20230404,2,65
5164,165,2679.882775119617,6815.5,0,0,False,3,20230404,2,65
5165,166,2680.2616766467067,7351.859281437126,2,0,True,3,20230404,2,65
5166,167,2680.236225087925,8427.317116060962,9,5,False,3,20230404,2,65
5167,168,2679.907035175879,8951.680904522613,0,0,False,3,20230404,2,65
5168,169,2679.211389385808,9487.774299344066,0,0,False,3,20230404,2,65
5169,170,2680.0693779904304,10024.04066985646,0,0,False,3,20230404,2,65
5170,171,2681.5253470126736,10560.709414604707,2,0,False,3,20230404,2,65
5171,172,2680.147574517826,11099.766510812393,0,0,False,3,20230404,2,65
5172,173,2680.1638705811865,12175.766027561414,0,0,False,3,20230404,2,65
5173,174,2680.093137254902,12707.5,0,0,False,3,20230404,2,65
5174,175,2680.0840490797545,13236.039877300613,1,122,False,3,20230404,2,65
5175,176,2679.796024464832,13771.774006116208,3,0,False,3,20230404,2,65
5176,177,2680.459409594096,14308.385608856088,0,0,False,3,20230404,2,65
5177,178,2679.896572827417,14851.681150550796,2,1,False,3,20230404,2,65
5178,179,2680.0840490797545,15380.039877300613,1,0,True,3,20230404,2,65
5179,180,2680.0693779904304,15920.04066985646,0,1,True,3,20230404,2,65
5180,181,2679.980573819486,16463.406754333533,1,0,False,3,20230404,2,65
5181,182,2679.896572827417,16995.681150550794,0,0,False,3,20230404,2,65
5182,183,2679.605602060528,17531.592723760463,2,2,False,3,20230404,2,65
5183,184,2679.9935543278084,18067.58348680172,0,0,False,3,20230404,2,65
5184,185,2679.80923947203,18599.42206159648,3,1,True,3,20230404,2,65
5185,186,2680.1876155268023,19139.214109673445,1,2,False,3,20230404,2,65
5186,187,2680.4227166276346,19675.5,1,2,False,3,20230404,2,65
5187,188,2679.700488997555,20211.5,1,1,False,3,20230404,2,65
5188,189,2679.7963870177587,20755.22565829761,0,0,False,3,20230404,2,65
5189,190,2680.093137254902,21283.5,1,1,False,3,20230404,2,65
5190,191,2683.602761721259,7887.595054592164,1,0,False,3,20230404,2,65
5191,192,2683.9025806451614,11639.5,0,0,False,3,20230404,2,65
5192,193,3130.359950859951,1199.5,1,1,False,3,20230404,2,65
5193,194,3125.668888888889,1728.9653968253967,3,1,False,3,20230404,2,65
5194,195,3131.397238278741,2263.5950545921646,1,0,False,3,20230404,2,65
5195,196,3127.2105097545627,2799.7794210195093,0,0,False,3,20230404,2,65
5196,197,3129.775092936803,3336.6995043370507,0,0,False,3,20230404,2,65
5197,198,3131.397238278741,3871.5950545921646,0,0,False,3,20230404,2,65
5198,199,3130.726600985221,4406.869458128079,1,1,False,3,20230404,2,65
5199,200,3130.9945196647323,4943.595422308188,0,0,False,3,20230404,2,65
5200,201,3131.402260232132,5479.404703726329,0,0,False,3,20230404,2,65
5201,202,3131.203889585948,6011.781053952322,0,0,False,3,20230404,2,65
5202,203,3131.1220858895704,6544.241104294479,1,1,False,3,20230404,2,65
5203,204,3131.6001251564458,7083.595118898624,0,0,True,3,20230404,2,65
5204,205,3131.5,7623.127450980392,0,0,False,3,20230404,2,65
5205,206,3131.5,8151.872549019607,2,0,True,3,20230404,2,65
5206,207,3131.5,8695.309768637531,0,0,False,3,20230404,2,65
5207,208,3131.6956112852663,9219.876175548588,0,0,False,3,20230404,2,65
5208,209,3131.7961104140527,9755.781053952322,0,0,False,3,20230404,2,65
5209,210,3131.7961104140527,10291.781053952322,2,0,False,3,20230404,2,65
5210,211,3131.5,10828.06246076585,0,0,False,3,20230404,2,65
5211,212,3131.779926335175,11374.854205033764,0,0,False,3,20230404,2,65
5212,213,3131.6909424724604,11903.686046511628,0,0,False,3,20230404,2,65
5213,214,3131.6002506265663,12443.40476190476,2,1,True,3,20230404,2,65
5214,215,3131.7961104140527,12971.781053952322,3,1,False,3,20230404,2,65
5215,216,3131.7795830778664,13504.33629675046,1,0,False,3,20230404,2,65
5216,217,3131.7795830778664,14040.33629675046,2,0,False,3,20230404,2,65
5217,218,3131.960431654676,14579.960431654676,1,1,False,3,20230404,2,65
5218,219,3131.6956112852663,15115.876175548588,0,0,True,3,20230404,2,65
5219,220,3131.5,15648.063035495716,0,1,False,3,20230404,2,65
5220,221,3131.8823529411766,16191.5,2,1,False,3,20230404,2,65
5221,222,3131.5,16731.30964308078,0,3,True,3,20230404,2,65
5222,223,3131.6862686567165,17267.313731343285,1,0,True,3,20230404,2,65
5223,224,3131.313953488372,17795.68604651163,0,0,True,3,20230404,2,65
5224,225,3131.6909424724604,18335.31395348837,0,0,False,3,20230404,2,65
5225,226,3131.68671454219,18867.68671454219,1,1,True,3,20230404,2,65
5226,227,3131.700375704446,19403.5,0,0,False,3,20230404,2,65
5227,228,3131.5,19947.5,1,0,False,3,20230404,2,65
5228,229,3131.782634730539,20482.661676646705,1,1,False,3,20230404,2,65
5229,230,3131.7961104140527,21019.21894604768,0,0,False,3,20230404,2,65
5230,231,3570.6416309012875,927.7722256284488,1,1,False,3,20230404,2,65
5231,232,3571.5,1463.5,0,0,False,3,20230404,2,65
5232,233,3569.9433497536947,2000.5147783251232,2,1,False,3,20230404,2,65
5233,234,3571.3043887147337,2531.1238244514107,0,0,False,3,20230404,2,65
5234,235,3571.8962382445143,3067.6855799373043,1,0,True,3,20230404,2,65
5235,236,3571.5,3607.309523809524,1,1,True,3,20230404,2,65
5236,237,3571.597620500305,4135.595179987798,1,1,False,3,20230404,2,65
5237,238,3571.5,4679.5,1,1,False,3,20230404,2,65
5238,239,3571.88630806846,5207.6858190709045,0,0,False,3,20230404,2,65
5239,240,3571.7961104140527,5747.590338770389,1,1,False,3,20230404,2,65
5240,241,3571.8962382445143,6275.314420062696,1,0,False,3,20230404,2,65
5241,242,3571.69536019536,6815.5,0,0,True,3,20230404,2,65
5242,243,3572.166258420086,7351.041947336191,0,0,True,3,20230404,2,65
5243,244,3571.7056555269924,7887.5,0,0,True,3,20230404,2,65
5244,245,3572.5167865707435,8427.404076738609,0,0,True,3,20230404,2,65
5245,246,3571.9066924066924,8951.685328185327,4,0,False,3,20230404,2,65
5246,247,3572.260736196319,9487.86809815951,1,1,True,3,20230404,2,65
5247,248,3572.260736196319,10023.86809815951,0,0,False,3,20230404,2,65
5248,249,3572.0686274509803,10560.053921568628,0,0,False,3,20230404,2,65
5249,250,3574.511180124224,11097.66645962733,0,0,False,3,20230404,2,65
5250,251,3572.00998068255,11639.404700579524,2,2,False,3,20230404,2,65
5251,252,3572.3583690987125,12175.227774371551,1,0,False,3,20230404,2,65
5252,253,3572.0925925925926,12707.5,0,0,True,3,20230404,2,65
5253,254,3572.0825486503454,13236.052416823602,0,0,True,3,20230404,2,65
5254,255,3571.8962382445143,13771.685579937304,2,0,True,3,20230404,2,65
5255,256,3572.183417085427,14307.957286432162,0,0,False,3,20230404,2,65
5256,257,3571.700375704446,14851.5,2,1,False,3,20230404,2,65
5257,258,3572.183417085427,15379.957286432162,0,0,False,3,20230404,2,65
5258,259,3572.3583690987125,15919.772225628449,0,0,False,3,20230404,2,65
5259,260,3571.88630806846,16463.314180929094,3,1,False,3,20230404,2,65
5260,261,3572.0925925925926,16995.5,1,1,False,3,20230404,2,65
5261,262,3571.6055408970974,17531.594986807388,0,0,False,3,20230404,2,65
5262,263,3571.6001251564458,18067.40488110137,0,0,False,3,20230404,2,65
5263,264,3571.602761721259,18599.59505459217,0,0,False,3,20230404,2,65
5264,265,3572.0925925925926,19139.5,1,0,False,3,20230404,2,65
5265,266,3572.5167865707435,19675.59592326139,2,1,False,3,20230404,2,65
5266,267,3572.0925925925926,20211.5,0,0,False,3,20230404,2,65
5267,268,3572.183417085427,20755.04271356784,0,0,False,3,20230404,2,65
5268,269,3572.0925925925926,21283.5,1,0,False,3,20230404,2,65
5269,270,4023.1235884567127,1199.1135508155585,0,0,False,3,20230404,2,65
5270,271,4023.4024390243903,1727.5975609756097,1,0,False,3,20230404,2,65
5271,272,4023.5,2263.5,0,0,False,3,20230404,2,65
5272,273,4023.5,2799.304755944931,0,0,False,3,20230404,2,65
5273,274,4023.22057898049,3335.7794210195093,0,0,True,3,20230404,2,65
5274,275,4023.6026991441736,3871.597432521396,0,0,False,3,20230404,2,65
5275,276,4023.6911949685536,4407.308805031446,2,1,False,3,20230404,2,65
5276,277,4023.3973008558255,4943.597432521396,1,0,False,3,20230404,2,65
5277,278,4023.690476190476,5479.11403508772,1,0,False,3,20230404,2,65
5278,279,4023.6000641436817,6011.597498396408,2,1,False,3,20230404,2,65
5279,280,4023.690476190476,6543.8859649122805,1,0,False,3,20230404,2,65
5280,281,4023.7002567394097,7083.5,0,0,False,3,20230404,2,65
5281,282,4023.7884012539184,7623.211598746081,1,1,True,3,20230404,2,65
5282,283,4023.885964912281,8151.690476190476,0,0,False,3,20230404,2,65
5283,284,4023.6026991441736,8695.402567478604,1,1,False,3,20230404,2,65
5284,285,4023.7954399486193,9219.787732819525,1,0,False,3,20230404,2,65
5285,286,4023.89588688946,9755.690231362469,0,0,False,3,20230404,2,65
5286,287,4023.89588688946,10291.690231362469,0,0,False,3,20230404,2,65
5287,288,4023.6953727506425,10827.885604113111,3,1,False,3,20230404,2,65
5288,289,4023.7884012539184,11375.211598746082,1,0,False,3,20230404,2,65
5289,290,4023.885964912281,11903.690476190475,0,0,False,3,20230404,2,65
5290,291,4023.7002567394097,12443.5,0,0,False,3,20230404,2,65
5291,292,4023.7954399486193,12971.787732819525,1,1,False,3,20230404,2,65
5292,293,4023.969554300063,13504.165411173886,3,0,False,3,20230404,2,65
5293,294,4023.885964912281,14039.690476190475,1,0,False,3,20230404,2,65
5294,295,4023.87652811736,14579.690709046456,1,0,False,3,20230404,2,65
5295,296,4023.7954399486193,15115.787732819525,1,3,False,3,20230404,2,65
5296,297,4023.5975609756097,15647.40243902439,1,0,False,3,20230404,2,65
5297,298,4023.5,16191.5,2,1,False,3,20230404,2,65
5298,299,4023.6000641436817,16731.402501603592,1,0,False,3,20230404,2,65
5299,300,4023.4048200122015,17267.402379499694,0,0,False,3,20230404,2,65
5300,301,4024.053921568628,17796.06862745098,0,0,False,3,20230404,2,65
5301,302,4023.695244055069,18335.5,0,0,False,3,20230404,2,65
5302,303,4023.5,18867.5,1,2,False,3,20230404,2,65
5303,304,4023.6000641436817,19403.597498396408,0,1,False,3,20230404,2,65
5304,305,4023.89588688946,19947.309768637533,0,2,False,3,20230404,2,65
5305,306,4023.314180929096,20483.11369193154,1,0,False,3,20230404,2,65
5306,307,4023.6000641436817,21019.402501603592,0,0,False,3,20230404,2,65
5307,308,4467.308588957055,927.6865030674846,2,0,False,3,20230404,2,65
5308,309,4467.6027617212585,1463.5950545921644,0,0,False,3,20230404,2,65
5309,310,4467.69094247246,1999.686046511628,0,0,False,3,20230404,2,65
5310,311,4467.5,2531.5,2,4,False,3,20230404,2,65
5311,312,4467.103264281231,3067.133396107972,1,0,False,3,20230404,2,65
5312,313,4467.597620500305,3607.5951799877976,0,0,False,3,20230404,2,65
5313,314,4468.0700245700245,4135.490171990172,0,0,False,3,20230404,2,65
5314,315,4467.790461538461,4678.6704615384615,1,1,False,3,20230404,2,65
5315,316,4467.220416922134,5207.772225628449,0,0,False,3,20230404,2,65
5316,317,4467.600250626567,5747.4047619047615,2,1,False,3,20230404,2,65
5317,318,4467.695611285267,6275.876175548589,1,1,False,3,20230404,2,65
5318,319,4468.067931456549,6814.9467564259485,0,0,False,3,20230404,2,65
5319,320,4467.69094247246,7351.686046511628,2,1,False,3,20230404,2,65
5320,321,4467.705655526992,7887.5,0,0,False,3,20230404,2,65
5321,322,4467.9604316546765,8427.039568345324,1,0,False,3,20230404,2,65
5322,323,4467.803536977492,8951.78038585209,1,0,False,3,20230404,2,65
5323,324,4467.779926335175,9488.145794966236,2,0,False,3,20230404,2,65
5324,325,4467.970876762723,10023.958614347026,0,0,False,3,20230404,2,65
5325,326,4467.779926335175,10560.145794966236,1,2,False,3,20230404,2,65
5326,327,4467.773709483794,11099.773709483794,1,0,False,3,20230404,2,65
5327,328,4467.705655526992,11639.5,3,1,False,3,20230404,2,65
5328,329,4467.691411042945,12175.313496932517,1,0,False,3,20230404,2,65
5329,330,4467.992462311558,12707.404522613066,0,0,False,3,20230404,2,65
5330,331,4467.982412060302,13236.14824120603,3,2,False,3,20230404,2,65
5331,332,4467.695611285267,13771.876175548588,0,0,False,3,20230404,2,65
5332,333,4467.78679245283,14308.335220125786,1,0,False,3,20230404,2,65
5333,334,4467.700375704446,14851.5,3,2,False,3,20230404,2,65
5334,335,4467.695611285267,15379.876175548588,1,1,False,3,20230404,2,65
5335,336,4467.69094247246,15919.686046511628,3,1,False,3,20230404,2,65
5336,337,4467.597979179424,16463.03214941825,0,0,False,3,20230404,2,65
5337,338,4467.796110414053,16995.590338770387,0,0,False,3,20230404,2,65
5338,339,4467.812169312169,17531.589947089946,0,0,False,3,20230404,2,65
5339,340,4467.304143126177,18067.314187068423,0,0,False,3,20230404,2,65
5340,341,4467.6027617212585,18599.59505459217,1,0,False,3,20230404,2,65
5341,342,4467.992462311558,19139.59547738693,0,0,False,3,20230404,2,65
5342,343,4467.9604316546765,19675.586330935253,1,0,False,3,20230404,2,65
5343,344,4467.992462311558,20211.404522613066,0,0,False,3,20230404,2,65
5344,345,4467.695611285267,20755.87617554859,5,3,False,3,20230404,2,65
5345,346,4467.600250626567,21283.404761904763,0,0,False,3,20230404,2,65
5346,347,4910.279048765804,1198.8762793497892,1,1,False,3,20230404,2,65
5347,348,4909.975961538462,1726.3557692307693,1,1,False,3,20230404,2,65
5348,349,4911.294228356336,2263.5,1,0,False,3,20230404,2,65
5349,350,4910.738323353294,2799.859281437126,0,0,False,3,20230404,2,65
5350,351,4910.551497005988,3335.32754491018,1,2,False,3,20230404,2,65
5351,352,4911.092964824121,3871.680904522613,0,1,True,3,20230404,2,65
5352,353,4911.308383233533,4407.317964071856,0,0,False,3,20230404,2,65
5353,354,4911.298994974874,4943.133165829146,2,1,True,3,20230404,2,65
5354,355,4911.308841099164,5479.318399044206,0,0,False,3,20230404,2,65
5355,356,4911.696078431372,6011.318627450981,1,1,False,3,20230404,2,65
5356,357,4911.308383233533,6543.682035928144,0,2,False,3,20230404,2,65
5357,358,4911.796387017759,7083.225658297612,1,0,True,3,20230404,2,65
5358,359,4912.070743405276,7622.958033573142,2,1,True,3,20230404,2,65
5359,360,4911.5,8151.5,1,0,False,3,20230404,2,65
5360,361,4911.5,8694.951572327043,1,1,False,3,20230404,2,65
5361,362,4911.696078431372,9219.68137254902,1,0,False,3,20230404,2,65
5362,363,4911.69656019656,9755.681818181818,0,0,False,3,20230404,2,65
5363,364,4911.5,10291.863190184047,1,0,False,3,20230404,2,65
5364,365,4911.5,10827.863190184047,0,0,False,3,20230404,2,65
5365,366,4911.5,11374.602040816326,0,0,False,3,20230404,2,65
5366,367,4911.780407429598,11902.869682444578,1,0,False,3,20230404,2,65
5367,368,4911.600551808707,12443.043838136113,1,3,False,3,20230404,2,65
5368,369,4911.696078431372,12971.68137254902,1,2,False,3,20230404,2,65
5369,370,4911.780407429598,13504.130317555422,0,0,False,3,20230404,2,65
5370,371,4911.780407429598,14040.130317555422,0,0,False,3,20230404,2,65
5371,372,4911.774165202109,14579.232864674868,2,2,False,3,20230404,2,65
5372,373,4911.696078431372,15115.68137254902,0,2,False,3,20230404,2,65
5373,374,4911.780407429598,15648.130317555422,0,0,False,3,20230404,2,65
5374,375,4911.5,16191.136363636364,4,2,False,3,20230404,2,65
5375,376,4911.5,16731.5,1,128,False,3,20230404,2,65
5376,377,4911.869158878505,17266.77570093458,2,3,False,3,20230404,2,65
5377,378,4911.877182770663,17795.681606519207,3,4,True,3,20230404,2,65
5378,379,4912.261676646706,18335.32754491018,0,0,False,3,20230404,2,65
5379,380,4912.056725146199,18867.49064327485,0,0,False,3,20230404,2,65
5380,381,4911.696078431372,19403.68137254902,0,0,False,3,20230404,2,65
5381,382,4911.796387017759,19947.22565829761,1,1,False,3,20230404,2,65
5382,383,4911.961088355763,20483.050614394386,2,3,False,3,20230404,2,65
5383,384,4911.888206388207,21018.77764127764,2,2,False,3,20230404,2,65
5384,385,5354.359950859951,927.5,4,2,False,3,20230404,2,65
5385,386,5355.3972382787415,1463.4049454078356,1,0,False,3,20230404,2,65
5386,387,5354.355036855037,1999.8341523341523,4,4,False,3,20230404,2,65
5387,388,5355.103761755486,2531.314420062696,1,1,False,3,20230404,2,65
5388,389,5355.299624295554,3067.5,2,1,False,3,20230404,2,65
5389,390,5355.5,3607.309523809524,0,0,False,3,20230404,2,65
5390,391,5355.5,4135.5,0,0,False,3,20230404,2,65
5391,392,5355.87791411043,4678.758895705521,2,2,False,3,20230404,2,65
5392,393,5355.69094247246,5207.313953488372,0,0,False,3,20230404,2,65
5393,394,5355.695611285267,5747.123824451411,1,1,False,3,20230404,2,65
5394,395,5355.600250626567,6275.4047619047615,1,0,False,3,20230404,2,65
5395,396,5355.5,6815.1274509803925,1,0,False,3,20230404,2,65
5396,397,5355.597739767868,7351.404703726329,3,2,True,3,20230404,2,65
5397,398,5355.6027617212585,7887.404945407836,2,0,False,3,20230404,2,65
5398,399,5355.868641532017,8426.757929383602,0,0,True,3,20230404,2,65
5399,400,5355.6027617212585,8951.595054592164,0,0,False,3,20230404,2,65
5400,401,5355.69094247246,9487.686046511628,1,1,False,3,20230404,2,65
5401,402,5355.882352941177,10023.5,0,0,False,3,20230404,2,65
5402,403,5355.788685015291,10559.781345565749,1,0,False,3,20230404,2,65
5403,404,5355.87298266587,11099.5,1,0,False,3,20230404,2,65
5404,405,5355.803536977492,11639.21961414791,1,1,False,3,20230404,2,65
5405,406,5355.788685015291,12175.218654434251,1,0,True,3,20230404,2,65
5406,407,5355.796110414053,12707.218946047678,2,1,True,3,20230404,2,65
5407,408,5355.896238244514,13235.685579937304,2,0,False,3,20230404,2,65
5408,409,5355.700375704446,13771.5,1,70,False,3,20230404,2,65
5409,410,5355.796110414053,14307.781053952322,2,3,False,3,20230404,2,65
5410,411,5355.600125156446,14851.404881101376,2,0,True,3,20230404,2,65
5411,412,5355.700375704446,15379.5,0,0,True,3,20230404,2,65
5412,413,5355.88630806846,15919.685819070904,1,0,False,3,20230404,2,65
5413,414,5355.5,16462.936964504283,2,1,False,3,20230404,2,65
5414,415,5355.896238244514,16995.314420062696,0,0,True,3,20230404,2,65
5415,416,5355.917713152677,17531.31493721084,3,0,True,3,20230404,2,65
5416,417,5355.795739348371,18067.21929824561,0,0,False,3,20230404,2,65
5417,418,5355.6027617212585,18599.59505459217,0,0,False,3,20230404,2,65
5418,419,5355.700375704446,19139.5,1,1,False,3,20230404,2,65
5419,420,5355.968339307049,19675.40442054958,2,1,False,3,20230404,2,65
5420,421,5355.600125156446,20211.40488110137,1,0,False,3,20230404,2,65
5421,422,5355.795739348371,20755.21929824561,0,0,False,3,20230404,2,65
5422,423,5355.700375704446,21283.5,0,0,False,3,20230404,2,65
5423,424,5806.541916167665,1199.3179640718563,7,0,True,3,20230404,2,65
5424,425,5806.328331332533,1727.2454981992796,0,0,False,3,20230404,2,65
5425,426,5806.901257861635,2262.9616352201256,1,0,False,3,20230404,2,65
5426,427,5807.019426180514,2799.4067543335327,2,0,False,3,20230404,2,65
5427,428,5807.204504504504,3335.262162162162,0,0,False,3,20230404,2,65
5428,429,5807.705771643664,3871.5,1,0,False,3,20230404,2,65
5429,430,5807.308383233533,4407.317964071856,0,0,False,3,20230404,2,65
5430,431,5807.397049591965,4943.407093534212,0,1,False,3,20230404,2,65
5431,432,5807.5,5479.136363636364,0,0,False,3,20230404,2,65
5432,433,5807.5,6011.5,1,0,False,3,20230404,2,65
5433,434,5807.317964071856,6544.223353293413,0,0,True,3,20230404,2,65
5434,435,5807.303921568628,7083.318627450981,0,0,False,3,20230404,2,65
5435,436,5807.5,7623.136363636364,0,0,False,3,20230404,2,65
5436,437,5807.5,8151.5,1,1,False,3,20230404,2,65
5437,438,5807.5,8694.951572327043,0,0,False,3,20230404,2,65
5438,439,5807.399448191293,9219.956161863887,0,0,False,3,20230404,2,65
5439,440,5807.303921568628,9755.68137254902,1,1,False,3,20230404,2,65
5440,441,5807.5,10291.863190184047,0,0,False,3,20230404,2,65
5441,442,5807.5,10827.863190184047,0,0,True,3,20230404,2,65
5442,443,5807.5,11374.602040816326,0,0,False,3,20230404,2,65
5443,444,5807.691616766467,11903.317964071855,0,2,False,3,20230404,2,65
5444,445,5807.600551808707,12443.043838136113,1,1,False,3,20230404,2,65
5445,446,5807.696078431372,12971.68137254902,2,2,False,3,20230404,2,65
5446,447,5807.5,13503.863636363636,0,0,False,3,20230404,2,65
5447,448,5807.780407429598,14040.130317555422,4,1,False,3,20230404,2,65
5448,449,5807.5,14579.5,2,2,False,3,20230404,2,65
5449,450,5807.5,15115.5,1,1,False,3,20230404,2,65
5450,451,5807.308383233533,15647.682035928145,2,2,False,3,20230404,2,65
5451,452,5807.219592570402,16190.869682444578,0,0,False,3,20230404,2,65
5452,453,5807.203975535168,16731.225993883792,0,1,False,3,20230404,2,65
5453,454,5808.315897136177,17266.518118059616,0,0,False,3,20230404,2,65
5454,455,5807.5,17795.5,0,0,True,3,20230404,2,65
5455,456,5807.598027495517,18335.04333532576,2,2,False,3,20230404,2,65
5456,457,5807.686915887851,18867.317757009347,0,0,False,3,20230404,2,65
5457,458,5807.399694189602,19403.59296636085,0,1,False,3,20230404,2,65
5458,459,5807.600551808707,19947.04383813612,0,0,False,3,20230404,2,65
5459,460,5807.322429906542,20482.59813084112,1,1,False,3,20230404,2,65
5460,461,5807.600551808707,21019.04383813612,1,0,False,3,20230404,2,65
5461,462,6248.491920447483,929.41671845867,2,0,True,3,20230404,2,65
5462,463,6250.684516129032,1463.5,1,0,True,3,20230404,2,65
5463,464,6250.062461538461,1999.2710769230769,0,0,True,3,20230404,2,65
5464,465,6246.90797940798,2531.5,3,1,False,3,20230404,2,65
5465,466,6251.103761755486,3067.6855799373043,3,2,False,3,20230404,2,65
5466,467,6251.402379499695,3607.4048200122015,0,0,False,3,20230404,2,65
5467,468,6251.30905752754,4135.686046511628,1,0,False,3,20230404,2,65
5468,469,6251.788685015291,4679.21865443425,1,1,True,3,20230404,2,65
5469,470,6251.882352941177,5207.5,0,0,True,3,20230404,2,65
5470,471,6251.600250626567,5747.4047619047615,2,0,True,3,20230404,2,65
5471,472,6251.600250626567,6275.595238095239,2,0,True,3,20230404,2,65
5472,473,6251.5,6815.1274509803925,2,1,True,3,20230404,2,65
5473,474,6251.5,7351.5,7,5,True,3,20230404,2,65
5474,475,6251.6027617212585,7887.404945407836,1,0,True,3,20230404,2,65
5475,476,6251.773053892216,8426.853293413174,0,0,False,3,20230404,2,65
5476,477,6251.5,8951.690231362469,1,0,False,3,20230404,2,65
5477,478,6251.5,9487.872549019608,0,0,False,3,20230404,2,65
5478,479,6251.5,10023.872549019608,0,0,False,3,20230404,2,65
5479,480,6251.69094247246,10559.686046511628,1,0,False,3,20230404,2,65
5480,481,6251.87298266587,11099.5,1,0,False,3,20230404,2,65
5481,482,6251.6027617212585,11639.404945407836,1,1,False,3,20230404,2,65
5482,483,6251.597979179424,12175.032149418248,2,0,False,3,20230404,2,65
5483,484,6251.796110414053,12707.218946047678,0,0,False,3,20230404,2,65
5484,485,6251.896238244514,13235.685579937304,0,0,False,3,20230404,2,65
5485,486,6251.600125156446,13771.595118898624,1,2,False,3,20230404,2,65
5486,487,6251.795739348371,14307.780701754386,1,1,False,3,20230404,2,65
5487,488,6251.5,14851.309643080776,1,0,False,3,20230404,2,65
5488,489,6251.600250626567,15379.40476190476,0,1,False,3,20230404,2,65
5489,490,6251.5,15919.5,1,1,False,3,20230404,2,65
5490,491,6251.5,16462.389434889436,2,2,False,3,20230404,2,65
5491,492,6251.5,16995.30964308078,1,0,False,3,20230404,2,65
5492,493,6251.605540897098,17531.405013192612,0,0,False,3,20230404,2,65
5493,494,6251.5,18066.93753923415,1,0,False,3,20230404,2,65
5494,495,6251.5,18599.5,2,1,False,3,20230404,2,65
5495,496,6251.5,19139.30964308078,1,0,False,3,20230404,2,65
5496,497,6251.5,19675.12701733413,0,0,False,3,20230404,2,65
5497,498,6251.5,20211.30964308078,2,0,False,3,20230404,2,65
5498,499,6251.399874843554,20755.40488110137,1,0,False,3,20230404,2,65
5499,500,6251.600250626567,21283.404761904763,0,0,True,3,20230404,2,65
5500,1,899.004835589942,1464.1473243068988,1,0,True,3,20230404,2,70
5501,2,898.7570725707257,2000.5971709717096,1,2,True,3,20230404,2,70
5502,3,899.2132075471698,2532.3352201257862,1,0,False,3,20230404,2,70
5503,4,899.2132075471698,3068.3352201257862,2,1,False,3,20230404,2,70
5504,5,899.4020208205757,3607.967850581752,0,0,False,3,20230404,2,70
5505,6,899.2204169221336,4136.33629675046,0,0,False,3,20230404,2,70
5506,7,899.4020208205757,4679.967850581751,1,0,False,3,20230404,2,70
5507,8,899.7795830778664,5208.33629675046,0,0,False,3,20230404,2,70
5508,9,899.6956112852664,5747.876175548589,1,2,False,3,20230404,2,70
5509,10,899.204260651629,6275.7807017543855,29,32,True,3,20230404,2,70
5510,11,899.8779141104294,6816.241104294479,1,0,False,3,20230404,2,70
5511,12,900.0686274509804,7352.053921568628,0,0,False,3,20230404,2,70
5512,13,900.3051612903225,7887.866451612903,1,1,False,3,20230404,2,70
5513,14,900.6003003003003,8428.206306306307,0,0,False,3,20230404,2,70
5514,15,900.0979381443299,8952.051546391753,3,2,False,3,20230404,2,70
5515,16,900.2429274292743,9488.59717097171,1,1,False,3,20230404,2,70
5516,17,901.4233621755252,10024.187268232386,3,4,False,3,20230404,2,70
5517,18,901.0743368291178,10560.657310302282,6,1,False,3,20230404,2,70
5518,19,900.5989802039592,11100.224655068989,2,1,False,3,20230404,2,70
5519,20,899.7005141388174,11639.690231362469,1,2,False,3,20230404,2,70
5520,21,901.428306551298,12176.889369592089,5,2,False,3,20230404,2,70
5521,22,900.3805031446541,12707.771698113207,3,6,False,3,20230404,2,70
5522,23,900.3564231738035,13236.502518891688,0,0,False,3,20230404,2,70
5523,24,899.9824120603015,13772.14824120603,3,2,False,3,20230404,2,70
5524,25,900.1607818411097,14308.690416141237,0,0,False,3,20230404,2,70
5525,26,899.896238244514,14851.685579937304,0,1,False,3,20230404,2,70
5526,27,899.9824120603015,15380.14824120603,2,2,False,3,20230404,2,70
5527,28,899.7795830778664,15920.33629675046,0,0,False,3,20230404,2,70
5528,29,899.6909424724602,16463.68604651163,0,0,False,3,20230404,2,70
5529,30,899.6956112852664,16995.87617554859,4,2,False,3,20230404,2,70
5530,31,899.6055408970976,17531.594986807388,2,1,False,3,20230404,2,70
5531,32,899.5,18067.5,1,0,False,3,20230404,2,70
5532,33,899.5,18599.690231362467,2,1,False,3,20230404,2,70
5533,34,899.6002506265664,19139.404761904763,4,104,False,3,20230404,2,70
5534,35,900.1467065868263,19675.226946107785,5,2,False,3,20230404,2,70
5535,36,900.0925925925926,20211.5,7,7,True,3,20230404,2,70
5536,37,900.1842767295598,20754.86603773585,9,6,False,3,20230404,2,70
5537,38,903.89588688946,21283.309768637533,10,6,True,3,20230404,2,70
5538,39,1342.8345888261142,1199.9695543000628,0,0,False,3,20230404,2,70
5539,40,1343.293710691824,1728.4610062893082,1,1,False,3,20230404,2,70
5540,41,1343.1967699406723,2263.78740936058,0,0,False,3,20230404,2,70
5541,42,1343.2115987460816,2799.7884012539184,0,0,False,3,20230404,2,70
5542,43,1343.211959924859,3335.788040075141,1,1,False,3,20230404,2,70
5543,44,1343.5,3871.694993412385,1,0,False,3,20230404,2,70
5544,45,1343.5,4407.6952440550685,1,0,False,3,20230404,2,70
5545,46,1343.5,4943.5,1,1,False,3,20230404,2,70
5546,47,1343.5975609756097,5479.59756097561,30,35,True,3,20230404,2,70
5547,48,1343.5951768488746,6011.788102893891,25,24,True,3,20230404,2,70
5548,49,1343.7790697674418,6544.357322438717,2,0,False,3,20230404,2,70
5549,50,1343.7002567394095,7083.5,0,0,False,3,20230404,2,70
5550,51,1344.0771643663738,7623.5,2,2,False,3,20230404,2,70
5551,52,1343.7884012539184,8151.788401253919,2,0,False,3,20230404,2,70
5552,53,1343.705533596838,8695.5,4,3,False,3,20230404,2,70
5553,54,1343.6953727506427,9219.885604113111,0,0,False,3,20230404,2,70
5554,55,1343.89588688946,9755.690231362469,1,0,False,3,20230404,2,70
5555,56,1343.399935856318,10291.597498396408,3,2,False,3,20230404,2,70
5556,57,1344.0824742268042,10828.067010309278,1,1,False,3,20230404,2,70
5557,58,1344.4319899244333,11374.568010075567,0,1,False,3,20230404,2,70
5558,59,1343.8859649122808,11903.690476190475,4,0,False,3,20230404,2,70
5559,60,1343.89588688946,12443.309768637531,0,0,False,3,20230404,2,70
5560,61,1343.89588688946,12971.690231362469,0,0,False,3,20230404,2,70
5561,62,1343.690476190476,13503.88596491228,0,1,False,3,20230404,2,70
5562,63,1343.8859649122808,14039.690476190475,0,0,False,3,20230404,2,70
5563,64,1343.4044703000611,14579.402020820577,2,0,False,3,20230404,2,70
5564,65,1343.6953727506427,15115.885604113111,0,0,False,3,20230404,2,70
5565,66,1343.690476190476,15647.88596491228,5,5,True,3,20230404,2,70
5566,67,1343.7884012539184,16191.788401253918,6,5,True,3,20230404,2,70
5567,68,1343.399935856318,16731.402501603592,0,0,False,3,20230404,2,70
5568,69,1343.6865030674846,17267.308588957054,5,5,False,3,20230404,2,70
5569,70,1343.5955296999389,17795.98009797918,3,0,False,3,20230404,2,70
5570,71,1343.5975609756097,18335.40243902439,2,1,False,3,20230404,2,70
5571,72,1343.5,18867.88235294117,5,4,False,3,20230404,2,70
5572,73,1343.5,19403.5,12,7,False,3,20230404,2,70
5573,74,1343.89588688946,19947.309768637533,1,3,False,3,20230404,2,70
5574,75,1344.0539215686274,20482.93137254902,7,4,False,3,20230404,2,70
5575,76,1344.1825499034128,21019.03122987765,7,4,True,3,20230404,2,70
5576,77,1786.8558696988323,928.6923786109404,3,2,False,3,20230404,2,70
5577,78,1786.6937984496124,1464.37338501292,0,0,False,3,20230404,2,70
5578,79,1786.9313725490197,2000.053921568628,1,1,True,3,20230404,2,70
5579,80,1787.2038895859473,2531.781053952321,1,0,True,3,20230404,2,70
5580,81,1786.442065491184,3068.3110831234258,1,0,False,3,20230404,2,70
5581,82,1787.970300061237,3608.149112063688,0,0,False,3,20230404,2,70
5582,83,1787.5979791794243,4135.967850581751,1,0,False,3,20230404,2,70
5583,84,1787.2204169221336,4679.772225628449,1,0,False,3,20230404,2,70
5584,85,1787.029699938763,5208.149112063687,32,30,True,3,20230404,2,70
5585,86,1787.882149591452,5748.053111250786,1,0,False,3,20230404,2,70
5586,87,1787.9753476611884,6276.870417193426,0,0,False,3,20230404,2,70
5587,88,1788.0700245700243,6816.055282555282,1,0,False,3,20230404,2,70
5588,89,1788.0686274509803,7352.053921568628,0,0,False,3,20230404,2,70
5589,90,1787.9066924066924,7887.685328185328,3,3,False,3,20230404,2,70
5590,91,1788.4214157168567,8427.5,1,1,False,3,20230404,2,70
5591,92,1788.8411003236247,8951.057281553398,2,3,False,3,20230404,2,70
5592,93,1788.9590264941469,9488.74460874923,1,1,False,3,20230404,2,70
5593,94,1788.5325752919484,10024.31868469576,1,1,False,3,20230404,2,70
5594,95,1789.3282890673256,10560.925571340333,0,0,False,3,20230404,2,70
5595,96,1788.2420706163973,11099.868641532015,2,0,False,3,20230404,2,70
5596,97,1788.1082474226805,11639.5,2,0,False,3,20230404,2,70
5597,98,1788.8382533825338,12175.657441574416,1,0,False,3,20230404,2,70
5598,99,1788.3636363636365,13236.671717171715,3,0,False,3,20230404,2,70
5599,100,1788.083280955374,13772.053111250783,0,0,False,3,20230404,2,70
5600,101,1788.26214511041,14308.5952681388,1,0,False,3,20230404,2,70
5601,102,1788.0925925925926,14851.5,0,0,False,3,20230404,2,70
5602,103,1787.887665198238,15380.240088105727,3,2,False,3,20230404,2,70
5603,104,1787.8779141104294,15920.24110429448,7,2,True,3,20230404,2,70
5604,105,1787.7886850152904,16463.409480122325,4,5,True,3,20230404,2,70
5605,106,1787.795739348371,16995.780701754386,1,2,True,3,20230404,2,70
5606,107,1787.9177131526767,17531.68506278916,4,2,False,3,20230404,2,70
5607,108,1787.7003757044458,18067.5,5,6,False,3,20230404,2,70
5608,109,1787.6027617212587,18599.59505459217,1,0,False,3,20230404,2,70
5609,110,1787.896238244514,19139.314420062696,1,2,False,3,20230404,2,70
5610,111,1788.4214157168567,19675.5,0,1,False,3,20230404,2,70
5611,112,1788.0925925925926,20211.5,3,2,False,3,20230404,2,70
5612,113,1788.083280955374,20754.94688874921,2,1,False,3,20230404,2,70
5613,114,1788.294468887492,21283.5,4,5,True,3,20230404,2,70
5614,115,1791.89588688946,12707.309768637531,1,1,False,3,20230404,2,70
5615,116,2231.304755944931,1199.5,0,0,False,3,20230404,2,70
5616,117,2231.6907151819323,1727.8764115432873,1,0,False,3,20230404,2,70
5617,118,2231.5,2263.5,1,0,False,3,20230404,2,70
5618,119,2231.5,2799.5,0,0,False,3,20230404,2,70
5619,120,2231.5,3335.5,3,1,False,3,20230404,2,70
5620,121,2231.5,3871.5,1,4,False,3,20230404,2,70
5621,122,2231.695244055069,4407.5,2,1,False,3,20230404,2,70
5622,123,2231.5,4943.5,17,19,True,3,20230404,2,70
5623,124,2231.5,5479.5,1,0,False,3,20230404,2,70
5624,125,2231.6000641436817,6011.402501603592,0,0,False,3,20230404,2,70
5625,126,2231.690476190476,6543.8859649122805,3,3,False,3,20230404,2,70
5626,127,2231.89588688946,7083.690231362468,1,0,False,3,20230404,2,70
5627,128,2232.077164366374,7623.5,0,1,False,3,20230404,2,70
5628,129,2231.8859649122805,8151.690476190476,3,2,False,3,20230404,2,70
5629,130,2232.1076618229854,8695.5,3,1,False,3,20230404,2,70
5630,131,2231.79543994862,9219.787732819525,4,1,False,3,20230404,2,70
5631,132,2232.182549903413,9755.968770122345,1,1,False,3,20230404,2,70
5632,133,2232.182549903413,10291.968770122345,0,0,False,3,20230404,2,70
5633,134,2232.082474226804,10828.067010309278,2,1,False,3,20230404,2,70
5634,135,2231.6902377972465,11375.304755944931,2,1,False,3,20230404,2,70
5635,136,2232.165411173886,11903.969554300063,1,0,False,3,20230404,2,70
5636,137,2231.7002567394097,12443.5,0,0,False,3,20230404,2,70
5637,138,2232.0817245817248,12972.06628056628,2,2,False,3,20230404,2,70
5638,139,2232.3332284455632,13504.529578351165,2,0,False,3,20230404,2,70
5639,140,2232.3332284455632,14040.529578351165,0,0,False,3,20230404,2,70
5640,141,2232.241104294478,14579.87791411043,0,2,False,3,20230404,2,70
5641,142,2232.0817245817248,15116.06628056628,4,2,False,3,20230404,2,70
5642,143,2231.9695543000626,15648.165411173886,2,0,False,3,20230404,2,70
5643,144,2231.8859649122805,16191.690476190475,5,5,False,3,20230404,2,70
5644,145,2231.7002567394097,16731.5,3,1,False,3,20230404,2,70
5645,146,2232.241104294478,17267.681595092025,3,3,True,3,20230404,2,70
5646,147,2232.053921568628,17796.06862745098,0,0,False,3,20230404,2,70
5647,148,2231.8859649122805,18335.69047619048,2,0,False,3,20230404,2,70
5648,149,2232.33629675046,18867.220416922133,1,2,False,3,20230404,2,70
5649,150,2231.79543994862,19403.787732819525,1,1,False,3,20230404,2,70
5650,151,2231.89588688946,19947.309768637533,1,1,False,3,20230404,2,70
5651,152,2232.33629675046,20483.220416922133,2,1,False,3,20230404,2,70
5652,153,2231.89588688946,21019.309768637533,0,0,False,3,20230404,2,70
5653,154,2674.93137254902,928.0539215686274,1,0,False,3,20230404,2,70
5654,155,2677.859493670886,1462.4012658227848,2,0,False,3,20230404,2,70
5655,156,2675.406919779547,1999.776791181874,0,0,False,3,20230404,2,70
5656,157,2674.90666247643,2531.489943431804,0,0,False,3,20230404,2,70
5657,158,2675.1173694147265,3068.04877281309,0,0,False,3,20230404,2,70
5658,159,2674.6416309012875,3607.7722256284487,1,0,False,3,20230404,2,70
5659,160,2678.221252257676,4135.150812763395,0,0,True,3,20230404,2,70
5660,161,2679.5,4679.5,42,38,True,3,20230404,2,70
5661,162,2678.2738452309536,5208.111877624475,1,0,False,3,20230404,2,70
5662,163,2679.5,5747.5,2,1,False,3,20230404,2,70
5663,164,2680.4987699877,6275.849323493235,1,0,False,3,20230404,2,70
5664,165,2679.882775119617,6815.5,1,1,False,3,20230404,2,70
5665,166,2680.2616766467067,7351.859281437126,5,160,False,3,20230404,2,70
5666,167,2680.236225087925,8427.317116060962,0,0,False,3,20230404,2,70
5667,168,2679.907035175879,8951.680904522613,0,0,False,3,20230404,2,70
5668,169,2679.211389385808,9487.774299344066,0,0,False,3,20230404,2,70
5669,170,2680.0693779904304,10024.04066985646,2,0,False,3,20230404,2,70
5670,171,2681.5253470126736,10560.709414604707,2,2,False,3,20230404,2,70
5671,172,2680.147574517826,11099.766510812393,2,1,False,3,20230404,2,70
5672,173,2680.1638705811865,12175.766027561414,0,0,False,3,20230404,2,70
5673,174,2680.093137254902,12707.5,2,0,False,3,20230404,2,70
5674,175,2680.0840490797545,13236.039877300613,0,0,False,3,20230404,2,70
5675,176,2679.796024464832,13771.774006116208,2,1,False,3,20230404,2,70
5676,177,2680.459409594096,14308.385608856088,3,2,False,3,20230404,2,70
5677,178,2679.896572827417,14851.681150550796,1,1,False,3,20230404,2,70
5678,179,2680.0840490797545,15380.039877300613,0,0,False,3,20230404,2,70
5679,180,2680.0693779904304,15920.04066985646,2,1,False,3,20230404,2,70
5680,181,2679.980573819486,16463.406754333533,2,1,False,3,20230404,2,70
5681,182,2679.896572827417,16995.681150550794,4,3,False,3,20230404,2,70
5682,183,2679.605602060528,17531.592723760463,7,2,True,3,20230404,2,70
5683,184,2679.9935543278084,18067.58348680172,2,1,False,3,20230404,2,70
5684,185,2679.80923947203,18599.42206159648,1,2,False,3,20230404,2,70
5685,186,2680.1876155268023,19139.214109673445,3,2,False,3,20230404,2,70
5686,187,2680.4227166276346,19675.5,0,0,False,3,20230404,2,70
5687,188,2679.700488997555,20211.5,1,3,False,3,20230404,2,70
5688,189,2679.7963870177587,20755.22565829761,2,1,False,3,20230404,2,70
5689,190,2680.093137254902,21283.5,5,3,True,3,20230404,2,70
5690,191,2683.602761721259,7887.595054592164,2,1,False,3,20230404,2,70
5691,192,2683.9025806451614,11639.5,1,1,False,3,20230404,2,70
5692,193,3130.359950859951,1199.5,3,3,True,3,20230404,2,70
5693,194,3125.668888888889,1728.9653968253967,0,0,False,3,20230404,2,70
5694,195,3131.397238278741,2263.5950545921646,2,1,False,3,20230404,2,70
5695,196,3127.2105097545627,2799.7794210195093,0,0,False,3,20230404,2,70
5696,197,3129.775092936803,3336.6995043370507,2,1,False,3,20230404,2,70
5697,198,3131.397238278741,3871.5950545921646,2,1,False,3,20230404,2,70
5698,199,3130.726600985221,4406.869458128079,7,9,False,3,20230404,2,70
5699,200,3130.9945196647323,4943.595422308188,0,0,False,3,20230404,2,70
5700,201,3131.402260232132,5479.404703726329,1,0,False,3,20230404,2,70
5701,202,3131.203889585948,6011.781053952322,1,1,False,3,20230404,2,70
5702,203,3131.1220858895704,6544.241104294479,1,1,False,3,20230404,2,70
5703,204,3131.6001251564458,7083.595118898624,2,3,False,3,20230404,2,70
5704,205,3131.5,7623.127450980392,0,0,False,3,20230404,2,70
5705,206,3131.5,8151.872549019607,7,2,True,3,20230404,2,70
5706,207,3131.5,8695.309768637531,3,0,True,3,20230404,2,70
5707,208,3131.6956112852663,9219.876175548588,2,145,False,3,20230404,2,70
5708,209,3131.7961104140527,9755.781053952322,0,0,False,3,20230404,2,70
5709,210,3131.7961104140527,10291.781053952322,1,0,False,3,20230404,2,70
5710,211,3131.5,10828.06246076585,1,1,False,3,20230404,2,70
5711,212,3131.779926335175,11374.854205033764,4,3,False,3,20230404,2,70
5712,213,3131.6909424724604,11903.686046511628,1,0,False,3,20230404,2,70
5713,214,3131.6002506265663,12443.40476190476,1,1,False,3,20230404,2,70
5714,215,3131.7961104140527,12971.781053952322,4,153,False,3,20230404,2,70
5715,216,3131.7795830778664,13504.33629675046,0,0,False,3,20230404,2,70
5716,217,3131.7795830778664,14040.33629675046,0,0,False,3,20230404,2,70
5717,218,3131.960431654676,14579.960431654676,0,0,False,3,20230404,2,70
5718,219,3131.6956112852663,15115.876175548588,1,1,False,3,20230404,2,70
5719,220,3131.5,15648.063035495716,1,1,False,3,20230404,2,70
5720,221,3131.8823529411766,16191.5,0,0,False,3,20230404,2,70
5721,222,3131.5,16731.30964308078,1,1,False,3,20230404,2,70
5722,223,3131.6862686567165,17267.313731343285,1,1,False,3,20230404,2,70
5723,224,3131.313953488372,17795.68604651163,0,0,False,3,20230404,2,70
5724,225,3131.6909424724604,18335.31395348837,3,1,False,3,20230404,2,70
5725,226,3131.68671454219,18867.68671454219,2,1,False,3,20230404,2,70
5726,227,3131.700375704446,19403.5,3,1,False,3,20230404,2,70
5727,228,3131.5,19947.5,3,0,False,3,20230404,2,70
5728,229,3131.782634730539,20482.661676646705,1,0,False,3,20230404,2,70
5729,230,3131.7961104140527,21019.21894604768,5,5,False,3,20230404,2,70
5730,231,3570.6416309012875,927.7722256284488,0,1,True,3,20230404,2,70
5731,232,3571.5,1463.5,1,0,False,3,20230404,2,70
5732,233,3569.9433497536947,2000.5147783251232,4,1,False,3,20230404,2,70
5733,234,3571.3043887147337,2531.1238244514107,2,1,False,3,20230404,2,70
5734,235,3571.8962382445143,3067.6855799373043,0,0,False,3,20230404,2,70
5735,236,3571.5,3607.309523809524,0,0,False,3,20230404,2,70
5736,237,3571.597620500305,4135.595179987798,23,25,True,3,20230404,2,70
5737,238,3571.5,4679.5,2,0,False,3,20230404,2,70
5738,239,3571.88630806846,5207.6858190709045,2,2,False,3,20230404,2,70
5739,240,3571.7961104140527,5747.590338770389,4,0,True,3,20230404,2,70
5740,241,3571.8962382445143,6275.314420062696,0,1,True,3,20230404,2,70
5741,242,3571.69536019536,6815.5,2,1,True,3,20230404,2,70
5742,243,3572.166258420086,7351.041947336191,1,0,False,3,20230404,2,70
5743,244,3571.7056555269924,7887.5,0,0,False,3,20230404,2,70
5744,245,3572.5167865707435,8427.404076738609,0,0,False,3,20230404,2,70
5745,246,3571.9066924066924,8951.685328185327,2,0,False,3,20230404,2,70
5746,247,3572.260736196319,9487.86809815951,2,1,False,3,20230404,2,70
5747,248,3572.260736196319,10023.86809815951,1,0,False,3,20230404,2,70
5748,249,3572.0686274509803,10560.053921568628,3,1,False,3,20230404,2,70
5749,250,3574.511180124224,11097.66645962733,2,0,False,3,20230404,2,70
5750,251,3572.00998068255,11639.404700579524,1,2,False,3,20230404,2,70
5751,252,3572.3583690987125,12175.227774371551,0,0,False,3,20230404,2,70
5752,253,3572.0925925925926,12707.5,2,1,False,3,20230404,2,70
5753,254,3572.0825486503454,13236.052416823602,3,1,False,3,20230404,2,70
5754,255,3571.8962382445143,13771.685579937304,0,0,False,3,20230404,2,70
5755,256,3572.183417085427,14307.957286432162,1,1,False,3,20230404,2,70
5756,257,3571.700375704446,14851.5,0,0,False,3,20230404,2,70
5757,258,3572.183417085427,15379.957286432162,0,1,False,3,20230404,2,70
5758,259,3572.3583690987125,15919.772225628449,1,1,False,3,20230404,2,70
5759,260,3571.88630806846,16463.314180929094,1,1,False,3,20230404,2,70
5760,261,3572.0925925925926,16995.5,2,0,False,3,20230404,2,70
5761,262,3571.6055408970974,17531.594986807388,2,3,False,3,20230404,2,70
5762,263,3571.6001251564458,18067.40488110137,1,1,False,3,20230404,2,70
5763,264,3571.602761721259,18599.59505459217,2,1,False,3,20230404,2,70
5764,265,3572.0925925925926,19139.5,2,1,False,3,20230404,2,70
5765,266,3572.5167865707435,19675.59592326139,0,0,False,3,20230404,2,70
5766,267,3572.0925925925926,20211.5,0,0,False,3,20230404,2,70
5767,268,3572.183417085427,20755.04271356784,1,0,False,3,20230404,2,70
5768,269,3572.0925925925926,21283.5,7,77,True,3,20230404,2,70
5769,270,4023.1235884567127,1199.1135508155585,0,2,False,3,20230404,2,70
5770,271,4023.4024390243903,1727.5975609756097,0,0,False,3,20230404,2,70
5771,272,4023.5,2263.5,0,0,False,3,20230404,2,70
5772,273,4023.5,2799.304755944931,2,1,False,3,20230404,2,70
5773,274,4023.22057898049,3335.7794210195093,0,0,False,3,20230404,2,70
5774,275,4023.6026991441736,3871.597432521396,31,35,True,3,20230404,2,70
5775,276,4023.6911949685536,4407.308805031446,2,1,False,3,20230404,2,70
5776,277,4023.3973008558255,4943.597432521396,0,0,False,3,20230404,2,70
5777,278,4023.690476190476,5479.11403508772,12,3,True,3,20230404,2,70
5778,279,4023.6000641436817,6011.597498396408,29,3,True,3,20230404,2,70
5779,280,4023.690476190476,6543.8859649122805,0,0,False,3,20230404,2,70
5780,281,4023.7002567394097,7083.5,1,0,False,3,20230404,2,70
5781,282,4023.7884012539184,7623.211598746081,1,1,False,3,20230404,2,70
5782,283,4023.885964912281,8151.690476190476,2,0,False,3,20230404,2,70
5783,284,4023.6026991441736,8695.402567478604,0,0,False,3,20230404,2,70
5784,285,4023.7954399486193,9219.787732819525,6,4,True,3,20230404,2,70
5785,286,4023.89588688946,9755.690231362469,1,0,False,3,20230404,2,70
5786,287,4023.89588688946,10291.690231362469,3,3,False,3,20230404,2,70
5787,288,4023.6953727506425,10827.885604113111,5,3,False,3,20230404,2,70
5788,289,4023.7884012539184,11375.211598746082,0,0,False,3,20230404,2,70
5789,290,4023.885964912281,11903.690476190475,1,0,False,3,20230404,2,70
5790,291,4023.7002567394097,12443.5,0,0,False,3,20230404,2,70
5791,292,4023.7954399486193,12971.787732819525,0,1,False,3,20230404,2,70
5792,293,4023.969554300063,13504.165411173886,2,1,False,3,20230404,2,70
5793,294,4023.885964912281,14039.690476190475,1,0,False,3,20230404,2,70
5794,295,4023.87652811736,14579.690709046456,0,0,False,3,20230404,2,70
5795,296,4023.7954399486193,15115.787732819525,0,2,False,3,20230404,2,70
5796,297,4023.5975609756097,15647.40243902439,0,0,False,3,20230404,2,70
5797,298,4023.5,16191.5,1,1,False,3,20230404,2,70
5798,299,4023.6000641436817,16731.402501603592,1,3,False,3,20230404,2,70
5799,300,4023.4048200122015,17267.402379499694,2,2,False,3,20230404,2,70
5800,301,4024.053921568628,17796.06862745098,0,0,False,3,20230404,2,70
5801,302,4023.695244055069,18335.5,1,1,False,3,20230404,2,70
5802,303,4023.5,18867.5,3,1,False,3,20230404,2,70
5803,304,4023.6000641436817,19403.597498396408,1,1,False,3,20230404,2,70
5804,305,4023.89588688946,19947.309768637533,1,0,False,3,20230404,2,70
5805,306,4023.314180929096,20483.11369193154,2,2,False,3,20230404,2,70
5806,307,4023.6000641436817,21019.402501603592,10,4,False,3,20230404,2,70
5807,308,4467.308588957055,927.6865030674846,0,0,False,3,20230404,2,70
5808,309,4467.6027617212585,1463.5950545921644,0,0,False,3,20230404,2,70
5809,310,4467.69094247246,1999.686046511628,1,1,False,3,20230404,2,70
5810,311,4467.5,2531.5,3,2,False,3,20230404,2,70
5811,312,4467.103264281231,3067.133396107972,0,0,False,3,20230404,2,70
5812,313,4467.597620500305,3607.5951799877976,1,0,True,3,20230404,2,70
5813,314,4468.0700245700245,4135.490171990172,20,20,True,3,20230404,2,70
5814,315,4467.790461538461,4678.6704615384615,1,0,False,3,20230404,2,70
5815,316,4467.220416922134,5207.772225628449,1,1,False,3,20230404,2,70
5816,317,4467.600250626567,5747.4047619047615,3,1,False,3,20230404,2,70
5817,318,4467.695611285267,6275.876175548589,5,4,True,3,20230404,2,70
5818,319,4468.067931456549,6814.9467564259485,2,1,False,3,20230404,2,70
5819,320,4467.69094247246,7351.686046511628,1,0,False,3,20230404,2,70
5820,321,4467.705655526992,7887.5,0,0,False,3,20230404,2,70
5821,322,4467.9604316546765,8427.039568345324,2,0,False,3,20230404,2,70
5822,323,4467.803536977492,8951.78038585209,2,1,False,3,20230404,2,70
5823,324,4467.779926335175,9488.145794966236,3,3,True,3,20230404,2,70
5824,325,4467.970876762723,10023.958614347026,2,0,False,3,20230404,2,70
5825,326,4467.779926335175,10560.145794966236,9,3,False,3,20230404,2,70
5826,327,4467.773709483794,11099.773709483794,2,0,False,3,20230404,2,70
5827,328,4467.705655526992,11639.5,1,0,False,3,20230404,2,70
5828,329,4467.691411042945,12175.313496932517,1,1,False,3,20230404,2,70
5829,330,4467.992462311558,12707.404522613066,2,2,False,3,20230404,2,70
5830,331,4467.982412060302,13236.14824120603,0,0,False,3,20230404,2,70
5831,332,4467.695611285267,13771.876175548588,1,0,False,3,20230404,2,70
5832,333,4467.78679245283,14308.335220125786,5,3,False,3,20230404,2,70
5833,334,4467.700375704446,14851.5,0,0,False,3,20230404,2,70
5834,335,4467.695611285267,15379.876175548588,1,0,False,3,20230404,2,70
5835,336,4467.69094247246,15919.686046511628,3,2,False,3,20230404,2,70
5836,337,4467.597979179424,16463.03214941825,4,4,False,3,20230404,2,70
5837,338,4467.796110414053,16995.590338770387,4,6,False,3,20230404,2,70
5838,339,4467.812169312169,17531.589947089946,5,2,False,3,20230404,2,70
5839,340,4467.304143126177,18067.314187068423,2,1,False,3,20230404,2,70
5840,341,4467.6027617212585,18599.59505459217,2,0,False,3,20230404,2,70
5841,342,4467.992462311558,19139.59547738693,0,1,False,3,20230404,2,70
5842,343,4467.9604316546765,19675.586330935253,3,3,False,3,20230404,2,70
5843,344,4467.992462311558,20211.404522613066,3,2,False,3,20230404,2,70
5844,345,4467.695611285267,20755.87617554859,9,5,False,3,20230404,2,70
5845,346,4467.600250626567,21283.404761904763,7,3,False,3,20230404,2,70
5846,347,4910.279048765804,1198.8762793497892,0,0,False,3,20230404,2,70
5847,348,4909.975961538462,1726.3557692307693,0,1,False,3,20230404,2,70
5848,349,4911.294228356336,2263.5,1,0,False,3,20230404,2,70
5849,350,4910.738323353294,2799.859281437126,0,0,False,3,20230404,2,70
5850,351,4910.551497005988,3335.32754491018,11,13,True,3,20230404,2,70
5851,352,4911.092964824121,3871.680904522613,25,29,True,3,20230404,2,70
5852,353,4911.308383233533,4407.317964071856,1,1,False,3,20230404,2,70
5853,354,4911.298994974874,4943.133165829146,0,0,False,3,20230404,2,70
5854,355,4911.308841099164,5479.318399044206,0,0,False,3,20230404,2,70
5855,356,4911.696078431372,6011.318627450981,0,3,True,3,20230404,2,70
5856,357,4911.308383233533,6543.682035928144,3,4,True,3,20230404,2,70
5857,358,4911.796387017759,7083.225658297612,3,0,True,3,20230404,2,70
5858,359,4912.070743405276,7622.958033573142,0,3,True,3,20230404,2,70
5859,360,4911.5,8151.5,2,0,False,3,20230404,2,70
5860,361,4911.5,8694.951572327043,2,2,False,3,20230404,2,70
5861,362,4911.696078431372,9219.68137254902,2,0,False,3,20230404,2,70
5862,363,4911.69656019656,9755.681818181818,2,2,False,3,20230404,2,70
5863,364,4911.5,10291.863190184047,0,0,False,3,20230404,2,70
5864,365,4911.5,10827.863190184047,2,0,False,3,20230404,2,70
5865,366,4911.5,11374.602040816326,1,0,True,3,20230404,2,70
5866,367,4911.780407429598,11902.869682444578,3,2,True,3,20230404,2,70
5867,368,4911.600551808707,12443.043838136113,1,1,False,3,20230404,2,70
5868,369,4911.696078431372,12971.68137254902,6,1,False,3,20230404,2,70
5869,370,4911.780407429598,13504.130317555422,2,2,False,3,20230404,2,70
5870,371,4911.780407429598,14040.130317555422,1,0,False,3,20230404,2,70
5871,372,4911.774165202109,14579.232864674868,0,1,False,3,20230404,2,70
5872,373,4911.696078431372,15115.68137254902,3,2,False,3,20230404,2,70
5873,374,4911.780407429598,15648.130317555422,2,2,True,3,20230404,2,70
5874,375,4911.5,16191.136363636364,1,3,True,3,20230404,2,70
5875,376,4911.5,16731.5,3,1,True,3,20230404,2,70
5876,377,4911.869158878505,17266.77570093458,4,0,False,3,20230404,2,70
5877,378,4911.877182770663,17795.681606519207,8,5,False,3,20230404,2,70
5878,379,4912.261676646706,18335.32754491018,11,5,False,3,20230404,2,70
5879,380,4912.056725146199,18867.49064327485,4,2,False,3,20230404,2,70
5880,381,4911.696078431372,19403.68137254902,1,4,False,3,20230404,2,70
5881,382,4911.796387017759,19947.22565829761,1,0,False,3,20230404,2,70
5882,383,4911.961088355763,20483.050614394386,2,2,False,3,20230404,2,70
5883,384,4911.888206388207,21018.77764127764,5,1,False,3,20230404,2,70
5884,385,5354.359950859951,927.5,1,1,False,3,20230404,2,70
5885,386,5355.3972382787415,1463.4049454078356,0,0,False,3,20230404,2,70
5886,387,5354.355036855037,1999.8341523341523,0,0,False,3,20230404,2,70
5887,388,5355.103761755486,2531.314420062696,34,19,True,3,20230404,2,70
5888,389,5355.299624295554,3067.5,28,34,True,3,20230404,2,70
5889,390,5355.5,3607.309523809524,4,2,False,3,20230404,2,70
5890,391,5355.5,4135.5,3,2,False,3,20230404,2,70
5891,392,5355.87791411043,4678.758895705521,3,1,True,3,20230404,2,70
5892,393,5355.69094247246,5207.313953488372,1,2,True,3,20230404,2,70
5893,394,5355.695611285267,5747.123824451411,1,1,False,3,20230404,2,70
5894,395,5355.600250626567,6275.4047619047615,0,0,False,3,20230404,2,70
5895,396,5355.5,6815.1274509803925,0,0,True,3,20230404,2,70
5896,397,5355.597739767868,7351.404703726329,4,1,True,3,20230404,2,70
5897,398,5355.6027617212585,7887.404945407836,0,1,False,3,20230404,2,70
5898,399,5355.868641532017,8426.757929383602,0,0,False,3,20230404,2,70
5899,400,5355.6027617212585,8951.595054592164,2,0,False,3,20230404,2,70
5900,401,5355.69094247246,9487.686046511628,2,0,False,3,20230404,2,70
5901,402,5355.882352941177,10023.5,1,1,False,3,20230404,2,70
5902,403,5355.788685015291,10559.781345565749,2,1,False,3,20230404,2,70
5903,404,5355.87298266587,11099.5,2,1,False,3,20230404,2,70
5904,405,5355.803536977492,11639.21961414791,1,0,True,3,20230404,2,70
5905,406,5355.788685015291,12175.218654434251,1,4,True,3,20230404,2,70
5906,407,5355.796110414053,12707.218946047678,3,2,False,3,20230404,2,70
5907,408,5355.896238244514,13235.685579937304,1,0,False,3,20230404,2,70
5908,409,5355.700375704446,13771.5,1,2,False,3,20230404,2,70
5909,410,5355.796110414053,14307.781053952322,1,0,False,3,20230404,2,70
5910,411,5355.600125156446,14851.404881101376,2,1,False,3,20230404,2,70
5911,412,5355.700375704446,15379.5,3,1,False,3,20230404,2,70
5912,413,5355.88630806846,15919.685819070904,2,1,True,3,20230404,2,70
5913,414,5355.5,16462.936964504283,5,0,True,3,20230404,2,70
5914,415,5355.896238244514,16995.314420062696,3,1,False,3,20230404,2,70
5915,416,5355.917713152677,17531.31493721084,6,5,False,3,20230404,2,70
5916,417,5355.795739348371,18067.21929824561,1,3,False,3,20230404,2,70
5917,418,5355.6027617212585,18599.59505459217,1,0,False,3,20230404,2,70
5918,419,5355.700375704446,19139.5,3,0,False,3,20230404,2,70
5919,420,5355.968339307049,19675.40442054958,8,3,False,3,20230404,2,70
5920,421,5355.600125156446,20211.40488110137,1,1,False,3,20230404,2,70
5921,422,5355.795739348371,20755.21929824561,5,4,False,3,20230404,2,70
5922,423,5355.700375704446,21283.5,4,6,True,3,20230404,2,70
5923,424,5806.541916167665,1199.3179640718563,0,0,False,3,20230404,2,70
5924,425,5806.328331332533,1727.2454981992796,1,1,False,3,20230404,2,70
5925,426,5806.901257861635,2262.9616352201256,0,0,False,3,20230404,2,70
5926,427,5807.019426180514,2799.4067543335327,0,0,False,3,20230404,2,70
5927,428,5807.204504504504,3335.262162162162,1,1,False,3,20230404,2,70
5928,429,5807.705771643664,3871.5,2,0,False,3,20230404,2,70
5929,430,5807.308383233533,4407.317964071856,0,0,False,3,20230404,2,70
5930,431,5807.397049591965,4943.407093534212,5,3,False,3,20230404,2,70
5931,432,5807.5,5479.136363636364,0,0,False,3,20230404,2,70
5932,433,5807.5,6011.5,0,0,False,3,20230404,2,70
5933,434,5807.317964071856,6544.223353293413,0,0,False,3,20230404,2,70
5934,435,5807.303921568628,7083.318627450981,0,1,False,3,20230404,2,70
5935,436,5807.5,7623.136363636364,1,0,False,3,20230404,2,70
5936,437,5807.5,8151.5,0,0,False,3,20230404,2,70
5937,438,5807.5,8694.951572327043,0,0,False,3,20230404,2,70
5938,439,5807.399448191293,9219.956161863887,2,1,False,3,20230404,2,70
5939,440,5807.303921568628,9755.68137254902,0,1,False,3,20230404,2,70
5940,441,5807.5,10291.863190184047,2,1,False,3,20230404,2,70
5941,442,5807.5,10827.863190184047,4,1,False,3,20230404,2,70
5942,443,5807.5,11374.602040816326,0,0,False,3,20230404,2,70
5943,444,5807.691616766467,11903.317964071855,2,1,False,3,20230404,2,70
5944,445,5807.600551808707,12443.043838136113,2,1,False,3,20230404,2,70
5945,446,5807.696078431372,12971.68137254902,2,0,False,3,20230404,2,70
5946,447,5807.5,13503.863636363636,3,1,False,3,20230404,2,70
5947,448,5807.780407429598,14040.130317555422,3,2,False,3,20230404,2,70
5948,449,5807.5,14579.5,8,4,False,3,20230404,2,70
5949,450,5807.5,15115.5,3,2,False,3,20230404,2,70
5950,451,5807.308383233533,15647.682035928145,2,2,False,3,20230404,2,70
5951,452,5807.219592570402,16190.869682444578,7,3,False,3,20230404,2,70
5952,453,5807.203975535168,16731.225993883792,3,2,False,3,20230404,2,70
5953,454,5808.315897136177,17266.518118059616,4,2,False,3,20230404,2,70
5954,455,5807.5,17795.5,4,2,False,3,20230404,2,70
5955,456,5807.598027495517,18335.04333532576,2,2,False,3,20230404,2,70
5956,457,5807.686915887851,18867.317757009347,2,4,False,3,20230404,2,70
5957,458,5807.399694189602,19403.59296636085,1,1,False,3,20230404,2,70
5958,459,5807.600551808707,19947.04383813612,2,1,False,3,20230404,2,70
5959,460,5807.322429906542,20482.59813084112,7,2,False,3,20230404,2,70
5960,461,5807.600551808707,21019.04383813612,2,3,False,3,20230404,2,70
5961,462,6248.491920447483,929.41671845867,0,0,True,3,20230404,2,70
5962,463,6250.684516129032,1463.5,3,3,True,3,20230404,2,70
5963,464,6250.062461538461,1999.2710769230769,0,0,False,3,20230404,2,70
5964,465,6246.90797940798,2531.5,0,0,False,3,20230404,2,70
5965,466,6251.103761755486,3067.6855799373043,0,0,False,3,20230404,2,70
5966,467,6251.402379499695,3607.4048200122015,1,0,False,3,20230404,2,70
5967,468,6251.30905752754,4135.686046511628,0,1,False,3,20230404,2,70
5968,469,6251.788685015291,4679.21865443425,0,0,False,3,20230404,2,70
5969,470,6251.882352941177,5207.5,2,0,False,3,20230404,2,70
5970,471,6251.600250626567,5747.4047619047615,2,1,False,3,20230404,2,70
5971,472,6251.600250626567,6275.595238095239,0,1,False,3,20230404,2,70
5972,473,6251.5,6815.1274509803925,1,3,False,3,20230404,2,70
5973,474,6251.5,7351.5,1,2,False,3,20230404,2,70
5974,475,6251.6027617212585,7887.404945407836,1,1,False,3,20230404,2,70
5975,476,6251.773053892216,8426.853293413174,0,0,False,3,20230404,2,70
5976,477,6251.5,8951.690231362469,1,0,False,3,20230404,2,70
5977,478,6251.5,9487.872549019608,0,0,False,3,20230404,2,70
5978,479,6251.5,10023.872549019608,1,0,False,3,20230404,2,70
5979,480,6251.69094247246,10559.686046511628,1,0,False,3,20230404,2,70
5980,481,6251.87298266587,11099.5,0,0,False,3,20230404,2,70
5981,482,6251.6027617212585,11639.404945407836,0,1,False,3,20230404,2,70
5982,483,6251.597979179424,12175.032149418248,1,0,False,3,20230404,2,70
5983,484,6251.796110414053,12707.218946047678,0,1,False,3,20230404,2,70
5984,485,6251.896238244514,13235.685579937304,1,2,False,3,20230404,2,70
5985,486,6251.600125156446,13771.595118898624,1,1,False,3,20230404,2,70
5986,487,6251.795739348371,14307.780701754386,0,0,False,3,20230404,2,70
5987,488,6251.5,14851.309643080776,11,6,False,3,20230404,2,70
5988,489,6251.600250626567,15379.40476190476,0,0,False,3,20230404,2,70
5989,490,6251.5,15919.5,2,1,False,3,20230404,2,70
5990,491,6251.5,16462.389434889436,1,1,False,3,20230404,2,70
5991,492,6251.5,16995.30964308078,6,4,False,3,20230404,2,70
5992,493,6251.605540897098,17531.405013192612,3,2,False,3,20230404,2,70
5993,494,6251.5,18066.93753923415,4,1,False,3,20230404,2,70
5994,495,6251.5,18599.5,2,0,False,3,20230404,2,70
5995,496,6251.5,19139.30964308078,2,2,False,3,20230404,2,70
5996,497,6251.5,19675.12701733413,5,4,False,3,20230404,2,70
5997,498,6251.5,20211.30964308078,2,2,False,3,20230404,2,70
5998,499,6251.399874843554,20755.40488110137,5,1,True,3,20230404,2,70
5999,500,6251.600250626567,21283.404761904763,3,4,True,3,20230404,2,70
6000,1,899.004835589942,1464.1473243068988,0,0,True,3,20230404,2,75
6001,2,898.7570725707257,2000.5971709717096,0,1,True,3,20230404,2,75
6002,3,899.2132075471698,2532.3352201257862,3,2,True,3,20230404,2,75
6003,4,899.2132075471698,3068.3352201257862,0,0,False,3,20230404,2,75
6004,5,899.4020208205757,3607.967850581752,1,0,False,3,20230404,2,75
6005,6,899.2204169221336,4136.33629675046,2,1,False,3,20230404,2,75
6006,7,899.4020208205757,4679.967850581751,0,0,False,3,20230404,2,75
6007,8,899.7795830778664,5208.33629675046,0,0,False,3,20230404,2,75
6008,9,899.6956112852664,5747.876175548589,1,1,False,3,20230404,2,75
6009,10,899.204260651629,6275.7807017543855,5,3,False,3,20230404,2,75
6010,11,899.8779141104294,6816.241104294479,1,0,False,3,20230404,2,75
6011,12,900.0686274509804,7352.053921568628,1,2,False,3,20230404,2,75
6012,13,900.3051612903225,7887.866451612903,0,0,False,3,20230404,2,75
6013,14,900.6003003003003,8428.206306306307,0,0,False,3,20230404,2,75
6014,15,900.0979381443299,8952.051546391753,1,0,False,3,20230404,2,75
6015,16,900.2429274292743,9488.59717097171,0,1,False,3,20230404,2,75
6016,17,901.4233621755252,10024.187268232386,0,0,False,3,20230404,2,75
6017,18,901.0743368291178,10560.657310302282,2,0,False,3,20230404,2,75
6018,19,900.5989802039592,11100.224655068989,4,0,False,3,20230404,2,75
6019,20,899.7005141388174,11639.690231362469,0,0,False,3,20230404,2,75
6020,21,901.428306551298,12176.889369592089,0,0,False,3,20230404,2,75
6021,22,900.3805031446541,12707.771698113207,2,0,False,3,20230404,2,75
6022,23,900.3564231738035,13236.502518891688,1,1,False,3,20230404,2,75
6023,24,899.9824120603015,13772.14824120603,0,0,False,3,20230404,2,75
6024,25,900.1607818411097,14308.690416141237,3,3,False,3,20230404,2,75
6025,26,899.896238244514,14851.685579937304,0,0,False,3,20230404,2,75
6026,27,899.9824120603015,15380.14824120603,0,0,False,3,20230404,2,75
6027,28,899.7795830778664,15920.33629675046,0,0,False,3,20230404,2,75
6028,29,899.6909424724602,16463.68604651163,0,1,False,3,20230404,2,75
6029,30,899.6956112852664,16995.87617554859,0,0,False,3,20230404,2,75
6030,31,899.6055408970976,17531.594986807388,0,0,False,3,20230404,2,75
6031,32,899.5,18067.5,2,0,False,3,20230404,2,75
6032,33,899.5,18599.690231362467,0,0,False,3,20230404,2,75
6033,34,899.6002506265664,19139.404761904763,2,1,True,3,20230404,2,75
6034,35,900.1467065868263,19675.226946107785,2,1,True,3,20230404,2,75
6035,36,900.0925925925926,20211.5,1,0,True,3,20230404,2,75
6036,37,900.1842767295598,20754.86603773585,1,0,False,3,20230404,2,75
6037,38,903.89588688946,21283.309768637533,0,0,True,3,20230404,2,75
6038,39,1342.8345888261142,1199.9695543000628,1,0,True,3,20230404,2,75
6039,40,1343.293710691824,1728.4610062893082,0,0,False,3,20230404,2,75
6040,41,1343.1967699406723,2263.78740936058,1,0,False,3,20230404,2,75
6041,42,1343.2115987460816,2799.7884012539184,0,0,False,3,20230404,2,75
6042,43,1343.211959924859,3335.788040075141,4,2,False,3,20230404,2,75
6043,44,1343.5,3871.694993412385,1,2,False,3,20230404,2,75
6044,45,1343.5,4407.6952440550685,1,1,False,3,20230404,2,75
6045,46,1343.5,4943.5,0,0,False,3,20230404,2,75
6046,47,1343.5975609756097,5479.59756097561,0,0,False,3,20230404,2,75
6047,48,1343.5951768488746,6011.788102893891,1,1,False,3,20230404,2,75
6048,49,1343.7790697674418,6544.357322438717,0,0,False,3,20230404,2,75
6049,50,1343.7002567394095,7083.5,1,1,False,3,20230404,2,75
6050,51,1344.0771643663738,7623.5,2,0,False,3,20230404,2,75
6051,52,1343.7884012539184,8151.788401253919,1,1,False,3,20230404,2,75
6052,53,1343.705533596838,8695.5,0,0,False,3,20230404,2,75
6053,54,1343.6953727506427,9219.885604113111,1,0,False,3,20230404,2,75
6054,55,1343.89588688946,9755.690231362469,0,1,False,3,20230404,2,75
6055,56,1343.399935856318,10291.597498396408,2,1,False,3,20230404,2,75
6056,57,1344.0824742268042,10828.067010309278,0,1,False,3,20230404,2,75
6057,58,1344.4319899244333,11374.568010075567,0,0,False,3,20230404,2,75
6058,59,1343.8859649122808,11903.690476190475,0,0,False,3,20230404,2,75
6059,60,1343.89588688946,12443.309768637531,2,1,False,3,20230404,2,75
6060,61,1343.89588688946,12971.690231362469,0,93,False,3,20230404,2,75
6061,62,1343.690476190476,13503.88596491228,3,3,False,3,20230404,2,75
6062,63,1343.8859649122808,14039.690476190475,1,0,False,3,20230404,2,75
6063,64,1343.4044703000611,14579.402020820577,0,0,False,3,20230404,2,75
6064,65,1343.6953727506427,15115.885604113111,1,0,False,3,20230404,2,75
6065,66,1343.690476190476,15647.88596491228,4,2,False,3,20230404,2,75
6066,67,1343.7884012539184,16191.788401253918,1,1,False,3,20230404,2,75
6067,68,1343.399935856318,16731.402501603592,1,1,False,3,20230404,2,75
6068,69,1343.6865030674846,17267.308588957054,3,1,False,3,20230404,2,75
6069,70,1343.5955296999389,17795.98009797918,2,1,False,3,20230404,2,75
6070,71,1343.5975609756097,18335.40243902439,0,0,False,3,20230404,2,75
6071,72,1343.5,18867.88235294117,0,0,False,3,20230404,2,75
6072,73,1343.5,19403.5,0,1,False,3,20230404,2,75
6073,74,1343.89588688946,19947.309768637533,0,0,False,3,20230404,2,75
6074,75,1344.0539215686274,20482.93137254902,3,1,False,3,20230404,2,75
6075,76,1344.1825499034128,21019.03122987765,0,0,True,3,20230404,2,75
6076,77,1786.8558696988323,928.6923786109404,2,0,True,3,20230404,2,75
6077,78,1786.6937984496124,1464.37338501292,1,1,False,3,20230404,2,75
6078,79,1786.9313725490197,2000.053921568628,1,0,False,3,20230404,2,75
6079,80,1787.2038895859473,2531.781053952321,2,2,False,3,20230404,2,75
6080,81,1786.442065491184,3068.3110831234258,2,1,False,3,20230404,2,75
6081,82,1787.970300061237,3608.149112063688,3,2,False,3,20230404,2,75
6082,83,1787.5979791794243,4135.967850581751,1,1,False,3,20230404,2,75
6083,84,1787.2204169221336,4679.772225628449,0,0,False,3,20230404,2,75
6084,85,1787.029699938763,5208.149112063687,1,1,False,3,20230404,2,75
6085,86,1787.882149591452,5748.053111250786,1,0,False,3,20230404,2,75
6086,87,1787.9753476611884,6276.870417193426,1,1,False,3,20230404,2,75
6087,88,1788.0700245700243,6816.055282555282,0,0,False,3,20230404,2,75
6088,89,1788.0686274509803,7352.053921568628,0,0,False,3,20230404,2,75
6089,90,1787.9066924066924,7887.685328185328,0,0,False,3,20230404,2,75
6090,91,1788.4214157168567,8427.5,2,1,False,3,20230404,2,75
6091,92,1788.8411003236247,8951.057281553398,0,0,False,3,20230404,2,75
6092,93,1788.9590264941469,9488.74460874923,0,0,False,3,20230404,2,75
6093,94,1788.5325752919484,10024.31868469576,0,0,False,3,20230404,2,75
6094,95,1789.3282890673256,10560.925571340333,0,0,False,3,20230404,2,75
6095,96,1788.2420706163973,11099.868641532015,0,1,False,3,20230404,2,75
6096,97,1788.1082474226805,11639.5,3,0,False,3,20230404,2,75
6097,98,1788.8382533825338,12175.657441574416,0,0,False,3,20230404,2,75
6098,99,1788.3636363636365,13236.671717171715,0,0,False,3,20230404,2,75
6099,100,1788.083280955374,13772.053111250783,2,1,False,3,20230404,2,75
6100,101,1788.26214511041,14308.5952681388,1,1,False,3,20230404,2,75
6101,102,1788.0925925925926,14851.5,1,3,True,3,20230404,2,75
6102,103,1787.887665198238,15380.240088105727,4,0,True,3,20230404,2,75
6103,104,1787.8779141104294,15920.24110429448,2,2,False,3,20230404,2,75
6104,105,1787.7886850152904,16463.409480122325,0,0,False,3,20230404,2,75
6105,106,1787.795739348371,16995.780701754386,1,1,False,3,20230404,2,75
6106,107,1787.9177131526767,17531.68506278916,0,0,False,3,20230404,2,75
6107,108,1787.7003757044458,18067.5,0,0,False,3,20230404,2,75
6108,109,1787.6027617212587,18599.59505459217,2,0,False,3,20230404,2,75
6109,110,1787.896238244514,19139.314420062696,1,1,False,3,20230404,2,75
6110,111,1788.4214157168567,19675.5,0,0,False,3,20230404,2,75
6111,112,1788.0925925925926,20211.5,3,0,False,3,20230404,2,75
6112,113,1788.083280955374,20754.94688874921,0,0,False,3,20230404,2,75
6113,114,1788.294468887492,21283.5,2,1,True,3,20230404,2,75
6114,115,1791.89588688946,12707.309768637531,2,0,False,3,20230404,2,75
6115,116,2231.304755944931,1199.5,1,1,False,3,20230404,2,75
6116,117,2231.6907151819323,1727.8764115432873,0,0,False,3,20230404,2,75
6117,118,2231.5,2263.5,0,0,False,3,20230404,2,75
6118,119,2231.5,2799.5,1,1,False,3,20230404,2,75
6119,120,2231.5,3335.5,0,0,False,3,20230404,2,75
6120,121,2231.5,3871.5,0,1,False,3,20230404,2,75
6121,122,2231.695244055069,4407.5,0,0,False,3,20230404,2,75
6122,123,2231.5,4943.5,0,0,False,3,20230404,2,75
6123,124,2231.5,5479.5,0,0,False,3,20230404,2,75
6124,125,2231.6000641436817,6011.402501603592,2,2,False,3,20230404,2,75
6125,126,2231.690476190476,6543.8859649122805,0,0,False,3,20230404,2,75
6126,127,2231.89588688946,7083.690231362468,2,0,False,3,20230404,2,75
6127,128,2232.077164366374,7623.5,2,2,False,3,20230404,2,75
6128,129,2231.8859649122805,8151.690476190476,0,0,False,3,20230404,2,75
6129,130,2232.1076618229854,8695.5,0,0,False,3,20230404,2,75
6130,131,2231.79543994862,9219.787732819525,2,0,False,3,20230404,2,75
6131,132,2232.182549903413,9755.968770122345,3,1,False,3,20230404,2,75
6132,133,2232.182549903413,10291.968770122345,1,0,True,3,20230404,2,75
6133,134,2232.082474226804,10828.067010309278,0,0,False,3,20230404,2,75
6134,135,2231.6902377972465,11375.304755944931,2,1,False,3,20230404,2,75
6135,136,2232.165411173886,11903.969554300063,6,5,False,3,20230404,2,75
6136,137,2231.7002567394097,12443.5,4,2,False,3,20230404,2,75
6137,138,2232.0817245817248,12972.06628056628,0,0,False,3,20230404,2,75
6138,139,2232.3332284455632,13504.529578351165,4,3,True,3,20230404,2,75
6139,140,2232.3332284455632,14040.529578351165,3,5,True,3,20230404,2,75
6140,141,2232.241104294478,14579.87791411043,1,1,False,3,20230404,2,75
6141,142,2232.0817245817248,15116.06628056628,0,0,False,3,20230404,2,75
6142,143,2231.9695543000626,15648.165411173886,2,1,False,3,20230404,2,75
6143,144,2231.8859649122805,16191.690476190475,0,0,False,3,20230404,2,75
6144,145,2231.7002567394097,16731.5,0,0,False,3,20230404,2,75
6145,146,2232.241104294478,17267.681595092025,0,0,False,3,20230404,2,75
6146,147,2232.053921568628,17796.06862745098,2,0,False,3,20230404,2,75
6147,148,2231.8859649122805,18335.69047619048,2,1,False,3,20230404,2,75
6148,149,2232.33629675046,18867.220416922133,5,2,False,3,20230404,2,75
6149,150,2231.79543994862,19403.787732819525,0,0,False,3,20230404,2,75
6150,151,2231.89588688946,19947.309768637533,0,0,False,3,20230404,2,75
6151,152,2232.33629675046,20483.220416922133,0,1,False,3,20230404,2,75
6152,153,2231.89588688946,21019.309768637533,0,0,False,3,20230404,2,75
6153,154,2674.93137254902,928.0539215686274,4,1,False,3,20230404,2,75
6154,155,2677.859493670886,1462.4012658227848,0,0,False,3,20230404,2,75
6155,156,2675.406919779547,1999.776791181874,1,2,False,3,20230404,2,75
6156,157,2674.90666247643,2531.489943431804,0,0,False,3,20230404,2,75
6157,158,2675.1173694147265,3068.04877281309,1,1,False,3,20230404,2,75
6158,159,2674.6416309012875,3607.7722256284487,0,0,False,3,20230404,2,75
6159,160,2678.221252257676,4135.150812763395,2,1,False,3,20230404,2,75
6160,161,2679.5,4679.5,3,1,False,3,20230404,2,75
6161,162,2678.2738452309536,5208.111877624475,1,1,False,3,20230404,2,75
6162,163,2679.5,5747.5,2,0,False,3,20230404,2,75
6163,164,2680.4987699877,6275.849323493235,0,0,False,3,20230404,2,75
6164,165,2679.882775119617,6815.5,2,1,False,3,20230404,2,75
6165,166,2680.2616766467067,7351.859281437126,1,0,False,3,20230404,2,75
6166,167,2680.236225087925,8427.317116060962,2,0,False,3,20230404,2,75
6167,168,2679.907035175879,8951.680904522613,1,0,False,3,20230404,2,75
6168,169,2679.211389385808,9487.774299344066,0,0,False,3,20230404,2,75
6169,170,2680.0693779904304,10024.04066985646,5,0,True,3,20230404,2,75
6170,171,2681.5253470126736,10560.709414604707,0,4,True,3,20230404,2,75
6171,172,2680.147574517826,11099.766510812393,0,0,False,3,20230404,2,75
6172,173,2680.1638705811865,12175.766027561414,0,0,False,3,20230404,2,75
6173,174,2680.093137254902,12707.5,3,1,False,3,20230404,2,75
6174,175,2680.0840490797545,13236.039877300613,3,1,False,3,20230404,2,75
6175,176,2679.796024464832,13771.774006116208,3,4,False,3,20230404,2,75
6176,177,2680.459409594096,14308.385608856088,0,0,False,3,20230404,2,75
6177,178,2679.896572827417,14851.681150550796,0,0,False,3,20230404,2,75
6178,179,2680.0840490797545,15380.039877300613,1,1,False,3,20230404,2,75
6179,180,2680.0693779904304,15920.04066985646,0,0,True,3,20230404,2,75
6180,181,2679.980573819486,16463.406754333533,0,0,False,3,20230404,2,75
6181,182,2679.896572827417,16995.681150550794,3,2,False,3,20230404,2,75
6182,183,2679.605602060528,17531.592723760463,0,0,False,3,20230404,2,75
6183,184,2679.9935543278084,18067.58348680172,0,0,False,3,20230404,2,75
6184,185,2679.80923947203,18599.42206159648,2,1,False,3,20230404,2,75
6185,186,2680.1876155268023,19139.214109673445,0,0,False,3,20230404,2,75
6186,187,2680.4227166276346,19675.5,1,1,False,3,20230404,2,75
6187,188,2679.700488997555,20211.5,1,1,False,3,20230404,2,75
6188,189,2679.7963870177587,20755.22565829761,1,1,False,3,20230404,2,75
6189,190,2680.093137254902,21283.5,1,1,True,3,20230404,2,75
6190,191,2683.602761721259,7887.595054592164,1,0,False,3,20230404,2,75
6191,192,2683.9025806451614,11639.5,0,0,False,3,20230404,2,75
6192,193,3130.359950859951,1199.5,0,0,False,3,20230404,2,75
6193,194,3125.668888888889,1728.9653968253967,3,1,False,3,20230404,2,75
6194,195,3131.397238278741,2263.5950545921646,2,2,False,3,20230404,2,75
6195,196,3127.2105097545627,2799.7794210195093,2,0,True,3,20230404,2,75
6196,197,3129.775092936803,3336.6995043370507,1,0,True,3,20230404,2,75
6197,198,3131.397238278741,3871.5950545921646,0,0,False,3,20230404,2,75
6198,199,3130.726600985221,4406.869458128079,1,1,False,3,20230404,2,75
6199,200,3130.9945196647323,4943.595422308188,0,0,False,3,20230404,2,75
6200,201,3131.402260232132,5479.404703726329,1,0,False,3,20230404,2,75
6201,202,3131.203889585948,6011.781053952322,1,0,False,3,20230404,2,75
6202,203,3131.1220858895704,6544.241104294479,0,0,False,3,20230404,2,75
6203,204,3131.6001251564458,7083.595118898624,0,0,False,3,20230404,2,75
6204,205,3131.5,7623.127450980392,3,2,False,3,20230404,2,75
6205,206,3131.5,8151.872549019607,2,0,False,3,20230404,2,75
6206,207,3131.5,8695.309768637531,1,1,False,3,20230404,2,75
6207,208,3131.6956112852663,9219.876175548588,1,0,False,3,20230404,2,75
6208,209,3131.7961104140527,9755.781053952322,1,1,False,3,20230404,2,75
6209,210,3131.7961104140527,10291.781053952322,3,1,True,3,20230404,2,75
6210,211,3131.5,10828.06246076585,1,0,False,3,20230404,2,75
6211,212,3131.779926335175,11374.854205033764,0,0,False,3,20230404,2,75
6212,213,3131.6909424724604,11903.686046511628,0,0,True,3,20230404,2,75
6213,214,3131.6002506265663,12443.40476190476,2,2,False,3,20230404,2,75
6214,215,3131.7961104140527,12971.781053952322,0,0,False,3,20230404,2,75
6215,216,3131.7795830778664,13504.33629675046,1,1,False,3,20230404,2,75
6216,217,3131.7795830778664,14040.33629675046,1,2,False,3,20230404,2,75
6217,218,3131.960431654676,14579.960431654676,3,1,False,3,20230404,2,75
6218,219,3131.6956112852663,15115.876175548588,4,1,False,3,20230404,2,75
6219,220,3131.5,15648.063035495716,0,0,False,3,20230404,2,75
6220,221,3131.8823529411766,16191.5,2,1,False,3,20230404,2,75
6221,222,3131.5,16731.30964308078,1,0,False,3,20230404,2,75
6222,223,3131.6862686567165,17267.313731343285,0,0,False,3,20230404,2,75
6223,224,3131.313953488372,17795.68604651163,0,0,False,3,20230404,2,75
6224,225,3131.6909424724604,18335.31395348837,0,0,False,3,20230404,2,75
6225,226,3131.68671454219,18867.68671454219,0,0,False,3,20230404,2,75
6226,227,3131.700375704446,19403.5,0,0,False,3,20230404,2,75
6227,228,3131.5,19947.5,1,1,False,3,20230404,2,75
6228,229,3131.782634730539,20482.661676646705,1,0,False,3,20230404,2,75
6229,230,3131.7961104140527,21019.21894604768,0,0,False,3,20230404,2,75
6230,231,3570.6416309012875,927.7722256284488,0,0,False,3,20230404,2,75
6231,232,3571.5,1463.5,0,0,False,3,20230404,2,75
6232,233,3569.9433497536947,2000.5147783251232,0,0,False,3,20230404,2,75
6233,234,3571.3043887147337,2531.1238244514107,0,0,False,3,20230404,2,75
6234,235,3571.8962382445143,3067.6855799373043,0,0,False,3,20230404,2,75
6235,236,3571.5,3607.309523809524,0,0,False,3,20230404,2,75
6236,237,3571.597620500305,4135.595179987798,0,0,False,3,20230404,2,75
6237,238,3571.5,4679.5,1,1,False,3,20230404,2,75
6238,239,3571.88630806846,5207.6858190709045,2,1,False,3,20230404,2,75
6239,240,3571.7961104140527,5747.590338770389,1,1,False,3,20230404,2,75
6240,241,3571.8962382445143,6275.314420062696,0,1,False,3,20230404,2,75
6241,242,3571.69536019536,6815.5,2,1,False,3,20230404,2,75
6242,243,3572.166258420086,7351.041947336191,1,0,False,3,20230404,2,75
6243,244,3571.7056555269924,7887.5,0,0,False,3,20230404,2,75
6244,245,3572.5167865707435,8427.404076738609,0,0,False,3,20230404,2,75
6245,246,3571.9066924066924,8951.685328185327,0,0,False,3,20230404,2,75
6246,247,3572.260736196319,9487.86809815951,2,0,False,3,20230404,2,75
6247,248,3572.260736196319,10023.86809815951,2,2,False,3,20230404,2,75
6248,249,3572.0686274509803,10560.053921568628,1,2,False,3,20230404,2,75
6249,250,3574.511180124224,11097.66645962733,0,0,False,3,20230404,2,75
6250,251,3572.00998068255,11639.404700579524,5,2,True,3,20230404,2,75
6251,252,3572.3583690987125,12175.227774371551,1,1,True,3,20230404,2,75
6252,253,3572.0925925925926,12707.5,0,1,True,3,20230404,2,75
6253,254,3572.0825486503454,13236.052416823602,0,0,False,3,20230404,2,75
6254,255,3571.8962382445143,13771.685579937304,0,0,False,3,20230404,2,75
6255,256,3572.183417085427,14307.957286432162,0,0,False,3,20230404,2,75
6256,257,3571.700375704446,14851.5,3,2,False,3,20230404,2,75
6257,258,3572.183417085427,15379.957286432162,1,1,False,3,20230404,2,75
6258,259,3572.3583690987125,15919.772225628449,1,1,False,3,20230404,2,75
6259,260,3571.88630806846,16463.314180929094,1,1,False,3,20230404,2,75
6260,261,3572.0925925925926,16995.5,1,0,False,3,20230404,2,75
6261,262,3571.6055408970974,17531.594986807388,3,0,False,3,20230404,2,75
6262,263,3571.6001251564458,18067.40488110137,1,1,False,3,20230404,2,75
6263,264,3571.602761721259,18599.59505459217,0,0,False,3,20230404,2,75
6264,265,3572.0925925925926,19139.5,4,2,False,3,20230404,2,75
6265,266,3572.5167865707435,19675.59592326139,1,1,False,3,20230404,2,75
6266,267,3572.0925925925926,20211.5,2,1,False,3,20230404,2,75
6267,268,3572.183417085427,20755.04271356784,1,0,False,3,20230404,2,75
6268,269,3572.0925925925926,21283.5,1,0,True,3,20230404,2,75
6269,270,4023.1235884567127,1199.1135508155585,0,1,False,3,20230404,2,75
6270,271,4023.4024390243903,1727.5975609756097,2,0,False,3,20230404,2,75
6271,272,4023.5,2263.5,1,1,False,3,20230404,2,75
6272,273,4023.5,2799.304755944931,0,0,False,3,20230404,2,75
6273,274,4023.22057898049,3335.7794210195093,0,0,False,3,20230404,2,75
6274,275,4023.6026991441736,3871.597432521396,1,1,True,3,20230404,2,75
6275,276,4023.6911949685536,4407.308805031446,0,0,True,3,20230404,2,75
6276,277,4023.3973008558255,4943.597432521396,1,1,False,3,20230404,2,75
6277,278,4023.690476190476,5479.11403508772,0,1,False,3,20230404,2,75
6278,279,4023.6000641436817,6011.597498396408,0,0,False,3,20230404,2,75
6279,280,4023.690476190476,6543.8859649122805,0,0,False,3,20230404,2,75
6280,281,4023.7002567394097,7083.5,0,0,False,3,20230404,2,75
6281,282,4023.7884012539184,7623.211598746081,1,1,False,3,20230404,2,75
6282,283,4023.885964912281,8151.690476190476,0,0,False,3,20230404,2,75
6283,284,4023.6026991441736,8695.402567478604,4,4,False,3,20230404,2,75
6284,285,4023.7954399486193,9219.787732819525,0,1,False,3,20230404,2,75
6285,286,4023.89588688946,9755.690231362469,3,1,False,3,20230404,2,75
6286,287,4023.89588688946,10291.690231362469,0,0,False,3,20230404,2,75
6287,288,4023.6953727506425,10827.885604113111,1,1,True,3,20230404,2,75
6288,289,4023.7884012539184,11375.211598746082,1,1,True,3,20230404,2,75
6289,290,4023.885964912281,11903.690476190475,1,3,False,3,20230404,2,75
6290,291,4023.7002567394097,12443.5,1,0,False,3,20230404,2,75
6291,292,4023.7954399486193,12971.787732819525,1,0,False,3,20230404,2,75
6292,293,4023.969554300063,13504.165411173886,2,1,False,3,20230404,2,75
6293,294,4023.885964912281,14039.690476190475,0,0,False,3,20230404,2,75
6294,295,4023.87652811736,14579.690709046456,0,1,False,3,20230404,2,75
6295,296,4023.7954399486193,15115.787732819525,1,0,False,3,20230404,2,75
6296,297,4023.5975609756097,15647.40243902439,0,0,False,3,20230404,2,75
6297,298,4023.5,16191.5,1,0,False,3,20230404,2,75
6298,299,4023.6000641436817,16731.402501603592,0,0,False,3,20230404,2,75
6299,300,4023.4048200122015,17267.402379499694,0,0,False,3,20230404,2,75
6300,301,4024.053921568628,17796.06862745098,0,0,False,3,20230404,2,75
6301,302,4023.695244055069,18335.5,2,0,False,3,20230404,2,75
6302,303,4023.5,18867.5,0,0,False,3,20230404,2,75
6303,304,4023.6000641436817,19403.597498396408,1,0,True,3,20230404,2,75
6304,305,4023.89588688946,19947.309768637533,0,0,True,3,20230404,2,75
6305,306,4023.314180929096,20483.11369193154,2,0,False,3,20230404,2,75
6306,307,4023.6000641436817,21019.402501603592,0,0,False,3,20230404,2,75
6307,308,4467.308588957055,927.6865030674846,0,1,False,3,20230404,2,75
6308,309,4467.6027617212585,1463.5950545921644,0,1,False,3,20230404,2,75
6309,310,4467.69094247246,1999.686046511628,0,0,False,3,20230404,2,75
6310,311,4467.5,2531.5,3,1,False,3,20230404,2,75
6311,312,4467.103264281231,3067.133396107972,1,1,False,3,20230404,2,75
6312,313,4467.597620500305,3607.5951799877976,0,0,False,3,20230404,2,75
6313,314,4468.0700245700245,4135.490171990172,1,1,False,3,20230404,2,75
6314,315,4467.790461538461,4678.6704615384615,0,1,False,3,20230404,2,75
6315,316,4467.220416922134,5207.772225628449,0,0,False,3,20230404,2,75
6316,317,4467.600250626567,5747.4047619047615,0,0,False,3,20230404,2,75
6317,318,4467.695611285267,6275.876175548589,1,3,False,3,20230404,2,75
6318,319,4468.067931456549,6814.9467564259485,0,0,False,3,20230404,2,75
6319,320,4467.69094247246,7351.686046511628,0,0,False,3,20230404,2,75
6320,321,4467.705655526992,7887.5,0,0,False,3,20230404,2,75
6321,322,4467.9604316546765,8427.039568345324,1,1,False,3,20230404,2,75
6322,323,4467.803536977492,8951.78038585209,0,0,False,3,20230404,2,75
6323,324,4467.779926335175,9488.145794966236,1,0,False,3,20230404,2,75
6324,325,4467.970876762723,10023.958614347026,2,1,False,3,20230404,2,75
6325,326,4467.779926335175,10560.145794966236,1,0,False,3,20230404,2,75
6326,327,4467.773709483794,11099.773709483794,0,0,False,3,20230404,2,75
6327,328,4467.705655526992,11639.5,0,0,False,3,20230404,2,75
6328,329,4467.691411042945,12175.313496932517,1,0,False,3,20230404,2,75
6329,330,4467.992462311558,12707.404522613066,2,1,False,3,20230404,2,75
6330,331,4467.982412060302,13236.14824120603,1,1,False,3,20230404,2,75
6331,332,4467.695611285267,13771.876175548588,0,1,False,3,20230404,2,75
6332,333,4467.78679245283,14308.335220125786,0,0,False,3,20230404,2,75
6333,334,4467.700375704446,14851.5,1,0,False,3,20230404,2,75
6334,335,4467.695611285267,15379.876175548588,1,1,False,3,20230404,2,75
6335,336,4467.69094247246,15919.686046511628,0,0,False,3,20230404,2,75
6336,337,4467.597979179424,16463.03214941825,3,2,False,3,20230404,2,75
6337,338,4467.796110414053,16995.590338770387,2,2,False,3,20230404,2,75
6338,339,4467.812169312169,17531.589947089946,2,2,False,3,20230404,2,75
6339,340,4467.304143126177,18067.314187068423,1,2,False,3,20230404,2,75
6340,341,4467.6027617212585,18599.59505459217,0,0,False,3,20230404,2,75
6341,342,4467.992462311558,19139.59547738693,0,1,False,3,20230404,2,75
6342,343,4467.9604316546765,19675.586330935253,3,2,False,3,20230404,2,75
6343,344,4467.992462311558,20211.404522613066,2,0,False,3,20230404,2,75
6344,345,4467.695611285267,20755.87617554859,0,0,False,3,20230404,2,75
6345,346,4467.600250626567,21283.404761904763,0,0,True,3,20230404,2,75
6346,347,4910.279048765804,1198.8762793497892,0,0,False,3,20230404,2,75
6347,348,4909.975961538462,1726.3557692307693,0,0,False,3,20230404,2,75
6348,349,4911.294228356336,2263.5,0,0,False,3,20230404,2,75
6349,350,4910.738323353294,2799.859281437126,0,1,False,3,20230404,2,75
6350,351,4910.551497005988,3335.32754491018,0,0,False,3,20230404,2,75
6351,352,4911.092964824121,3871.680904522613,0,0,False,3,20230404,2,75
6352,353,4911.308383233533,4407.317964071856,0,0,False,3,20230404,2,75
6353,354,4911.298994974874,4943.133165829146,0,0,False,3,20230404,2,75
6354,355,4911.308841099164,5479.318399044206,0,0,False,3,20230404,2,75
6355,356,4911.696078431372,6011.318627450981,0,0,False,3,20230404,2,75
6356,357,4911.308383233533,6543.682035928144,0,0,False,3,20230404,2,75
6357,358,4911.796387017759,7083.225658297612,1,1,False,3,20230404,2,75
6358,359,4912.070743405276,7622.958033573142,0,1,False,3,20230404,2,75
6359,360,4911.5,8151.5,7,0,False,3,20230404,2,75
6360,361,4911.5,8694.951572327043,0,0,False,3,20230404,2,75
6361,362,4911.696078431372,9219.68137254902,2,1,False,3,20230404,2,75
6362,363,4911.69656019656,9755.681818181818,0,0,False,3,20230404,2,75
6363,364,4911.5,10291.863190184047,2,1,False,3,20230404,2,75
6364,365,4911.5,10827.863190184047,0,0,False,3,20230404,2,75
6365,366,4911.5,11374.602040816326,0,0,False,3,20230404,2,75
6366,367,4911.780407429598,11902.869682444578,1,2,False,3,20230404,2,75
6367,368,4911.600551808707,12443.043838136113,0,0,False,3,20230404,2,75
6368,369,4911.696078431372,12971.68137254902,1,1,False,3,20230404,2,75
6369,370,4911.780407429598,13504.130317555422,0,0,False,3,20230404,2,75
6370,371,4911.780407429598,14040.130317555422,0,0,False,3,20230404,2,75
6371,372,4911.774165202109,14579.232864674868,0,0,False,3,20230404,2,75
6372,373,4911.696078431372,15115.68137254902,3,1,False,3,20230404,2,75
6373,374,4911.780407429598,15648.130317555422,0,0,False,3,20230404,2,75
6374,375,4911.5,16191.136363636364,0,0,False,3,20230404,2,75
6375,376,4911.5,16731.5,1,1,False,3,20230404,2,75
6376,377,4911.869158878505,17266.77570093458,4,1,False,3,20230404,2,75
6377,378,4911.877182770663,17795.681606519207,8,6,False,3,20230404,2,75
6378,379,4912.261676646706,18335.32754491018,1,1,False,3,20230404,2,75
6379,380,4912.056725146199,18867.49064327485,1,1,False,3,20230404,2,75
6380,381,4911.696078431372,19403.68137254902,3,1,False,3,20230404,2,75
6381,382,4911.796387017759,19947.22565829761,1,0,False,3,20230404,2,75
6382,383,4911.961088355763,20483.050614394386,1,0,False,3,20230404,2,75
6383,384,4911.888206388207,21018.77764127764,3,1,False,3,20230404,2,75
6384,385,5354.359950859951,927.5,1,2,False,3,20230404,2,75
6385,386,5355.3972382787415,1463.4049454078356,0,0,False,3,20230404,2,75
6386,387,5354.355036855037,1999.8341523341523,0,0,False,3,20230404,2,75
6387,388,5355.103761755486,2531.314420062696,0,0,False,3,20230404,2,75
6388,389,5355.299624295554,3067.5,0,0,False,3,20230404,2,75
6389,390,5355.5,3607.309523809524,0,0,False,3,20230404,2,75
6390,391,5355.5,4135.5,1,1,False,3,20230404,2,75
6391,392,5355.87791411043,4678.758895705521,1,0,False,3,20230404,2,75
6392,393,5355.69094247246,5207.313953488372,1,1,False,3,20230404,2,75
6393,394,5355.695611285267,5747.123824451411,0,0,False,3,20230404,2,75
6394,395,5355.600250626567,6275.4047619047615,2,1,False,3,20230404,2,75
6395,396,5355.5,6815.1274509803925,1,0,False,3,20230404,2,75
6396,397,5355.597739767868,7351.404703726329,0,1,False,3,20230404,2,75
6397,398,5355.6027617212585,7887.404945407836,0,0,False,3,20230404,2,75
6398,399,5355.868641532017,8426.757929383602,1,0,False,3,20230404,2,75
6399,400,5355.6027617212585,8951.595054592164,1,0,False,3,20230404,2,75
6400,401,5355.69094247246,9487.686046511628,2,0,False,3,20230404,2,75
6401,402,5355.882352941177,10023.5,2,1,False,3,20230404,2,75
6402,403,5355.788685015291,10559.781345565749,1,0,False,3,20230404,2,75
6403,404,5355.87298266587,11099.5,0,0,False,3,20230404,2,75
6404,405,5355.803536977492,11639.21961414791,0,0,False,3,20230404,2,75
6405,406,5355.788685015291,12175.218654434251,0,0,False,3,20230404,2,75
6406,407,5355.796110414053,12707.218946047678,0,0,False,3,20230404,2,75
6407,408,5355.896238244514,13235.685579937304,0,0,False,3,20230404,2,75
6408,409,5355.700375704446,13771.5,0,0,False,3,20230404,2,75
6409,410,5355.796110414053,14307.781053952322,0,0,False,3,20230404,2,75
6410,411,5355.600125156446,14851.404881101376,1,0,False,3,20230404,2,75
6411,412,5355.700375704446,15379.5,2,1,False,3,20230404,2,75
6412,413,5355.88630806846,15919.685819070904,1,2,False,3,20230404,2,75
6413,414,5355.5,16462.936964504283,0,0,False,3,20230404,2,75
6414,415,5355.896238244514,16995.314420062696,1,0,False,3,20230404,2,75
6415,416,5355.917713152677,17531.31493721084,2,0,False,3,20230404,2,75
6416,417,5355.795739348371,18067.21929824561,0,0,True,3,20230404,2,75
6417,418,5355.6027617212585,18599.59505459217,2,0,True,3,20230404,2,75
6418,419,5355.700375704446,19139.5,1,1,False,3,20230404,2,75
6419,420,5355.968339307049,19675.40442054958,1,109,False,3,20230404,2,75
6420,421,5355.600125156446,20211.40488110137,2,0,False,3,20230404,2,75
6421,422,5355.795739348371,20755.21929824561,1,1,False,3,20230404,2,75
6422,423,5355.700375704446,21283.5,0,0,True,3,20230404,2,75
6423,424,5806.541916167665,1199.3179640718563,0,1,False,3,20230404,2,75
6424,425,5806.328331332533,1727.2454981992796,1,1,False,3,20230404,2,75
6425,426,5806.901257861635,2262.9616352201256,0,0,False,3,20230404,2,75
6426,427,5807.019426180514,2799.4067543335327,1,1,False,3,20230404,2,75
6427,428,5807.204504504504,3335.262162162162,0,0,False,3,20230404,2,75
6428,429,5807.705771643664,3871.5,0,1,False,3,20230404,2,75
6429,430,5807.308383233533,4407.317964071856,2,0,False,3,20230404,2,75
6430,431,5807.397049591965,4943.407093534212,1,0,False,3,20230404,2,75
6431,432,5807.5,5479.136363636364,0,0,False,3,20230404,2,75
6432,433,5807.5,6011.5,1,0,False,3,20230404,2,75
6433,434,5807.317964071856,6544.223353293413,0,1,False,3,20230404,2,75
6434,435,5807.303921568628,7083.318627450981,1,0,False,3,20230404,2,75
6435,436,5807.5,7623.136363636364,0,0,False,3,20230404,2,75
6436,437,5807.5,8151.5,1,1,False,3,20230404,2,75
6437,438,5807.5,8694.951572327043,1,1,False,3,20230404,2,75
6438,439,5807.399448191293,9219.956161863887,2,2,False,3,20230404,2,75
6439,440,5807.303921568628,9755.68137254902,2,0,False,3,20230404,2,75
6440,441,5807.5,10291.863190184047,0,1,False,3,20230404,2,75
6441,442,5807.5,10827.863190184047,2,2,False,3,20230404,2,75
6442,443,5807.5,11374.602040816326,0,0,False,3,20230404,2,75
6443,444,5807.691616766467,11903.317964071855,0,0,False,3,20230404,2,75
6444,445,5807.600551808707,12443.043838136113,0,0,False,3,20230404,2,75
6445,446,5807.696078431372,12971.68137254902,1,2,False,3,20230404,2,75
6446,447,5807.5,13503.863636363636,0,0,False,3,20230404,2,75
6447,448,5807.780407429598,14040.130317555422,0,0,False,3,20230404,2,75
6448,449,5807.5,14579.5,0,0,False,3,20230404,2,75
6449,450,5807.5,15115.5,1,0,False,3,20230404,2,75
6450,451,5807.308383233533,15647.682035928145,0,1,False,3,20230404,2,75
6451,452,5807.219592570402,16190.869682444578,2,1,False,3,20230404,2,75
6452,453,5807.203975535168,16731.225993883792,0,0,False,3,20230404,2,75
6453,454,5808.315897136177,17266.518118059616,0,1,False,3,20230404,2,75
6454,455,5807.5,17795.5,1,1,False,3,20230404,2,75
6455,456,5807.598027495517,18335.04333532576,0,0,False,3,20230404,2,75
6456,457,5807.686915887851,18867.317757009347,0,0,False,3,20230404,2,75
6457,458,5807.399694189602,19403.59296636085,0,0,False,3,20230404,2,75
6458,459,5807.600551808707,19947.04383813612,2,1,False,3,20230404,2,75
6459,460,5807.322429906542,20482.59813084112,1,2,False,3,20230404,2,75
6460,461,5807.600551808707,21019.04383813612,0,1,False,3,20230404,2,75
6461,462,6248.491920447483,929.41671845867,1,0,True,3,20230404,2,75
6462,463,6250.684516129032,1463.5,1,0,True,3,20230404,2,75
6463,464,6250.062461538461,1999.2710769230769,0,0,False,3,20230404,2,75
6464,465,6246.90797940798,2531.5,0,0,False,3,20230404,2,75
6465,466,6251.103761755486,3067.6855799373043,1,0,False,3,20230404,2,75
6466,467,6251.402379499695,3607.4048200122015,2,1,False,3,20230404,2,75
6467,468,6251.30905752754,4135.686046511628,0,0,False,3,20230404,2,75
6468,469,6251.788685015291,4679.21865443425,0,0,False,3,20230404,2,75
6469,470,6251.882352941177,5207.5,0,0,False,3,20230404,2,75
6470,471,6251.600250626567,5747.4047619047615,0,0,False,3,20230404,2,75
6471,472,6251.600250626567,6275.595238095239,0,0,False,3,20230404,2,75
6472,473,6251.5,6815.1274509803925,0,0,False,3,20230404,2,75
6473,474,6251.5,7351.5,0,0,True,3,20230404,2,75
6474,475,6251.6027617212585,7887.404945407836,0,0,True,3,20230404,2,75
6475,476,6251.773053892216,8426.853293413174,2,2,True,3,20230404,2,75
6476,477,6251.5,8951.690231362469,1,0,True,3,20230404,2,75
6477,478,6251.5,9487.872549019608,0,0,True,3,20230404,2,75
6478,479,6251.5,10023.872549019608,0,0,True,3,20230404,2,75
6479,480,6251.69094247246,10559.686046511628,1,1,True,3,20230404,2,75
6480,481,6251.87298266587,11099.5,0,0,True,3,20230404,2,75
6481,482,6251.6027617212585,11639.404945407836,1,1,True,3,20230404,2,75
6482,483,6251.597979179424,12175.032149418248,0,1,True,3,20230404,2,75
6483,484,6251.796110414053,12707.218946047678,0,0,True,3,20230404,2,75
6484,485,6251.896238244514,13235.685579937304,1,2,True,3,20230404,2,75
6485,486,6251.600125156446,13771.595118898624,1,1,True,3,20230404,2,75
6486,487,6251.795739348371,14307.780701754386,1,3,True,3,20230404,2,75
6487,488,6251.5,14851.309643080776,1,0,True,3,20230404,2,75
6488,489,6251.600250626567,15379.40476190476,1,0,True,3,20230404,2,75
6489,490,6251.5,15919.5,1,1,True,3,20230404,2,75
6490,491,6251.5,16462.389434889436,3,1,True,3,20230404,2,75
6491,492,6251.5,16995.30964308078,0,0,True,3,20230404,2,75
6492,493,6251.605540897098,17531.405013192612,2,1,True,3,20230404,2,75
6493,494,6251.5,18066.93753923415,3,3,True,3,20230404,2,75
6494,495,6251.5,18599.5,0,0,True,3,20230404,2,75
6495,496,6251.5,19139.30964308078,2,2,True,3,20230404,2,75
6496,497,6251.5,19675.12701733413,0,0,True,3,20230404,2,75
6497,498,6251.5,20211.30964308078,0,2,True,3,20230404,2,75
6498,499,6251.399874843554,20755.40488110137,2,0,True,3,20230404,2,75
6499,500,6251.600250626567,21283.404761904763,1,1,True,3,20230404,2,75
6500,1,899.004835589942,1464.1473243068988,0,74,True,0,20230315,1,80
6501,2,898.7570725707257,2000.5971709717096,0,0,True,0,20230315,1,80
6502,3,899.2132075471698,2532.3352201257862,0,2,False,0,20230315,1,80
6503,4,899.2132075471698,3068.3352201257862,2,1,False,0,20230315,1,80
6504,5,899.4020208205757,3607.967850581752,0,0,False,0,20230315,1,80
6505,6,899.2204169221336,4136.33629675046,2,0,False,0,20230315,1,80
6506,7,899.4020208205757,4679.967850581751,0,104,False,0,20230315,1,80
6507,8,899.7795830778664,5208.33629675046,0,0,False,0,20230315,1,80
6508,9,899.6956112852664,5747.876175548589,1,0,False,0,20230315,1,80
6509,10,899.204260651629,6275.7807017543855,5,12,True,0,20230315,1,80
6510,11,899.8779141104294,6816.241104294479,0,110,False,0,20230315,1,80
6511,12,900.0686274509804,7352.053921568628,4,2,False,0,20230315,1,80
6512,13,900.3051612903225,7887.866451612903,1,1,False,0,20230315,1,80
6513,14,900.6003003003003,8428.206306306307,1,92,False,0,20230315,1,80
6514,15,900.0979381443299,8952.051546391753,1,0,False,0,20230315,1,80
6515,16,900.2429274292743,9488.59717097171,1,1,False,0,20230315,1,80
6516,17,901.4233621755252,10024.187268232386,1,1,False,0,20230315,1,80
6517,18,901.0743368291178,10560.657310302282,2,1,False,0,20230315,1,80
6518,19,900.5989802039592,11100.224655068989,0,0,False,0,20230315,1,80
6519,20,899.7005141388174,11639.690231362469,1,1,False,0,20230315,1,80
6520,21,901.428306551298,12176.889369592089,2,1,False,0,20230315,1,80
6521,22,900.3805031446541,12707.771698113207,1,2,False,0,20230315,1,80
6522,23,900.3564231738035,13236.502518891688,3,0,False,0,20230315,1,80
6523,24,899.9824120603015,13772.14824120603,0,0,False,0,20230315,1,80
6524,25,900.1607818411097,14308.690416141237,1,1,False,0,20230315,1,80
6525,26,899.896238244514,14851.685579937304,0,0,False,0,20230315,1,80
6526,27,899.9824120603015,15380.14824120603,0,0,False,0,20230315,1,80
6527,28,899.7795830778664,15920.33629675046,1,1,False,0,20230315,1,80
6528,29,899.6909424724602,16463.68604651163,2,1,False,0,20230315,1,80
6529,30,899.6956112852664,16995.87617554859,1,105,False,0,20230315,1,80
6530,31,899.6055408970976,17531.594986807388,1,116,False,0,20230315,1,80
6531,32,899.5,18067.5,1,1,False,0,20230315,1,80
6532,33,899.5,18599.690231362467,1,1,False,0,20230315,1,80
6533,34,899.6002506265664,19139.404761904763,3,50,False,0,20230315,1,80
6534,35,900.1467065868263,19675.226946107785,1,0,False,0,20230315,1,80
6535,36,900.0925925925926,20211.5,0,0,True,0,20230315,1,80
6536,37,900.1842767295598,20754.86603773585,1,2,False,0,20230315,1,80
6537,38,903.89588688946,21283.309768637533,0,0,True,0,20230315,1,80
6538,39,1342.8345888261142,1199.9695543000628,3,2,False,0,20230315,1,80
6539,40,1343.293710691824,1728.4610062893082,0,3,False,0,20230315,1,80
6540,41,1343.1967699406723,2263.78740936058,1,0,False,0,20230315,1,80
6541,42,1343.2115987460816,2799.7884012539184,0,0,False,0,20230315,1,80
6542,43,1343.211959924859,3335.788040075141,0,1,False,0,20230315,1,80
6543,44,1343.5,3871.694993412385,0,125,False,0,20230315,1,80
6544,45,1343.5,4407.6952440550685,2,1,False,0,20230315,1,80
6545,46,1343.5,4943.5,0,0,False,0,20230315,1,80
6546,47,1343.5975609756097,5479.59756097561,0,1,False,0,20230315,1,80
6547,48,1343.5951768488746,6011.788102893891,3,124,True,0,20230315,1,80
6548,49,1343.7790697674418,6544.357322438717,17,125,True,0,20230315,1,80
6549,50,1343.7002567394095,7083.5,0,104,False,0,20230315,1,80
6550,51,1344.0771643663738,7623.5,0,110,False,0,20230315,1,80
6551,52,1343.7884012539184,8151.788401253919,2,2,False,0,20230315,1,80
6552,53,1343.705533596838,8695.5,0,0,False,0,20230315,1,80
6553,54,1343.6953727506427,9219.885604113111,0,1,False,0,20230315,1,80
6554,55,1343.89588688946,9755.690231362469,0,0,False,0,20230315,1,80
6555,56,1343.399935856318,10291.597498396408,0,0,False,0,20230315,1,80
6556,57,1344.0824742268042,10828.067010309278,5,4,False,0,20230315,1,80
6557,58,1344.4319899244333,11374.568010075567,0,0,False,0,20230315,1,80
6558,59,1343.8859649122808,11903.690476190475,1,1,False,0,20230315,1,80
6559,60,1343.89588688946,12443.309768637531,0,101,False,0,20230315,1,80
6560,61,1343.89588688946,12971.690231362469,6,91,True,0,20230315,1,80
6561,62,1343.690476190476,13503.88596491228,1,1,False,0,20230315,1,80
6562,63,1343.8859649122808,14039.690476190475,2,0,False,0,20230315,1,80
6563,64,1343.4044703000611,14579.402020820577,1,1,False,0,20230315,1,80
6564,65,1343.6953727506427,15115.885604113111,1,0,False,0,20230315,1,80
6565,66,1343.690476190476,15647.88596491228,0,0,False,0,20230315,1,80
6566,67,1343.7884012539184,16191.788401253918,2,1,False,0,20230315,1,80
6567,68,1343.399935856318,16731.402501603592,1,2,False,0,20230315,1,80
6568,69,1343.6865030674846,17267.308588957054,0,0,False,0,20230315,1,80
6569,70,1343.5955296999389,17795.98009797918,0,0,False,0,20230315,1,80
6570,71,1343.5975609756097,18335.40243902439,0,1,False,0,20230315,1,80
6571,72,1343.5,18867.88235294117,0,2,False,0,20230315,1,80
6572,73,1343.5,19403.5,3,114,False,0,20230315,1,80
6573,74,1343.89588688946,19947.309768637533,1,2,False,0,20230315,1,80
6574,75,1344.0539215686274,20482.93137254902,1,90,False,0,20230315,1,80
6575,76,1344.1825499034128,21019.03122987765,1,3,False,0,20230315,1,80
6576,77,1786.8558696988323,928.6923786109404,1,1,True,0,20230315,1,80
6577,78,1786.6937984496124,1464.37338501292,0,0,False,0,20230315,1,80
6578,79,1786.9313725490197,2000.053921568628,0,0,False,0,20230315,1,80
6579,80,1787.2038895859473,2531.781053952321,0,0,False,0,20230315,1,80
6580,81,1786.442065491184,3068.3110831234258,1,1,False,0,20230315,1,80
6581,82,1787.970300061237,3608.149112063688,0,0,False,0,20230315,1,80
6582,83,1787.5979791794243,4135.967850581751,4,3,False,0,20230315,1,80
6583,84,1787.2204169221336,4679.772225628449,0,0,False,0,20230315,1,80
6584,85,1787.029699938763,5208.149112063687,1,2,False,0,20230315,1,80
6585,86,1787.882149591452,5748.053111250786,0,0,False,0,20230315,1,80
6586,87,1787.9753476611884,6276.870417193426,0,2,False,0,20230315,1,80
6587,88,1788.0700245700243,6816.055282555282,1,1,False,0,20230315,1,80
6588,89,1788.0686274509803,7352.053921568628,1,0,False,0,20230315,1,80
6589,90,1787.9066924066924,7887.685328185328,0,0,False,0,20230315,1,80
6590,91,1788.4214157168567,8427.5,2,2,False,0,20230315,1,80
6591,92,1788.8411003236247,8951.057281553398,0,0,False,0,20230315,1,80
6592,93,1788.9590264941469,9488.74460874923,1,1,False,0,20230315,1,80
6593,94,1788.5325752919484,10024.31868469576,3,143,False,0,20230315,1,80
6594,95,1789.3282890673256,10560.925571340333,1,3,False,0,20230315,1,80
6595,96,1788.2420706163973,11099.868641532015,0,0,False,0,20230315,1,80
6596,97,1788.1082474226805,11639.5,0,1,False,0,20230315,1,80
6597,98,1788.8382533825338,12175.657441574416,0,0,False,0,20230315,1,80
6598,99,1788.3636363636365,13236.671717171715,4,9,True,0,20230315,1,80
6599,100,1788.083280955374,13772.053111250783,0,162,True,0,20230315,1,80
6600,101,1788.26214511041,14308.5952681388,1,151,False,0,20230315,1,80
6601,102,1788.0925925925926,14851.5,1,127,False,0,20230315,1,80
6602,103,1787.887665198238,15380.240088105727,0,0,False,0,20230315,1,80
6603,104,1787.8779141104294,15920.24110429448,1,2,False,0,20230315,1,80
6604,105,1787.7886850152904,16463.409480122325,1,0,False,0,20230315,1,80
6605,106,1787.795739348371,16995.780701754386,2,2,False,0,20230315,1,80
6606,107,1787.9177131526767,17531.68506278916,1,2,False,0,20230315,1,80
6607,108,1787.7003757044458,18067.5,2,3,False,0,20230315,1,80
6608,109,1787.6027617212587,18599.59505459217,1,101,False,0,20230315,1,80
6609,110,1787.896238244514,19139.314420062696,0,0,False,0,20230315,1,80
6610,111,1788.4214157168567,19675.5,3,147,False,0,20230315,1,80
6611,112,1788.0925925925926,20211.5,0,0,False,0,20230315,1,80
6612,113,1788.083280955374,20754.94688874921,0,1,False,0,20230315,1,80
6613,114,1788.294468887492,21283.5,1,2,False,0,20230315,1,80
6614,115,1791.89588688946,12707.309768637531,1,104,False,0,20230315,1,80
6615,116,2231.304755944931,1199.5,0,0,False,0,20230315,1,80
6616,117,2231.6907151819323,1727.8764115432873,1,104,False,0,20230315,1,80
6617,118,2231.5,2263.5,0,0,False,0,20230315,1,80
6618,119,2231.5,2799.5,1,1,False,0,20230315,1,80
6619,120,2231.5,3335.5,1,2,False,0,20230315,1,80
6620,121,2231.5,3871.5,0,1,False,0,20230315,1,80
6621,122,2231.695244055069,4407.5,0,0,False,0,20230315,1,80
6622,123,2231.5,4943.5,1,1,False,0,20230315,1,80
6623,124,2231.5,5479.5,1,1,False,0,20230315,1,80
6624,125,2231.6000641436817,6011.402501603592,0,0,False,0,20230315,1,80
6625,126,2231.690476190476,6543.8859649122805,0,0,False,0,20230315,1,80
6626,127,2231.89588688946,7083.690231362468,0,3,False,0,20230315,1,80
6627,128,2232.077164366374,7623.5,0,120,False,0,20230315,1,80
6628,129,2231.8859649122805,8151.690476190476,0,0,False,0,20230315,1,80
6629,130,2232.1076618229854,8695.5,1,118,False,0,20230315,1,80
6630,131,2231.79543994862,9219.787732819525,2,0,False,0,20230315,1,80
6631,132,2232.182549903413,9755.968770122345,1,3,False,0,20230315,1,80
6632,133,2232.182549903413,10291.968770122345,1,0,False,0,20230315,1,80
6633,134,2232.082474226804,10828.067010309278,1,1,False,0,20230315,1,80
6634,135,2231.6902377972465,11375.304755944931,1,0,False,0,20230315,1,80
6635,136,2232.165411173886,11903.969554300063,0,1,False,0,20230315,1,80
6636,137,2231.7002567394097,12443.5,1,2,False,0,20230315,1,80
6637,138,2232.0817245817248,12972.06628056628,0,0,False,0,20230315,1,80
6638,139,2232.3332284455632,13504.529578351165,2,128,False,0,20230315,1,80
6639,140,2232.3332284455632,14040.529578351165,3,118,True,0,20230315,1,80
6640,141,2232.241104294478,14579.87791411043,1,104,False,0,20230315,1,80
6641,142,2232.0817245817248,15116.06628056628,2,1,False,0,20230315,1,80
6642,143,2231.9695543000626,15648.165411173886,0,1,False,0,20230315,1,80
6643,144,2231.8859649122805,16191.690476190475,2,134,False,0,20230315,1,80
6644,145,2231.7002567394097,16731.5,0,0,False,0,20230315,1,80
6645,146,2232.241104294478,17267.681595092025,0,0,False,0,20230315,1,80
6646,147,2232.053921568628,17796.06862745098,1,2,False,0,20230315,1,80
6647,148,2231.8859649122805,18335.69047619048,0,0,False,0,20230315,1,80
6648,149,2232.33629675046,18867.220416922133,1,1,False,0,20230315,1,80
6649,150,2231.79543994862,19403.787732819525,0,129,False,0,20230315,1,80
6650,151,2231.89588688946,19947.309768637533,3,2,False,0,20230315,1,80
6651,152,2232.33629675046,20483.220416922133,0,0,False,0,20230315,1,80
6652,153,2231.89588688946,21019.309768637533,0,0,False,0,20230315,1,80
6653,154,2674.93137254902,928.0539215686274,0,0,False,0,20230315,1,80
6654,155,2677.859493670886,1462.4012658227848,2,1,False,0,20230315,1,80
6655,156,2675.406919779547,1999.776791181874,0,0,False,0,20230315,1,80
6656,157,2674.90666247643,2531.489943431804,0,0,False,0,20230315,1,80
6657,158,2675.1173694147265,3068.04877281309,3,1,False,0,20230315,1,80
6658,159,2674.6416309012875,3607.7722256284487,0,0,False,0,20230315,1,80
6659,160,2678.221252257676,4135.150812763395,0,0,False,0,20230315,1,80
6660,161,2679.5,4679.5,0,2,False,0,20230315,1,80
6661,162,2678.2738452309536,5208.111877624475,0,0,False,0,20230315,1,80
6662,163,2679.5,5747.5,0,0,False,0,20230315,1,80
6663,164,2680.4987699877,6275.849323493235,0,0,False,0,20230315,1,80
6664,165,2679.882775119617,6815.5,0,0,False,0,20230315,1,80
6665,166,2680.2616766467067,7351.859281437126,0,0,False,0,20230315,1,80
6666,167,2680.236225087925,8427.317116060962,1,1,False,0,20230315,1,80
6667,168,2679.907035175879,8951.680904522613,0,0,False,0,20230315,1,80
6668,169,2679.211389385808,9487.774299344066,1,0,False,0,20230315,1,80
6669,170,2680.0693779904304,10024.04066985646,1,0,False,0,20230315,1,80
6670,171,2681.5253470126736,10560.709414604707,1,116,False,0,20230315,1,80
6671,172,2680.147574517826,11099.766510812393,2,1,False,0,20230315,1,80
6672,173,2680.1638705811865,12175.766027561414,0,0,False,0,20230315,1,80
6673,174,2680.093137254902,12707.5,0,0,False,0,20230315,1,80
6674,175,2680.0840490797545,13236.039877300613,0,0,False,0,20230315,1,80
6675,176,2679.796024464832,13771.774006116208,2,1,False,0,20230315,1,80
6676,177,2680.459409594096,14308.385608856088,0,130,False,0,20230315,1,80
6677,178,2679.896572827417,14851.681150550796,1,0,False,0,20230315,1,80
6678,179,2680.0840490797545,15380.039877300613,2,139,False,0,20230315,1,80
6679,180,2680.0693779904304,15920.04066985646,2,1,False,0,20230315,1,80
6680,181,2679.980573819486,16463.406754333533,5,134,False,0,20230315,1,80
6681,182,2679.896572827417,16995.681150550794,5,146,False,0,20230315,1,80
6682,183,2679.605602060528,17531.592723760463,1,100,False,0,20230315,1,80
6683,184,2679.9935543278084,18067.58348680172,1,1,False,0,20230315,1,80
6684,185,2679.80923947203,18599.42206159648,0,0,False,0,20230315,1,80
6685,186,2680.1876155268023,19139.214109673445,0,0,False,0,20230315,1,80
6686,187,2680.4227166276346,19675.5,1,2,False,0,20230315,1,80
6687,188,2679.700488997555,20211.5,2,110,False,0,20230315,1,80
6688,189,2679.7963870177587,20755.22565829761,1,90,False,0,20230315,1,80
6689,190,2680.093137254902,21283.5,0,0,False,0,20230315,1,80
6690,191,2683.602761721259,7887.595054592164,1,0,False,0,20230315,1,80
6691,192,2683.9025806451614,11639.5,2,144,False,0,20230315,1,80
6692,193,3130.359950859951,1199.5,2,126,False,0,20230315,1,80
6693,194,3125.668888888889,1728.9653968253967,0,0,False,0,20230315,1,80
6694,195,3131.397238278741,2263.5950545921646,1,1,False,0,20230315,1,80
6695,196,3127.2105097545627,2799.7794210195093,0,134,False,0,20230315,1,80
6696,197,3129.775092936803,3336.6995043370507,1,0,False,0,20230315,1,80
6697,198,3131.397238278741,3871.5950545921646,0,0,False,0,20230315,1,80
6698,199,3130.726600985221,4406.869458128079,1,2,False,0,20230315,1,80
6699,200,3130.9945196647323,4943.595422308188,3,2,False,0,20230315,1,80
6700,201,3131.402260232132,5479.404703726329,0,0,False,0,20230315,1,80
6701,202,3131.203889585948,6011.781053952322,0,0,False,0,20230315,1,80
6702,203,3131.1220858895704,6544.241104294479,1,1,False,0,20230315,1,80
6703,204,3131.6001251564458,7083.595118898624,0,0,False,0,20230315,1,80
6704,205,3131.5,7623.127450980392,3,122,False,0,20230315,1,80
6705,206,3131.5,8151.872549019607,0,1,False,0,20230315,1,80
6706,207,3131.5,8695.309768637531,0,0,False,0,20230315,1,80
6707,208,3131.6956112852663,9219.876175548588,0,0,False,0,20230315,1,80
6708,209,3131.7961104140527,9755.781053952322,1,0,False,0,20230315,1,80
6709,210,3131.7961104140527,10291.781053952322,1,0,False,0,20230315,1,80
6710,211,3131.5,10828.06246076585,2,1,False,0,20230315,1,80
6711,212,3131.779926335175,11374.854205033764,0,0,False,0,20230315,1,80
6712,213,3131.6909424724604,11903.686046511628,0,0,False,0,20230315,1,80
6713,214,3131.6002506265663,12443.40476190476,0,147,False,0,20230315,1,80
6714,215,3131.7961104140527,12971.781053952322,2,122,False,0,20230315,1,80
6715,216,3131.7795830778664,13504.33629675046,0,0,False,0,20230315,1,80
6716,217,3131.7795830778664,14040.33629675046,2,3,False,0,20230315,1,80
6717,218,3131.960431654676,14579.960431654676,1,2,False,0,20230315,1,80
6718,219,3131.6956112852663,15115.876175548588,0,0,False,0,20230315,1,80
6719,220,3131.5,15648.063035495716,2,1,False,0,20230315,1,80
6720,221,3131.8823529411766,16191.5,0,0,False,0,20230315,1,80
6721,222,3131.5,16731.30964308078,1,0,False,0,20230315,1,80
6722,223,3131.6862686567165,17267.313731343285,1,135,False,0,20230315,1,80
6723,224,3131.313953488372,17795.68604651163,0,116,False,0,20230315,1,80
6724,225,3131.6909424724604,18335.31395348837,1,144,False,0,20230315,1,80
6725,226,3131.68671454219,18867.68671454219,1,0,False,0,20230315,1,80
6726,227,3131.700375704446,19403.5,0,0,False,0,20230315,1,80
6727,228,3131.5,19947.5,0,1,False,0,20230315,1,80
6728,229,3131.782634730539,20482.661676646705,0,0,False,0,20230315,1,80
6729,230,3131.7961104140527,21019.21894604768,1,0,False,0,20230315,1,80
6730,231,3570.6416309012875,927.7722256284488,1,0,True,0,20230315,1,80
6731,232,3571.5,1463.5,0,0,True,0,20230315,1,80
6732,233,3569.9433497536947,2000.5147783251232,2,135,False,0,20230315,1,80
6733,234,3571.3043887147337,2531.1238244514107,0,0,False,0,20230315,1,80
6734,235,3571.8962382445143,3067.6855799373043,1,1,False,0,20230315,1,80
6735,236,3571.5,3607.309523809524,1,2,False,0,20230315,1,80
6736,237,3571.597620500305,4135.595179987798,2,129,False,0,20230315,1,80
6737,238,3571.5,4679.5,0,0,False,0,20230315,1,80
6738,239,3571.88630806846,5207.6858190709045,0,0,False,0,20230315,1,80
6739,240,3571.7961104140527,5747.590338770389,0,0,False,0,20230315,1,80
6740,241,3571.8962382445143,6275.314420062696,0,0,False,0,20230315,1,80
6741,242,3571.69536019536,6815.5,1,1,False,0,20230315,1,80
6742,243,3572.166258420086,7351.041947336191,0,0,False,0,20230315,1,80
6743,244,3571.7056555269924,7887.5,1,123,False,0,20230315,1,80
6744,245,3572.5167865707435,8427.404076738609,1,0,False,0,20230315,1,80
6745,246,3571.9066924066924,8951.685328185327,2,2,False,0,20230315,1,80
6746,247,3572.260736196319,9487.86809815951,2,2,False,0,20230315,1,80
6747,248,3572.260736196319,10023.86809815951,1,1,False,0,20230315,1,80
6748,249,3572.0686274509803,10560.053921568628,0,2,False,0,20230315,1,80
6749,250,3574.511180124224,11097.66645962733,0,0,False,0,20230315,1,80
6750,251,3572.00998068255,11639.404700579524,1,138,False,0,20230315,1,80
6751,252,3572.3583690987125,12175.227774371551,2,112,False,0,20230315,1,80
6752,253,3572.0925925925926,12707.5,1,1,False,0,20230315,1,80
6753,254,3572.0825486503454,13236.052416823602,2,118,False,0,20230315,1,80
6754,255,3571.8962382445143,13771.685579937304,0,0,False,0,20230315,1,80
6755,256,3572.183417085427,14307.957286432162,1,1,False,0,20230315,1,80
6756,257,3571.700375704446,14851.5,5,98,False,0,20230315,1,80
6757,258,3572.183417085427,15379.957286432162,4,123,False,0,20230315,1,80
6758,259,3572.3583690987125,15919.772225628449,2,147,False,0,20230315,1,80
6759,260,3571.88630806846,16463.314180929094,0,0,False,0,20230315,1,80
6760,261,3572.0925925925926,16995.5,0,0,False,0,20230315,1,80
6761,262,3571.6055408970974,17531.594986807388,0,0,False,0,20230315,1,80
6762,263,3571.6001251564458,18067.40488110137,0,1,False,0,20230315,1,80
6763,264,3571.602761721259,18599.59505459217,0,0,False,0,20230315,1,80
6764,265,3572.0925925925926,19139.5,3,1,False,0,20230315,1,80
6765,266,3572.5167865707435,19675.59592326139,1,1,False,0,20230315,1,80
6766,267,3572.0925925925926,20211.5,2,0,False,0,20230315,1,80
6767,268,3572.183417085427,20755.04271356784,0,181,True,0,20230315,1,80
6768,269,3572.0925925925926,21283.5,0,0,False,0,20230315,1,80
6769,270,4023.1235884567127,1199.1135508155585,1,1,True,0,20230315,1,80
6770,271,4023.4024390243903,1727.5975609756097,2,0,False,0,20230315,1,80
6771,272,4023.5,2263.5,1,0,False,0,20230315,1,80
6772,273,4023.5,2799.304755944931,0,0,False,0,20230315,1,80
6773,274,4023.22057898049,3335.7794210195093,0,0,False,0,20230315,1,80
6774,275,4023.6026991441736,3871.597432521396,0,2,False,0,20230315,1,80
6775,276,4023.6911949685536,4407.308805031446,0,0,False,0,20230315,1,80
6776,277,4023.3973008558255,4943.597432521396,3,101,False,0,20230315,1,80
6777,278,4023.690476190476,5479.11403508772,2,0,False,0,20230315,1,80
6778,279,4023.6000641436817,6011.597498396408,2,2,False,0,20230315,1,80
6779,280,4023.690476190476,6543.8859649122805,1,0,False,0,20230315,1,80
6780,281,4023.7002567394097,7083.5,1,1,False,0,20230315,1,80
6781,282,4023.7884012539184,7623.211598746081,0,119,False,0,20230315,1,80
6782,283,4023.885964912281,8151.690476190476,1,18,False,0,20230315,1,80
6783,284,4023.6026991441736,8695.402567478604,1,103,False,0,20230315,1,80
6784,285,4023.7954399486193,9219.787732819525,0,0,False,0,20230315,1,80
6785,286,4023.89588688946,9755.690231362469,1,136,False,0,20230315,1,80
6786,287,4023.89588688946,10291.690231362469,1,1,False,0,20230315,1,80
6787,288,4023.6953727506425,10827.885604113111,2,1,False,0,20230315,1,80
6788,289,4023.7884012539184,11375.211598746082,2,108,False,0,20230315,1,80
6789,290,4023.885964912281,11903.690476190475,0,0,False,0,20230315,1,80
6790,291,4023.7002567394097,12443.5,1,121,False,0,20230315,1,80
6791,292,4023.7954399486193,12971.787732819525,1,83,False,0,20230315,1,80
6792,293,4023.969554300063,13504.165411173886,2,37,False,0,20230315,1,80
6793,294,4023.885964912281,14039.690476190475,0,128,False,0,20230315,1,80
6794,295,4023.87652811736,14579.690709046456,0,1,False,0,20230315,1,80
6795,296,4023.7954399486193,15115.787732819525,2,2,False,0,20230315,1,80
6796,297,4023.5975609756097,15647.40243902439,0,2,False,0,20230315,1,80
6797,298,4023.5,16191.5,2,0,False,0,20230315,1,80
6798,299,4023.6000641436817,16731.402501603592,1,129,False,0,20230315,1,80
6799,300,4023.4048200122015,17267.402379499694,0,0,False,0,20230315,1,80
6800,301,4024.053921568628,17796.06862745098,2,1,False,0,20230315,1,80
6801,302,4023.695244055069,18335.5,1,115,False,0,20230315,1,80
6802,303,4023.5,18867.5,0,0,False,0,20230315,1,80
6803,304,4023.6000641436817,19403.597498396408,1,1,False,0,20230315,1,80
6804,305,4023.89588688946,19947.309768637533,1,1,False,0,20230315,1,80
6805,306,4023.314180929096,20483.11369193154,1,191,True,0,20230315,1,80
6806,307,4023.6000641436817,21019.402501603592,1,1,True,0,20230315,1,80
6807,308,4467.308588957055,927.6865030674846,3,0,False,0,20230315,1,80
6808,309,4467.6027617212585,1463.5950545921644,0,0,False,0,20230315,1,80
6809,310,4467.69094247246,1999.686046511628,2,112,False,0,20230315,1,80
6810,311,4467.5,2531.5,0,0,True,0,20230315,1,80
6811,312,4467.103264281231,3067.133396107972,0,3,False,0,20230315,1,80
6812,313,4467.597620500305,3607.5951799877976,0,0,False,0,20230315,1,80
6813,314,4468.0700245700245,4135.490171990172,0,2,False,0,20230315,1,80
6814,315,4467.790461538461,4678.6704615384615,0,0,False,0,20230315,1,80
6815,316,4467.220416922134,5207.772225628449,1,1,False,0,20230315,1,80
6816,317,4467.600250626567,5747.4047619047615,2,2,False,0,20230315,1,80
6817,318,4467.695611285267,6275.876175548589,0,1,False,0,20230315,1,80
6818,319,4468.067931456549,6814.9467564259485,1,112,False,0,20230315,1,80
6819,320,4467.69094247246,7351.686046511628,0,0,False,0,20230315,1,80
6820,321,4467.705655526992,7887.5,1,1,False,0,20230315,1,80
6821,322,4467.9604316546765,8427.039568345324,2,1,False,0,20230315,1,80
6822,323,4467.803536977492,8951.78038585209,0,0,False,0,20230315,1,80
6823,324,4467.779926335175,9488.145794966236,0,0,False,0,20230315,1,80
6824,325,4467.970876762723,10023.958614347026,0,1,False,0,20230315,1,80
6825,326,4467.779926335175,10560.145794966236,0,2,False,0,20230315,1,80
6826,327,4467.773709483794,11099.773709483794,1,1,False,0,20230315,1,80
6827,328,4467.705655526992,11639.5,0,1,False,0,20230315,1,80
6828,329,4467.691411042945,12175.313496932517,1,126,False,0,20230315,1,80
6829,330,4467.992462311558,12707.404522613066,1,2,False,0,20230315,1,80
6830,331,4467.982412060302,13236.14824120603,0,0,False,0,20230315,1,80
6831,332,4467.695611285267,13771.876175548588,2,150,False,0,20230315,1,80
6832,333,4467.78679245283,14308.335220125786,0,0,False,0,20230315,1,80
6833,334,4467.700375704446,14851.5,3,128,False,0,20230315,1,80
6834,335,4467.695611285267,15379.876175548588,0,147,False,0,20230315,1,80
6835,336,4467.69094247246,15919.686046511628,2,2,False,0,20230315,1,80
6836,337,4467.597979179424,16463.03214941825,0,0,False,0,20230315,1,80
6837,338,4467.796110414053,16995.590338770387,1,140,False,0,20230315,1,80
6838,339,4467.812169312169,17531.589947089946,0,0,False,0,20230315,1,80
6839,340,4467.304143126177,18067.314187068423,0,0,False,0,20230315,1,80
6840,341,4467.6027617212585,18599.59505459217,0,1,False,0,20230315,1,80
6841,342,4467.992462311558,19139.59547738693,2,0,False,0,20230315,1,80
6842,343,4467.9604316546765,19675.586330935253,0,0,False,0,20230315,1,80
6843,344,4467.992462311558,20211.404522613066,2,108,False,0,20230315,1,80
6844,345,4467.695611285267,20755.87617554859,2,2,False,0,20230315,1,80
6845,346,4467.600250626567,21283.404761904763,0,0,False,0,20230315,1,80
6846,347,4910.279048765804,1198.8762793497892,0,0,False,0,20230315,1,80
6847,348,4909.975961538462,1726.3557692307693,0,1,False,0,20230315,1,80
6848,349,4911.294228356336,2263.5,0,0,False,0,20230315,1,80
6849,350,4910.738323353294,2799.859281437126,0,0,False,0,20230315,1,80
6850,351,4910.551497005988,3335.32754491018,1,0,False,0,20230315,1,80
6851,352,4911.092964824121,3871.680904522613,0,1,False,0,20230315,1,80
6852,353,4911.308383233533,4407.317964071856,0,0,False,0,20230315,1,80
6853,354,4911.298994974874,4943.133165829146,0,0,False,0,20230315,1,80
6854,355,4911.308841099164,5479.318399044206,0,0,False,0,20230315,1,80
6855,356,4911.696078431372,6011.318627450981,1,1,False,0,20230315,1,80
6856,357,4911.308383233533,6543.682035928144,1,1,False,0,20230315,1,80
6857,358,4911.796387017759,7083.225658297612,0,0,False,0,20230315,1,80
6858,359,4912.070743405276,7622.958033573142,1,3,False,0,20230315,1,80
6859,360,4911.5,8151.5,2,122,False,0,20230315,1,80
6860,361,4911.5,8694.951572327043,0,0,False,0,20230315,1,80
6861,362,4911.696078431372,9219.68137254902,0,0,False,0,20230315,1,80
6862,363,4911.69656019656,9755.681818181818,1,0,False,0,20230315,1,80
6863,364,4911.5,10291.863190184047,0,0,False,0,20230315,1,80
6864,365,4911.5,10827.863190184047,0,0,False,0,20230315,1,80
6865,366,4911.5,11374.602040816326,0,145,False,0,20230315,1,80
6866,367,4911.780407429598,11902.869682444578,1,124,False,0,20230315,1,80
6867,368,4911.600551808707,12443.043838136113,0,0,False,0,20230315,1,80
6868,369,4911.696078431372,12971.68137254902,3,2,False,0,20230315,1,80
6869,370,4911.780407429598,13504.130317555422,0,0,False,0,20230315,1,80
6870,371,4911.780407429598,14040.130317555422,1,0,False,0,20230315,1,80
6871,372,4911.774165202109,14579.232864674868,0,1,False,0,20230315,1,80
6872,373,4911.696078431372,15115.68137254902,3,132,False,0,20230315,1,80
6873,374,4911.780407429598,15648.130317555422,1,1,False,0,20230315,1,80
6874,375,4911.5,16191.136363636364,4,137,False,0,20230315,1,80
6875,376,4911.5,16731.5,1,0,False,0,20230315,1,80
6876,377,4911.869158878505,17266.77570093458,1,1,False,0,20230315,1,80
6877,378,4911.877182770663,17795.681606519207,1,1,False,0,20230315,1,80
6878,379,4912.261676646706,18335.32754491018,1,1,False,0,20230315,1,80
6879,380,4912.056725146199,18867.49064327485,1,3,False,0,20230315,1,80
6880,381,4911.696078431372,19403.68137254902,2,112,False,0,20230315,1,80
6881,382,4911.796387017759,19947.22565829761,0,82,False,0,20230315,1,80
6882,383,4911.961088355763,20483.050614394386,0,102,False,0,20230315,1,80
6883,384,4911.888206388207,21018.77764127764,2,2,False,0,20230315,1,80
6884,385,5354.359950859951,927.5,2,1,False,0,20230315,1,80
6885,386,5355.3972382787415,1463.4049454078356,2,2,False,0,20230315,1,80
6886,387,5354.355036855037,1999.8341523341523,1,2,False,0,20230315,1,80
6887,388,5355.103761755486,2531.314420062696,0,1,False,0,20230315,1,80
6888,389,5355.299624295554,3067.5,1,113,False,0,20230315,1,80
6889,390,5355.5,3607.309523809524,1,0,False,0,20230315,1,80
6890,391,5355.5,4135.5,0,0,False,0,20230315,1,80
6891,392,5355.87791411043,4678.758895705521,3,0,False,0,20230315,1,80
6892,393,5355.69094247246,5207.313953488372,0,0,False,0,20230315,1,80
6893,394,5355.695611285267,5747.123824451411,2,0,False,0,20230315,1,80
6894,395,5355.600250626567,6275.4047619047615,3,141,False,0,20230315,1,80
6895,396,5355.5,6815.1274509803925,2,116,False,0,20230315,1,80
6896,397,5355.597739767868,7351.404703726329,0,0,False,0,20230315,1,80
6897,398,5355.6027617212585,7887.404945407836,1,112,False,0,20230315,1,80
6898,399,5355.868641532017,8426.757929383602,1,151,False,0,20230315,1,80
6899,400,5355.6027617212585,8951.595054592164,1,1,False,0,20230315,1,80
6900,401,5355.69094247246,9487.686046511628,1,1,False,0,20230315,1,80
6901,402,5355.882352941177,10023.5,3,3,False,0,20230315,1,80
6902,403,5355.788685015291,10559.781345565749,1,0,False,0,20230315,1,80
6903,404,5355.87298266587,11099.5,0,0,False,0,20230315,1,80
6904,405,5355.803536977492,11639.21961414791,2,122,False,0,20230315,1,80
6905,406,5355.788685015291,12175.218654434251,1,1,False,0,20230315,1,80
6906,407,5355.796110414053,12707.218946047678,2,136,False,0,20230315,1,80
6907,408,5355.896238244514,13235.685579937304,0,0,False,0,20230315,1,80
6908,409,5355.700375704446,13771.5,0,2,False,0,20230315,1,80
6909,410,5355.796110414053,14307.781053952322,2,101,False,0,20230315,1,80
6910,411,5355.600125156446,14851.404881101376,1,2,False,0,20230315,1,80
6911,412,5355.700375704446,15379.5,0,1,False,0,20230315,1,80
6912,413,5355.88630806846,15919.685819070904,5,101,False,0,20230315,1,80
6913,414,5355.5,16462.936964504283,2,0,False,0,20230315,1,80
6914,415,5355.896238244514,16995.314420062696,0,0,False,0,20230315,1,80
6915,416,5355.917713152677,17531.31493721084,0,0,False,0,20230315,1,80
6916,417,5355.795739348371,18067.21929824561,0,1,False,0,20230315,1,80
6917,418,5355.6027617212585,18599.59505459217,0,0,False,0,20230315,1,80
6918,419,5355.700375704446,19139.5,2,89,False,0,20230315,1,80
6919,420,5355.968339307049,19675.40442054958,1,109,False,0,20230315,1,80
6920,421,5355.600125156446,20211.40488110137,2,2,False,0,20230315,1,80
6921,422,5355.795739348371,20755.21929824561,0,0,False,0,20230315,1,80
6922,423,5355.700375704446,21283.5,2,1,True,0,20230315,1,80
6923,424,5806.541916167665,1199.3179640718563,1,1,False,0,20230315,1,80
6924,425,5806.328331332533,1727.2454981992796,0,0,False,0,20230315,1,80
6925,426,5806.901257861635,2262.9616352201256,0,0,False,0,20230315,1,80
6926,427,5807.019426180514,2799.4067543335327,1,4,False,0,20230315,1,80
6927,428,5807.204504504504,3335.262162162162,0,0,False,0,20230315,1,80
6928,429,5807.705771643664,3871.5,1,1,False,0,20230315,1,80
6929,430,5807.308383233533,4407.317964071856,1,0,False,0,20230315,1,80
6930,431,5807.397049591965,4943.407093534212,1,5,False,0,20230315,1,80
6931,432,5807.5,5479.136363636364,1,0,False,0,20230315,1,80
6932,433,5807.5,6011.5,0,0,False,0,20230315,1,80
6933,434,5807.317964071856,6544.223353293413,1,2,False,0,20230315,1,80
6934,435,5807.303921568628,7083.318627450981,0,0,False,0,20230315,1,80
6935,436,5807.5,7623.136363636364,1,1,False,0,20230315,1,80
6936,437,5807.5,8151.5,0,0,False,0,20230315,1,80
6937,438,5807.5,8694.951572327043,1,0,False,0,20230315,1,80
6938,439,5807.399448191293,9219.956161863887,1,0,False,0,20230315,1,80
6939,440,5807.303921568628,9755.68137254902,0,0,False,0,20230315,1,80
6940,441,5807.5,10291.863190184047,1,0,False,0,20230315,1,80
6941,442,5807.5,10827.863190184047,0,0,False,0,20230315,1,80
6942,443,5807.5,11374.602040816326,0,0,False,0,20230315,1,80
6943,444,5807.691616766467,11903.317964071855,1,131,False,0,20230315,1,80
6944,445,5807.600551808707,12443.043838136113,1,118,False,0,20230315,1,80
6945,446,5807.696078431372,12971.68137254902,0,1,False,0,20230315,1,80
6946,447,5807.5,13503.863636363636,2,4,False,0,20230315,1,80
6947,448,5807.780407429598,14040.130317555422,4,2,False,0,20230315,1,80
6948,449,5807.5,14579.5,0,0,False,0,20230315,1,80
6949,450,5807.5,15115.5,1,2,False,0,20230315,1,80
6950,451,5807.308383233533,15647.682035928145,0,0,False,0,20230315,1,80
6951,452,5807.219592570402,16190.869682444578,0,0,False,0,20230315,1,80
6952,453,5807.203975535168,16731.225993883792,0,0,False,0,20230315,1,80
6953,454,5808.315897136177,17266.518118059616,1,149,False,0,20230315,1,80
6954,455,5807.5,17795.5,3,111,False,0,20230315,1,80
6955,456,5807.598027495517,18335.04333532576,1,102,False,0,20230315,1,80
6956,457,5807.686915887851,18867.317757009347,2,1,False,0,20230315,1,80
6957,458,5807.399694189602,19403.59296636085,4,0,False,0,20230315,1,80
6958,459,5807.600551808707,19947.04383813612,2,1,False,0,20230315,1,80
6959,460,5807.322429906542,20482.59813084112,1,103,False,0,20230315,1,80
6960,461,5807.600551808707,21019.04383813612,0,115,False,0,20230315,1,80
6961,462,6248.491920447483,929.41671845867,2,0,True,0,20230315,1,80
6962,463,6250.684516129032,1463.5,0,0,True,0,20230315,1,80
6963,464,6250.062461538461,1999.2710769230769,0,0,True,0,20230315,1,80
6964,465,6246.90797940798,2531.5,2,3,False,0,20230315,1,80
6965,466,6251.103761755486,3067.6855799373043,1,0,False,0,20230315,1,80
6966,467,6251.402379499695,3607.4048200122015,0,83,False,0,20230315,1,80
6967,468,6251.30905752754,4135.686046511628,0,0,False,0,20230315,1,80
6968,469,6251.788685015291,4679.21865443425,1,1,False,0,20230315,1,80
6969,470,6251.882352941177,5207.5,1,2,False,0,20230315,1,80
6970,471,6251.600250626567,5747.4047619047615,2,1,False,0,20230315,1,80
6971,472,6251.600250626567,6275.595238095239,2,0,False,0,20230315,1,80
6972,473,6251.5,6815.1274509803925,0,109,False,0,20230315,1,80
6973,474,6251.5,7351.5,1,0,False,0,20230315,1,80
6974,475,6251.6027617212585,7887.404945407836,2,0,False,0,20230315,1,80
6975,476,6251.773053892216,8426.853293413174,1,0,False,0,20230315,1,80
6976,477,6251.5,8951.690231362469,0,0,False,0,20230315,1,80
6977,478,6251.5,9487.872549019608,1,1,False,0,20230315,1,80
6978,479,6251.5,10023.872549019608,1,2,False,0,20230315,1,80
6979,480,6251.69094247246,10559.686046511628,0,0,False,0,20230315,1,80
6980,481,6251.87298266587,11099.5,4,2,False,0,20230315,1,80
6981,482,6251.6027617212585,11639.404945407836,1,2,False,0,20230315,1,80
6982,483,6251.597979179424,12175.032149418248,1,1,True,0,20230315,1,80
6983,484,6251.796110414053,12707.218946047678,1,1,False,0,20230315,1,80
6984,485,6251.896238244514,13235.685579937304,1,0,False,0,20230315,1,80
6985,486,6251.600125156446,13771.595118898624,0,0,False,0,20230315,1,80
6986,487,6251.795739348371,14307.780701754386,0,1,False,0,20230315,1,80
6987,488,6251.5,14851.309643080776,0,0,False,0,20230315,1,80
6988,489,6251.600250626567,15379.40476190476,3,1,False,0,20230315,1,80
6989,490,6251.5,15919.5,0,123,False,0,20230315,1,80
6990,491,6251.5,16462.389434889436,1,0,False,0,20230315,1,80
6991,492,6251.5,16995.30964308078,4,115,False,0,20230315,1,80
6992,493,6251.605540897098,17531.405013192612,0,0,False,0,20230315,1,80
6993,494,6251.5,18066.93753923415,1,105,False,0,20230315,1,80
6994,495,6251.5,18599.5,2,1,False,0,20230315,1,80
6995,496,6251.5,19139.30964308078,0,0,False,0,20230315,1,80
6996,497,6251.5,19675.12701733413,1,1,False,0,20230315,1,80
6997,498,6251.5,20211.30964308078,0,1,False,0,20230315,1,80
6998,499,6251.399874843554,20755.40488110137,3,1,False,0,20230315,1,80
6999,500,6251.600250626567,21283.404761904763,1,237,True,0,20230315,1,80
7000,1,899.004835589942,1464.1473243068988,4,0,True,3,20230404,2,80
7001,2,898.7570725707257,2000.5971709717096,1,0,True,3,20230404,2,80
7002,3,899.2132075471698,2532.3352201257862,2,0,True,3,20230404,2,80
7003,4,899.2132075471698,3068.3352201257862,2,0,True,3,20230404,2,80
7004,5,899.4020208205757,3607.967850581752,4,2,False,3,20230404,2,80
7005,6,899.2204169221336,4136.33629675046,1,1,False,3,20230404,2,80
7006,7,899.4020208205757,4679.967850581751,17,14,True,3,20230404,2,80
7007,8,899.7795830778664,5208.33629675046,4,3,False,3,20230404,2,80
7008,9,899.6956112852664,5747.876175548589,0,0,False,3,20230404,2,80
7009,10,899.204260651629,6275.7807017543855,1,2,False,3,20230404,2,80
7010,11,899.8779141104294,6816.241104294479,1,0,False,3,20230404,2,80
7011,12,900.0686274509804,7352.053921568628,4,1,False,3,20230404,2,80
7012,13,900.3051612903225,7887.866451612903,3,2,False,3,20230404,2,80
7013,14,900.6003003003003,8428.206306306307,2,1,False,3,20230404,2,80
7014,15,900.0979381443299,8952.051546391753,1,0,False,3,20230404,2,80
7015,16,900.2429274292743,9488.59717097171,2,1,False,3,20230404,2,80
7016,17,901.4233621755252,10024.187268232386,5,3,False,3,20230404,2,80
7017,18,901.0743368291178,10560.657310302282,4,1,False,3,20230404,2,80
7018,19,900.5989802039592,11100.224655068989,4,2,False,3,20230404,2,80
7019,20,899.7005141388174,11639.690231362469,1,0,False,3,20230404,2,80
7020,21,901.428306551298,12176.889369592089,2,1,False,3,20230404,2,80
7021,22,900.3805031446541,12707.771698113207,1,0,False,3,20230404,2,80
7022,23,900.3564231738035,13236.502518891688,3,2,False,3,20230404,2,80
7023,24,899.9824120603015,13772.14824120603,4,2,False,3,20230404,2,80
7024,25,900.1607818411097,14308.690416141237,4,3,False,3,20230404,2,80
7025,26,899.896238244514,14851.685579937304,1,0,False,3,20230404,2,80
7026,27,899.9824120603015,15380.14824120603,1,1,False,3,20230404,2,80
7027,28,899.7795830778664,15920.33629675046,2,1,False,3,20230404,2,80
7028,29,899.6909424724602,16463.68604651163,2,0,False,3,20230404,2,80
7029,30,899.6956112852664,16995.87617554859,0,0,False,3,20230404,2,80
7030,31,899.6055408970976,17531.594986807388,3,0,False,3,20230404,2,80
7031,32,899.5,18067.5,2,1,False,3,20230404,2,80
7032,33,899.5,18599.690231362467,5,3,False,3,20230404,2,80
7033,34,899.6002506265664,19139.404761904763,3,3,True,3,20230404,2,80
7034,35,900.1467065868263,19675.226946107785,5,1,True,3,20230404,2,80
7035,36,900.0925925925926,20211.5,2,0,True,3,20230404,2,80
7036,37,900.1842767295598,20754.86603773585,2,2,False,3,20230404,2,80
7037,38,903.89588688946,21283.309768637533,3,0,True,3,20230404,2,80
7038,39,1342.8345888261142,1199.9695543000628,4,1,True,3,20230404,2,80
7039,40,1343.293710691824,1728.4610062893082,2,0,False,3,20230404,2,80
7040,41,1343.1967699406723,2263.78740936058,1,0,False,3,20230404,2,80
7041,42,1343.2115987460816,2799.7884012539184,0,0,False,3,20230404,2,80
7042,43,1343.211959924859,3335.788040075141,4,2,False,3,20230404,2,80
7043,44,1343.5,3871.694993412385,3,8,False,3,20230404,2,80
7044,45,1343.5,4407.6952440550685,4,3,False,3,20230404,2,80
7045,46,1343.5,4943.5,1,0,False,3,20230404,2,80
7046,47,1343.5975609756097,5479.59756097561,0,0,False,3,20230404,2,80
7047,48,1343.5951768488746,6011.788102893891,2,2,False,3,20230404,2,80
7048,49,1343.7790697674418,6544.357322438717,0,0,False,3,20230404,2,80
7049,50,1343.7002567394095,7083.5,4,3,False,3,20230404,2,80
7050,51,1344.0771643663738,7623.5,1,1,False,3,20230404,2,80
7051,52,1343.7884012539184,8151.788401253919,2,0,False,3,20230404,2,80
7052,53,1343.705533596838,8695.5,3,2,False,3,20230404,2,80
7053,54,1343.6953727506427,9219.885604113111,1,1,False,3,20230404,2,80
7054,55,1343.89588688946,9755.690231362469,4,3,False,3,20230404,2,80
7055,56,1343.399935856318,10291.597498396408,2,1,False,3,20230404,2,80
7056,57,1344.0824742268042,10828.067010309278,4,2,False,3,20230404,2,80
7057,58,1344.4319899244333,11374.568010075567,8,4,True,3,20230404,2,80
7058,59,1343.8859649122808,11903.690476190475,4,0,False,3,20230404,2,80
7059,60,1343.89588688946,12443.309768637531,6,1,False,3,20230404,2,80
7060,61,1343.89588688946,12971.690231362469,1,1,False,3,20230404,2,80
7061,62,1343.690476190476,13503.88596491228,2,1,False,3,20230404,2,80
7062,63,1343.8859649122808,14039.690476190475,6,3,False,3,20230404,2,80
7063,64,1343.4044703000611,14579.402020820577,0,0,False,3,20230404,2,80
7064,65,1343.6953727506427,15115.885604113111,2,1,False,3,20230404,2,80
7065,66,1343.690476190476,15647.88596491228,0,0,False,3,20230404,2,80
7066,67,1343.7884012539184,16191.788401253918,5,2,False,3,20230404,2,80
7067,68,1343.399935856318,16731.402501603592,0,1,False,3,20230404,2,80
7068,69,1343.6865030674846,17267.308588957054,7,2,False,3,20230404,2,80
7069,70,1343.5955296999389,17795.98009797918,2,3,False,3,20230404,2,80
7070,71,1343.5975609756097,18335.40243902439,5,4,False,3,20230404,2,80
7071,72,1343.5,18867.88235294117,5,1,False,3,20230404,2,80
7072,73,1343.5,19403.5,6,2,False,3,20230404,2,80
7073,74,1343.89588688946,19947.309768637533,2,0,False,3,20230404,2,80
7074,75,1344.0539215686274,20482.93137254902,0,0,False,3,20230404,2,80
7075,76,1344.1825499034128,21019.03122987765,8,5,True,3,20230404,2,80
7076,77,1786.8558696988323,928.6923786109404,1,0,True,3,20230404,2,80
7077,78,1786.6937984496124,1464.37338501292,0,0,False,3,20230404,2,80
7078,79,1786.9313725490197,2000.053921568628,1,1,False,3,20230404,2,80
7079,80,1787.2038895859473,2531.781053952321,1,1,False,3,20230404,2,80
7080,81,1786.442065491184,3068.3110831234258,5,0,False,3,20230404,2,80
7081,82,1787.970300061237,3608.149112063688,1,1,False,3,20230404,2,80
7082,83,1787.5979791794243,4135.967850581751,3,1,False,3,20230404,2,80
7083,84,1787.2204169221336,4679.772225628449,2,1,False,3,20230404,2,80
7084,85,1787.029699938763,5208.149112063687,2,0,False,3,20230404,2,80
7085,86,1787.882149591452,5748.053111250786,1,3,True,3,20230404,2,80
7086,87,1787.9753476611884,6276.870417193426,3,1,True,3,20230404,2,80
7087,88,1788.0700245700243,6816.055282555282,3,1,True,3,20230404,2,80
7088,89,1788.0686274509803,7352.053921568628,7,2,True,3,20230404,2,80
7089,90,1787.9066924066924,7887.685328185328,0,0,False,3,20230404,2,80
7090,91,1788.4214157168567,8427.5,1,1,False,3,20230404,2,80
7091,92,1788.8411003236247,8951.057281553398,2,2,False,3,20230404,2,80
7092,93,1788.9590264941469,9488.74460874923,2,1,False,3,20230404,2,80
7093,94,1788.5325752919484,10024.31868469576,3,1,False,3,20230404,2,80
7094,95,1789.3282890673256,10560.925571340333,0,0,False,3,20230404,2,80
7095,96,1788.2420706163973,11099.868641532015,5,4,False,3,20230404,2,80
7096,97,1788.1082474226805,11639.5,2,0,False,3,20230404,2,80
7097,98,1788.8382533825338,12175.657441574416,1,0,False,3,20230404,2,80
7098,99,1788.3636363636365,13236.671717171715,4,4,False,3,20230404,2,80
7099,100,1788.083280955374,13772.053111250783,11,6,False,3,20230404,2,80
7100,101,1788.26214511041,14308.5952681388,5,3,False,3,20230404,2,80
7101,102,1788.0925925925926,14851.5,5,2,False,3,20230404,2,80
7102,103,1787.887665198238,15380.240088105727,2,2,False,3,20230404,2,80
7103,104,1787.8779141104294,15920.24110429448,1,1,False,3,20230404,2,80
7104,105,1787.7886850152904,16463.409480122325,3,1,False,3,20230404,2,80
7105,106,1787.795739348371,16995.780701754386,3,1,False,3,20230404,2,80
7106,107,1787.9177131526767,17531.68506278916,0,0,False,3,20230404,2,80
7107,108,1787.7003757044458,18067.5,2,1,False,3,20230404,2,80
7108,109,1787.6027617212587,18599.59505459217,1,0,False,3,20230404,2,80
7109,110,1787.896238244514,19139.314420062696,3,1,False,3,20230404,2,80
7110,111,1788.4214157168567,19675.5,2,0,False,3,20230404,2,80
7111,112,1788.0925925925926,20211.5,2,3,False,3,20230404,2,80
7112,113,1788.083280955374,20754.94688874921,4,1,False,3,20230404,2,80
7113,114,1788.294468887492,21283.5,2,1,True,3,20230404,2,80
7114,115,1791.89588688946,12707.309768637531,4,3,True,3,20230404,2,80
7115,116,2231.304755944931,1199.5,2,1,False,3,20230404,2,80
7116,117,2231.6907151819323,1727.8764115432873,2,1,False,3,20230404,2,80
7117,118,2231.5,2263.5,3,1,False,3,20230404,2,80
7118,119,2231.5,2799.5,1,1,False,3,20230404,2,80
7119,120,2231.5,3335.5,4,132,False,3,20230404,2,80
7120,121,2231.5,3871.5,2,1,False,3,20230404,2,80
7121,122,2231.695244055069,4407.5,1,1,False,3,20230404,2,80
7122,123,2231.5,4943.5,0,0,False,3,20230404,2,80
7123,124,2231.5,5479.5,2,1,True,3,20230404,2,80
7124,125,2231.6000641436817,6011.402501603592,3,2,True,3,20230404,2,80
7125,126,2231.690476190476,6543.8859649122805,4,1,True,3,20230404,2,80
7126,127,2231.89588688946,7083.690231362468,1,0,False,3,20230404,2,80
7127,128,2232.077164366374,7623.5,2,1,False,3,20230404,2,80
7128,129,2231.8859649122805,8151.690476190476,1,0,False,3,20230404,2,80
7129,130,2232.1076618229854,8695.5,1,2,False,3,20230404,2,80
7130,131,2231.79543994862,9219.787732819525,1,2,False,3,20230404,2,80
7131,132,2232.182549903413,9755.968770122345,4,2,True,3,20230404,2,80
7132,133,2232.182549903413,10291.968770122345,3,0,False,3,20230404,2,80
7133,134,2232.082474226804,10828.067010309278,1,0,False,3,20230404,2,80
7134,135,2231.6902377972465,11375.304755944931,3,2,False,3,20230404,2,80
7135,136,2232.165411173886,11903.969554300063,5,3,False,3,20230404,2,80
7136,137,2231.7002567394097,12443.5,3,3,False,3,20230404,2,80
7137,138,2232.0817245817248,12972.06628056628,4,1,False,3,20230404,2,80
7138,139,2232.3332284455632,13504.529578351165,1,1,False,3,20230404,2,80
7139,140,2232.3332284455632,14040.529578351165,2,3,False,3,20230404,2,80
7140,141,2232.241104294478,14579.87791411043,0,0,False,3,20230404,2,80
7141,142,2232.0817245817248,15116.06628056628,6,91,False,3,20230404,2,80
7142,143,2231.9695543000626,15648.165411173886,1,1,False,3,20230404,2,80
7143,144,2231.8859649122805,16191.690476190475,2,0,False,3,20230404,2,80
7144,145,2231.7002567394097,16731.5,7,4,False,3,20230404,2,80
7145,146,2232.241104294478,17267.681595092025,6,3,False,3,20230404,2,80
7146,147,2232.053921568628,17796.06862745098,3,2,False,3,20230404,2,80
7147,148,2231.8859649122805,18335.69047619048,4,2,False,3,20230404,2,80
7148,149,2232.33629675046,18867.220416922133,5,2,False,3,20230404,2,80
7149,150,2231.79543994862,19403.787732819525,5,2,False,3,20230404,2,80
7150,151,2231.89588688946,19947.309768637533,3,1,False,3,20230404,2,80
7151,152,2232.33629675046,20483.220416922133,0,0,False,3,20230404,2,80
7152,153,2231.89588688946,21019.309768637533,6,3,False,3,20230404,2,80
7153,154,2674.93137254902,928.0539215686274,3,2,False,3,20230404,2,80
7154,155,2677.859493670886,1462.4012658227848,0,0,False,3,20230404,2,80
7155,156,2675.406919779547,1999.776791181874,2,1,False,3,20230404,2,80
7156,157,2674.90666247643,2531.489943431804,1,1,False,3,20230404,2,80
7157,158,2675.1173694147265,3068.04877281309,3,1,False,3,20230404,2,80
7158,159,2674.6416309012875,3607.7722256284487,2,1,False,3,20230404,2,80
7159,160,2678.221252257676,4135.150812763395,2,1,False,3,20230404,2,80
7160,161,2679.5,4679.5,2,2,False,3,20230404,2,80
7161,162,2678.2738452309536,5208.111877624475,1,1,False,3,20230404,2,80
7162,163,2679.5,5747.5,4,3,False,3,20230404,2,80
7163,164,2680.4987699877,6275.849323493235,6,4,False,3,20230404,2,80
7164,165,2679.882775119617,6815.5,6,4,False,3,20230404,2,80
7165,166,2680.2616766467067,7351.859281437126,4,2,False,3,20230404,2,80
7166,167,2680.236225087925,8427.317116060962,1,2,False,3,20230404,2,80
7167,168,2679.907035175879,8951.680904522613,3,2,False,3,20230404,2,80
7168,169,2679.211389385808,9487.774299344066,5,1,False,3,20230404,2,80
7169,170,2680.0693779904304,10024.04066985646,2,1,False,3,20230404,2,80
7170,171,2681.5253470126736,10560.709414604707,2,0,False,3,20230404,2,80
7171,172,2680.147574517826,11099.766510812393,3,2,False,3,20230404,2,80
7172,173,2680.1638705811865,12175.766027561414,2,1,False,3,20230404,2,80
7173,174,2680.093137254902,12707.5,4,3,False,3,20230404,2,80
7174,175,2680.0840490797545,13236.039877300613,2,2,False,3,20230404,2,80
7175,176,2679.796024464832,13771.774006116208,3,2,False,3,20230404,2,80
7176,177,2680.459409594096,14308.385608856088,0,0,False,3,20230404,2,80
7177,178,2679.896572827417,14851.681150550796,1,1,False,3,20230404,2,80
7178,179,2680.0840490797545,15380.039877300613,2,0,False,3,20230404,2,80
7179,180,2680.0693779904304,15920.04066985646,1,2,False,3,20230404,2,80
7180,181,2679.980573819486,16463.406754333533,4,3,False,3,20230404,2,80
7181,182,2679.896572827417,16995.681150550794,2,1,False,3,20230404,2,80
7182,183,2679.605602060528,17531.592723760463,3,2,False,3,20230404,2,80
7183,184,2679.9935543278084,18067.58348680172,3,3,False,3,20230404,2,80
7184,185,2679.80923947203,18599.42206159648,1,0,False,3,20230404,2,80
7185,186,2680.1876155268023,19139.214109673445,4,3,False,3,20230404,2,80
7186,187,2680.4227166276346,19675.5,3,0,True,3,20230404,2,80
7187,188,2679.700488997555,20211.5,1,0,False,3,20230404,2,80
7188,189,2679.7963870177587,20755.22565829761,1,0,False,3,20230404,2,80
7189,190,2680.093137254902,21283.5,7,2,True,3,20230404,2,80
7190,191,2683.602761721259,7887.595054592164,4,0,False,3,20230404,2,80
7191,192,2683.9025806451614,11639.5,1,3,False,3,20230404,2,80
7192,193,3130.359950859951,1199.5,2,1,False,3,20230404,2,80
7193,194,3125.668888888889,1728.9653968253967,0,1,False,3,20230404,2,80
7194,195,3131.397238278741,2263.5950545921646,1,0,False,3,20230404,2,80
7195,196,3127.2105097545627,2799.7794210195093,0,0,False,3,20230404,2,80
7196,197,3129.775092936803,3336.6995043370507,4,111,False,3,20230404,2,80
7197,198,3131.397238278741,3871.5950545921646,0,0,False,3,20230404,2,80
7198,199,3130.726600985221,4406.869458128079,1,1,False,3,20230404,2,80
7199,200,3130.9945196647323,4943.595422308188,2,1,False,3,20230404,2,80
7200,201,3131.402260232132,5479.404703726329,4,2,False,3,20230404,2,80
7201,202,3131.203889585948,6011.781053952322,4,2,False,3,20230404,2,80
7202,203,3131.1220858895704,6544.241104294479,3,1,False,3,20230404,2,80
7203,204,3131.6001251564458,7083.595118898624,1,0,False,3,20230404,2,80
7204,205,3131.5,7623.127450980392,1,0,False,3,20230404,2,80
7205,206,3131.5,8151.872549019607,0,0,False,3,20230404,2,80
7206,207,3131.5,8695.309768637531,1,2,False,3,20230404,2,80
7207,208,3131.6956112852663,9219.876175548588,2,0,False,3,20230404,2,80
7208,209,3131.7961104140527,9755.781053952322,4,1,False,3,20230404,2,80
7209,210,3131.7961104140527,10291.781053952322,2,1,False,3,20230404,2,80
7210,211,3131.5,10828.06246076585,2,1,False,3,20230404,2,80
7211,212,3131.779926335175,11374.854205033764,6,3,False,3,20230404,2,80
7212,213,3131.6909424724604,11903.686046511628,3,0,False,3,20230404,2,80
7213,214,3131.6002506265663,12443.40476190476,1,1,False,3,20230404,2,80
7214,215,3131.7961104140527,12971.781053952322,1,1,False,3,20230404,2,80
7215,216,3131.7795830778664,13504.33629675046,2,1,False,3,20230404,2,80
7216,217,3131.7795830778664,14040.33629675046,1,0,False,3,20230404,2,80
7217,218,3131.960431654676,14579.960431654676,4,0,False,3,20230404,2,80
7218,219,3131.6956112852663,15115.876175548588,1,1,False,3,20230404,2,80
7219,220,3131.5,15648.063035495716,4,2,False,3,20230404,2,80
7220,221,3131.8823529411766,16191.5,5,0,False,3,20230404,2,80
7221,222,3131.5,16731.30964308078,3,2,False,3,20230404,2,80
7222,223,3131.6862686567165,17267.313731343285,2,2,False,3,20230404,2,80
7223,224,3131.313953488372,17795.68604651163,5,0,False,3,20230404,2,80
7224,225,3131.6909424724604,18335.31395348837,4,3,False,3,20230404,2,80
7225,226,3131.68671454219,18867.68671454219,1,1,False,3,20230404,2,80
7226,227,3131.700375704446,19403.5,2,2,False,3,20230404,2,80
7227,228,3131.5,19947.5,4,2,False,3,20230404,2,80
7228,229,3131.782634730539,20482.661676646705,1,2,False,3,20230404,2,80
7229,230,3131.7961104140527,21019.21894604768,2,0,False,3,20230404,2,80
7230,231,3570.6416309012875,927.7722256284488,0,0,False,3,20230404,2,80
7231,232,3571.5,1463.5,5,2,False,3,20230404,2,80
7232,233,3569.9433497536947,2000.5147783251232,2,1,False,3,20230404,2,80
7233,234,3571.3043887147337,2531.1238244514107,2,2,False,3,20230404,2,80
7234,235,3571.8962382445143,3067.6855799373043,1,2,False,3,20230404,2,80
7235,236,3571.5,3607.309523809524,0,1,False,3,20230404,2,80
7236,237,3571.597620500305,4135.595179987798,1,0,False,3,20230404,2,80
7237,238,3571.5,4679.5,1,1,False,3,20230404,2,80
7238,239,3571.88630806846,5207.6858190709045,2,0,False,3,20230404,2,80
7239,240,3571.7961104140527,5747.590338770389,1,0,False,3,20230404,2,80
7240,241,3571.8962382445143,6275.314420062696,1,1,False,3,20230404,2,80
7241,242,3571.69536019536,6815.5,3,2,False,3,20230404,2,80
7242,243,3572.166258420086,7351.041947336191,1,0,False,3,20230404,2,80
7243,244,3571.7056555269924,7887.5,4,2,False,3,20230404,2,80
7244,245,3572.5167865707435,8427.404076738609,1,2,False,3,20230404,2,80
7245,246,3571.9066924066924,8951.685328185327,2,1,False,3,20230404,2,80
7246,247,3572.260736196319,9487.86809815951,2,1,False,3,20230404,2,80
7247,248,3572.260736196319,10023.86809815951,6,1,False,3,20230404,2,80
7248,249,3572.0686274509803,10560.053921568628,2,0,False,3,20230404,2,80
7249,250,3574.511180124224,11097.66645962733,1,0,False,3,20230404,2,80
7250,251,3572.00998068255,11639.404700579524,2,0,False,3,20230404,2,80
7251,252,3572.3583690987125,12175.227774371551,0,1,False,3,20230404,2,80
7252,253,3572.0925925925926,12707.5,4,2,False,3,20230404,2,80
7253,254,3572.0825486503454,13236.052416823602,0,0,False,3,20230404,2,80
7254,255,3571.8962382445143,13771.685579937304,0,1,False,3,20230404,2,80
7255,256,3572.183417085427,14307.957286432162,2,2,False,3,20230404,2,80
7256,257,3571.700375704446,14851.5,1,106,False,3,20230404,2,80
7257,258,3572.183417085427,15379.957286432162,2,2,False,3,20230404,2,80
7258,259,3572.3583690987125,15919.772225628449,2,2,False,3,20230404,2,80
7259,260,3571.88630806846,16463.314180929094,6,3,False,3,20230404,2,80
7260,261,3572.0925925925926,16995.5,2,3,False,3,20230404,2,80
7261,262,3571.6055408970974,17531.594986807388,0,0,False,3,20230404,2,80
7262,263,3571.6001251564458,18067.40488110137,6,4,False,3,20230404,2,80
7263,264,3571.602761721259,18599.59505459217,6,4,False,3,20230404,2,80
7264,265,3572.0925925925926,19139.5,3,1,False,3,20230404,2,80
7265,266,3572.5167865707435,19675.59592326139,0,0,False,3,20230404,2,80
7266,267,3572.0925925925926,20211.5,0,0,False,3,20230404,2,80
7267,268,3572.183417085427,20755.04271356784,3,0,False,3,20230404,2,80
7268,269,3572.0925925925926,21283.5,1,0,True,3,20230404,2,80
7269,270,4023.1235884567127,1199.1135508155585,1,0,False,3,20230404,2,80
7270,271,4023.4024390243903,1727.5975609756097,0,0,False,3,20230404,2,80
7271,272,4023.5,2263.5,3,1,False,3,20230404,2,80
7272,273,4023.5,2799.304755944931,1,0,False,3,20230404,2,80
7273,274,4023.22057898049,3335.7794210195093,1,0,False,3,20230404,2,80
7274,275,4023.6026991441736,3871.597432521396,1,1,False,3,20230404,2,80
7275,276,4023.6911949685536,4407.308805031446,7,6,False,3,20230404,2,80
7276,277,4023.3973008558255,4943.597432521396,1,1,False,3,20230404,2,80
7277,278,4023.690476190476,5479.11403508772,1,0,False,3,20230404,2,80
7278,279,4023.6000641436817,6011.597498396408,2,0,False,3,20230404,2,80
7279,280,4023.690476190476,6543.8859649122805,3,135,False,3,20230404,2,80
7280,281,4023.7002567394097,7083.5,2,0,False,3,20230404,2,80
7281,282,4023.7884012539184,7623.211598746081,5,3,False,3,20230404,2,80
7282,283,4023.885964912281,8151.690476190476,0,0,False,3,20230404,2,80
7283,284,4023.6026991441736,8695.402567478604,1,1,False,3,20230404,2,80
7284,285,4023.7954399486193,9219.787732819525,1,1,False,3,20230404,2,80
7285,286,4023.89588688946,9755.690231362469,3,2,False,3,20230404,2,80
7286,287,4023.89588688946,10291.690231362469,1,1,False,3,20230404,2,80
7287,288,4023.6953727506425,10827.885604113111,1,1,False,3,20230404,2,80
7288,289,4023.7884012539184,11375.211598746082,3,0,False,3,20230404,2,80
7289,290,4023.885964912281,11903.690476190475,2,1,False,3,20230404,2,80
7290,291,4023.7002567394097,12443.5,5,3,False,3,20230404,2,80
7291,292,4023.7954399486193,12971.787732819525,6,2,False,3,20230404,2,80
7292,293,4023.969554300063,13504.165411173886,3,1,False,3,20230404,2,80
7293,294,4023.885964912281,14039.690476190475,5,2,False,3,20230404,2,80
7294,295,4023.87652811736,14579.690709046456,1,1,False,3,20230404,2,80
7295,296,4023.7954399486193,15115.787732819525,2,2,False,3,20230404,2,80
7296,297,4023.5975609756097,15647.40243902439,1,1,False,3,20230404,2,80
7297,298,4023.5,16191.5,2,1,False,3,20230404,2,80
7298,299,4023.6000641436817,16731.402501603592,2,1,False,3,20230404,2,80
7299,300,4023.4048200122015,17267.402379499694,3,1,False,3,20230404,2,80
7300,301,4024.053921568628,17796.06862745098,3,1,False,3,20230404,2,80
7301,302,4023.695244055069,18335.5,8,3,False,3,20230404,2,80
7302,303,4023.5,18867.5,2,1,False,3,20230404,2,80
7303,304,4023.6000641436817,19403.597498396408,1,0,False,3,20230404,2,80
7304,305,4023.89588688946,19947.309768637533,4,3,False,3,20230404,2,80
7305,306,4023.314180929096,20483.11369193154,2,0,False,3,20230404,2,80
7306,307,4023.6000641436817,21019.402501603592,5,2,False,3,20230404,2,80
7307,308,4467.308588957055,927.6865030674846,3,1,False,3,20230404,2,80
7308,309,4467.6027617212585,1463.5950545921644,4,1,False,3,20230404,2,80
7309,310,4467.69094247246,1999.686046511628,0,0,False,3,20230404,2,80
7310,311,4467.5,2531.5,1,0,False,3,20230404,2,80
7311,312,4467.103264281231,3067.133396107972,0,0,False,3,20230404,2,80
7312,313,4467.597620500305,3607.5951799877976,3,2,False,3,20230404,2,80
7313,314,4468.0700245700245,4135.490171990172,4,1,False,3,20230404,2,80
7314,315,4467.790461538461,4678.6704615384615,5,2,False,3,20230404,2,80
7315,316,4467.220416922134,5207.772225628449,2,3,False,3,20230404,2,80
7316,317,4467.600250626567,5747.4047619047615,1,0,False,3,20230404,2,80
7317,318,4467.695611285267,6275.876175548589,2,1,False,3,20230404,2,80
7318,319,4468.067931456549,6814.9467564259485,2,1,False,3,20230404,2,80
7319,320,4467.69094247246,7351.686046511628,0,0,False,3,20230404,2,80
7320,321,4467.705655526992,7887.5,4,1,False,3,20230404,2,80
7321,322,4467.9604316546765,8427.039568345324,7,4,False,3,20230404,2,80
7322,323,4467.803536977492,8951.78038585209,0,0,False,3,20230404,2,80
7323,324,4467.779926335175,9488.145794966236,3,2,False,3,20230404,2,80
7324,325,4467.970876762723,10023.958614347026,1,0,False,3,20230404,2,80
7325,326,4467.779926335175,10560.145794966236,3,1,False,3,20230404,2,80
7326,327,4467.773709483794,11099.773709483794,1,0,False,3,20230404,2,80
7327,328,4467.705655526992,11639.5,2,1,False,3,20230404,2,80
7328,329,4467.691411042945,12175.313496932517,1,2,False,3,20230404,2,80
7329,330,4467.992462311558,12707.404522613066,1,1,False,3,20230404,2,80
7330,331,4467.982412060302,13236.14824120603,3,0,False,3,20230404,2,80
7331,332,4467.695611285267,13771.876175548588,3,2,False,3,20230404,2,80
7332,333,4467.78679245283,14308.335220125786,0,0,False,3,20230404,2,80
7333,334,4467.700375704446,14851.5,0,0,False,3,20230404,2,80
7334,335,4467.695611285267,15379.876175548588,1,1,False,3,20230404,2,80
7335,336,4467.69094247246,15919.686046511628,2,0,False,3,20230404,2,80
7336,337,4467.597979179424,16463.03214941825,1,2,False,3,20230404,2,80
7337,338,4467.796110414053,16995.590338770387,1,1,False,3,20230404,2,80
7338,339,4467.812169312169,17531.589947089946,4,4,False,3,20230404,2,80
7339,340,4467.304143126177,18067.314187068423,2,3,False,3,20230404,2,80
7340,341,4467.6027617212585,18599.59505459217,4,3,False,3,20230404,2,80
7341,342,4467.992462311558,19139.59547738693,0,1,False,3,20230404,2,80
7342,343,4467.9604316546765,19675.586330935253,3,2,False,3,20230404,2,80
7343,344,4467.992462311558,20211.404522613066,1,2,False,3,20230404,2,80
7344,345,4467.695611285267,20755.87617554859,0,0,False,3,20230404,2,80
7345,346,4467.600250626567,21283.404761904763,1,0,True,3,20230404,2,80
7346,347,4910.279048765804,1198.8762793497892,2,0,False,3,20230404,2,80
7347,348,4909.975961538462,1726.3557692307693,1,1,False,3,20230404,2,80
7348,349,4911.294228356336,2263.5,4,1,False,3,20230404,2,80
7349,350,4910.738323353294,2799.859281437126,2,1,False,3,20230404,2,80
7350,351,4910.551497005988,3335.32754491018,2,0,False,3,20230404,2,80
7351,352,4911.092964824121,3871.680904522613,3,1,False,3,20230404,2,80
7352,353,4911.308383233533,4407.317964071856,12,6,False,3,20230404,2,80
7353,354,4911.298994974874,4943.133165829146,0,0,False,3,20230404,2,80
7354,355,4911.308841099164,5479.318399044206,3,3,False,3,20230404,2,80
7355,356,4911.696078431372,6011.318627450981,1,1,False,3,20230404,2,80
7356,357,4911.308383233533,6543.682035928144,3,1,False,3,20230404,2,80
7357,358,4911.796387017759,7083.225658297612,1,0,False,3,20230404,2,80
7358,359,4912.070743405276,7622.958033573142,2,0,False,3,20230404,2,80
7359,360,4911.5,8151.5,3,2,False,3,20230404,2,80
7360,361,4911.5,8694.951572327043,2,2,False,3,20230404,2,80
7361,362,4911.696078431372,9219.68137254902,1,1,False,3,20230404,2,80
7362,363,4911.69656019656,9755.681818181818,1,1,False,3,20230404,2,80
7363,364,4911.5,10291.863190184047,1,0,False,3,20230404,2,80
7364,365,4911.5,10827.863190184047,4,1,False,3,20230404,2,80
7365,366,4911.5,11374.602040816326,3,2,False,3,20230404,2,80
7366,367,4911.780407429598,11902.869682444578,2,2,False,3,20230404,2,80
7367,368,4911.600551808707,12443.043838136113,5,1,False,3,20230404,2,80
7368,369,4911.696078431372,12971.68137254902,0,0,False,3,20230404,2,80
7369,370,4911.780407429598,13504.130317555422,3,2,False,3,20230404,2,80
7370,371,4911.780407429598,14040.130317555422,6,6,False,3,20230404,2,80
7371,372,4911.774165202109,14579.232864674868,2,2,False,3,20230404,2,80
7372,373,4911.696078431372,15115.68137254902,2,0,False,3,20230404,2,80
7373,374,4911.780407429598,15648.130317555422,2,2,False,3,20230404,2,80
7374,375,4911.5,16191.136363636364,0,2,False,3,20230404,2,80
7375,376,4911.5,16731.5,2,0,False,3,20230404,2,80
7376,377,4911.869158878505,17266.77570093458,2,1,False,3,20230404,2,80
7377,378,4911.877182770663,17795.681606519207,1,1,False,3,20230404,2,80
7378,379,4912.261676646706,18335.32754491018,2,1,False,3,20230404,2,80
7379,380,4912.056725146199,18867.49064327485,1,1,False,3,20230404,2,80
7380,381,4911.696078431372,19403.68137254902,1,1,False,3,20230404,2,80
7381,382,4911.796387017759,19947.22565829761,0,0,False,3,20230404,2,80
7382,383,4911.961088355763,20483.050614394386,1,1,False,3,20230404,2,80
7383,384,4911.888206388207,21018.77764127764,11,2,False,3,20230404,2,80
7384,385,5354.359950859951,927.5,2,0,True,3,20230404,2,80
7385,386,5355.3972382787415,1463.4049454078356,1,0,False,3,20230404,2,80
7386,387,5354.355036855037,1999.8341523341523,0,0,False,3,20230404,2,80
7387,388,5355.103761755486,2531.314420062696,0,0,False,3,20230404,2,80
7388,389,5355.299624295554,3067.5,2,1,False,3,20230404,2,80
7389,390,5355.5,3607.309523809524,1,1,False,3,20230404,2,80
7390,391,5355.5,4135.5,1,1,False,3,20230404,2,80
7391,392,5355.87791411043,4678.758895705521,5,1,False,3,20230404,2,80
7392,393,5355.69094247246,5207.313953488372,4,2,False,3,20230404,2,80
7393,394,5355.695611285267,5747.123824451411,3,1,False,3,20230404,2,80
7394,395,5355.600250626567,6275.4047619047615,0,0,False,3,20230404,2,80
7395,396,5355.5,6815.1274509803925,3,2,False,3,20230404,2,80
7396,397,5355.597739767868,7351.404703726329,3,3,True,3,20230404,2,80
7397,398,5355.6027617212585,7887.404945407836,2,0,True,3,20230404,2,80
7398,399,5355.868641532017,8426.757929383602,2,1,False,3,20230404,2,80
7399,400,5355.6027617212585,8951.595054592164,2,2,True,3,20230404,2,80
7400,401,5355.69094247246,9487.686046511628,1,1,False,3,20230404,2,80
7401,402,5355.882352941177,10023.5,8,3,False,3,20230404,2,80
7402,403,5355.788685015291,10559.781345565749,1,1,True,3,20230404,2,80
7403,404,5355.87298266587,11099.5,4,2,False,3,20230404,2,80
7404,405,5355.803536977492,11639.21961414791,1,0,False,3,20230404,2,80
7405,406,5355.788685015291,12175.218654434251,3,1,False,3,20230404,2,80
7406,407,5355.796110414053,12707.218946047678,3,1,False,3,20230404,2,80
7407,408,5355.896238244514,13235.685579937304,1,1,False,3,20230404,2,80
7408,409,5355.700375704446,13771.5,2,2,False,3,20230404,2,80
7409,410,5355.796110414053,14307.781053952322,1,1,False,3,20230404,2,80
7410,411,5355.600125156446,14851.404881101376,4,2,False,3,20230404,2,80
7411,412,5355.700375704446,15379.5,1,0,False,3,20230404,2,80
7412,413,5355.88630806846,15919.685819070904,1,0,False,3,20230404,2,80
7413,414,5355.5,16462.936964504283,1,0,False,3,20230404,2,80
7414,415,5355.896238244514,16995.314420062696,2,2,False,3,20230404,2,80
7415,416,5355.917713152677,17531.31493721084,6,5,False,3,20230404,2,80
7416,417,5355.795739348371,18067.21929824561,5,1,False,3,20230404,2,80
7417,418,5355.6027617212585,18599.59505459217,6,3,False,3,20230404,2,80
7418,419,5355.700375704446,19139.5,0,0,False,3,20230404,2,80
7419,420,5355.968339307049,19675.40442054958,3,3,False,3,20230404,2,80
7420,421,5355.600125156446,20211.40488110137,4,3,False,3,20230404,2,80
7421,422,5355.795739348371,20755.21929824561,12,9,True,3,20230404,2,80
7422,423,5355.700375704446,21283.5,3,3,True,3,20230404,2,80
7423,424,5806.541916167665,1199.3179640718563,1,0,False,3,20230404,2,80
7424,425,5806.328331332533,1727.2454981992796,0,0,False,3,20230404,2,80
7425,426,5806.901257861635,2262.9616352201256,0,0,False,3,20230404,2,80
7426,427,5807.019426180514,2799.4067543335327,3,3,False,3,20230404,2,80
7427,428,5807.204504504504,3335.262162162162,3,1,False,3,20230404,2,80
7428,429,5807.705771643664,3871.5,0,0,False,3,20230404,2,80
7429,430,5807.308383233533,4407.317964071856,4,2,False,3,20230404,2,80
7430,431,5807.397049591965,4943.407093534212,2,1,False,3,20230404,2,80
7431,432,5807.5,5479.136363636364,1,0,False,3,20230404,2,80
7432,433,5807.5,6011.5,5,3,False,3,20230404,2,80
7433,434,5807.317964071856,6544.223353293413,5,3,False,3,20230404,2,80
7434,435,5807.303921568628,7083.318627450981,1,1,False,3,20230404,2,80
7435,436,5807.5,7623.136363636364,1,0,True,3,20230404,2,80
7436,437,5807.5,8151.5,0,1,False,3,20230404,2,80
7437,438,5807.5,8694.951572327043,1,0,False,3,20230404,2,80
7438,439,5807.399448191293,9219.956161863887,1,1,False,3,20230404,2,80
7439,440,5807.303921568628,9755.68137254902,4,4,False,3,20230404,2,80
7440,441,5807.5,10291.863190184047,2,1,False,3,20230404,2,80
7441,442,5807.5,10827.863190184047,9,6,False,3,20230404,2,80
7442,443,5807.5,11374.602040816326,5,3,False,3,20230404,2,80
7443,444,5807.691616766467,11903.317964071855,3,3,False,3,20230404,2,80
7444,445,5807.600551808707,12443.043838136113,4,1,False,3,20230404,2,80
7445,446,5807.696078431372,12971.68137254902,3,2,False,3,20230404,2,80
7446,447,5807.5,13503.863636363636,3,1,False,3,20230404,2,80
7447,448,5807.780407429598,14040.130317555422,6,1,True,3,20230404,2,80
7448,449,5807.5,14579.5,1,2,False,3,20230404,2,80
7449,450,5807.5,15115.5,1,1,False,3,20230404,2,80
7450,451,5807.308383233533,15647.682035928145,1,0,False,3,20230404,2,80
7451,452,5807.219592570402,16190.869682444578,2,1,False,3,20230404,2,80
7452,453,5807.203975535168,16731.225993883792,5,5,False,3,20230404,2,80
7453,454,5808.315897136177,17266.518118059616,3,2,True,3,20230404,2,80
7454,455,5807.5,17795.5,2,3,False,3,20230404,2,80
7455,456,5807.598027495517,18335.04333532576,1,0,False,3,20230404,2,80
7456,457,5807.686915887851,18867.317757009347,4,2,False,3,20230404,2,80
7457,458,5807.399694189602,19403.59296636085,4,3,False,3,20230404,2,80
7458,459,5807.600551808707,19947.04383813612,5,2,False,3,20230404,2,80
7459,460,5807.322429906542,20482.59813084112,4,2,False,3,20230404,2,80
7460,461,5807.600551808707,21019.04383813612,4,1,True,3,20230404,2,80
7461,462,6248.491920447483,929.41671845867,0,0,True,3,20230404,2,80
7462,463,6250.684516129032,1463.5,1,1,True,3,20230404,2,80
7463,464,6250.062461538461,1999.2710769230769,1,1,False,3,20230404,2,80
7464,465,6246.90797940798,2531.5,0,1,False,3,20230404,2,80
7465,466,6251.103761755486,3067.6855799373043,1,1,False,3,20230404,2,80
7466,467,6251.402379499695,3607.4048200122015,1,0,False,3,20230404,2,80
7467,468,6251.30905752754,4135.686046511628,4,2,False,3,20230404,2,80
7468,469,6251.788685015291,4679.21865443425,3,1,False,3,20230404,2,80
7469,470,6251.882352941177,5207.5,2,1,False,3,20230404,2,80
7470,471,6251.600250626567,5747.4047619047615,4,1,False,3,20230404,2,80
7471,472,6251.600250626567,6275.595238095239,1,0,False,3,20230404,2,80
7472,473,6251.5,6815.1274509803925,0,1,False,3,20230404,2,80
7473,474,6251.5,7351.5,2,0,False,3,20230404,2,80
7474,475,6251.6027617212585,7887.404945407836,2,1,False,3,20230404,2,80
7475,476,6251.773053892216,8426.853293413174,1,0,False,3,20230404,2,80
7476,477,6251.5,8951.690231362469,0,0,False,3,20230404,2,80
7477,478,6251.5,9487.872549019608,1,0,False,3,20230404,2,80
7478,479,6251.5,10023.872549019608,1,2,False,3,20230404,2,80
7479,480,6251.69094247246,10559.686046511628,2,1,False,3,20230404,2,80
7480,481,6251.87298266587,11099.5,2,1,False,3,20230404,2,80
7481,482,6251.6027617212585,11639.404945407836,5,6,False,3,20230404,2,80
7482,483,6251.597979179424,12175.032149418248,1,0,False,3,20230404,2,80
7483,484,6251.796110414053,12707.218946047678,1,0,False,3,20230404,2,80
7484,485,6251.896238244514,13235.685579937304,6,2,False,3,20230404,2,80
7485,486,6251.600125156446,13771.595118898624,1,0,False,3,20230404,2,80
7486,487,6251.795739348371,14307.780701754386,3,3,False,3,20230404,2,80
7487,488,6251.5,14851.309643080776,4,1,False,3,20230404,2,80
7488,489,6251.600250626567,15379.40476190476,5,2,False,3,20230404,2,80
7489,490,6251.5,15919.5,0,0,False,3,20230404,2,80
7490,491,6251.5,16462.389434889436,3,0,False,3,20230404,2,80
7491,492,6251.5,16995.30964308078,4,1,False,3,20230404,2,80
7492,493,6251.605540897098,17531.405013192612,0,0,False,3,20230404,2,80
7493,494,6251.5,18066.93753923415,0,0,False,3,20230404,2,80
7494,495,6251.5,18599.5,1,1,False,3,20230404,2,80
7495,496,6251.5,19139.30964308078,3,1,False,3,20230404,2,80
7496,497,6251.5,19675.12701733413,0,0,False,3,20230404,2,80
7497,498,6251.5,20211.30964308078,1,1,False,3,20230404,2,80
7498,499,6251.399874843554,20755.40488110137,3,2,True,3,20230404,2,80
7499,500,6251.600250626567,21283.404761904763,5,2,True,3,20230404,2,80
7500,1,899.004835589942,1464.1473243068988,0,1,True,0,20230315,1,100
7501,2,898.7570725707257,2000.5971709717096,1,1,True,0,20230315,1,100
7502,3,899.2132075471698,2532.3352201257862,0,0,False,0,20230315,1,100
7503,4,899.2132075471698,3068.3352201257862,1,0,False,0,20230315,1,100
7504,5,899.4020208205757,3607.967850581752,0,0,False,0,20230315,1,100
7505,6,899.2204169221336,4136.33629675046,0,1,False,0,20230315,1,100
7506,7,899.4020208205757,4679.967850581751,2,1,False,0,20230315,1,100
7507,8,899.7795830778664,5208.33629675046,2,1,False,0,20230315,1,100
7508,9,899.6956112852664,5747.876175548589,0,0,False,0,20230315,1,100
7509,10,899.204260651629,6275.7807017543855,2,0,False,0,20230315,1,100
7510,11,899.8779141104294,6816.241104294479,0,2,False,0,20230315,1,100
7511,12,900.0686274509804,7352.053921568628,0,0,False,0,20230315,1,100
7512,13,900.3051612903225,7887.866451612903,1,3,False,0,20230315,1,100
7513,14,900.6003003003003,8428.206306306307,1,1,False,0,20230315,1,100
7514,15,900.0979381443299,8952.051546391753,0,0,False,0,20230315,1,100
7515,16,900.2429274292743,9488.59717097171,2,0,False,0,20230315,1,100
7516,17,901.4233621755252,10024.187268232386,0,0,False,0,20230315,1,100
7517,18,901.0743368291178,10560.657310302282,0,0,False,0,20230315,1,100
7518,19,900.5989802039592,11100.224655068989,1,3,False,0,20230315,1,100
7519,20,899.7005141388174,11639.690231362469,0,0,False,0,20230315,1,100
7520,21,901.428306551298,12176.889369592089,1,0,False,0,20230315,1,100
7521,22,900.3805031446541,12707.771698113207,1,0,False,0,20230315,1,100
7522,23,900.3564231738035,13236.502518891688,3,1,False,0,20230315,1,100
7523,24,899.9824120603015,13772.14824120603,2,0,False,0,20230315,1,100
7524,25,900.1607818411097,14308.690416141237,0,1,False,0,20230315,1,100
7525,26,899.896238244514,14851.685579937304,0,0,False,0,20230315,1,100
7526,27,899.9824120603015,15380.14824120603,0,0,False,0,20230315,1,100
7527,28,899.7795830778664,15920.33629675046,0,1,False,0,20230315,1,100
7528,29,899.6909424724602,16463.68604651163,2,0,False,0,20230315,1,100
7529,30,899.6956112852664,16995.87617554859,1,0,False,0,20230315,1,100
7530,31,899.6055408970976,17531.594986807388,2,94,False,0,20230315,1,100
7531,32,899.5,18067.5,0,0,False,0,20230315,1,100
7532,33,899.5,18599.690231362467,3,77,False,0,20230315,1,100
7533,34,899.6002506265664,19139.404761904763,2,2,False,0,20230315,1,100
7534,35,900.1467065868263,19675.226946107785,0,0,True,0,20230315,1,100
7535,36,900.0925925925926,20211.5,2,0,True,0,20230315,1,100
7536,37,900.1842767295598,20754.86603773585,1,2,False,0,20230315,1,100
7537,38,903.89588688946,21283.309768637533,2,2,True,0,20230315,1,100
7538,39,1342.8345888261142,1199.9695543000628,0,1,True,0,20230315,1,100
7539,40,1343.293710691824,1728.4610062893082,1,1,False,0,20230315,1,100
7540,41,1343.1967699406723,2263.78740936058,2,1,False,0,20230315,1,100
7541,42,1343.2115987460816,2799.7884012539184,0,0,False,0,20230315,1,100
7542,43,1343.211959924859,3335.788040075141,0,0,False,0,20230315,1,100
7543,44,1343.5,3871.694993412385,0,0,False,0,20230315,1,100
7544,45,1343.5,4407.6952440550685,1,0,False,0,20230315,1,100
7545,46,1343.5,4943.5,0,0,False,0,20230315,1,100
7546,47,1343.5975609756097,5479.59756097561,1,120,False,0,20230315,1,100
7547,48,1343.5951768488746,6011.788102893891,1,2,False,0,20230315,1,100
7548,49,1343.7790697674418,6544.357322438717,1,0,False,0,20230315,1,100
7549,50,1343.7002567394095,7083.5,0,1,False,0,20230315,1,100
7550,51,1344.0771643663738,7623.5,1,0,False,0,20230315,1,100
7551,52,1343.7884012539184,8151.788401253919,2,2,False,0,20230315,1,100
7552,53,1343.705533596838,8695.5,0,1,False,0,20230315,1,100
7553,54,1343.6953727506427,9219.885604113111,0,0,False,0,20230315,1,100
7554,55,1343.89588688946,9755.690231362469,0,2,False,0,20230315,1,100
7555,56,1343.399935856318,10291.597498396408,2,1,False,0,20230315,1,100
7556,57,1344.0824742268042,10828.067010309278,1,1,False,0,20230315,1,100
7557,58,1344.4319899244333,11374.568010075567,1,0,False,0,20230315,1,100
7558,59,1343.8859649122808,11903.690476190475,0,0,False,0,20230315,1,100
7559,60,1343.89588688946,12443.309768637531,1,1,False,0,20230315,1,100
7560,61,1343.89588688946,12971.690231362469,0,0,False,0,20230315,1,100
7561,62,1343.690476190476,13503.88596491228,0,1,False,0,20230315,1,100
7562,63,1343.8859649122808,14039.690476190475,1,1,False,0,20230315,1,100
7563,64,1343.4044703000611,14579.402020820577,0,0,False,0,20230315,1,100
7564,65,1343.6953727506427,15115.885604113111,0,0,False,0,20230315,1,100
7565,66,1343.690476190476,15647.88596491228,1,0,False,0,20230315,1,100
7566,67,1343.7884012539184,16191.788401253918,0,0,False,0,20230315,1,100
7567,68,1343.399935856318,16731.402501603592,1,0,False,0,20230315,1,100
7568,69,1343.6865030674846,17267.308588957054,1,1,False,0,20230315,1,100
7569,70,1343.5955296999389,17795.98009797918,0,2,False,0,20230315,1,100
7570,71,1343.5975609756097,18335.40243902439,0,0,False,0,20230315,1,100
7571,72,1343.5,18867.88235294117,0,0,False,0,20230315,1,100
7572,73,1343.5,19403.5,1,0,False,0,20230315,1,100
7573,74,1343.89588688946,19947.309768637533,1,1,False,0,20230315,1,100
7574,75,1344.0539215686274,20482.93137254902,4,2,False,0,20230315,1,100
7575,76,1344.1825499034128,21019.03122987765,0,1,False,0,20230315,1,100
7576,77,1786.8558696988323,928.6923786109404,0,0,True,0,20230315,1,100
7577,78,1786.6937984496124,1464.37338501292,1,0,False,0,20230315,1,100
7578,79,1786.9313725490197,2000.053921568628,0,0,False,0,20230315,1,100
7579,80,1787.2038895859473,2531.781053952321,2,1,False,0,20230315,1,100
7580,81,1786.442065491184,3068.3110831234258,1,0,False,0,20230315,1,100
7581,82,1787.970300061237,3608.149112063688,0,0,False,0,20230315,1,100
7582,83,1787.5979791794243,4135.967850581751,1,0,False,0,20230315,1,100
7583,84,1787.2204169221336,4679.772225628449,1,1,False,0,20230315,1,100
7584,85,1787.029699938763,5208.149112063687,0,0,False,0,20230315,1,100
7585,86,1787.882149591452,5748.053111250786,0,0,False,0,20230315,1,100
7586,87,1787.9753476611884,6276.870417193426,1,1,False,0,20230315,1,100
7587,88,1788.0700245700243,6816.055282555282,0,0,False,0,20230315,1,100
7588,89,1788.0686274509803,7352.053921568628,1,1,False,0,20230315,1,100
7589,90,1787.9066924066924,7887.685328185328,2,1,False,0,20230315,1,100
7590,91,1788.4214157168567,8427.5,1,1,False,0,20230315,1,100
7591,92,1788.8411003236247,8951.057281553398,0,0,False,0,20230315,1,100
7592,93,1788.9590264941469,9488.74460874923,0,0,False,0,20230315,1,100
7593,94,1788.5325752919484,10024.31868469576,1,103,False,0,20230315,1,100
7594,95,1789.3282890673256,10560.925571340333,0,0,False,0,20230315,1,100
7595,96,1788.2420706163973,11099.868641532015,0,0,False,0,20230315,1,100
7596,97,1788.1082474226805,11639.5,1,0,False,0,20230315,1,100
7597,98,1788.8382533825338,12175.657441574416,1,0,False,0,20230315,1,100
7598,99,1788.3636363636365,13236.671717171715,0,0,False,0,20230315,1,100
7599,100,1788.083280955374,13772.053111250783,3,96,False,0,20230315,1,100
7600,101,1788.26214511041,14308.5952681388,4,1,False,0,20230315,1,100
7601,102,1788.0925925925926,14851.5,1,0,False,0,20230315,1,100
7602,103,1787.887665198238,15380.240088105727,1,0,False,0,20230315,1,100
7603,104,1787.8779141104294,15920.24110429448,1,0,False,0,20230315,1,100
7604,105,1787.7886850152904,16463.409480122325,1,2,False,0,20230315,1,100
7605,106,1787.795739348371,16995.780701754386,0,0,False,0,20230315,1,100
7606,107,1787.9177131526767,17531.68506278916,0,0,False,0,20230315,1,100
7607,108,1787.7003757044458,18067.5,1,0,False,0,20230315,1,100
7608,109,1787.6027617212587,18599.59505459217,1,0,False,0,20230315,1,100
7609,110,1787.896238244514,19139.314420062696,0,0,False,0,20230315,1,100
7610,111,1788.4214157168567,19675.5,0,0,False,0,20230315,1,100
7611,112,1788.0925925925926,20211.5,3,0,False,0,20230315,1,100
7612,113,1788.083280955374,20754.94688874921,0,0,False,0,20230315,1,100
7613,114,1788.294468887492,21283.5,0,3,False,0,20230315,1,100
7614,115,1791.89588688946,12707.309768637531,1,1,False,0,20230315,1,100
7615,116,2231.304755944931,1199.5,1,1,False,0,20230315,1,100
7616,117,2231.6907151819323,1727.8764115432873,0,1,False,0,20230315,1,100
7617,118,2231.5,2263.5,0,0,False,0,20230315,1,100
7618,119,2231.5,2799.5,0,1,False,0,20230315,1,100
7619,120,2231.5,3335.5,0,0,False,0,20230315,1,100
7620,121,2231.5,3871.5,2,1,False,0,20230315,1,100
7621,122,2231.695244055069,4407.5,2,1,False,0,20230315,1,100
7622,123,2231.5,4943.5,1,0,False,0,20230315,1,100
7623,124,2231.5,5479.5,1,0,False,0,20230315,1,100
7624,125,2231.6000641436817,6011.402501603592,2,0,False,0,20230315,1,100
7625,126,2231.690476190476,6543.8859649122805,0,0,False,0,20230315,1,100
7626,127,2231.89588688946,7083.690231362468,0,0,False,0,20230315,1,100
7627,128,2232.077164366374,7623.5,1,1,False,0,20230315,1,100
7628,129,2231.8859649122805,8151.690476190476,0,0,False,0,20230315,1,100
7629,130,2232.1076618229854,8695.5,1,0,False,0,20230315,1,100
7630,131,2231.79543994862,9219.787732819525,0,0,False,0,20230315,1,100
7631,132,2232.182549903413,9755.968770122345,0,0,False,0,20230315,1,100
7632,133,2232.182549903413,10291.968770122345,0,118,False,0,20230315,1,100
7633,134,2232.082474226804,10828.067010309278,2,1,False,0,20230315,1,100
7634,135,2231.6902377972465,11375.304755944931,2,0,False,0,20230315,1,100
7635,136,2232.165411173886,11903.969554300063,1,0,False,0,20230315,1,100
7636,137,2231.7002567394097,12443.5,0,0,False,0,20230315,1,100
7637,138,2232.0817245817248,12972.06628056628,1,1,False,0,20230315,1,100
7638,139,2232.3332284455632,13504.529578351165,0,0,False,0,20230315,1,100
7639,140,2232.3332284455632,14040.529578351165,0,0,False,0,20230315,1,100
7640,141,2232.241104294478,14579.87791411043,0,0,False,0,20230315,1,100
7641,142,2232.0817245817248,15116.06628056628,3,59,False,0,20230315,1,100
7642,143,2231.9695543000626,15648.165411173886,0,0,False,0,20230315,1,100
7643,144,2231.8859649122805,16191.690476190475,0,0,False,0,20230315,1,100
7644,145,2231.7002567394097,16731.5,2,0,False,0,20230315,1,100
7645,146,2232.241104294478,17267.681595092025,0,0,False,0,20230315,1,100
7646,147,2232.053921568628,17796.06862745098,1,0,False,0,20230315,1,100
7647,148,2231.8859649122805,18335.69047619048,2,1,False,0,20230315,1,100
7648,149,2232.33629675046,18867.220416922133,1,1,False,0,20230315,1,100
7649,150,2231.79543994862,19403.787732819525,1,0,False,0,20230315,1,100
7650,151,2231.89588688946,19947.309768637533,2,0,False,0,20230315,1,100
7651,152,2232.33629675046,20483.220416922133,0,0,False,0,20230315,1,100
7652,153,2231.89588688946,21019.309768637533,0,98,False,0,20230315,1,100
7653,154,2674.93137254902,928.0539215686274,0,0,False,0,20230315,1,100
7654,155,2677.859493670886,1462.4012658227848,1,0,False,0,20230315,1,100
7655,156,2675.406919779547,1999.776791181874,0,0,False,0,20230315,1,100
7656,157,2674.90666247643,2531.489943431804,0,0,False,0,20230315,1,100
7657,158,2675.1173694147265,3068.04877281309,0,0,False,0,20230315,1,100
7658,159,2674.6416309012875,3607.7722256284487,0,3,False,0,20230315,1,100
7659,160,2678.221252257676,4135.150812763395,0,1,False,0,20230315,1,100
7660,161,2679.5,4679.5,0,0,False,0,20230315,1,100
7661,162,2678.2738452309536,5208.111877624475,0,0,False,0,20230315,1,100
7662,163,2679.5,5747.5,0,0,False,0,20230315,1,100
7663,164,2680.4987699877,6275.849323493235,1,1,False,0,20230315,1,100
7664,165,2679.882775119617,6815.5,2,0,False,0,20230315,1,100
7665,166,2680.2616766467067,7351.859281437126,3,2,False,0,20230315,1,100
7666,167,2680.236225087925,8427.317116060962,1,1,False,0,20230315,1,100
7667,168,2679.907035175879,8951.680904522613,0,0,False,0,20230315,1,100
7668,169,2679.211389385808,9487.774299344066,1,1,False,0,20230315,1,100
7669,170,2680.0693779904304,10024.04066985646,1,0,False,0,20230315,1,100
7670,171,2681.5253470126736,10560.709414604707,0,0,False,0,20230315,1,100
7671,172,2680.147574517826,11099.766510812393,1,0,False,0,20230315,1,100
7672,173,2680.1638705811865,12175.766027561414,0,0,False,0,20230315,1,100
7673,174,2680.093137254902,12707.5,1,0,False,0,20230315,1,100
7674,175,2680.0840490797545,13236.039877300613,0,0,False,0,20230315,1,100
7675,176,2679.796024464832,13771.774006116208,0,0,False,0,20230315,1,100
7676,177,2680.459409594096,14308.385608856088,0,0,False,0,20230315,1,100
7677,178,2679.896572827417,14851.681150550796,2,0,True,0,20230315,1,100
7678,179,2680.0840490797545,15380.039877300613,0,0,False,0,20230315,1,100
7679,180,2680.0693779904304,15920.04066985646,2,0,False,0,20230315,1,100
7680,181,2679.980573819486,16463.406754333533,2,0,False,0,20230315,1,100
7681,182,2679.896572827417,16995.681150550794,0,0,False,0,20230315,1,100
7682,183,2679.605602060528,17531.592723760463,0,0,False,0,20230315,1,100
7683,184,2679.9935543278084,18067.58348680172,2,1,False,0,20230315,1,100
7684,185,2679.80923947203,18599.42206159648,1,0,False,0,20230315,1,100
7685,186,2680.1876155268023,19139.214109673445,0,1,False,0,20230315,1,100
7686,187,2680.4227166276346,19675.5,3,77,False,0,20230315,1,100
7687,188,2679.700488997555,20211.5,2,0,False,0,20230315,1,100
7688,189,2679.7963870177587,20755.22565829761,2,98,False,0,20230315,1,100
7689,190,2680.093137254902,21283.5,4,0,False,0,20230315,1,100
7690,191,2683.602761721259,7887.595054592164,4,0,False,0,20230315,1,100
7691,192,2683.9025806451614,11639.5,0,0,False,0,20230315,1,100
7692,193,3130.359950859951,1199.5,0,0,False,0,20230315,1,100
7693,194,3125.668888888889,1728.9653968253967,1,0,False,0,20230315,1,100
7694,195,3131.397238278741,2263.5950545921646,1,1,False,0,20230315,1,100
7695,196,3127.2105097545627,2799.7794210195093,0,0,False,0,20230315,1,100
7696,197,3129.775092936803,3336.6995043370507,0,0,False,0,20230315,1,100
7697,198,3131.397238278741,3871.5950545921646,1,1,False,0,20230315,1,100
7698,199,3130.726600985221,4406.869458128079,0,1,False,0,20230315,1,100
7699,200,3130.9945196647323,4943.595422308188,1,0,False,0,20230315,1,100
7700,201,3131.402260232132,5479.404703726329,0,1,False,0,20230315,1,100
7701,202,3131.203889585948,6011.781053952322,1,1,False,0,20230315,1,100
7702,203,3131.1220858895704,6544.241104294479,0,1,False,0,20230315,1,100
7703,204,3131.6001251564458,7083.595118898624,0,0,False,0,20230315,1,100
7704,205,3131.5,7623.127450980392,0,0,False,0,20230315,1,100
7705,206,3131.5,8151.872549019607,1,1,False,0,20230315,1,100
7706,207,3131.5,8695.309768637531,1,0,False,0,20230315,1,100
7707,208,3131.6956112852663,9219.876175548588,1,0,False,0,20230315,1,100
7708,209,3131.7961104140527,9755.781053952322,0,0,False,0,20230315,1,100
7709,210,3131.7961104140527,10291.781053952322,1,10,False,0,20230315,1,100
7710,211,3131.5,10828.06246076585,1,0,False,0,20230315,1,100
7711,212,3131.779926335175,11374.854205033764,2,3,False,0,20230315,1,100
7712,213,3131.6909424724604,11903.686046511628,1,1,False,0,20230315,1,100
7713,214,3131.6002506265663,12443.40476190476,0,0,False,0,20230315,1,100
7714,215,3131.7961104140527,12971.781053952322,0,0,False,0,20230315,1,100
7715,216,3131.7795830778664,13504.33629675046,1,0,False,0,20230315,1,100
7716,217,3131.7795830778664,14040.33629675046,0,0,False,0,20230315,1,100
7717,218,3131.960431654676,14579.960431654676,2,1,False,0,20230315,1,100
7718,219,3131.6956112852663,15115.876175548588,0,0,False,0,20230315,1,100
7719,220,3131.5,15648.063035495716,0,0,False,0,20230315,1,100
7720,221,3131.8823529411766,16191.5,0,0,True,0,20230315,1,100
7721,222,3131.5,16731.30964308078,1,0,False,0,20230315,1,100
7722,223,3131.6862686567165,17267.313731343285,2,0,False,0,20230315,1,100
7723,224,3131.313953488372,17795.68604651163,1,50,False,0,20230315,1,100
7724,225,3131.6909424724604,18335.31395348837,1,0,False,0,20230315,1,100
7725,226,3131.68671454219,18867.68671454219,1,0,False,0,20230315,1,100
7726,227,3131.700375704446,19403.5,1,0,False,0,20230315,1,100
7727,228,3131.5,19947.5,0,0,False,0,20230315,1,100
7728,229,3131.782634730539,20482.661676646705,2,0,False,0,20230315,1,100
7729,230,3131.7961104140527,21019.21894604768,2,1,False,0,20230315,1,100
7730,231,3570.6416309012875,927.7722256284488,0,0,False,0,20230315,1,100
7731,232,3571.5,1463.5,0,0,False,0,20230315,1,100
7732,233,3569.9433497536947,2000.5147783251232,1,0,False,0,20230315,1,100
7733,234,3571.3043887147337,2531.1238244514107,0,0,False,0,20230315,1,100
7734,235,3571.8962382445143,3067.6855799373043,0,0,False,0,20230315,1,100
7735,236,3571.5,3607.309523809524,0,1,False,0,20230315,1,100
7736,237,3571.597620500305,4135.595179987798,1,0,False,0,20230315,1,100
7737,238,3571.5,4679.5,2,1,False,0,20230315,1,100
7738,239,3571.88630806846,5207.6858190709045,1,0,True,0,20230315,1,100
7739,240,3571.7961104140527,5747.590338770389,0,0,True,0,20230315,1,100
7740,241,3571.8962382445143,6275.314420062696,0,0,False,0,20230315,1,100
7741,242,3571.69536019536,6815.5,2,1,False,0,20230315,1,100
7742,243,3572.166258420086,7351.041947336191,1,42,False,0,20230315,1,100
7743,244,3571.7056555269924,7887.5,0,0,False,0,20230315,1,100
7744,245,3572.5167865707435,8427.404076738609,2,0,False,0,20230315,1,100
7745,246,3571.9066924066924,8951.685328185327,0,0,False,0,20230315,1,100
7746,247,3572.260736196319,9487.86809815951,1,0,False,0,20230315,1,100
7747,248,3572.260736196319,10023.86809815951,0,0,False,0,20230315,1,100
7748,249,3572.0686274509803,10560.053921568628,0,0,False,0,20230315,1,100
7749,250,3574.511180124224,11097.66645962733,1,0,False,0,20230315,1,100
7750,251,3572.00998068255,11639.404700579524,2,0,False,0,20230315,1,100
7751,252,3572.3583690987125,12175.227774371551,0,0,False,0,20230315,1,100
7752,253,3572.0925925925926,12707.5,5,0,False,0,20230315,1,100
7753,254,3572.0825486503454,13236.052416823602,0,0,False,0,20230315,1,100
7754,255,3571.8962382445143,13771.685579937304,1,0,False,0,20230315,1,100
7755,256,3572.183417085427,14307.957286432162,3,1,False,0,20230315,1,100
7756,257,3571.700375704446,14851.5,1,2,False,0,20230315,1,100
7757,258,3572.183417085427,15379.957286432162,1,1,False,0,20230315,1,100
7758,259,3572.3583690987125,15919.772225628449,2,0,False,0,20230315,1,100
7759,260,3571.88630806846,16463.314180929094,1,0,False,0,20230315,1,100
7760,261,3572.0925925925926,16995.5,2,0,False,0,20230315,1,100
7761,262,3571.6055408970974,17531.594986807388,0,0,False,0,20230315,1,100
7762,263,3571.6001251564458,18067.40488110137,0,0,False,0,20230315,1,100
7763,264,3571.602761721259,18599.59505459217,0,0,False,0,20230315,1,100
7764,265,3572.0925925925926,19139.5,1,0,False,0,20230315,1,100
7765,266,3572.5167865707435,19675.59592326139,3,2,True,0,20230315,1,100
7766,267,3572.0925925925926,20211.5,0,0,False,0,20230315,1,100
7767,268,3572.183417085427,20755.04271356784,0,1,False,0,20230315,1,100
7768,269,3572.0925925925926,21283.5,0,0,True,0,20230315,1,100
7769,270,4023.1235884567127,1199.1135508155585,2,0,False,0,20230315,1,100
7770,271,4023.4024390243903,1727.5975609756097,0,62,False,0,20230315,1,100
7771,272,4023.5,2263.5,1,1,False,0,20230315,1,100
7772,273,4023.5,2799.304755944931,1,0,False,0,20230315,1,100
7773,274,4023.22057898049,3335.7794210195093,0,0,False,0,20230315,1,100
7774,275,4023.6026991441736,3871.597432521396,1,1,False,0,20230315,1,100
7775,276,4023.6911949685536,4407.308805031446,0,1,False,0,20230315,1,100
7776,277,4023.3973008558255,4943.597432521396,0,0,False,0,20230315,1,100
7777,278,4023.690476190476,5479.11403508772,3,0,False,0,20230315,1,100
7778,279,4023.6000641436817,6011.597498396408,0,0,False,0,20230315,1,100
7779,280,4023.690476190476,6543.8859649122805,1,0,False,0,20230315,1,100
7780,281,4023.7002567394097,7083.5,1,1,False,0,20230315,1,100
7781,282,4023.7884012539184,7623.211598746081,1,1,False,0,20230315,1,100
7782,283,4023.885964912281,8151.690476190476,0,0,False,0,20230315,1,100
7783,284,4023.6026991441736,8695.402567478604,0,0,False,0,20230315,1,100
7784,285,4023.7954399486193,9219.787732819525,1,0,False,0,20230315,1,100
7785,286,4023.89588688946,9755.690231362469,0,0,False,0,20230315,1,100
7786,287,4023.89588688946,10291.690231362469,1,0,False,0,20230315,1,100
7787,288,4023.6953727506425,10827.885604113111,0,0,False,0,20230315,1,100
7788,289,4023.7884012539184,11375.211598746082,0,0,False,0,20230315,1,100
7789,290,4023.885964912281,11903.690476190475,1,0,False,0,20230315,1,100
7790,291,4023.7002567394097,12443.5,1,0,False,0,20230315,1,100
7791,292,4023.7954399486193,12971.787732819525,0,0,False,0,20230315,1,100
7792,293,4023.969554300063,13504.165411173886,0,1,True,0,20230315,1,100
7793,294,4023.885964912281,14039.690476190475,0,1,False,0,20230315,1,100
7794,295,4023.87652811736,14579.690709046456,0,0,False,0,20230315,1,100
7795,296,4023.7954399486193,15115.787732819525,1,1,False,0,20230315,1,100
7796,297,4023.5975609756097,15647.40243902439,1,0,False,0,20230315,1,100
7797,298,4023.5,16191.5,0,0,False,0,20230315,1,100
7798,299,4023.6000641436817,16731.402501603592,0,0,False,0,20230315,1,100
7799,300,4023.4048200122015,17267.402379499694,1,0,False,0,20230315,1,100
7800,301,4024.053921568628,17796.06862745098,0,0,False,0,20230315,1,100
7801,302,4023.695244055069,18335.5,0,0,False,0,20230315,1,100
7802,303,4023.5,18867.5,0,0,False,0,20230315,1,100
7803,304,4023.6000641436817,19403.597498396408,5,1,True,0,20230315,1,100
7804,305,4023.89588688946,19947.309768637533,1,67,False,0,20230315,1,100
7805,306,4023.314180929096,20483.11369193154,2,0,False,0,20230315,1,100
7806,307,4023.6000641436817,21019.402501603592,0,0,True,0,20230315,1,100
7807,308,4467.308588957055,927.6865030674846,0,0,False,0,20230315,1,100
7808,309,4467.6027617212585,1463.5950545921644,0,0,False,0,20230315,1,100
7809,310,4467.69094247246,1999.686046511628,0,0,False,0,20230315,1,100
7810,311,4467.5,2531.5,1,0,False,0,20230315,1,100
7811,312,4467.103264281231,3067.133396107972,0,0,False,0,20230315,1,100
7812,313,4467.597620500305,3607.5951799877976,2,1,False,0,20230315,1,100
7813,314,4468.0700245700245,4135.490171990172,1,0,False,0,20230315,1,100
7814,315,4467.790461538461,4678.6704615384615,0,1,False,0,20230315,1,100
7815,316,4467.220416922134,5207.772225628449,1,0,False,0,20230315,1,100
7816,317,4467.600250626567,5747.4047619047615,3,0,False,0,20230315,1,100
7817,318,4467.695611285267,6275.876175548589,0,0,False,0,20230315,1,100
7818,319,4468.067931456549,6814.9467564259485,0,0,False,0,20230315,1,100
7819,320,4467.69094247246,7351.686046511628,1,0,False,0,20230315,1,100
7820,321,4467.705655526992,7887.5,0,0,True,0,20230315,1,100
7821,322,4467.9604316546765,8427.039568345324,0,0,False,0,20230315,1,100
7822,323,4467.803536977492,8951.78038585209,1,2,False,0,20230315,1,100
7823,324,4467.779926335175,9488.145794966236,1,0,False,0,20230315,1,100
7824,325,4467.970876762723,10023.958614347026,1,0,False,0,20230315,1,100
7825,326,4467.779926335175,10560.145794966236,0,0,False,0,20230315,1,100
7826,327,4467.773709483794,11099.773709483794,0,0,False,0,20230315,1,100
7827,328,4467.705655526992,11639.5,4,0,False,0,20230315,1,100
7828,329,4467.691411042945,12175.313496932517,2,1,False,0,20230315,1,100
7829,330,4467.992462311558,12707.404522613066,1,5,True,0,20230315,1,100
7830,331,4467.982412060302,13236.14824120603,22,11,True,0,20230315,1,100
7831,332,4467.695611285267,13771.876175548588,0,0,False,0,20230315,1,100
7832,333,4467.78679245283,14308.335220125786,2,1,False,0,20230315,1,100
7833,334,4467.700375704446,14851.5,1,0,False,0,20230315,1,100
7834,335,4467.695611285267,15379.876175548588,0,0,False,0,20230315,1,100
7835,336,4467.69094247246,15919.686046511628,1,0,False,0,20230315,1,100
7836,337,4467.597979179424,16463.03214941825,1,0,False,0,20230315,1,100
7837,338,4467.796110414053,16995.590338770387,1,0,False,0,20230315,1,100
7838,339,4467.812169312169,17531.589947089946,0,0,False,0,20230315,1,100
7839,340,4467.304143126177,18067.314187068423,0,0,False,0,20230315,1,100
7840,341,4467.6027617212585,18599.59505459217,2,1,False,0,20230315,1,100
7841,342,4467.992462311558,19139.59547738693,5,5,False,0,20230315,1,100
7842,343,4467.9604316546765,19675.586330935253,1,1,False,0,20230315,1,100
7843,344,4467.992462311558,20211.404522613066,0,0,False,0,20230315,1,100
7844,345,4467.695611285267,20755.87617554859,2,1,False,0,20230315,1,100
7845,346,4467.600250626567,21283.404761904763,3,1,False,0,20230315,1,100
7846,347,4910.279048765804,1198.8762793497892,0,1,False,0,20230315,1,100
7847,348,4909.975961538462,1726.3557692307693,1,1,False,0,20230315,1,100
7848,349,4911.294228356336,2263.5,0,0,False,0,20230315,1,100
7849,350,4910.738323353294,2799.859281437126,0,0,False,0,20230315,1,100
7850,351,4910.551497005988,3335.32754491018,0,119,False,0,20230315,1,100
7851,352,4911.092964824121,3871.680904522613,0,0,False,0,20230315,1,100
7852,353,4911.308383233533,4407.317964071856,0,0,False,0,20230315,1,100
7853,354,4911.298994974874,4943.133165829146,0,0,False,0,20230315,1,100
7854,355,4911.308841099164,5479.318399044206,0,0,False,0,20230315,1,100
7855,356,4911.696078431372,6011.318627450981,1,0,False,0,20230315,1,100
7856,357,4911.308383233533,6543.682035928144,0,0,False,0,20230315,1,100
7857,358,4911.796387017759,7083.225658297612,0,0,False,0,20230315,1,100
7858,359,4912.070743405276,7622.958033573142,0,0,False,0,20230315,1,100
7859,360,4911.5,8151.5,0,0,False,0,20230315,1,100
7860,361,4911.5,8694.951572327043,0,0,False,0,20230315,1,100
7861,362,4911.696078431372,9219.68137254902,1,87,False,0,20230315,1,100
7862,363,4911.69656019656,9755.681818181818,3,0,False,0,20230315,1,100
7863,364,4911.5,10291.863190184047,1,0,False,0,20230315,1,100
7864,365,4911.5,10827.863190184047,0,0,False,0,20230315,1,100
7865,366,4911.5,11374.602040816326,1,0,False,0,20230315,1,100
7866,367,4911.780407429598,11902.869682444578,1,0,False,0,20230315,1,100
7867,368,4911.600551808707,12443.043838136113,0,0,False,0,20230315,1,100
7868,369,4911.696078431372,12971.68137254902,0,1,False,0,20230315,1,100
7869,370,4911.780407429598,13504.130317555422,0,0,False,0,20230315,1,100
7870,371,4911.780407429598,14040.130317555422,0,0,False,0,20230315,1,100
7871,372,4911.774165202109,14579.232864674868,0,0,False,0,20230315,1,100
7872,373,4911.696078431372,15115.68137254902,0,89,False,0,20230315,1,100
7873,374,4911.780407429598,15648.130317555422,0,0,False,0,20230315,1,100
7874,375,4911.5,16191.136363636364,2,1,False,0,20230315,1,100
7875,376,4911.5,16731.5,0,0,False,0,20230315,1,100
7876,377,4911.869158878505,17266.77570093458,0,0,False,0,20230315,1,100
7877,378,4911.877182770663,17795.681606519207,2,0,True,0,20230315,1,100
7878,379,4912.261676646706,18335.32754491018,2,0,True,0,20230315,1,100
7879,380,4912.056725146199,18867.49064327485,0,0,False,0,20230315,1,100
7880,381,4911.696078431372,19403.68137254902,0,0,False,0,20230315,1,100
7881,382,4911.796387017759,19947.22565829761,4,142,True,0,20230315,1,100
7882,383,4911.961088355763,20483.050614394386,1,160,True,0,20230315,1,100
7883,384,4911.888206388207,21018.77764127764,1,122,True,0,20230315,1,100
7884,385,5354.359950859951,927.5,0,0,False,0,20230315,1,100
7885,386,5355.3972382787415,1463.4049454078356,4,1,False,0,20230315,1,100
7886,387,5354.355036855037,1999.8341523341523,1,0,False,0,20230315,1,100
7887,388,5355.103761755486,2531.314420062696,0,0,False,0,20230315,1,100
7888,389,5355.299624295554,3067.5,0,0,False,0,20230315,1,100
7889,390,5355.5,3607.309523809524,2,0,False,0,20230315,1,100
7890,391,5355.5,4135.5,0,0,False,0,20230315,1,100
7891,392,5355.87791411043,4678.758895705521,2,1,False,0,20230315,1,100
7892,393,5355.69094247246,5207.313953488372,0,1,False,0,20230315,1,100
7893,394,5355.695611285267,5747.123824451411,0,0,False,0,20230315,1,100
7894,395,5355.600250626567,6275.4047619047615,1,161,False,0,20230315,1,100
7895,396,5355.5,6815.1274509803925,3,3,False,0,20230315,1,100
7896,397,5355.597739767868,7351.404703726329,0,0,False,0,20230315,1,100
7897,398,5355.6027617212585,7887.404945407836,1,1,False,0,20230315,1,100
7898,399,5355.868641532017,8426.757929383602,5,146,True,0,20230315,1,100
7899,400,5355.6027617212585,8951.595054592164,1,1,False,0,20230315,1,100
7900,401,5355.69094247246,9487.686046511628,2,0,False,0,20230315,1,100
7901,402,5355.882352941177,10023.5,3,1,False,0,20230315,1,100
7902,403,5355.788685015291,10559.781345565749,2,1,False,0,20230315,1,100
7903,404,5355.87298266587,11099.5,3,0,False,0,20230315,1,100
7904,405,5355.803536977492,11639.21961414791,1,0,False,0,20230315,1,100
7905,406,5355.788685015291,12175.218654434251,0,0,False,0,20230315,1,100
7906,407,5355.796110414053,12707.218946047678,2,0,False,0,20230315,1,100
7907,408,5355.896238244514,13235.685579937304,2,1,False,0,20230315,1,100
7908,409,5355.700375704446,13771.5,0,0,False,0,20230315,1,100
7909,410,5355.796110414053,14307.781053952322,1,0,False,0,20230315,1,100
7910,411,5355.600125156446,14851.404881101376,1,0,False,0,20230315,1,100
7911,412,5355.700375704446,15379.5,0,0,False,0,20230315,1,100
7912,413,5355.88630806846,15919.685819070904,1,0,False,0,20230315,1,100
7913,414,5355.5,16462.936964504283,2,0,False,0,20230315,1,100
7914,415,5355.896238244514,16995.314420062696,1,0,False,0,20230315,1,100
7915,416,5355.917713152677,17531.31493721084,0,0,False,0,20230315,1,100
7916,417,5355.795739348371,18067.21929824561,4,2,True,0,20230315,1,100
7917,418,5355.6027617212585,18599.59505459217,3,1,False,0,20230315,1,100
7918,419,5355.700375704446,19139.5,0,0,False,0,20230315,1,100
7919,420,5355.968339307049,19675.40442054958,2,206,True,0,20230315,1,100
7920,421,5355.600125156446,20211.40488110137,2,75,False,0,20230315,1,100
7921,422,5355.795739348371,20755.21929824561,3,153,True,0,20230315,1,100
7922,423,5355.700375704446,21283.5,3,150,True,0,20230315,1,100
7923,424,5806.541916167665,1199.3179640718563,0,0,False,0,20230315,1,100
7924,425,5806.328331332533,1727.2454981992796,2,1,False,0,20230315,1,100
7925,426,5806.901257861635,2262.9616352201256,1,84,False,0,20230315,1,100
7926,427,5807.019426180514,2799.4067543335327,0,0,False,0,20230315,1,100
7927,428,5807.204504504504,3335.262162162162,2,2,False,0,20230315,1,100
7928,429,5807.705771643664,3871.5,2,1,False,0,20230315,1,100
7929,430,5807.308383233533,4407.317964071856,1,1,False,0,20230315,1,100
7930,431,5807.397049591965,4943.407093534212,0,0,False,0,20230315,1,100
7931,432,5807.5,5479.136363636364,0,0,False,0,20230315,1,100
7932,433,5807.5,6011.5,1,1,False,0,20230315,1,100
7933,434,5807.317964071856,6544.223353293413,0,0,False,0,20230315,1,100
7934,435,5807.303921568628,7083.318627450981,3,2,False,0,20230315,1,100
7935,436,5807.5,7623.136363636364,0,0,False,0,20230315,1,100
7936,437,5807.5,8151.5,0,74,True,0,20230315,1,100
7937,438,5807.5,8694.951572327043,3,78,True,0,20230315,1,100
7938,439,5807.399448191293,9219.956161863887,1,0,False,0,20230315,1,100
7939,440,5807.303921568628,9755.68137254902,0,0,False,0,20230315,1,100
7940,441,5807.5,10291.863190184047,0,1,False,0,20230315,1,100
7941,442,5807.5,10827.863190184047,1,68,False,0,20230315,1,100
7942,443,5807.5,11374.602040816326,1,1,False,0,20230315,1,100
7943,444,5807.691616766467,11903.317964071855,0,0,False,0,20230315,1,100
7944,445,5807.600551808707,12443.043838136113,2,2,False,0,20230315,1,100
7945,446,5807.696078431372,12971.68137254902,1,1,False,0,20230315,1,100
7946,447,5807.5,13503.863636363636,2,1,False,0,20230315,1,100
7947,448,5807.780407429598,14040.130317555422,1,1,False,0,20230315,1,100
7948,449,5807.5,14579.5,0,0,False,0,20230315,1,100
7949,450,5807.5,15115.5,0,0,False,0,20230315,1,100
7950,451,5807.308383233533,15647.682035928145,1,0,False,0,20230315,1,100
7951,452,5807.219592570402,16190.869682444578,1,0,False,0,20230315,1,100
7952,453,5807.203975535168,16731.225993883792,2,0,False,0,20230315,1,100
7953,454,5808.315897136177,17266.518118059616,2,0,False,0,20230315,1,100
7954,455,5807.5,17795.5,2,54,False,0,20230315,1,100
7955,456,5807.598027495517,18335.04333532576,0,0,False,0,20230315,1,100
7956,457,5807.686915887851,18867.317757009347,1,0,False,0,20230315,1,100
7957,458,5807.399694189602,19403.59296636085,1,1,False,0,20230315,1,100
7958,459,5807.600551808707,19947.04383813612,2,0,False,0,20230315,1,100
7959,460,5807.322429906542,20482.59813084112,0,0,False,0,20230315,1,100
7960,461,5807.600551808707,21019.04383813612,0,97,False,0,20230315,1,100
7961,462,6248.491920447483,929.41671845867,1,1,True,0,20230315,1,100
7962,463,6250.684516129032,1463.5,2,1,True,0,20230315,1,100
7963,464,6250.062461538461,1999.2710769230769,0,0,False,0,20230315,1,100
7964,465,6246.90797940798,2531.5,0,0,False,0,20230315,1,100
7965,466,6251.103761755486,3067.6855799373043,1,0,False,0,20230315,1,100
7966,467,6251.402379499695,3607.4048200122015,1,1,False,0,20230315,1,100
7967,468,6251.30905752754,4135.686046511628,0,0,False,0,20230315,1,100
7968,469,6251.788685015291,4679.21865443425,0,1,False,0,20230315,1,100
7969,470,6251.882352941177,5207.5,0,1,False,0,20230315,1,100
7970,471,6251.600250626567,5747.4047619047615,0,0,False,0,20230315,1,100
7971,472,6251.600250626567,6275.595238095239,1,1,False,0,20230315,1,100
7972,473,6251.5,6815.1274509803925,1,0,False,0,20230315,1,100
7973,474,6251.5,7351.5,0,0,False,0,20230315,1,100
7974,475,6251.6027617212585,7887.404945407836,0,0,False,0,20230315,1,100
7975,476,6251.773053892216,8426.853293413174,1,82,False,0,20230315,1,100
7976,477,6251.5,8951.690231362469,4,120,True,0,20230315,1,100
7977,478,6251.5,9487.872549019608,3,122,True,0,20230315,1,100
7978,479,6251.5,10023.872549019608,0,0,False,0,20230315,1,100
7979,480,6251.69094247246,10559.686046511628,3,46,False,0,20230315,1,100
7980,481,6251.87298266587,11099.5,1,1,False,0,20230315,1,100
7981,482,6251.6027617212585,11639.404945407836,0,1,False,0,20230315,1,100
7982,483,6251.597979179424,12175.032149418248,0,0,False,0,20230315,1,100
7983,484,6251.796110414053,12707.218946047678,1,1,False,0,20230315,1,100
7984,485,6251.896238244514,13235.685579937304,0,99,True,0,20230315,1,100
7985,486,6251.600125156446,13771.595118898624,3,1,False,0,20230315,1,100
7986,487,6251.795739348371,14307.780701754386,2,0,False,0,20230315,1,100
7987,488,6251.5,14851.309643080776,0,0,False,0,20230315,1,100
7988,489,6251.600250626567,15379.40476190476,1,113,False,0,20230315,1,100
7989,490,6251.5,15919.5,1,76,False,0,20230315,1,100
7990,491,6251.5,16462.389434889436,0,1,False,0,20230315,1,100
7991,492,6251.5,16995.30964308078,1,0,False,0,20230315,1,100
7992,493,6251.605540897098,17531.405013192612,1,0,False,0,20230315,1,100
7993,494,6251.5,18066.93753923415,1,0,False,0,20230315,1,100
7994,495,6251.5,18599.5,0,0,False,0,20230315,1,100
7995,496,6251.5,19139.30964308078,0,0,False,0,20230315,1,100
7996,497,6251.5,19675.12701733413,0,0,False,0,20230315,1,100
7997,498,6251.5,20211.30964308078,3,0,False,0,20230315,1,100
7998,499,6251.399874843554,20755.40488110137,1,0,True,0,20230315,1,100
7999,500,6251.600250626567,21283.404761904763,0,0,True,0,20230315,1,100
8000,1,899.004835589942,1464.1473243068988,3,0,True,3,20230404,2,100
8001,2,898.7570725707257,2000.5971709717096,3,0,False,3,20230404,2,100
8002,3,899.2132075471698,2532.3352201257862,0,0,False,3,20230404,2,100
8003,4,899.2132075471698,3068.3352201257862,1,0,False,3,20230404,2,100
8004,5,899.4020208205757,3607.967850581752,0,0,False,3,20230404,2,100
8005,6,899.2204169221336,4136.33629675046,2,3,False,3,20230404,2,100
8006,7,899.4020208205757,4679.967850581751,2,1,False,3,20230404,2,100
8007,8,899.7795830778664,5208.33629675046,0,1,False,3,20230404,2,100
8008,9,899.6956112852664,5747.876175548589,1,1,False,3,20230404,2,100
8009,10,899.204260651629,6275.7807017543855,1,1,False,3,20230404,2,100
8010,11,899.8779141104294,6816.241104294479,1,0,False,3,20230404,2,100
8011,12,900.0686274509804,7352.053921568628,2,0,False,3,20230404,2,100
8012,13,900.3051612903225,7887.866451612903,3,4,False,3,20230404,2,100
8013,14,900.6003003003003,8428.206306306307,1,1,False,3,20230404,2,100
8014,15,900.0979381443299,8952.051546391753,4,1,False,3,20230404,2,100
8015,16,900.2429274292743,9488.59717097171,1,0,False,3,20230404,2,100
8016,17,901.4233621755252,10024.187268232386,2,1,False,3,20230404,2,100
8017,18,901.0743368291178,10560.657310302282,2,1,False,3,20230404,2,100
8018,19,900.5989802039592,11100.224655068989,0,0,False,3,20230404,2,100
8019,20,899.7005141388174,11639.690231362469,2,0,False,3,20230404,2,100
8020,21,901.428306551298,12176.889369592089,3,0,False,3,20230404,2,100
8021,22,900.3805031446541,12707.771698113207,2,1,False,3,20230404,2,100
8022,23,900.3564231738035,13236.502518891688,3,1,False,3,20230404,2,100
8023,24,899.9824120603015,13772.14824120603,2,1,False,3,20230404,2,100
8024,25,900.1607818411097,14308.690416141237,1,0,False,3,20230404,2,100
8025,26,899.896238244514,14851.685579937304,2,2,False,3,20230404,2,100
8026,27,899.9824120603015,15380.14824120603,3,2,False,3,20230404,2,100
8027,28,899.7795830778664,15920.33629675046,0,0,False,3,20230404,2,100
8028,29,899.6909424724602,16463.68604651163,1,1,False,3,20230404,2,100
8029,30,899.6956112852664,16995.87617554859,0,0,False,3,20230404,2,100
8030,31,899.6055408970976,17531.594986807388,1,0,False,3,20230404,2,100
8031,32,899.5,18067.5,1,1,False,3,20230404,2,100
8032,33,899.5,18599.690231362467,0,0,False,3,20230404,2,100
8033,34,899.6002506265664,19139.404761904763,0,1,False,3,20230404,2,100
8034,35,900.1467065868263,19675.226946107785,2,0,False,3,20230404,2,100
8035,36,900.0925925925926,20211.5,4,1,True,3,20230404,2,100
8036,37,900.1842767295598,20754.86603773585,3,1,False,3,20230404,2,100
8037,38,903.89588688946,21283.309768637533,3,1,True,3,20230404,2,100
8038,39,1342.8345888261142,1199.9695543000628,3,1,False,3,20230404,2,100
8039,40,1343.293710691824,1728.4610062893082,0,0,False,3,20230404,2,100
8040,41,1343.1967699406723,2263.78740936058,0,0,False,3,20230404,2,100
8041,42,1343.2115987460816,2799.7884012539184,1,1,False,3,20230404,2,100
8042,43,1343.211959924859,3335.788040075141,4,1,False,3,20230404,2,100
8043,44,1343.5,3871.694993412385,1,1,False,3,20230404,2,100
8044,45,1343.5,4407.6952440550685,2,1,False,3,20230404,2,100
8045,46,1343.5,4943.5,0,0,False,3,20230404,2,100
8046,47,1343.5975609756097,5479.59756097561,0,0,False,3,20230404,2,100
8047,48,1343.5951768488746,6011.788102893891,4,1,False,3,20230404,2,100
8048,49,1343.7790697674418,6544.357322438717,0,0,False,3,20230404,2,100
8049,50,1343.7002567394095,7083.5,1,2,False,3,20230404,2,100
8050,51,1344.0771643663738,7623.5,0,0,False,3,20230404,2,100
8051,52,1343.7884012539184,8151.788401253919,2,0,False,3,20230404,2,100
8052,53,1343.705533596838,8695.5,1,0,False,3,20230404,2,100
8053,54,1343.6953727506427,9219.885604113111,2,0,False,3,20230404,2,100
8054,55,1343.89588688946,9755.690231362469,2,0,False,3,20230404,2,100
8055,56,1343.399935856318,10291.597498396408,0,0,False,3,20230404,2,100
8056,57,1344.0824742268042,10828.067010309278,3,2,False,3,20230404,2,100
8057,58,1344.4319899244333,11374.568010075567,1,1,False,3,20230404,2,100
8058,59,1343.8859649122808,11903.690476190475,2,1,False,3,20230404,2,100
8059,60,1343.89588688946,12443.309768637531,0,0,False,3,20230404,2,100
8060,61,1343.89588688946,12971.690231362469,3,3,False,3,20230404,2,100
8061,62,1343.690476190476,13503.88596491228,5,0,False,3,20230404,2,100
8062,63,1343.8859649122808,14039.690476190475,1,0,False,3,20230404,2,100
8063,64,1343.4044703000611,14579.402020820577,2,0,False,3,20230404,2,100
8064,65,1343.6953727506427,15115.885604113111,1,1,False,3,20230404,2,100
8065,66,1343.690476190476,15647.88596491228,3,2,False,3,20230404,2,100
8066,67,1343.7884012539184,16191.788401253918,1,0,False,3,20230404,2,100
8067,68,1343.399935856318,16731.402501603592,3,1,False,3,20230404,2,100
8068,69,1343.6865030674846,17267.308588957054,0,0,False,3,20230404,2,100
8069,70,1343.5955296999389,17795.98009797918,1,0,False,3,20230404,2,100
8070,71,1343.5975609756097,18335.40243902439,2,0,False,3,20230404,2,100
8071,72,1343.5,18867.88235294117,3,1,False,3,20230404,2,100
8072,73,1343.5,19403.5,1,1,False,3,20230404,2,100
8073,74,1343.89588688946,19947.309768637533,3,2,False,3,20230404,2,100
8074,75,1344.0539215686274,20482.93137254902,2,1,False,3,20230404,2,100
8075,76,1344.1825499034128,21019.03122987765,1,0,True,3,20230404,2,100
8076,77,1786.8558696988323,928.6923786109404,0,1,False,3,20230404,2,100
8077,78,1786.6937984496124,1464.37338501292,1,1,False,3,20230404,2,100
8078,79,1786.9313725490197,2000.053921568628,2,0,False,3,20230404,2,100
8079,80,1787.2038895859473,2531.781053952321,2,2,False,3,20230404,2,100
8080,81,1786.442065491184,3068.3110831234258,2,0,False,3,20230404,2,100
8081,82,1787.970300061237,3608.149112063688,1,2,False,3,20230404,2,100
8082,83,1787.5979791794243,4135.967850581751,0,0,False,3,20230404,2,100
8083,84,1787.2204169221336,4679.772225628449,0,0,False,3,20230404,2,100
8084,85,1787.029699938763,5208.149112063687,1,0,False,3,20230404,2,100
8085,86,1787.882149591452,5748.053111250786,2,1,False,3,20230404,2,100
8086,87,1787.9753476611884,6276.870417193426,0,0,False,3,20230404,2,100
8087,88,1788.0700245700243,6816.055282555282,4,2,False,3,20230404,2,100
8088,89,1788.0686274509803,7352.053921568628,2,0,False,3,20230404,2,100
8089,90,1787.9066924066924,7887.685328185328,4,1,False,3,20230404,2,100
8090,91,1788.4214157168567,8427.5,1,0,False,3,20230404,2,100
8091,92,1788.8411003236247,8951.057281553398,1,0,False,3,20230404,2,100
8092,93,1788.9590264941469,9488.74460874923,2,2,False,3,20230404,2,100
8093,94,1788.5325752919484,10024.31868469576,5,3,False,3,20230404,2,100
8094,95,1789.3282890673256,10560.925571340333,0,0,False,3,20230404,2,100
8095,96,1788.2420706163973,11099.868641532015,1,0,False,3,20230404,2,100
8096,97,1788.1082474226805,11639.5,0,0,False,3,20230404,2,100
8097,98,1788.8382533825338,12175.657441574416,3,2,False,3,20230404,2,100
8098,99,1788.3636363636365,13236.671717171715,3,1,False,3,20230404,2,100
8099,100,1788.083280955374,13772.053111250783,4,1,False,3,20230404,2,100
8100,101,1788.26214511041,14308.5952681388,10,9,True,3,20230404,2,100
8101,102,1788.0925925925926,14851.5,0,0,False,3,20230404,2,100
8102,103,1787.887665198238,15380.240088105727,0,0,False,3,20230404,2,100
8103,104,1787.8779141104294,15920.24110429448,2,1,False,3,20230404,2,100
8104,105,1787.7886850152904,16463.409480122325,1,0,False,3,20230404,2,100
8105,106,1787.795739348371,16995.780701754386,0,0,False,3,20230404,2,100
8106,107,1787.9177131526767,17531.68506278916,4,1,True,3,20230404,2,100
8107,108,1787.7003757044458,18067.5,2,1,False,3,20230404,2,100
8108,109,1787.6027617212587,18599.59505459217,2,1,False,3,20230404,2,100
8109,110,1787.896238244514,19139.314420062696,4,2,False,3,20230404,2,100
8110,111,1788.4214157168567,19675.5,2,0,False,3,20230404,2,100
8111,112,1788.0925925925926,20211.5,3,0,False,3,20230404,2,100
8112,113,1788.083280955374,20754.94688874921,2,1,False,3,20230404,2,100
8113,114,1788.294468887492,21283.5,2,1,True,3,20230404,2,100
8114,115,1791.89588688946,12707.309768637531,2,2,False,3,20230404,2,100
8115,116,2231.304755944931,1199.5,6,2,False,3,20230404,2,100
8116,117,2231.6907151819323,1727.8764115432873,0,0,False,3,20230404,2,100
8117,118,2231.5,2263.5,0,0,False,3,20230404,2,100
8118,119,2231.5,2799.5,0,0,False,3,20230404,2,100
8119,120,2231.5,3335.5,3,2,False,3,20230404,2,100
8120,121,2231.5,3871.5,1,0,False,3,20230404,2,100
8121,122,2231.695244055069,4407.5,1,0,False,3,20230404,2,100
8122,123,2231.5,4943.5,4,1,False,3,20230404,2,100
8123,124,2231.5,5479.5,3,0,False,3,20230404,2,100
8124,125,2231.6000641436817,6011.402501603592,2,1,False,3,20230404,2,100
8125,126,2231.690476190476,6543.8859649122805,2,1,False,3,20230404,2,100
8126,127,2231.89588688946,7083.690231362468,4,4,False,3,20230404,2,100
8127,128,2232.077164366374,7623.5,2,1,False,3,20230404,2,100
8128,129,2231.8859649122805,8151.690476190476,2,0,False,3,20230404,2,100
8129,130,2232.1076618229854,8695.5,0,0,False,3,20230404,2,100
8130,131,2231.79543994862,9219.787732819525,3,1,False,3,20230404,2,100
8131,132,2232.182549903413,9755.968770122345,0,0,False,3,20230404,2,100
8132,133,2232.182549903413,10291.968770122345,0,0,False,3,20230404,2,100
8133,134,2232.082474226804,10828.067010309278,2,1,False,3,20230404,2,100
8134,135,2231.6902377972465,11375.304755944931,0,1,False,3,20230404,2,100
8135,136,2232.165411173886,11903.969554300063,1,1,False,3,20230404,2,100
8136,137,2231.7002567394097,12443.5,2,0,False,3,20230404,2,100
8137,138,2232.0817245817248,12972.06628056628,3,1,False,3,20230404,2,100
8138,139,2232.3332284455632,13504.529578351165,1,1,False,3,20230404,2,100
8139,140,2232.3332284455632,14040.529578351165,2,2,False,3,20230404,2,100
8140,141,2232.241104294478,14579.87791411043,2,1,False,3,20230404,2,100
8141,142,2232.0817245817248,15116.06628056628,2,0,False,3,20230404,2,100
8142,143,2231.9695543000626,15648.165411173886,1,0,False,3,20230404,2,100
8143,144,2231.8859649122805,16191.690476190475,1,0,False,3,20230404,2,100
8144,145,2231.7002567394097,16731.5,4,1,False,3,20230404,2,100
8145,146,2232.241104294478,17267.681595092025,5,2,False,3,20230404,2,100
8146,147,2232.053921568628,17796.06862745098,6,2,True,3,20230404,2,100
8147,148,2231.8859649122805,18335.69047619048,0,0,False,3,20230404,2,100
8148,149,2232.33629675046,18867.220416922133,0,0,False,3,20230404,2,100
8149,150,2231.79543994862,19403.787732819525,5,1,False,3,20230404,2,100
8150,151,2231.89588688946,19947.309768637533,1,0,False,3,20230404,2,100
8151,152,2232.33629675046,20483.220416922133,5,1,False,3,20230404,2,100
8152,153,2231.89588688946,21019.309768637533,1,0,False,3,20230404,2,100
8153,154,2674.93137254902,928.0539215686274,2,1,False,3,20230404,2,100
8154,155,2677.859493670886,1462.4012658227848,1,2,False,3,20230404,2,100
8155,156,2675.406919779547,1999.776791181874,0,0,False,3,20230404,2,100
8156,157,2674.90666247643,2531.489943431804,1,1,False,3,20230404,2,100
8157,158,2675.1173694147265,3068.04877281309,1,1,False,3,20230404,2,100
8158,159,2674.6416309012875,3607.7722256284487,0,0,False,3,20230404,2,100
8159,160,2678.221252257676,4135.150812763395,4,2,False,3,20230404,2,100
8160,161,2679.5,4679.5,2,0,False,3,20230404,2,100
8161,162,2678.2738452309536,5208.111877624475,1,2,False,3,20230404,2,100
8162,163,2679.5,5747.5,3,2,False,3,20230404,2,100
8163,164,2680.4987699877,6275.849323493235,2,2,False,3,20230404,2,100
8164,165,2679.882775119617,6815.5,2,0,False,3,20230404,2,100
8165,166,2680.2616766467067,7351.859281437126,1,0,False,3,20230404,2,100
8166,167,2680.236225087925,8427.317116060962,1,0,False,3,20230404,2,100
8167,168,2679.907035175879,8951.680904522613,1,1,False,3,20230404,2,100
8168,169,2679.211389385808,9487.774299344066,2,1,False,3,20230404,2,100
8169,170,2680.0693779904304,10024.04066985646,0,1,False,3,20230404,2,100
8170,171,2681.5253470126736,10560.709414604707,2,0,False,3,20230404,2,100
8171,172,2680.147574517826,11099.766510812393,5,4,False,3,20230404,2,100
8172,173,2680.1638705811865,12175.766027561414,4,3,False,3,20230404,2,100
8173,174,2680.093137254902,12707.5,2,1,False,3,20230404,2,100
8174,175,2680.0840490797545,13236.039877300613,1,0,False,3,20230404,2,100
8175,176,2679.796024464832,13771.774006116208,1,0,False,3,20230404,2,100
8176,177,2680.459409594096,14308.385608856088,3,1,False,3,20230404,2,100
8177,178,2679.896572827417,14851.681150550796,1,2,False,3,20230404,2,100
8178,179,2680.0840490797545,15380.039877300613,2,1,False,3,20230404,2,100
8179,180,2680.0693779904304,15920.04066985646,1,0,False,3,20230404,2,100
8180,181,2679.980573819486,16463.406754333533,0,0,False,3,20230404,2,100
8181,182,2679.896572827417,16995.681150550794,1,1,False,3,20230404,2,100
8182,183,2679.605602060528,17531.592723760463,1,3,False,3,20230404,2,100
8183,184,2679.9935543278084,18067.58348680172,5,3,False,3,20230404,2,100
8184,185,2679.80923947203,18599.42206159648,0,0,False,3,20230404,2,100
8185,186,2680.1876155268023,19139.214109673445,1,0,False,3,20230404,2,100
8186,187,2680.4227166276346,19675.5,1,1,False,3,20230404,2,100
8187,188,2679.700488997555,20211.5,0,0,False,3,20230404,2,100
8188,189,2679.7963870177587,20755.22565829761,2,0,False,3,20230404,2,100
8189,190,2680.093137254902,21283.5,2,0,True,3,20230404,2,100
8190,191,2683.602761721259,7887.595054592164,0,0,False,3,20230404,2,100
8191,192,2683.9025806451614,11639.5,4,0,False,3,20230404,2,100
8192,193,3130.359950859951,1199.5,2,0,False,3,20230404,2,100
8193,194,3125.668888888889,1728.9653968253967,0,0,False,3,20230404,2,100
8194,195,3131.397238278741,2263.5950545921646,1,0,False,3,20230404,2,100
8195,196,3127.2105097545627,2799.7794210195093,2,0,False,3,20230404,2,100
8196,197,3129.775092936803,3336.6995043370507,3,0,False,3,20230404,2,100
8197,198,3131.397238278741,3871.5950545921646,4,3,False,3,20230404,2,100
8198,199,3130.726600985221,4406.869458128079,1,0,True,3,20230404,2,100
8199,200,3130.9945196647323,4943.595422308188,3,3,False,3,20230404,2,100
8200,201,3131.402260232132,5479.404703726329,1,0,False,3,20230404,2,100
8201,202,3131.203889585948,6011.781053952322,3,2,False,3,20230404,2,100
8202,203,3131.1220858895704,6544.241104294479,2,1,False,3,20230404,2,100
8203,204,3131.6001251564458,7083.595118898624,7,6,False,3,20230404,2,100
8204,205,3131.5,7623.127450980392,1,0,False,3,20230404,2,100
8205,206,3131.5,8151.872549019607,1,1,False,3,20230404,2,100
8206,207,3131.5,8695.309768637531,1,0,False,3,20230404,2,100
8207,208,3131.6956112852663,9219.876175548588,1,1,False,3,20230404,2,100
8208,209,3131.7961104140527,9755.781053952322,0,1,False,3,20230404,2,100
8209,210,3131.7961104140527,10291.781053952322,2,2,False,3,20230404,2,100
8210,211,3131.5,10828.06246076585,0,0,False,3,20230404,2,100
8211,212,3131.779926335175,11374.854205033764,1,2,False,3,20230404,2,100
8212,213,3131.6909424724604,11903.686046511628,1,0,False,3,20230404,2,100
8213,214,3131.6002506265663,12443.40476190476,1,0,False,3,20230404,2,100
8214,215,3131.7961104140527,12971.781053952322,2,1,False,3,20230404,2,100
8215,216,3131.7795830778664,13504.33629675046,0,0,False,3,20230404,2,100
8216,217,3131.7795830778664,14040.33629675046,0,0,False,3,20230404,2,100
8217,218,3131.960431654676,14579.960431654676,1,1,False,3,20230404,2,100
8218,219,3131.6956112852663,15115.876175548588,2,1,False,3,20230404,2,100
8219,220,3131.5,15648.063035495716,3,1,False,3,20230404,2,100
8220,221,3131.8823529411766,16191.5,1,1,False,3,20230404,2,100
8221,222,3131.5,16731.30964308078,4,1,False,3,20230404,2,100
8222,223,3131.6862686567165,17267.313731343285,3,2,False,3,20230404,2,100
8223,224,3131.313953488372,17795.68604651163,1,1,False,3,20230404,2,100
8224,225,3131.6909424724604,18335.31395348837,0,0,False,3,20230404,2,100
8225,226,3131.68671454219,18867.68671454219,1,0,False,3,20230404,2,100
8226,227,3131.700375704446,19403.5,2,2,False,3,20230404,2,100
8227,228,3131.5,19947.5,0,1,False,3,20230404,2,100
8228,229,3131.782634730539,20482.661676646705,4,0,False,3,20230404,2,100
8229,230,3131.7961104140527,21019.21894604768,2,1,False,3,20230404,2,100
8230,231,3570.6416309012875,927.7722256284488,0,0,False,3,20230404,2,100
8231,232,3571.5,1463.5,1,0,False,3,20230404,2,100
8232,233,3569.9433497536947,2000.5147783251232,0,0,False,3,20230404,2,100
8233,234,3571.3043887147337,2531.1238244514107,2,0,False,3,20230404,2,100
8234,235,3571.8962382445143,3067.6855799373043,3,1,False,3,20230404,2,100
8235,236,3571.5,3607.309523809524,3,1,False,3,20230404,2,100
8236,237,3571.597620500305,4135.595179987798,1,1,False,3,20230404,2,100
8237,238,3571.5,4679.5,5,1,False,3,20230404,2,100
8238,239,3571.88630806846,5207.6858190709045,3,0,False,3,20230404,2,100
8239,240,3571.7961104140527,5747.590338770389,1,1,False,3,20230404,2,100
8240,241,3571.8962382445143,6275.314420062696,1,0,False,3,20230404,2,100
8241,242,3571.69536019536,6815.5,2,1,False,3,20230404,2,100
8242,243,3572.166258420086,7351.041947336191,1,1,False,3,20230404,2,100
8243,244,3571.7056555269924,7887.5,5,2,False,3,20230404,2,100
8244,245,3572.5167865707435,8427.404076738609,3,3,False,3,20230404,2,100
8245,246,3571.9066924066924,8951.685328185327,3,1,False,3,20230404,2,100
8246,247,3572.260736196319,9487.86809815951,3,0,False,3,20230404,2,100
8247,248,3572.260736196319,10023.86809815951,2,2,False,3,20230404,2,100
8248,249,3572.0686274509803,10560.053921568628,1,1,False,3,20230404,2,100
8249,250,3574.511180124224,11097.66645962733,1,0,False,3,20230404,2,100
8250,251,3572.00998068255,11639.404700579524,0,0,False,3,20230404,2,100
8251,252,3572.3583690987125,12175.227774371551,1,0,False,3,20230404,2,100
8252,253,3572.0925925925926,12707.5,1,0,False,3,20230404,2,100
8253,254,3572.0825486503454,13236.052416823602,1,0,True,3,20230404,2,100
8254,255,3571.8962382445143,13771.685579937304,2,1,False,3,20230404,2,100
8255,256,3572.183417085427,14307.957286432162,1,0,False,3,20230404,2,100
8256,257,3571.700375704446,14851.5,0,0,False,3,20230404,2,100
8257,258,3572.183417085427,15379.957286432162,2,0,False,3,20230404,2,100
8258,259,3572.3583690987125,15919.772225628449,5,4,False,3,20230404,2,100
8259,260,3571.88630806846,16463.314180929094,0,2,False,3,20230404,2,100
8260,261,3572.0925925925926,16995.5,1,1,False,3,20230404,2,100
8261,262,3571.6055408970974,17531.594986807388,0,0,False,3,20230404,2,100
8262,263,3571.6001251564458,18067.40488110137,0,0,False,3,20230404,2,100
8263,264,3571.602761721259,18599.59505459217,0,0,False,3,20230404,2,100
8264,265,3572.0925925925926,19139.5,1,0,False,3,20230404,2,100
8265,266,3572.5167865707435,19675.59592326139,2,1,False,3,20230404,2,100
8266,267,3572.0925925925926,20211.5,3,0,False,3,20230404,2,100
8267,268,3572.183417085427,20755.04271356784,1,2,False,3,20230404,2,100
8268,269,3572.0925925925926,21283.5,5,0,True,3,20230404,2,100
8269,270,4023.1235884567127,1199.1135508155585,3,2,False,3,20230404,2,100
8270,271,4023.4024390243903,1727.5975609756097,0,1,False,3,20230404,2,100
8271,272,4023.5,2263.5,1,0,False,3,20230404,2,100
8272,273,4023.5,2799.304755944931,1,0,False,3,20230404,2,100
8273,274,4023.22057898049,3335.7794210195093,4,1,False,3,20230404,2,100
8274,275,4023.6026991441736,3871.597432521396,1,0,False,3,20230404,2,100
8275,276,4023.6911949685536,4407.308805031446,1,1,False,3,20230404,2,100
8276,277,4023.3973008558255,4943.597432521396,0,0,False,3,20230404,2,100
8277,278,4023.690476190476,5479.11403508772,2,0,False,3,20230404,2,100
8278,279,4023.6000641436817,6011.597498396408,3,3,False,3,20230404,2,100
8279,280,4023.690476190476,6543.8859649122805,2,0,False,3,20230404,2,100
8280,281,4023.7002567394097,7083.5,2,1,False,3,20230404,2,100
8281,282,4023.7884012539184,7623.211598746081,1,1,False,3,20230404,2,100
8282,283,4023.885964912281,8151.690476190476,2,2,False,3,20230404,2,100
8283,284,4023.6026991441736,8695.402567478604,1,0,False,3,20230404,2,100
8284,285,4023.7954399486193,9219.787732819525,0,0,False,3,20230404,2,100
8285,286,4023.89588688946,9755.690231362469,1,0,False,3,20230404,2,100
8286,287,4023.89588688946,10291.690231362469,2,1,False,3,20230404,2,100
8287,288,4023.6953727506425,10827.885604113111,7,3,False,3,20230404,2,100
8288,289,4023.7884012539184,11375.211598746082,1,0,False,3,20230404,2,100
8289,290,4023.885964912281,11903.690476190475,2,0,False,3,20230404,2,100
8290,291,4023.7002567394097,12443.5,0,0,False,3,20230404,2,100
8291,292,4023.7954399486193,12971.787732819525,2,1,True,3,20230404,2,100
8292,293,4023.969554300063,13504.165411173886,0,0,True,3,20230404,2,100
8293,294,4023.885964912281,14039.690476190475,4,2,False,3,20230404,2,100
8294,295,4023.87652811736,14579.690709046456,2,0,False,3,20230404,2,100
8295,296,4023.7954399486193,15115.787732819525,4,2,False,3,20230404,2,100
8296,297,4023.5975609756097,15647.40243902439,2,1,False,3,20230404,2,100
8297,298,4023.5,16191.5,0,0,False,3,20230404,2,100
8298,299,4023.6000641436817,16731.402501603592,1,1,False,3,20230404,2,100
8299,300,4023.4048200122015,17267.402379499694,4,0,False,3,20230404,2,100
8300,301,4024.053921568628,17796.06862745098,0,1,False,3,20230404,2,100
8301,302,4023.695244055069,18335.5,1,0,False,3,20230404,2,100
8302,303,4023.5,18867.5,4,0,True,3,20230404,2,100
8303,304,4023.6000641436817,19403.597498396408,3,1,True,3,20230404,2,100
8304,305,4023.89588688946,19947.309768637533,3,2,True,3,20230404,2,100
8305,306,4023.314180929096,20483.11369193154,2,2,False,3,20230404,2,100
8306,307,4023.6000641436817,21019.402501603592,1,0,False,3,20230404,2,100
8307,308,4467.308588957055,927.6865030674846,3,2,False,3,20230404,2,100
8308,309,4467.6027617212585,1463.5950545921644,1,1,False,3,20230404,2,100
8309,310,4467.69094247246,1999.686046511628,2,1,False,3,20230404,2,100
8310,311,4467.5,2531.5,2,2,False,3,20230404,2,100
8311,312,4467.103264281231,3067.133396107972,2,1,False,3,20230404,2,100
8312,313,4467.597620500305,3607.5951799877976,1,1,False,3,20230404,2,100
8313,314,4468.0700245700245,4135.490171990172,1,0,False,3,20230404,2,100
8314,315,4467.790461538461,4678.6704615384615,0,0,False,3,20230404,2,100
8315,316,4467.220416922134,5207.772225628449,2,0,False,3,20230404,2,100
8316,317,4467.600250626567,5747.4047619047615,1,1,False,3,20230404,2,100
8317,318,4467.695611285267,6275.876175548589,0,0,False,3,20230404,2,100
8318,319,4468.067931456549,6814.9467564259485,1,1,False,3,20230404,2,100
8319,320,4467.69094247246,7351.686046511628,0,0,False,3,20230404,2,100
8320,321,4467.705655526992,7887.5,2,3,False,3,20230404,2,100
8321,322,4467.9604316546765,8427.039568345324,0,0,False,3,20230404,2,100
8322,323,4467.803536977492,8951.78038585209,1,1,False,3,20230404,2,100
8323,324,4467.779926335175,9488.145794966236,0,0,False,3,20230404,2,100
8324,325,4467.970876762723,10023.958614347026,0,0,False,3,20230404,2,100
8325,326,4467.779926335175,10560.145794966236,1,0,False,3,20230404,2,100
8326,327,4467.773709483794,11099.773709483794,1,1,False,3,20230404,2,100
8327,328,4467.705655526992,11639.5,1,1,False,3,20230404,2,100
8328,329,4467.691411042945,12175.313496932517,2,1,False,3,20230404,2,100
8329,330,4467.992462311558,12707.404522613066,1,0,False,3,20230404,2,100
8330,331,4467.982412060302,13236.14824120603,0,1,False,3,20230404,2,100
8331,332,4467.695611285267,13771.876175548588,1,0,False,3,20230404,2,100
8332,333,4467.78679245283,14308.335220125786,1,1,False,3,20230404,2,100
8333,334,4467.700375704446,14851.5,2,1,False,3,20230404,2,100
8334,335,4467.695611285267,15379.876175548588,3,1,False,3,20230404,2,100
8335,336,4467.69094247246,15919.686046511628,0,0,False,3,20230404,2,100
8336,337,4467.597979179424,16463.03214941825,0,1,False,3,20230404,2,100
8337,338,4467.796110414053,16995.590338770387,0,0,False,3,20230404,2,100
8338,339,4467.812169312169,17531.589947089946,0,0,False,3,20230404,2,100
8339,340,4467.304143126177,18067.314187068423,3,3,False,3,20230404,2,100
8340,341,4467.6027617212585,18599.59505459217,0,0,False,3,20230404,2,100
8341,342,4467.992462311558,19139.59547738693,2,0,False,3,20230404,2,100
8342,343,4467.9604316546765,19675.586330935253,1,1,False,3,20230404,2,100
8343,344,4467.992462311558,20211.404522613066,0,0,False,3,20230404,2,100
8344,345,4467.695611285267,20755.87617554859,0,0,False,3,20230404,2,100
8345,346,4467.600250626567,21283.404761904763,1,1,False,3,20230404,2,100
8346,347,4910.279048765804,1198.8762793497892,0,0,False,3,20230404,2,100
8347,348,4909.975961538462,1726.3557692307693,0,0,False,3,20230404,2,100
8348,349,4911.294228356336,2263.5,0,0,False,3,20230404,2,100
8349,350,4910.738323353294,2799.859281437126,2,2,False,3,20230404,2,100
8350,351,4910.551497005988,3335.32754491018,2,0,False,3,20230404,2,100
8351,352,4911.092964824121,3871.680904522613,2,1,False,3,20230404,2,100
8352,353,4911.308383233533,4407.317964071856,2,1,False,3,20230404,2,100
8353,354,4911.298994974874,4943.133165829146,0,0,False,3,20230404,2,100
8354,355,4911.308841099164,5479.318399044206,1,1,False,3,20230404,2,100
8355,356,4911.696078431372,6011.318627450981,3,0,False,3,20230404,2,100
8356,357,4911.308383233533,6543.682035928144,2,1,False,3,20230404,2,100
8357,358,4911.796387017759,7083.225658297612,3,0,False,3,20230404,2,100
8358,359,4912.070743405276,7622.958033573142,1,0,False,3,20230404,2,100
8359,360,4911.5,8151.5,5,1,False,3,20230404,2,100
8360,361,4911.5,8694.951572327043,0,1,False,3,20230404,2,100
8361,362,4911.696078431372,9219.68137254902,0,0,False,3,20230404,2,100
8362,363,4911.69656019656,9755.681818181818,0,0,False,3,20230404,2,100
8363,364,4911.5,10291.863190184047,0,1,False,3,20230404,2,100
8364,365,4911.5,10827.863190184047,0,1,False,3,20230404,2,100
8365,366,4911.5,11374.602040816326,1,1,False,3,20230404,2,100
8366,367,4911.780407429598,11902.869682444578,0,0,False,3,20230404,2,100
8367,368,4911.600551808707,12443.043838136113,0,0,False,3,20230404,2,100
8368,369,4911.696078431372,12971.68137254902,3,3,False,3,20230404,2,100
8369,370,4911.780407429598,13504.130317555422,0,0,False,3,20230404,2,100
8370,371,4911.780407429598,14040.130317555422,0,0,False,3,20230404,2,100
8371,372,4911.774165202109,14579.232864674868,0,0,False,3,20230404,2,100
8372,373,4911.696078431372,15115.68137254902,1,0,False,3,20230404,2,100
8373,374,4911.780407429598,15648.130317555422,0,0,False,3,20230404,2,100
8374,375,4911.5,16191.136363636364,3,0,False,3,20230404,2,100
8375,376,4911.5,16731.5,1,1,False,3,20230404,2,100
8376,377,4911.869158878505,17266.77570093458,1,0,False,3,20230404,2,100
8377,378,4911.877182770663,17795.681606519207,2,1,False,3,20230404,2,100
8378,379,4912.261676646706,18335.32754491018,0,0,False,3,20230404,2,100
8379,380,4912.056725146199,18867.49064327485,3,3,False,3,20230404,2,100
8380,381,4911.696078431372,19403.68137254902,1,0,False,3,20230404,2,100
8381,382,4911.796387017759,19947.22565829761,0,0,False,3,20230404,2,100
8382,383,4911.961088355763,20483.050614394386,1,0,False,3,20230404,2,100
8383,384,4911.888206388207,21018.77764127764,1,0,False,3,20230404,2,100
8384,385,5354.359950859951,927.5,1,0,False,3,20230404,2,100
8385,386,5355.3972382787415,1463.4049454078356,1,1,False,3,20230404,2,100
8386,387,5354.355036855037,1999.8341523341523,0,0,False,3,20230404,2,100
8387,388,5355.103761755486,2531.314420062696,2,1,False,3,20230404,2,100
8388,389,5355.299624295554,3067.5,2,0,False,3,20230404,2,100
8389,390,5355.5,3607.309523809524,2,1,False,3,20230404,2,100
8390,391,5355.5,4135.5,0,0,False,3,20230404,2,100
8391,392,5355.87791411043,4678.758895705521,2,0,False,3,20230404,2,100
8392,393,5355.69094247246,5207.313953488372,0,0,True,3,20230404,2,100
8393,394,5355.695611285267,5747.123824451411,1,1,True,3,20230404,2,100
8394,395,5355.600250626567,6275.4047619047615,3,1,False,3,20230404,2,100
8395,396,5355.5,6815.1274509803925,5,1,False,3,20230404,2,100
8396,397,5355.597739767868,7351.404703726329,0,0,False,3,20230404,2,100
8397,398,5355.6027617212585,7887.404945407836,1,0,False,3,20230404,2,100
8398,399,5355.868641532017,8426.757929383602,4,2,False,3,20230404,2,100
8399,400,5355.6027617212585,8951.595054592164,1,0,False,3,20230404,2,100
8400,401,5355.69094247246,9487.686046511628,0,0,False,3,20230404,2,100
8401,402,5355.882352941177,10023.5,3,2,False,3,20230404,2,100
8402,403,5355.788685015291,10559.781345565749,1,1,False,3,20230404,2,100
8403,404,5355.87298266587,11099.5,1,1,False,3,20230404,2,100
8404,405,5355.803536977492,11639.21961414791,1,0,False,3,20230404,2,100
8405,406,5355.788685015291,12175.218654434251,1,0,False,3,20230404,2,100
8406,407,5355.796110414053,12707.218946047678,4,2,False,3,20230404,2,100
8407,408,5355.896238244514,13235.685579937304,1,1,False,3,20230404,2,100
8408,409,5355.700375704446,13771.5,2,0,False,3,20230404,2,100
8409,410,5355.796110414053,14307.781053952322,3,1,False,3,20230404,2,100
8410,411,5355.600125156446,14851.404881101376,0,0,False,3,20230404,2,100
8411,412,5355.700375704446,15379.5,0,0,False,3,20230404,2,100
8412,413,5355.88630806846,15919.685819070904,0,1,False,3,20230404,2,100
8413,414,5355.5,16462.936964504283,1,2,False,3,20230404,2,100
8414,415,5355.896238244514,16995.314420062696,2,0,False,3,20230404,2,100
8415,416,5355.917713152677,17531.31493721084,0,0,False,3,20230404,2,100
8416,417,5355.795739348371,18067.21929824561,2,0,False,3,20230404,2,100
8417,418,5355.6027617212585,18599.59505459217,1,1,False,3,20230404,2,100
8418,419,5355.700375704446,19139.5,5,2,False,3,20230404,2,100
8419,420,5355.968339307049,19675.40442054958,2,0,False,3,20230404,2,100
8420,421,5355.600125156446,20211.40488110137,4,2,False,3,20230404,2,100
8421,422,5355.795739348371,20755.21929824561,1,0,False,3,20230404,2,100
8422,423,5355.700375704446,21283.5,2,1,False,3,20230404,2,100
8423,424,5806.541916167665,1199.3179640718563,0,0,False,3,20230404,2,100
8424,425,5806.328331332533,1727.2454981992796,0,0,False,3,20230404,2,100
8425,426,5806.901257861635,2262.9616352201256,0,0,False,3,20230404,2,100
8426,427,5807.019426180514,2799.4067543335327,1,0,False,3,20230404,2,100
8427,428,5807.204504504504,3335.262162162162,1,0,False,3,20230404,2,100
8428,429,5807.705771643664,3871.5,1,0,False,3,20230404,2,100
8429,430,5807.308383233533,4407.317964071856,1,0,False,3,20230404,2,100
8430,431,5807.397049591965,4943.407093534212,0,0,False,3,20230404,2,100
8431,432,5807.5,5479.136363636364,1,1,False,3,20230404,2,100
8432,433,5807.5,6011.5,0,0,False,3,20230404,2,100
8433,434,5807.317964071856,6544.223353293413,3,0,False,3,20230404,2,100
8434,435,5807.303921568628,7083.318627450981,4,1,False,3,20230404,2,100
8435,436,5807.5,7623.136363636364,2,0,False,3,20230404,2,100
8436,437,5807.5,8151.5,4,2,False,3,20230404,2,100
8437,438,5807.5,8694.951572327043,0,0,False,3,20230404,2,100
8438,439,5807.399448191293,9219.956161863887,3,3,False,3,20230404,2,100
8439,440,5807.303921568628,9755.68137254902,2,0,False,3,20230404,2,100
8440,441,5807.5,10291.863190184047,0,0,False,3,20230404,2,100
8441,442,5807.5,10827.863190184047,7,1,False,3,20230404,2,100
8442,443,5807.5,11374.602040816326,1,1,False,3,20230404,2,100
8443,444,5807.691616766467,11903.317964071855,2,1,False,3,20230404,2,100
8444,445,5807.600551808707,12443.043838136113,0,0,False,3,20230404,2,100
8445,446,5807.696078431372,12971.68137254902,1,0,False,3,20230404,2,100
8446,447,5807.5,13503.863636363636,0,0,False,3,20230404,2,100
8447,448,5807.780407429598,14040.130317555422,1,1,False,3,20230404,2,100
8448,449,5807.5,14579.5,0,0,False,3,20230404,2,100
8449,450,5807.5,15115.5,1,0,False,3,20230404,2,100
8450,451,5807.308383233533,15647.682035928145,3,1,False,3,20230404,2,100
8451,452,5807.219592570402,16190.869682444578,4,3,False,3,20230404,2,100
8452,453,5807.203975535168,16731.225993883792,0,0,False,3,20230404,2,100
8453,454,5808.315897136177,17266.518118059616,0,1,False,3,20230404,2,100
8454,455,5807.5,17795.5,2,0,False,3,20230404,2,100
8455,456,5807.598027495517,18335.04333532576,2,1,False,3,20230404,2,100
8456,457,5807.686915887851,18867.317757009347,2,1,False,3,20230404,2,100
8457,458,5807.399694189602,19403.59296636085,2,1,False,3,20230404,2,100
8458,459,5807.600551808707,19947.04383813612,0,0,False,3,20230404,2,100
8459,460,5807.322429906542,20482.59813084112,5,2,False,3,20230404,2,100
8460,461,5807.600551808707,21019.04383813612,4,2,False,3,20230404,2,100
8461,462,6248.491920447483,929.41671845867,0,0,True,3,20230404,2,100
8462,463,6250.684516129032,1463.5,0,0,False,3,20230404,2,100
8463,464,6250.062461538461,1999.2710769230769,0,0,False,3,20230404,2,100
8464,465,6246.90797940798,2531.5,1,0,False,3,20230404,2,100
8465,466,6251.103761755486,3067.6855799373043,0,0,False,3,20230404,2,100
8466,467,6251.402379499695,3607.4048200122015,0,0,False,3,20230404,2,100
8467,468,6251.30905752754,4135.686046511628,4,0,False,3,20230404,2,100
8468,469,6251.788685015291,4679.21865443425,1,1,False,3,20230404,2,100
8469,470,6251.882352941177,5207.5,2,0,False,3,20230404,2,100
8470,471,6251.600250626567,5747.4047619047615,1,0,False,3,20230404,2,100
8471,472,6251.600250626567,6275.595238095239,1,1,False,3,20230404,2,100
8472,473,6251.5,6815.1274509803925,0,0,False,3,20230404,2,100
8473,474,6251.5,7351.5,2,1,False,3,20230404,2,100
8474,475,6251.6027617212585,7887.404945407836,5,1,False,3,20230404,2,100
8475,476,6251.773053892216,8426.853293413174,2,2,False,3,20230404,2,100
8476,477,6251.5,8951.690231362469,2,2,False,3,20230404,2,100
8477,478,6251.5,9487.872549019608,3,1,False,3,20230404,2,100
8478,479,6251.5,10023.872549019608,1,1,False,3,20230404,2,100
8479,480,6251.69094247246,10559.686046511628,1,0,False,3,20230404,2,100
8480,481,6251.87298266587,11099.5,2,2,False,3,20230404,2,100
8481,482,6251.6027617212585,11639.404945407836,0,0,False,3,20230404,2,100
8482,483,6251.597979179424,12175.032149418248,0,0,False,3,20230404,2,100
8483,484,6251.796110414053,12707.218946047678,1,1,False,3,20230404,2,100
8484,485,6251.896238244514,13235.685579937304,2,1,False,3,20230404,2,100
8485,486,6251.600125156446,13771.595118898624,4,1,False,3,20230404,2,100
8486,487,6251.795739348371,14307.780701754386,2,1,False,3,20230404,2,100
8487,488,6251.5,14851.309643080776,1,1,False,3,20230404,2,100
8488,489,6251.600250626567,15379.40476190476,4,1,False,3,20230404,2,100
8489,490,6251.5,15919.5,0,0,False,3,20230404,2,100
8490,491,6251.5,16462.389434889436,1,2,False,3,20230404,2,100
8491,492,6251.5,16995.30964308078,0,0,False,3,20230404,2,100
8492,493,6251.605540897098,17531.405013192612,3,1,False,3,20230404,2,100
8493,494,6251.5,18066.93753923415,1,1,False,3,20230404,2,100
8494,495,6251.5,18599.5,0,1,False,3,20230404,2,100
8495,496,6251.5,19139.30964308078,3,2,False,3,20230404,2,100
8496,497,6251.5,19675.12701733413,1,0,False,3,20230404,2,100
8497,498,6251.5,20211.30964308078,0,0,False,3,20230404,2,100
8498,499,6251.399874843554,20755.40488110137,1,0,True,3,20230404,2,100
8499,500,6251.600250626567,21283.404761904763,3,3,True,3,20230404,2,100
8500,1,899.004835589942,1464.1473243068988,2,0,True,1,20230315,2,130
8501,2,898.7570725707257,2000.5971709717096,2,0,False,1,20230315,2,130
8502,3,899.2132075471698,2532.3352201257862,0,0,False,1,20230315,2,130
8503,4,899.2132075471698,3068.3352201257862,2,0,False,1,20230315,2,130
8504,5,899.4020208205757,3607.967850581752,1,0,False,1,20230315,2,130
8505,6,899.2204169221336,4136.33629675046,1,1,False,1,20230315,2,130
8506,7,899.4020208205757,4679.967850581751,0,0,False,1,20230315,2,130
8507,8,899.7795830778664,5208.33629675046,2,1,False,1,20230315,2,130
8508,9,899.6956112852664,5747.876175548589,1,0,False,1,20230315,2,130
8509,10,899.204260651629,6275.7807017543855,1,0,False,1,20230315,2,130
8510,11,899.8779141104294,6816.241104294479,0,0,False,1,20230315,2,130
8511,12,900.0686274509804,7352.053921568628,0,0,False,1,20230315,2,130
8512,13,900.3051612903225,7887.866451612903,0,0,False,1,20230315,2,130
8513,14,900.6003003003003,8428.206306306307,1,0,False,1,20230315,2,130
8514,15,900.0979381443299,8952.051546391753,0,0,False,1,20230315,2,130
8515,16,900.2429274292743,9488.59717097171,2,1,False,1,20230315,2,130
8516,17,901.4233621755252,10024.187268232386,0,0,False,1,20230315,2,130
8517,18,901.0743368291178,10560.657310302282,3,1,False,1,20230315,2,130
8518,19,900.5989802039592,11100.224655068989,4,3,False,1,20230315,2,130
8519,20,899.7005141388174,11639.690231362469,4,1,False,1,20230315,2,130
8520,21,901.428306551298,12176.889369592089,7,4,False,1,20230315,2,130
8521,22,900.3805031446541,12707.771698113207,0,1,False,1,20230315,2,130
8522,23,900.3564231738035,13236.502518891688,4,1,False,1,20230315,2,130
8523,24,899.9824120603015,13772.14824120603,5,0,False,1,20230315,2,130
8524,25,900.1607818411097,14308.690416141237,1,1,False,1,20230315,2,130
8525,26,899.896238244514,14851.685579937304,3,1,False,1,20230315,2,130
8526,27,899.9824120603015,15380.14824120603,1,0,False,1,20230315,2,130
8527,28,899.7795830778664,15920.33629675046,2,0,False,1,20230315,2,130
8528,29,899.6909424724602,16463.68604651163,3,1,False,1,20230315,2,130
8529,30,899.6956112852664,16995.87617554859,5,2,False,1,20230315,2,130
8530,31,899.6055408970976,17531.594986807388,1,0,False,1,20230315,2,130
8531,32,899.5,18067.5,1,1,False,1,20230315,2,130
8532,33,899.5,18599.690231362467,1,0,False,1,20230315,2,130
8533,34,899.6002506265664,19139.404761904763,4,2,False,1,20230315,2,130
8534,35,900.1467065868263,19675.226946107785,1,1,False,1,20230315,2,130
8535,36,900.0925925925926,20211.5,6,4,True,1,20230315,2,130
8536,37,900.1842767295598,20754.86603773585,2,1,False,1,20230315,2,130
8537,38,903.89588688946,21283.309768637533,1,3,True,1,20230315,2,130
8538,39,1342.8345888261142,1199.9695543000628,1,0,False,1,20230315,2,130
8539,40,1343.293710691824,1728.4610062893082,0,0,False,1,20230315,2,130
8540,41,1343.1967699406723,2263.78740936058,0,0,False,1,20230315,2,130
8541,42,1343.2115987460816,2799.7884012539184,4,1,False,1,20230315,2,130
8542,43,1343.211959924859,3335.788040075141,0,2,False,1,20230315,2,130
8543,44,1343.5,3871.694993412385,1,2,False,1,20230315,2,130
8544,45,1343.5,4407.6952440550685,0,0,False,1,20230315,2,130
8545,46,1343.5,4943.5,1,0,False,1,20230315,2,130
8546,47,1343.5975609756097,5479.59756097561,0,0,False,1,20230315,2,130
8547,48,1343.5951768488746,6011.788102893891,0,0,False,1,20230315,2,130
8548,49,1343.7790697674418,6544.357322438717,1,2,False,1,20230315,2,130
8549,50,1343.7002567394095,7083.5,2,2,False,1,20230315,2,130
8550,51,1344.0771643663738,7623.5,1,0,False,1,20230315,2,130
8551,52,1343.7884012539184,8151.788401253919,3,3,False,1,20230315,2,130
8552,53,1343.705533596838,8695.5,0,1,False,1,20230315,2,130
8553,54,1343.6953727506427,9219.885604113111,3,2,False,1,20230315,2,130
8554,55,1343.89588688946,9755.690231362469,0,0,False,1,20230315,2,130
8555,56,1343.399935856318,10291.597498396408,1,0,False,1,20230315,2,130
8556,57,1344.0824742268042,10828.067010309278,1,1,False,1,20230315,2,130
8557,58,1344.4319899244333,11374.568010075567,1,0,False,1,20230315,2,130
8558,59,1343.8859649122808,11903.690476190475,3,0,False,1,20230315,2,130
8559,60,1343.89588688946,12443.309768637531,3,1,False,1,20230315,2,130
8560,61,1343.89588688946,12971.690231362469,5,2,False,1,20230315,2,130
8561,62,1343.690476190476,13503.88596491228,1,0,False,1,20230315,2,130
8562,63,1343.8859649122808,14039.690476190475,5,1,False,1,20230315,2,130
8563,64,1343.4044703000611,14579.402020820577,3,2,False,1,20230315,2,130
8564,65,1343.6953727506427,15115.885604113111,3,2,False,1,20230315,2,130
8565,66,1343.690476190476,15647.88596491228,3,1,False,1,20230315,2,130
8566,67,1343.7884012539184,16191.788401253918,2,1,False,1,20230315,2,130
8567,68,1343.399935856318,16731.402501603592,5,1,False,1,20230315,2,130
8568,69,1343.6865030674846,17267.308588957054,6,4,False,1,20230315,2,130
8569,70,1343.5955296999389,17795.98009797918,2,1,False,1,20230315,2,130
8570,71,1343.5975609756097,18335.40243902439,2,1,False,1,20230315,2,130
8571,72,1343.5,18867.88235294117,0,0,False,1,20230315,2,130
8572,73,1343.5,19403.5,1,1,False,1,20230315,2,130
8573,74,1343.89588688946,19947.309768637533,1,1,False,1,20230315,2,130
8574,75,1344.0539215686274,20482.93137254902,2,0,False,1,20230315,2,130
8575,76,1344.1825499034128,21019.03122987765,1,1,False,1,20230315,2,130
8576,77,1786.8558696988323,928.6923786109404,0,0,False,1,20230315,2,130
8577,78,1786.6937984496124,1464.37338501292,0,0,False,1,20230315,2,130
8578,79,1786.9313725490197,2000.053921568628,1,1,False,1,20230315,2,130
8579,80,1787.2038895859473,2531.781053952321,0,0,False,1,20230315,2,130
8580,81,1786.442065491184,3068.3110831234258,25,38,True,1,20230315,2,130
8581,82,1787.970300061237,3608.149112063688,0,0,False,1,20230315,2,130
8582,83,1787.5979791794243,4135.967850581751,2,0,False,1,20230315,2,130
8583,84,1787.2204169221336,4679.772225628449,0,0,False,1,20230315,2,130
8584,85,1787.029699938763,5208.149112063687,0,0,False,1,20230315,2,130
8585,86,1787.882149591452,5748.053111250786,1,1,False,1,20230315,2,130
8586,87,1787.9753476611884,6276.870417193426,0,0,False,1,20230315,2,130
8587,88,1788.0700245700243,6816.055282555282,0,0,False,1,20230315,2,130
8588,89,1788.0686274509803,7352.053921568628,1,2,False,1,20230315,2,130
8589,90,1787.9066924066924,7887.685328185328,1,1,False,1,20230315,2,130
8590,91,1788.4214157168567,8427.5,0,0,False,1,20230315,2,130
8591,92,1788.8411003236247,8951.057281553398,1,1,False,1,20230315,2,130
8592,93,1788.9590264941469,9488.74460874923,2,0,False,1,20230315,2,130
8593,94,1788.5325752919484,10024.31868469576,2,0,False,1,20230315,2,130
8594,95,1789.3282890673256,10560.925571340333,0,0,False,1,20230315,2,130
8595,96,1788.2420706163973,11099.868641532015,2,1,False,1,20230315,2,130
8596,97,1788.1082474226805,11639.5,0,0,False,1,20230315,2,130
8597,98,1788.8382533825338,12175.657441574416,0,0,False,1,20230315,2,130
8598,99,1788.3636363636365,13236.671717171715,2,2,False,1,20230315,2,130
8599,100,1788.083280955374,13772.053111250783,2,0,False,1,20230315,2,130
8600,101,1788.26214511041,14308.5952681388,1,1,False,1,20230315,2,130
8601,102,1788.0925925925926,14851.5,0,0,False,1,20230315,2,130
8602,103,1787.887665198238,15380.240088105727,3,0,False,1,20230315,2,130
8603,104,1787.8779141104294,15920.24110429448,1,0,False,1,20230315,2,130
8604,105,1787.7886850152904,16463.409480122325,1,0,False,1,20230315,2,130
8605,106,1787.795739348371,16995.780701754386,1,1,False,1,20230315,2,130
8606,107,1787.9177131526767,17531.68506278916,2,0,False,1,20230315,2,130
8607,108,1787.7003757044458,18067.5,4,1,False,1,20230315,2,130
8608,109,1787.6027617212587,18599.59505459217,3,2,False,1,20230315,2,130
8609,110,1787.896238244514,19139.314420062696,6,2,False,1,20230315,2,130
8610,111,1788.4214157168567,19675.5,1,1,False,1,20230315,2,130
8611,112,1788.0925925925926,20211.5,1,1,False,1,20230315,2,130
8612,113,1788.083280955374,20754.94688874921,0,0,False,1,20230315,2,130
8613,114,1788.294468887492,21283.5,0,3,True,1,20230315,2,130
8614,115,1791.89588688946,12707.309768637531,3,2,False,1,20230315,2,130
8615,116,2231.304755944931,1199.5,2,0,False,1,20230315,2,130
8616,117,2231.6907151819323,1727.8764115432873,0,0,False,1,20230315,2,130
8617,118,2231.5,2263.5,1,0,False,1,20230315,2,130
8618,119,2231.5,2799.5,48,41,True,1,20230315,2,130
8619,120,2231.5,3335.5,5,1,True,1,20230315,2,130
8620,121,2231.5,3871.5,1,0,False,1,20230315,2,130
8621,122,2231.695244055069,4407.5,1,1,False,1,20230315,2,130
8622,123,2231.5,4943.5,0,0,False,1,20230315,2,130
8623,124,2231.5,5479.5,0,2,True,1,20230315,2,130
8624,125,2231.6000641436817,6011.402501603592,1,1,True,1,20230315,2,130
8625,126,2231.690476190476,6543.8859649122805,2,1,False,1,20230315,2,130
8626,127,2231.89588688946,7083.690231362468,1,0,False,1,20230315,2,130
8627,128,2232.077164366374,7623.5,1,0,False,1,20230315,2,130
8628,129,2231.8859649122805,8151.690476190476,1,1,False,1,20230315,2,130
8629,130,2232.1076618229854,8695.5,0,0,False,1,20230315,2,130
8630,131,2231.79543994862,9219.787732819525,0,0,False,1,20230315,2,130
8631,132,2232.182549903413,9755.968770122345,1,0,False,1,20230315,2,130
8632,133,2232.182549903413,10291.968770122345,0,0,False,1,20230315,2,130
8633,134,2232.082474226804,10828.067010309278,0,0,False,1,20230315,2,130
8634,135,2231.6902377972465,11375.304755944931,3,2,False,1,20230315,2,130
8635,136,2232.165411173886,11903.969554300063,2,1,False,1,20230315,2,130
8636,137,2231.7002567394097,12443.5,2,1,False,1,20230315,2,130
8637,138,2232.0817245817248,12972.06628056628,0,0,False,1,20230315,2,130
8638,139,2232.3332284455632,13504.529578351165,4,0,False,1,20230315,2,130
8639,140,2232.3332284455632,14040.529578351165,1,0,False,1,20230315,2,130
8640,141,2232.241104294478,14579.87791411043,2,1,False,1,20230315,2,130
8641,142,2232.0817245817248,15116.06628056628,2,0,False,1,20230315,2,130
8642,143,2231.9695543000626,15648.165411173886,1,1,False,1,20230315,2,130
8643,144,2231.8859649122805,16191.690476190475,1,1,False,1,20230315,2,130
8644,145,2231.7002567394097,16731.5,3,2,False,1,20230315,2,130
8645,146,2232.241104294478,17267.681595092025,2,3,False,1,20230315,2,130
8646,147,2232.053921568628,17796.06862745098,3,0,False,1,20230315,2,130
8647,148,2231.8859649122805,18335.69047619048,1,1,False,1,20230315,2,130
8648,149,2232.33629675046,18867.220416922133,1,0,False,1,20230315,2,130
8649,150,2231.79543994862,19403.787732819525,4,1,False,1,20230315,2,130
8650,151,2231.89588688946,19947.309768637533,1,1,False,1,20230315,2,130
8651,152,2232.33629675046,20483.220416922133,0,0,False,1,20230315,2,130
8652,153,2231.89588688946,21019.309768637533,0,0,False,1,20230315,2,130
8653,154,2674.93137254902,928.0539215686274,0,0,False,1,20230315,2,130
8654,155,2677.859493670886,1462.4012658227848,1,1,False,1,20230315,2,130
8655,156,2675.406919779547,1999.776791181874,0,0,False,1,20230315,2,130
8656,157,2674.90666247643,2531.489943431804,0,6,True,1,20230315,2,130
8657,158,2675.1173694147265,3068.04877281309,2,3,True,1,20230315,2,130
8658,159,2674.6416309012875,3607.7722256284487,1,0,False,1,20230315,2,130
8659,160,2678.221252257676,4135.150812763395,1,1,False,1,20230315,2,130
8660,161,2679.5,4679.5,0,0,False,1,20230315,2,130
8661,162,2678.2738452309536,5208.111877624475,0,0,False,1,20230315,2,130
8662,163,2679.5,5747.5,0,0,True,1,20230315,2,130
8663,164,2680.4987699877,6275.849323493235,1,0,False,1,20230315,2,130
8664,165,2679.882775119617,6815.5,1,2,False,1,20230315,2,130
8665,166,2680.2616766467067,7351.859281437126,0,0,False,1,20230315,2,130
8666,167,2680.236225087925,8427.317116060962,0,0,False,1,20230315,2,130
8667,168,2679.907035175879,8951.680904522613,0,0,False,1,20230315,2,130
8668,169,2679.211389385808,9487.774299344066,0,0,False,1,20230315,2,130
8669,170,2680.0693779904304,10024.04066985646,1,1,False,1,20230315,2,130
8670,171,2681.5253470126736,10560.709414604707,2,0,False,1,20230315,2,130
8671,172,2680.147574517826,11099.766510812393,1,0,False,1,20230315,2,130
8672,173,2680.1638705811865,12175.766027561414,0,1,False,1,20230315,2,130
8673,174,2680.093137254902,12707.5,0,0,False,1,20230315,2,130
8674,175,2680.0840490797545,13236.039877300613,1,0,False,1,20230315,2,130
8675,176,2679.796024464832,13771.774006116208,2,0,False,1,20230315,2,130
8676,177,2680.459409594096,14308.385608856088,0,0,False,1,20230315,2,130
8677,178,2679.896572827417,14851.681150550796,0,0,False,1,20230315,2,130
8678,179,2680.0840490797545,15380.039877300613,0,1,False,1,20230315,2,130
8679,180,2680.0693779904304,15920.04066985646,2,0,False,1,20230315,2,130
8680,181,2679.980573819486,16463.406754333533,0,0,False,1,20230315,2,130
8681,182,2679.896572827417,16995.681150550794,2,1,False,1,20230315,2,130
8682,183,2679.605602060528,17531.592723760463,1,0,False,1,20230315,2,130
8683,184,2679.9935543278084,18067.58348680172,1,0,False,1,20230315,2,130
8684,185,2679.80923947203,18599.42206159648,0,2,False,1,20230315,2,130
8685,186,2680.1876155268023,19139.214109673445,0,0,False,1,20230315,2,130
8686,187,2680.4227166276346,19675.5,0,0,False,1,20230315,2,130
8687,188,2679.700488997555,20211.5,1,0,False,1,20230315,2,130
8688,189,2679.7963870177587,20755.22565829761,0,0,False,1,20230315,2,130
8689,190,2680.093137254902,21283.5,2,0,True,1,20230315,2,130
8690,191,2683.602761721259,7887.595054592164,0,1,False,1,20230315,2,130
8691,192,2683.9025806451614,11639.5,0,1,False,1,20230315,2,130
8692,193,3130.359950859951,1199.5,0,0,False,1,20230315,2,130
8693,194,3125.668888888889,1728.9653968253967,1,1,False,1,20230315,2,130
8694,195,3131.397238278741,2263.5950545921646,0,0,False,1,20230315,2,130
8695,196,3127.2105097545627,2799.7794210195093,1,0,False,1,20230315,2,130
8696,197,3129.775092936803,3336.6995043370507,3,72,False,1,20230315,2,130
8697,198,3131.397238278741,3871.5950545921646,0,0,False,1,20230315,2,130
8698,199,3130.726600985221,4406.869458128079,0,0,False,1,20230315,2,130
8699,200,3130.9945196647323,4943.595422308188,2,1,False,1,20230315,2,130
8700,201,3131.402260232132,5479.404703726329,1,1,False,1,20230315,2,130
8701,202,3131.203889585948,6011.781053952322,0,0,False,1,20230315,2,130
8702,203,3131.1220858895704,6544.241104294479,1,0,False,1,20230315,2,130
8703,204,3131.6001251564458,7083.595118898624,2,0,True,1,20230315,2,130
8704,205,3131.5,7623.127450980392,0,0,False,1,20230315,2,130
8705,206,3131.5,8151.872549019607,1,2,False,1,20230315,2,130
8706,207,3131.5,8695.309768637531,1,1,False,1,20230315,2,130
8707,208,3131.6956112852663,9219.876175548588,1,1,False,1,20230315,2,130
8708,209,3131.7961104140527,9755.781053952322,0,0,False,1,20230315,2,130
8709,210,3131.7961104140527,10291.781053952322,3,0,False,1,20230315,2,130
8710,211,3131.5,10828.06246076585,3,2,False,1,20230315,2,130
8711,212,3131.779926335175,11374.854205033764,1,1,False,1,20230315,2,130
8712,213,3131.6909424724604,11903.686046511628,0,0,False,1,20230315,2,130
8713,214,3131.6002506265663,12443.40476190476,1,1,False,1,20230315,2,130
8714,215,3131.7961104140527,12971.781053952322,2,2,False,1,20230315,2,130
8715,216,3131.7795830778664,13504.33629675046,9,0,False,1,20230315,2,130
8716,217,3131.7795830778664,14040.33629675046,4,1,False,1,20230315,2,130
8717,218,3131.960431654676,14579.960431654676,3,1,False,1,20230315,2,130
8718,219,3131.6956112852663,15115.876175548588,1,0,False,1,20230315,2,130
8719,220,3131.5,15648.063035495716,0,0,False,1,20230315,2,130
8720,221,3131.8823529411766,16191.5,0,0,False,1,20230315,2,130
8721,222,3131.5,16731.30964308078,0,0,False,1,20230315,2,130
8722,223,3131.6862686567165,17267.313731343285,2,1,False,1,20230315,2,130
8723,224,3131.313953488372,17795.68604651163,2,0,False,1,20230315,2,130
8724,225,3131.6909424724604,18335.31395348837,1,0,False,1,20230315,2,130
8725,226,3131.68671454219,18867.68671454219,0,0,False,1,20230315,2,130
8726,227,3131.700375704446,19403.5,0,0,False,1,20230315,2,130
8727,228,3131.5,19947.5,1,1,False,1,20230315,2,130
8728,229,3131.782634730539,20482.661676646705,1,0,False,1,20230315,2,130
8729,230,3131.7961104140527,21019.21894604768,1,1,False,1,20230315,2,130
8730,231,3570.6416309012875,927.7722256284488,1,0,False,1,20230315,2,130
8731,232,3571.5,1463.5,0,0,False,1,20230315,2,130
8732,233,3569.9433497536947,2000.5147783251232,2,1,False,1,20230315,2,130
8733,234,3571.3043887147337,2531.1238244514107,0,0,False,1,20230315,2,130
8734,235,3571.8962382445143,3067.6855799373043,0,0,False,1,20230315,2,130
8735,236,3571.5,3607.309523809524,1,0,False,1,20230315,2,130
8736,237,3571.597620500305,4135.595179987798,1,0,False,1,20230315,2,130
8737,238,3571.5,4679.5,2,1,False,1,20230315,2,130
8738,239,3571.88630806846,5207.6858190709045,1,0,False,1,20230315,2,130
8739,240,3571.7961104140527,5747.590338770389,2,1,False,1,20230315,2,130
8740,241,3571.8962382445143,6275.314420062696,2,1,False,1,20230315,2,130
8741,242,3571.69536019536,6815.5,0,0,False,1,20230315,2,130
8742,243,3572.166258420086,7351.041947336191,0,0,False,1,20230315,2,130
8743,244,3571.7056555269924,7887.5,2,1,False,1,20230315,2,130
8744,245,3572.5167865707435,8427.404076738609,4,1,False,1,20230315,2,130
8745,246,3571.9066924066924,8951.685328185327,1,0,False,1,20230315,2,130
8746,247,3572.260736196319,9487.86809815951,0,0,False,1,20230315,2,130
8747,248,3572.260736196319,10023.86809815951,0,0,False,1,20230315,2,130
8748,249,3572.0686274509803,10560.053921568628,0,1,False,1,20230315,2,130
8749,250,3574.511180124224,11097.66645962733,0,0,False,1,20230315,2,130
8750,251,3572.00998068255,11639.404700579524,1,1,False,1,20230315,2,130
8751,252,3572.3583690987125,12175.227774371551,3,0,False,1,20230315,2,130
8752,253,3572.0925925925926,12707.5,1,1,False,1,20230315,2,130
8753,254,3572.0825486503454,13236.052416823602,3,1,False,1,20230315,2,130
8754,255,3571.8962382445143,13771.685579937304,0,0,False,1,20230315,2,130
8755,256,3572.183417085427,14307.957286432162,1,1,False,1,20230315,2,130
8756,257,3571.700375704446,14851.5,0,2,False,1,20230315,2,130
8757,258,3572.183417085427,15379.957286432162,4,1,False,1,20230315,2,130
8758,259,3572.3583690987125,15919.772225628449,0,0,False,1,20230315,2,130
8759,260,3571.88630806846,16463.314180929094,2,2,False,1,20230315,2,130
8760,261,3572.0925925925926,16995.5,0,0,False,1,20230315,2,130
8761,262,3571.6055408970974,17531.594986807388,2,0,False,1,20230315,2,130
8762,263,3571.6001251564458,18067.40488110137,0,0,False,1,20230315,2,130
8763,264,3571.602761721259,18599.59505459217,3,0,False,1,20230315,2,130
8764,265,3572.0925925925926,19139.5,2,0,False,1,20230315,2,130
8765,266,3572.5167865707435,19675.59592326139,1,2,False,1,20230315,2,130
8766,267,3572.0925925925926,20211.5,0,0,False,1,20230315,2,130
8767,268,3572.183417085427,20755.04271356784,0,0,False,1,20230315,2,130
8768,269,3572.0925925925926,21283.5,1,0,True,1,20230315,2,130
8769,270,4023.1235884567127,1199.1135508155585,0,0,False,1,20230315,2,130
8770,271,4023.4024390243903,1727.5975609756097,0,0,False,1,20230315,2,130
8771,272,4023.5,2263.5,0,0,False,1,20230315,2,130
8772,273,4023.5,2799.304755944931,1,0,False,1,20230315,2,130
8773,274,4023.22057898049,3335.7794210195093,0,0,False,1,20230315,2,130
8774,275,4023.6026991441736,3871.597432521396,2,1,False,1,20230315,2,130
8775,276,4023.6911949685536,4407.308805031446,0,1,False,1,20230315,2,130
8776,277,4023.3973008558255,4943.597432521396,1,0,False,1,20230315,2,130
8777,278,4023.690476190476,5479.11403508772,0,0,False,1,20230315,2,130
8778,279,4023.6000641436817,6011.597498396408,5,1,False,1,20230315,2,130
8779,280,4023.690476190476,6543.8859649122805,3,1,False,1,20230315,2,130
8780,281,4023.7002567394097,7083.5,4,1,False,1,20230315,2,130
8781,282,4023.7884012539184,7623.211598746081,2,2,False,1,20230315,2,130
8782,283,4023.885964912281,8151.690476190476,2,3,False,1,20230315,2,130
8783,284,4023.6026991441736,8695.402567478604,0,0,False,1,20230315,2,130
8784,285,4023.7954399486193,9219.787732819525,2,5,False,1,20230315,2,130
8785,286,4023.89588688946,9755.690231362469,3,3,False,1,20230315,2,130
8786,287,4023.89588688946,10291.690231362469,2,1,False,1,20230315,2,130
8787,288,4023.6953727506425,10827.885604113111,5,2,False,1,20230315,2,130
8788,289,4023.7884012539184,11375.211598746082,0,0,False,1,20230315,2,130
8789,290,4023.885964912281,11903.690476190475,0,0,False,1,20230315,2,130
8790,291,4023.7002567394097,12443.5,1,0,False,1,20230315,2,130
8791,292,4023.7954399486193,12971.787732819525,2,1,False,1,20230315,2,130
8792,293,4023.969554300063,13504.165411173886,2,1,False,1,20230315,2,130
8793,294,4023.885964912281,14039.690476190475,0,0,False,1,20230315,2,130
8794,295,4023.87652811736,14579.690709046456,2,1,False,1,20230315,2,130
8795,296,4023.7954399486193,15115.787732819525,1,0,False,1,20230315,2,130
8796,297,4023.5975609756097,15647.40243902439,0,0,False,1,20230315,2,130
8797,298,4023.5,16191.5,0,0,False,1,20230315,2,130
8798,299,4023.6000641436817,16731.402501603592,1,0,False,1,20230315,2,130
8799,300,4023.4048200122015,17267.402379499694,0,0,False,1,20230315,2,130
8800,301,4024.053921568628,17796.06862745098,0,0,False,1,20230315,2,130
8801,302,4023.695244055069,18335.5,2,0,False,1,20230315,2,130
8802,303,4023.5,18867.5,2,1,False,1,20230315,2,130
8803,304,4023.6000641436817,19403.597498396408,1,0,False,1,20230315,2,130
8804,305,4023.89588688946,19947.309768637533,1,0,False,1,20230315,2,130
8805,306,4023.314180929096,20483.11369193154,1,0,False,1,20230315,2,130
8806,307,4023.6000641436817,21019.402501603592,3,1,False,1,20230315,2,130
8807,308,4467.308588957055,927.6865030674846,1,1,False,1,20230315,2,130
8808,309,4467.6027617212585,1463.5950545921644,2,1,False,1,20230315,2,130
8809,310,4467.69094247246,1999.686046511628,1,0,False,1,20230315,2,130
8810,311,4467.5,2531.5,0,1,False,1,20230315,2,130
8811,312,4467.103264281231,3067.133396107972,0,0,False,1,20230315,2,130
8812,313,4467.597620500305,3607.5951799877976,0,0,False,1,20230315,2,130
8813,314,4468.0700245700245,4135.490171990172,1,0,False,1,20230315,2,130
8814,315,4467.790461538461,4678.6704615384615,1,0,False,1,20230315,2,130
8815,316,4467.220416922134,5207.772225628449,1,0,True,1,20230315,2,130
8816,317,4467.600250626567,5747.4047619047615,0,1,True,1,20230315,2,130
8817,318,4467.695611285267,6275.876175548589,0,1,False,1,20230315,2,130
8818,319,4468.067931456549,6814.9467564259485,0,0,False,1,20230315,2,130
8819,320,4467.69094247246,7351.686046511628,2,1,False,1,20230315,2,130
8820,321,4467.705655526992,7887.5,1,0,False,1,20230315,2,130
8821,322,4467.9604316546765,8427.039568345324,1,0,False,1,20230315,2,130
8822,323,4467.803536977492,8951.78038585209,1,0,False,1,20230315,2,130
8823,324,4467.779926335175,9488.145794966236,2,1,False,1,20230315,2,130
8824,325,4467.970876762723,10023.958614347026,1,1,False,1,20230315,2,130
8825,326,4467.779926335175,10560.145794966236,0,0,False,1,20230315,2,130
8826,327,4467.773709483794,11099.773709483794,0,0,False,1,20230315,2,130
8827,328,4467.705655526992,11639.5,0,0,False,1,20230315,2,130
8828,329,4467.691411042945,12175.313496932517,2,3,False,1,20230315,2,130
8829,330,4467.992462311558,12707.404522613066,2,1,False,1,20230315,2,130
8830,331,4467.982412060302,13236.14824120603,2,1,False,1,20230315,2,130
8831,332,4467.695611285267,13771.876175548588,2,0,False,1,20230315,2,130
8832,333,4467.78679245283,14308.335220125786,3,1,False,1,20230315,2,130
8833,334,4467.700375704446,14851.5,1,1,False,1,20230315,2,130
8834,335,4467.695611285267,15379.876175548588,1,0,False,1,20230315,2,130
8835,336,4467.69094247246,15919.686046511628,2,0,False,1,20230315,2,130
8836,337,4467.597979179424,16463.03214941825,0,0,False,1,20230315,2,130
8837,338,4467.796110414053,16995.590338770387,0,0,False,1,20230315,2,130
8838,339,4467.812169312169,17531.589947089946,1,0,False,1,20230315,2,130
8839,340,4467.304143126177,18067.314187068423,0,1,False,1,20230315,2,130
8840,341,4467.6027617212585,18599.59505459217,1,0,False,1,20230315,2,130
8841,342,4467.992462311558,19139.59547738693,2,1,False,1,20230315,2,130
8842,343,4467.9604316546765,19675.586330935253,1,1,False,1,20230315,2,130
8843,344,4467.992462311558,20211.404522613066,1,3,False,1,20230315,2,130
8844,345,4467.695611285267,20755.87617554859,0,0,False,1,20230315,2,130
8845,346,4467.600250626567,21283.404761904763,0,0,True,1,20230315,2,130
8846,347,4910.279048765804,1198.8762793497892,0,0,False,1,20230315,2,130
8847,348,4909.975961538462,1726.3557692307693,3,1,False,1,20230315,2,130
8848,349,4911.294228356336,2263.5,2,0,False,1,20230315,2,130
8849,350,4910.738323353294,2799.859281437126,1,0,False,1,20230315,2,130
8850,351,4910.551497005988,3335.32754491018,1,0,False,1,20230315,2,130
8851,352,4911.092964824121,3871.680904522613,0,0,False,1,20230315,2,130
8852,353,4911.308383233533,4407.317964071856,3,0,False,1,20230315,2,130
8853,354,4911.298994974874,4943.133165829146,2,1,False,1,20230315,2,130
8854,355,4911.308841099164,5479.318399044206,2,0,True,1,20230315,2,130
8855,356,4911.696078431372,6011.318627450981,0,0,False,1,20230315,2,130
8856,357,4911.308383233533,6543.682035928144,0,0,False,1,20230315,2,130
8857,358,4911.796387017759,7083.225658297612,1,2,False,1,20230315,2,130
8858,359,4912.070743405276,7622.958033573142,1,1,False,1,20230315,2,130
8859,360,4911.5,8151.5,0,1,False,1,20230315,2,130
8860,361,4911.5,8694.951572327043,4,0,False,1,20230315,2,130
8861,362,4911.696078431372,9219.68137254902,3,1,False,1,20230315,2,130
8862,363,4911.69656019656,9755.681818181818,1,0,False,1,20230315,2,130
8863,364,4911.5,10291.863190184047,2,2,False,1,20230315,2,130
8864,365,4911.5,10827.863190184047,1,0,False,1,20230315,2,130
8865,366,4911.5,11374.602040816326,2,1,False,1,20230315,2,130
8866,367,4911.780407429598,11902.869682444578,0,0,False,1,20230315,2,130
8867,368,4911.600551808707,12443.043838136113,0,0,False,1,20230315,2,130
8868,369,4911.696078431372,12971.68137254902,0,1,False,1,20230315,2,130
8869,370,4911.780407429598,13504.130317555422,1,1,False,1,20230315,2,130
8870,371,4911.780407429598,14040.130317555422,0,0,False,1,20230315,2,130
8871,372,4911.774165202109,14579.232864674868,0,0,False,1,20230315,2,130
8872,373,4911.696078431372,15115.68137254902,3,1,False,1,20230315,2,130
8873,374,4911.780407429598,15648.130317555422,1,0,False,1,20230315,2,130
8874,375,4911.5,16191.136363636364,2,1,False,1,20230315,2,130
8875,376,4911.5,16731.5,1,0,False,1,20230315,2,130
8876,377,4911.869158878505,17266.77570093458,1,0,False,1,20230315,2,130
8877,378,4911.877182770663,17795.681606519207,3,1,False,1,20230315,2,130
8878,379,4912.261676646706,18335.32754491018,0,0,False,1,20230315,2,130
8879,380,4912.056725146199,18867.49064327485,0,0,False,1,20230315,2,130
8880,381,4911.696078431372,19403.68137254902,2,1,False,1,20230315,2,130
8881,382,4911.796387017759,19947.22565829761,1,1,False,1,20230315,2,130
8882,383,4911.961088355763,20483.050614394386,1,0,False,1,20230315,2,130
8883,384,4911.888206388207,21018.77764127764,1,1,False,1,20230315,2,130
8884,385,5354.359950859951,927.5,0,0,False,1,20230315,2,130
8885,386,5355.3972382787415,1463.4049454078356,0,0,False,1,20230315,2,130
8886,387,5354.355036855037,1999.8341523341523,0,0,False,1,20230315,2,130
8887,388,5355.103761755486,2531.314420062696,0,0,False,1,20230315,2,130
8888,389,5355.299624295554,3067.5,0,0,False,1,20230315,2,130
8889,390,5355.5,3607.309523809524,0,0,False,1,20230315,2,130
8890,391,5355.5,4135.5,1,1,True,1,20230315,2,130
8891,392,5355.87791411043,4678.758895705521,3,0,True,1,20230315,2,130
8892,393,5355.69094247246,5207.313953488372,0,0,False,1,20230315,2,130
8893,394,5355.695611285267,5747.123824451411,1,2,False,1,20230315,2,130
8894,395,5355.600250626567,6275.4047619047615,0,0,False,1,20230315,2,130
8895,396,5355.5,6815.1274509803925,1,1,False,1,20230315,2,130
8896,397,5355.597739767868,7351.404703726329,3,1,False,1,20230315,2,130
8897,398,5355.6027617212585,7887.404945407836,2,0,False,1,20230315,2,130
8898,399,5355.868641532017,8426.757929383602,0,0,False,1,20230315,2,130
8899,400,5355.6027617212585,8951.595054592164,2,1,False,1,20230315,2,130
8900,401,5355.69094247246,9487.686046511628,1,0,False,1,20230315,2,130
8901,402,5355.882352941177,10023.5,0,0,False,1,20230315,2,130
8902,403,5355.788685015291,10559.781345565749,2,0,False,1,20230315,2,130
8903,404,5355.87298266587,11099.5,1,1,False,1,20230315,2,130
8904,405,5355.803536977492,11639.21961414791,2,3,False,1,20230315,2,130
8905,406,5355.788685015291,12175.218654434251,0,0,False,1,20230315,2,130
8906,407,5355.796110414053,12707.218946047678,0,0,False,1,20230315,2,130
8907,408,5355.896238244514,13235.685579937304,2,1,False,1,20230315,2,130
8908,409,5355.700375704446,13771.5,1,0,False,1,20230315,2,130
8909,410,5355.796110414053,14307.781053952322,2,0,False,1,20230315,2,130
8910,411,5355.600125156446,14851.404881101376,1,1,False,1,20230315,2,130
8911,412,5355.700375704446,15379.5,0,0,False,1,20230315,2,130
8912,413,5355.88630806846,15919.685819070904,1,0,False,1,20230315,2,130
8913,414,5355.5,16462.936964504283,2,1,False,1,20230315,2,130
8914,415,5355.896238244514,16995.314420062696,2,2,False,1,20230315,2,130
8915,416,5355.917713152677,17531.31493721084,3,2,False,1,20230315,2,130
8916,417,5355.795739348371,18067.21929824561,0,0,False,1,20230315,2,130
8917,418,5355.6027617212585,18599.59505459217,1,0,False,1,20230315,2,130
8918,419,5355.700375704446,19139.5,2,0,False,1,20230315,2,130
8919,420,5355.968339307049,19675.40442054958,0,0,False,1,20230315,2,130
8920,421,5355.600125156446,20211.40488110137,2,0,False,1,20230315,2,130
8921,422,5355.795739348371,20755.21929824561,1,0,False,1,20230315,2,130
8922,423,5355.700375704446,21283.5,0,0,False,1,20230315,2,130
8923,424,5806.541916167665,1199.3179640718563,0,0,False,1,20230315,2,130
8924,425,5806.328331332533,1727.2454981992796,1,1,False,1,20230315,2,130
8925,426,5806.901257861635,2262.9616352201256,0,0,False,1,20230315,2,130
8926,427,5807.019426180514,2799.4067543335327,1,0,False,1,20230315,2,130
8927,428,5807.204504504504,3335.262162162162,1,0,False,1,20230315,2,130
8928,429,5807.705771643664,3871.5,0,0,False,1,20230315,2,130
8929,430,5807.308383233533,4407.317964071856,4,1,True,1,20230315,2,130
8930,431,5807.397049591965,4943.407093534212,0,0,False,1,20230315,2,130
8931,432,5807.5,5479.136363636364,0,0,False,1,20230315,2,130
8932,433,5807.5,6011.5,1,0,False,1,20230315,2,130
8933,434,5807.317964071856,6544.223353293413,0,0,False,1,20230315,2,130
8934,435,5807.303921568628,7083.318627450981,1,0,False,1,20230315,2,130
8935,436,5807.5,7623.136363636364,0,0,False,1,20230315,2,130
8936,437,5807.5,8151.5,2,0,False,1,20230315,2,130
8937,438,5807.5,8694.951572327043,3,2,False,1,20230315,2,130
8938,439,5807.399448191293,9219.956161863887,0,1,False,1,20230315,2,130
8939,440,5807.303921568628,9755.68137254902,1,2,False,1,20230315,2,130
8940,441,5807.5,10291.863190184047,3,1,False,1,20230315,2,130
8941,442,5807.5,10827.863190184047,5,0,False,1,20230315,2,130
8942,443,5807.5,11374.602040816326,0,0,False,1,20230315,2,130
8943,444,5807.691616766467,11903.317964071855,3,2,False,1,20230315,2,130
8944,445,5807.600551808707,12443.043838136113,0,0,False,1,20230315,2,130
8945,446,5807.696078431372,12971.68137254902,0,0,False,1,20230315,2,130
8946,447,5807.5,13503.863636363636,2,1,False,1,20230315,2,130
8947,448,5807.780407429598,14040.130317555422,2,0,False,1,20230315,2,130
8948,449,5807.5,14579.5,0,0,False,1,20230315,2,130
8949,450,5807.5,15115.5,1,0,False,1,20230315,2,130
8950,451,5807.308383233533,15647.682035928145,1,1,False,1,20230315,2,130
8951,452,5807.219592570402,16190.869682444578,1,1,False,1,20230315,2,130
8952,453,5807.203975535168,16731.225993883792,3,1,False,1,20230315,2,130
8953,454,5808.315897136177,17266.518118059616,0,0,False,1,20230315,2,130
8954,455,5807.5,17795.5,1,0,False,1,20230315,2,130
8955,456,5807.598027495517,18335.04333532576,1,1,False,1,20230315,2,130
8956,457,5807.686915887851,18867.317757009347,1,1,False,1,20230315,2,130
8957,458,5807.399694189602,19403.59296636085,1,1,False,1,20230315,2,130
8958,459,5807.600551808707,19947.04383813612,1,0,False,1,20230315,2,130
8959,460,5807.322429906542,20482.59813084112,2,2,False,1,20230315,2,130
8960,461,5807.600551808707,21019.04383813612,0,0,False,1,20230315,2,130
8961,462,6248.491920447483,929.41671845867,1,1,False,1,20230315,2,130
8962,463,6250.684516129032,1463.5,0,1,False,1,20230315,2,130
8963,464,6250.062461538461,1999.2710769230769,1,1,False,1,20230315,2,130
8964,465,6246.90797940798,2531.5,0,0,False,1,20230315,2,130
8965,466,6251.103761755486,3067.6855799373043,1,1,False,1,20230315,2,130
8966,467,6251.402379499695,3607.4048200122015,2,0,False,1,20230315,2,130
8967,468,6251.30905752754,4135.686046511628,2,0,False,1,20230315,2,130
8968,469,6251.788685015291,4679.21865443425,1,0,False,1,20230315,2,130
8969,470,6251.882352941177,5207.5,1,0,False,1,20230315,2,130
8970,471,6251.600250626567,5747.4047619047615,0,0,False,1,20230315,2,130
8971,472,6251.600250626567,6275.595238095239,3,1,False,1,20230315,2,130
8972,473,6251.5,6815.1274509803925,1,1,False,1,20230315,2,130
8973,474,6251.5,7351.5,0,0,False,1,20230315,2,130
8974,475,6251.6027617212585,7887.404945407836,0,0,False,1,20230315,2,130
8975,476,6251.773053892216,8426.853293413174,4,3,False,1,20230315,2,130
8976,477,6251.5,8951.690231362469,0,0,False,1,20230315,2,130
8977,478,6251.5,9487.872549019608,0,0,False,1,20230315,2,130
8978,479,6251.5,10023.872549019608,1,1,False,1,20230315,2,130
8979,480,6251.69094247246,10559.686046511628,2,1,False,1,20230315,2,130
8980,481,6251.87298266587,11099.5,2,1,False,1,20230315,2,130
8981,482,6251.6027617212585,11639.404945407836,0,0,False,1,20230315,2,130
8982,483,6251.597979179424,12175.032149418248,1,1,False,1,20230315,2,130
8983,484,6251.796110414053,12707.218946047678,2,1,False,1,20230315,2,130
8984,485,6251.896238244514,13235.685579937304,1,0,False,1,20230315,2,130
8985,486,6251.600125156446,13771.595118898624,1,0,False,1,20230315,2,130
8986,487,6251.795739348371,14307.780701754386,1,4,False,1,20230315,2,130
8987,488,6251.5,14851.309643080776,1,1,False,1,20230315,2,130
8988,489,6251.600250626567,15379.40476190476,4,0,False,1,20230315,2,130
8989,490,6251.5,15919.5,3,1,False,1,20230315,2,130
8990,491,6251.5,16462.389434889436,2,0,False,1,20230315,2,130
8991,492,6251.5,16995.30964308078,3,2,False,1,20230315,2,130
8992,493,6251.605540897098,17531.405013192612,1,0,False,1,20230315,2,130
8993,494,6251.5,18066.93753923415,0,1,False,1,20230315,2,130
8994,495,6251.5,18599.5,2,1,False,1,20230315,2,130
8995,496,6251.5,19139.30964308078,1,0,False,1,20230315,2,130
8996,497,6251.5,19675.12701733413,0,0,False,1,20230315,2,130
8997,498,6251.5,20211.30964308078,0,0,False,1,20230315,2,130
8998,499,6251.399874843554,20755.40488110137,1,1,True,1,20230315,2,130
8999,500,6251.600250626567,21283.404761904763,0,0,True,1,20230315,2,130
9000,1,899.004835589942,1464.1473243068988,4,3,True,3,20230404,2,130
9001,2,898.7570725707257,2000.5971709717096,1,2,True,3,20230404,2,130
9002,3,899.2132075471698,2532.3352201257862,2,0,False,3,20230404,2,130
9003,4,899.2132075471698,3068.3352201257862,2,0,False,3,20230404,2,130
9004,5,899.4020208205757,3607.967850581752,2,1,False,3,20230404,2,130
9005,6,899.2204169221336,4136.33629675046,2,0,False,3,20230404,2,130
9006,7,899.4020208205757,4679.967850581751,24,10,True,3,20230404,2,130
9007,8,899.7795830778664,5208.33629675046,7,3,True,3,20230404,2,130
9008,9,899.6956112852664,5747.876175548589,1,0,False,3,20230404,2,130
9009,10,899.204260651629,6275.7807017543855,3,1,False,3,20230404,2,130
9010,11,899.8779141104294,6816.241104294479,3,3,False,3,20230404,2,130
9011,12,900.0686274509804,7352.053921568628,4,1,False,3,20230404,2,130
9012,13,900.3051612903225,7887.866451612903,0,0,False,3,20230404,2,130
9013,14,900.6003003003003,8428.206306306307,3,1,False,3,20230404,2,130
9014,15,900.0979381443299,8952.051546391753,1,0,False,3,20230404,2,130
9015,16,900.2429274292743,9488.59717097171,3,3,False,3,20230404,2,130
9016,17,901.4233621755252,10024.187268232386,5,4,False,3,20230404,2,130
9017,18,901.0743368291178,10560.657310302282,2,2,False,3,20230404,2,130
9018,19,900.5989802039592,11100.224655068989,3,0,False,3,20230404,2,130
9019,20,899.7005141388174,11639.690231362469,2,0,False,3,20230404,2,130
9020,21,901.428306551298,12176.889369592089,5,2,False,3,20230404,2,130
9021,22,900.3805031446541,12707.771698113207,1,1,False,3,20230404,2,130
9022,23,900.3564231738035,13236.502518891688,1,1,False,3,20230404,2,130
9023,24,899.9824120603015,13772.14824120603,0,0,False,3,20230404,2,130
9024,25,900.1607818411097,14308.690416141237,0,0,False,3,20230404,2,130
9025,26,899.896238244514,14851.685579937304,1,0,False,3,20230404,2,130
9026,27,899.9824120603015,15380.14824120603,5,1,False,3,20230404,2,130
9027,28,899.7795830778664,15920.33629675046,2,0,False,3,20230404,2,130
9028,29,899.6909424724602,16463.68604651163,4,0,False,3,20230404,2,130
9029,30,899.6956112852664,16995.87617554859,2,1,False,3,20230404,2,130
9030,31,899.6055408970976,17531.594986807388,1,0,False,3,20230404,2,130
9031,32,899.5,18067.5,1,0,False,3,20230404,2,130
9032,33,899.5,18599.690231362467,2,1,False,3,20230404,2,130
9033,34,899.6002506265664,19139.404761904763,0,0,False,3,20230404,2,130
9034,35,900.1467065868263,19675.226946107785,2,0,True,3,20230404,2,130
9035,36,900.0925925925926,20211.5,3,1,True,3,20230404,2,130
9036,37,900.1842767295598,20754.86603773585,2,0,False,3,20230404,2,130
9037,38,903.89588688946,21283.309768637533,1,0,True,3,20230404,2,130
9038,39,1342.8345888261142,1199.9695543000628,1,0,False,3,20230404,2,130
9039,40,1343.293710691824,1728.4610062893082,2,0,False,3,20230404,2,130
9040,41,1343.1967699406723,2263.78740936058,7,3,True,3,20230404,2,130
9041,42,1343.2115987460816,2799.7884012539184,1,0,False,3,20230404,2,130
9042,43,1343.211959924859,3335.788040075141,0,0,False,3,20230404,2,130
9043,44,1343.5,3871.694993412385,0,0,False,3,20230404,2,130
9044,45,1343.5,4407.6952440550685,3,1,False,3,20230404,2,130
9045,46,1343.5,4943.5,0,1,False,3,20230404,2,130
9046,47,1343.5975609756097,5479.59756097561,2,2,False,3,20230404,2,130
9047,48,1343.5951768488746,6011.788102893891,4,2,False,3,20230404,2,130
9048,49,1343.7790697674418,6544.357322438717,2,0,False,3,20230404,2,130
9049,50,1343.7002567394095,7083.5,0,0,False,3,20230404,2,130
9050,51,1344.0771643663738,7623.5,2,1,False,3,20230404,2,130
9051,52,1343.7884012539184,8151.788401253919,1,0,False,3,20230404,2,130
9052,53,1343.705533596838,8695.5,0,0,False,3,20230404,2,130
9053,54,1343.6953727506427,9219.885604113111,2,0,False,3,20230404,2,130
9054,55,1343.89588688946,9755.690231362469,3,0,False,3,20230404,2,130
9055,56,1343.399935856318,10291.597498396408,7,1,False,3,20230404,2,130
9056,57,1344.0824742268042,10828.067010309278,5,1,False,3,20230404,2,130
9057,58,1344.4319899244333,11374.568010075567,2,2,False,3,20230404,2,130
9058,59,1343.8859649122808,11903.690476190475,2,0,False,3,20230404,2,130
9059,60,1343.89588688946,12443.309768637531,4,1,False,3,20230404,2,130
9060,61,1343.89588688946,12971.690231362469,1,0,False,3,20230404,2,130
9061,62,1343.690476190476,13503.88596491228,3,2,False,3,20230404,2,130
9062,63,1343.8859649122808,14039.690476190475,1,1,False,3,20230404,2,130
9063,64,1343.4044703000611,14579.402020820577,2,1,False,3,20230404,2,130
9064,65,1343.6953727506427,15115.885604113111,1,1,False,3,20230404,2,130
9065,66,1343.690476190476,15647.88596491228,2,1,False,3,20230404,2,130
9066,67,1343.7884012539184,16191.788401253918,0,0,False,3,20230404,2,130
9067,68,1343.399935856318,16731.402501603592,1,2,False,3,20230404,2,130
9068,69,1343.6865030674846,17267.308588957054,2,1,False,3,20230404,2,130
9069,70,1343.5955296999389,17795.98009797918,4,2,False,3,20230404,2,130
9070,71,1343.5975609756097,18335.40243902439,3,1,False,3,20230404,2,130
9071,72,1343.5,18867.88235294117,3,0,False,3,20230404,2,130
9072,73,1343.5,19403.5,3,1,False,3,20230404,2,130
9073,74,1343.89588688946,19947.309768637533,0,0,False,3,20230404,2,130
9074,75,1344.0539215686274,20482.93137254902,5,1,False,3,20230404,2,130
9075,76,1344.1825499034128,21019.03122987765,3,1,False,3,20230404,2,130
9076,77,1786.8558696988323,928.6923786109404,2,1,False,3,20230404,2,130
9077,78,1786.6937984496124,1464.37338501292,0,0,False,3,20230404,2,130
9078,79,1786.9313725490197,2000.053921568628,1,2,False,3,20230404,2,130
9079,80,1787.2038895859473,2531.781053952321,3,0,True,3,20230404,2,130
9080,81,1786.442065491184,3068.3110831234258,3,0,False,3,20230404,2,130
9081,82,1787.970300061237,3608.149112063688,3,1,False,3,20230404,2,130
9082,83,1787.5979791794243,4135.967850581751,3,1,False,3,20230404,2,130
9083,84,1787.2204169221336,4679.772225628449,1,1,False,3,20230404,2,130
9084,85,1787.029699938763,5208.149112063687,0,0,False,3,20230404,2,130
9085,86,1787.882149591452,5748.053111250786,3,3,False,3,20230404,2,130
9086,87,1787.9753476611884,6276.870417193426,2,2,False,3,20230404,2,130
9087,88,1788.0700245700243,6816.055282555282,1,0,False,3,20230404,2,130
9088,89,1788.0686274509803,7352.053921568628,2,1,False,3,20230404,2,130
9089,90,1787.9066924066924,7887.685328185328,2,1,False,3,20230404,2,130
9090,91,1788.4214157168567,8427.5,2,0,False,3,20230404,2,130
9091,92,1788.8411003236247,8951.057281553398,0,0,False,3,20230404,2,130
9092,93,1788.9590264941469,9488.74460874923,0,0,False,3,20230404,2,130
9093,94,1788.5325752919484,10024.31868469576,1,0,False,3,20230404,2,130
9094,95,1789.3282890673256,10560.925571340333,3,2,False,3,20230404,2,130
9095,96,1788.2420706163973,11099.868641532015,5,2,False,3,20230404,2,130
9096,97,1788.1082474226805,11639.5,2,0,False,3,20230404,2,130
9097,98,1788.8382533825338,12175.657441574416,2,2,False,3,20230404,2,130
9098,99,1788.3636363636365,13236.671717171715,3,1,False,3,20230404,2,130
9099,100,1788.083280955374,13772.053111250783,2,0,False,3,20230404,2,130
9100,101,1788.26214511041,14308.5952681388,1,0,False,3,20230404,2,130
9101,102,1788.0925925925926,14851.5,0,0,False,3,20230404,2,130
9102,103,1787.887665198238,15380.240088105727,0,0,False,3,20230404,2,130
9103,104,1787.8779141104294,15920.24110429448,3,1,False,3,20230404,2,130
9104,105,1787.7886850152904,16463.409480122325,4,1,False,3,20230404,2,130
9105,106,1787.795739348371,16995.780701754386,2,1,False,3,20230404,2,130
9106,107,1787.9177131526767,17531.68506278916,1,0,False,3,20230404,2,130
9107,108,1787.7003757044458,18067.5,3,0,False,3,20230404,2,130
9108,109,1787.6027617212587,18599.59505459217,2,1,False,3,20230404,2,130
9109,110,1787.896238244514,19139.314420062696,2,0,False,3,20230404,2,130
9110,111,1788.4214157168567,19675.5,5,2,False,3,20230404,2,130
9111,112,1788.0925925925926,20211.5,1,1,False,3,20230404,2,130
9112,113,1788.083280955374,20754.94688874921,0,0,False,3,20230404,2,130
9113,114,1788.294468887492,21283.5,1,1,True,3,20230404,2,130
9114,115,1791.89588688946,12707.309768637531,4,2,False,3,20230404,2,130
9115,116,2231.304755944931,1199.5,2,1,False,3,20230404,2,130
9116,117,2231.6907151819323,1727.8764115432873,4,2,False,3,20230404,2,130
9117,118,2231.5,2263.5,2,1,False,3,20230404,2,130
9118,119,2231.5,2799.5,2,1,False,3,20230404,2,130
9119,120,2231.5,3335.5,1,0,False,3,20230404,2,130
9120,121,2231.5,3871.5,1,0,False,3,20230404,2,130
9121,122,2231.695244055069,4407.5,2,1,False,3,20230404,2,130
9122,123,2231.5,4943.5,2,0,False,3,20230404,2,130
9123,124,2231.5,5479.5,3,1,False,3,20230404,2,130
9124,125,2231.6000641436817,6011.402501603592,0,0,False,3,20230404,2,130
9125,126,2231.690476190476,6543.8859649122805,3,0,False,3,20230404,2,130
9126,127,2231.89588688946,7083.690231362468,1,0,False,3,20230404,2,130
9127,128,2232.077164366374,7623.5,2,2,False,3,20230404,2,130
9128,129,2231.8859649122805,8151.690476190476,2,0,True,3,20230404,2,130
9129,130,2232.1076618229854,8695.5,0,0,False,3,20230404,2,130
9130,131,2231.79543994862,9219.787732819525,0,0,False,3,20230404,2,130
9131,132,2232.182549903413,9755.968770122345,4,6,False,3,20230404,2,130
9132,133,2232.182549903413,10291.968770122345,1,2,False,3,20230404,2,130
9133,134,2232.082474226804,10828.067010309278,2,0,False,3,20230404,2,130
9134,135,2231.6902377972465,11375.304755944931,1,0,False,3,20230404,2,130
9135,136,2232.165411173886,11903.969554300063,0,0,False,3,20230404,2,130
9136,137,2231.7002567394097,12443.5,2,0,False,3,20230404,2,130
9137,138,2232.0817245817248,12972.06628056628,5,0,False,3,20230404,2,130
9138,139,2232.3332284455632,13504.529578351165,2,1,False,3,20230404,2,130
9139,140,2232.3332284455632,14040.529578351165,1,0,False,3,20230404,2,130
9140,141,2232.241104294478,14579.87791411043,0,0,False,3,20230404,2,130
9141,142,2232.0817245817248,15116.06628056628,5,0,False,3,20230404,2,130
9142,143,2231.9695543000626,15648.165411173886,3,1,False,3,20230404,2,130
9143,144,2231.8859649122805,16191.690476190475,0,0,False,3,20230404,2,130
9144,145,2231.7002567394097,16731.5,3,2,False,3,20230404,2,130
9145,146,2232.241104294478,17267.681595092025,1,1,False,3,20230404,2,130
9146,147,2232.053921568628,17796.06862745098,3,2,False,3,20230404,2,130
9147,148,2231.8859649122805,18335.69047619048,0,0,False,3,20230404,2,130
9148,149,2232.33629675046,18867.220416922133,3,2,False,3,20230404,2,130
9149,150,2231.79543994862,19403.787732819525,5,2,False,3,20230404,2,130
9150,151,2231.89588688946,19947.309768637533,0,0,False,3,20230404,2,130
9151,152,2232.33629675046,20483.220416922133,2,1,False,3,20230404,2,130
9152,153,2231.89588688946,21019.309768637533,0,0,False,3,20230404,2,130
9153,154,2674.93137254902,928.0539215686274,2,1,False,3,20230404,2,130
9154,155,2677.859493670886,1462.4012658227848,1,0,False,3,20230404,2,130
9155,156,2675.406919779547,1999.776791181874,2,2,False,3,20230404,2,130
9156,157,2674.90666247643,2531.489943431804,5,2,False,3,20230404,2,130
9157,158,2675.1173694147265,3068.04877281309,10,6,False,3,20230404,2,130
9158,159,2674.6416309012875,3607.7722256284487,2,1,False,3,20230404,2,130
9159,160,2678.221252257676,4135.150812763395,1,0,False,3,20230404,2,130
9160,161,2679.5,4679.5,2,1,False,3,20230404,2,130
9161,162,2678.2738452309536,5208.111877624475,1,1,False,3,20230404,2,130
9162,163,2679.5,5747.5,3,4,False,3,20230404,2,130
9163,164,2680.4987699877,6275.849323493235,5,2,False,3,20230404,2,130
9164,165,2679.882775119617,6815.5,2,0,False,3,20230404,2,130
9165,166,2680.2616766467067,7351.859281437126,1,0,False,3,20230404,2,130
9166,167,2680.236225087925,8427.317116060962,2,2,False,3,20230404,2,130
9167,168,2679.907035175879,8951.680904522613,0,0,False,3,20230404,2,130
9168,169,2679.211389385808,9487.774299344066,2,1,False,3,20230404,2,130
9169,170,2680.0693779904304,10024.04066985646,6,2,False,3,20230404,2,130
9170,171,2681.5253470126736,10560.709414604707,4,1,False,3,20230404,2,130
9171,172,2680.147574517826,11099.766510812393,4,2,False,3,20230404,2,130
9172,173,2680.1638705811865,12175.766027561414,2,0,False,3,20230404,2,130
9173,174,2680.093137254902,12707.5,2,1,False,3,20230404,2,130
9174,175,2680.0840490797545,13236.039877300613,1,0,False,3,20230404,2,130
9175,176,2679.796024464832,13771.774006116208,0,1,False,3,20230404,2,130
9176,177,2680.459409594096,14308.385608856088,2,2,False,3,20230404,2,130
9177,178,2679.896572827417,14851.681150550796,5,0,False,3,20230404,2,130
9178,179,2680.0840490797545,15380.039877300613,2,1,False,3,20230404,2,130
9179,180,2680.0693779904304,15920.04066985646,2,1,False,3,20230404,2,130
9180,181,2679.980573819486,16463.406754333533,1,0,False,3,20230404,2,130
9181,182,2679.896572827417,16995.681150550794,1,0,False,3,20230404,2,130
9182,183,2679.605602060528,17531.592723760463,0,0,False,3,20230404,2,130
9183,184,2679.9935543278084,18067.58348680172,2,2,False,3,20230404,2,130
9184,185,2679.80923947203,18599.42206159648,1,0,False,3,20230404,2,130
9185,186,2680.1876155268023,19139.214109673445,4,1,False,3,20230404,2,130
9186,187,2680.4227166276346,19675.5,3,2,False,3,20230404,2,130
9187,188,2679.700488997555,20211.5,0,0,False,3,20230404,2,130
9188,189,2679.7963870177587,20755.22565829761,2,0,False,3,20230404,2,130
9189,190,2680.093137254902,21283.5,3,1,True,3,20230404,2,130
9190,191,2683.602761721259,7887.595054592164,49,46,True,3,20230404,2,130
9191,192,2683.9025806451614,11639.5,3,0,False,3,20230404,2,130
9192,193,3130.359950859951,1199.5,3,0,False,3,20230404,2,130
9193,194,3125.668888888889,1728.9653968253967,0,0,False,3,20230404,2,130
9194,195,3131.397238278741,2263.5950545921646,1,1,True,3,20230404,2,130
9195,196,3127.2105097545627,2799.7794210195093,1,1,False,3,20230404,2,130
9196,197,3129.775092936803,3336.6995043370507,1,0,False,3,20230404,2,130
9197,198,3131.397238278741,3871.5950545921646,1,1,False,3,20230404,2,130
9198,199,3130.726600985221,4406.869458128079,1,1,False,3,20230404,2,130
9199,200,3130.9945196647323,4943.595422308188,2,1,False,3,20230404,2,130
9200,201,3131.402260232132,5479.404703726329,1,0,False,3,20230404,2,130
9201,202,3131.203889585948,6011.781053952322,1,1,False,3,20230404,2,130
9202,203,3131.1220858895704,6544.241104294479,3,1,False,3,20230404,2,130
9203,204,3131.6001251564458,7083.595118898624,3,3,False,3,20230404,2,130
9204,205,3131.5,7623.127450980392,3,0,False,3,20230404,2,130
9205,206,3131.5,8151.872549019607,4,2,False,3,20230404,2,130
9206,207,3131.5,8695.309768637531,4,2,False,3,20230404,2,130
9207,208,3131.6956112852663,9219.876175548588,4,2,False,3,20230404,2,130
9208,209,3131.7961104140527,9755.781053952322,0,0,False,3,20230404,2,130
9209,210,3131.7961104140527,10291.781053952322,2,1,False,3,20230404,2,130
9210,211,3131.5,10828.06246076585,2,2,False,3,20230404,2,130
9211,212,3131.779926335175,11374.854205033764,4,1,False,3,20230404,2,130
9212,213,3131.6909424724604,11903.686046511628,2,1,False,3,20230404,2,130
9213,214,3131.6002506265663,12443.40476190476,4,3,False,3,20230404,2,130
9214,215,3131.7961104140527,12971.781053952322,2,0,False,3,20230404,2,130
9215,216,3131.7795830778664,13504.33629675046,5,4,False,3,20230404,2,130
9216,217,3131.7795830778664,14040.33629675046,4,1,False,3,20230404,2,130
9217,218,3131.960431654676,14579.960431654676,4,1,False,3,20230404,2,130
9218,219,3131.6956112852663,15115.876175548588,6,1,False,3,20230404,2,130
9219,220,3131.5,15648.063035495716,1,0,False,3,20230404,2,130
9220,221,3131.8823529411766,16191.5,5,1,False,3,20230404,2,130
9221,222,3131.5,16731.30964308078,1,1,False,3,20230404,2,130
9222,223,3131.6862686567165,17267.313731343285,0,0,False,3,20230404,2,130
9223,224,3131.313953488372,17795.68604651163,2,1,False,3,20230404,2,130
9224,225,3131.6909424724604,18335.31395348837,2,1,False,3,20230404,2,130
9225,226,3131.68671454219,18867.68671454219,0,1,False,3,20230404,2,130
9226,227,3131.700375704446,19403.5,1,0,False,3,20230404,2,130
9227,228,3131.5,19947.5,3,0,False,3,20230404,2,130
9228,229,3131.782634730539,20482.661676646705,2,1,False,3,20230404,2,130
9229,230,3131.7961104140527,21019.21894604768,1,0,False,3,20230404,2,130
9230,231,3570.6416309012875,927.7722256284488,0,0,False,3,20230404,2,130
9231,232,3571.5,1463.5,0,0,False,3,20230404,2,130
9232,233,3569.9433497536947,2000.5147783251232,24,26,True,3,20230404,2,130
9233,234,3571.3043887147337,2531.1238244514107,0,0,False,3,20230404,2,130
9234,235,3571.8962382445143,3067.6855799373043,2,0,False,3,20230404,2,130
9235,236,3571.5,3607.309523809524,1,0,False,3,20230404,2,130
9236,237,3571.597620500305,4135.595179987798,1,0,False,3,20230404,2,130
9237,238,3571.5,4679.5,7,4,False,3,20230404,2,130
9238,239,3571.88630806846,5207.6858190709045,3,1,False,3,20230404,2,130
9239,240,3571.7961104140527,5747.590338770389,4,2,False,3,20230404,2,130
9240,241,3571.8962382445143,6275.314420062696,4,1,False,3,20230404,2,130
9241,242,3571.69536019536,6815.5,3,0,False,3,20230404,2,130
9242,243,3572.166258420086,7351.041947336191,2,1,False,3,20230404,2,130
9243,244,3571.7056555269924,7887.5,0,1,False,3,20230404,2,130
9244,245,3572.5167865707435,8427.404076738609,3,0,False,3,20230404,2,130
9245,246,3571.9066924066924,8951.685328185327,5,2,False,3,20230404,2,130
9246,247,3572.260736196319,9487.86809815951,1,1,False,3,20230404,2,130
9247,248,3572.260736196319,10023.86809815951,5,3,False,3,20230404,2,130
9248,249,3572.0686274509803,10560.053921568628,1,1,False,3,20230404,2,130
9249,250,3574.511180124224,11097.66645962733,3,3,False,3,20230404,2,130
9250,251,3572.00998068255,11639.404700579524,1,0,True,3,20230404,2,130
9251,252,3572.3583690987125,12175.227774371551,0,0,False,3,20230404,2,130
9252,253,3572.0925925925926,12707.5,3,3,False,3,20230404,2,130
9253,254,3572.0825486503454,13236.052416823602,1,1,False,3,20230404,2,130
9254,255,3571.8962382445143,13771.685579937304,1,1,False,3,20230404,2,130
9255,256,3572.183417085427,14307.957286432162,3,3,False,3,20230404,2,130
9256,257,3571.700375704446,14851.5,2,0,False,3,20230404,2,130
9257,258,3572.183417085427,15379.957286432162,0,0,False,3,20230404,2,130
9258,259,3572.3583690987125,15919.772225628449,2,0,False,3,20230404,2,130
9259,260,3571.88630806846,16463.314180929094,2,1,False,3,20230404,2,130
9260,261,3572.0925925925926,16995.5,3,1,False,3,20230404,2,130
9261,262,3571.6055408970974,17531.594986807388,2,1,False,3,20230404,2,130
9262,263,3571.6001251564458,18067.40488110137,1,1,False,3,20230404,2,130
9263,264,3571.602761721259,18599.59505459217,2,1,False,3,20230404,2,130
9264,265,3572.0925925925926,19139.5,1,0,False,3,20230404,2,130
9265,266,3572.5167865707435,19675.59592326139,1,0,False,3,20230404,2,130
9266,267,3572.0925925925926,20211.5,0,0,False,3,20230404,2,130
9267,268,3572.183417085427,20755.04271356784,1,1,False,3,20230404,2,130
9268,269,3572.0925925925926,21283.5,1,0,True,3,20230404,2,130
9269,270,4023.1235884567127,1199.1135508155585,2,0,False,3,20230404,2,130
9270,271,4023.4024390243903,1727.5975609756097,10,11,True,3,20230404,2,130
9271,272,4023.5,2263.5,0,0,False,3,20230404,2,130
9272,273,4023.5,2799.304755944931,3,2,False,3,20230404,2,130
9273,274,4023.22057898049,3335.7794210195093,1,1,False,3,20230404,2,130
9274,275,4023.6026991441736,3871.597432521396,2,0,False,3,20230404,2,130
9275,276,4023.6911949685536,4407.308805031446,0,0,False,3,20230404,2,130
9276,277,4023.3973008558255,4943.597432521396,1,1,False,3,20230404,2,130
9277,278,4023.690476190476,5479.11403508772,1,2,False,3,20230404,2,130
9278,279,4023.6000641436817,6011.597498396408,5,2,False,3,20230404,2,130
9279,280,4023.690476190476,6543.8859649122805,0,0,False,3,20230404,2,130
9280,281,4023.7002567394097,7083.5,2,3,False,3,20230404,2,130
9281,282,4023.7884012539184,7623.211598746081,0,0,False,3,20230404,2,130
9282,283,4023.885964912281,8151.690476190476,0,0,False,3,20230404,2,130
9283,284,4023.6026991441736,8695.402567478604,5,2,False,3,20230404,2,130
9284,285,4023.7954399486193,9219.787732819525,3,1,False,3,20230404,2,130
9285,286,4023.89588688946,9755.690231362469,5,3,False,3,20230404,2,130
9286,287,4023.89588688946,10291.690231362469,1,1,False,3,20230404,2,130
9287,288,4023.6953727506425,10827.885604113111,1,2,False,3,20230404,2,130
9288,289,4023.7884012539184,11375.211598746082,4,2,False,3,20230404,2,130
9289,290,4023.885964912281,11903.690476190475,1,0,False,3,20230404,2,130
9290,291,4023.7002567394097,12443.5,5,2,False,3,20230404,2,130
9291,292,4023.7954399486193,12971.787732819525,1,1,False,3,20230404,2,130
9292,293,4023.969554300063,13504.165411173886,1,0,True,3,20230404,2,130
9293,294,4023.885964912281,14039.690476190475,2,2,False,3,20230404,2,130
9294,295,4023.87652811736,14579.690709046456,1,0,False,3,20230404,2,130
9295,296,4023.7954399486193,15115.787732819525,2,0,False,3,20230404,2,130
9296,297,4023.5975609756097,15647.40243902439,3,0,False,3,20230404,2,130
9297,298,4023.5,16191.5,0,1,False,3,20230404,2,130
9298,299,4023.6000641436817,16731.402501603592,0,0,False,3,20230404,2,130
9299,300,4023.4048200122015,17267.402379499694,2,1,False,3,20230404,2,130
9300,301,4024.053921568628,17796.06862745098,1,0,False,3,20230404,2,130
9301,302,4023.695244055069,18335.5,0,0,False,3,20230404,2,130
9302,303,4023.5,18867.5,4,2,False,3,20230404,2,130
9303,304,4023.6000641436817,19403.597498396408,1,0,False,3,20230404,2,130
9304,305,4023.89588688946,19947.309768637533,0,0,False,3,20230404,2,130
9305,306,4023.314180929096,20483.11369193154,2,2,False,3,20230404,2,130
9306,307,4023.6000641436817,21019.402501603592,1,0,False,3,20230404,2,130
9307,308,4467.308588957055,927.6865030674846,3,2,False,3,20230404,2,130
9308,309,4467.6027617212585,1463.5950545921644,6,2,False,3,20230404,2,130
9309,310,4467.69094247246,1999.686046511628,0,0,False,3,20230404,2,130
9310,311,4467.5,2531.5,0,0,False,3,20230404,2,130
9311,312,4467.103264281231,3067.133396107972,3,1,False,3,20230404,2,130
9312,313,4467.597620500305,3607.5951799877976,1,0,False,3,20230404,2,130
9313,314,4468.0700245700245,4135.490171990172,0,0,False,3,20230404,2,130
9314,315,4467.790461538461,4678.6704615384615,1,0,False,3,20230404,2,130
9315,316,4467.220416922134,5207.772225628449,0,0,False,3,20230404,2,130
9316,317,4467.600250626567,5747.4047619047615,2,1,False,3,20230404,2,130
9317,318,4467.695611285267,6275.876175548589,1,1,False,3,20230404,2,130
9318,319,4468.067931456549,6814.9467564259485,1,0,False,3,20230404,2,130
9319,320,4467.69094247246,7351.686046511628,4,0,False,3,20230404,2,130
9320,321,4467.705655526992,7887.5,1,0,False,3,20230404,2,130
9321,322,4467.9604316546765,8427.039568345324,5,1,False,3,20230404,2,130
9322,323,4467.803536977492,8951.78038585209,2,1,False,3,20230404,2,130
9323,324,4467.779926335175,9488.145794966236,0,0,False,3,20230404,2,130
9324,325,4467.970876762723,10023.958614347026,1,0,False,3,20230404,2,130
9325,326,4467.779926335175,10560.145794966236,1,0,False,3,20230404,2,130
9326,327,4467.773709483794,11099.773709483794,3,2,False,3,20230404,2,130
9327,328,4467.705655526992,11639.5,0,0,False,3,20230404,2,130
9328,329,4467.691411042945,12175.313496932517,0,0,False,3,20230404,2,130
9329,330,4467.992462311558,12707.404522613066,0,0,False,3,20230404,2,130
9330,331,4467.982412060302,13236.14824120603,1,2,False,3,20230404,2,130
9331,332,4467.695611285267,13771.876175548588,1,0,False,3,20230404,2,130
9332,333,4467.78679245283,14308.335220125786,1,1,False,3,20230404,2,130
9333,334,4467.700375704446,14851.5,0,0,False,3,20230404,2,130
9334,335,4467.695611285267,15379.876175548588,1,1,False,3,20230404,2,130
9335,336,4467.69094247246,15919.686046511628,2,0,False,3,20230404,2,130
9336,337,4467.597979179424,16463.03214941825,2,1,False,3,20230404,2,130
9337,338,4467.796110414053,16995.590338770387,3,0,True,3,20230404,2,130
9338,339,4467.812169312169,17531.589947089946,1,0,False,3,20230404,2,130
9339,340,4467.304143126177,18067.314187068423,3,3,False,3,20230404,2,130
9340,341,4467.6027617212585,18599.59505459217,2,0,False,3,20230404,2,130
9341,342,4467.992462311558,19139.59547738693,2,1,False,3,20230404,2,130
9342,343,4467.9604316546765,19675.586330935253,0,0,False,3,20230404,2,130
9343,344,4467.992462311558,20211.404522613066,4,3,False,3,20230404,2,130
9344,345,4467.695611285267,20755.87617554859,2,0,False,3,20230404,2,130
9345,346,4467.600250626567,21283.404761904763,0,0,True,3,20230404,2,130
9346,347,4910.279048765804,1198.8762793497892,2,1,False,3,20230404,2,130
9347,348,4909.975961538462,1726.3557692307693,0,0,False,3,20230404,2,130
9348,349,4911.294228356336,2263.5,0,0,False,3,20230404,2,130
9349,350,4910.738323353294,2799.859281437126,2,0,False,3,20230404,2,130
9350,351,4910.551497005988,3335.32754491018,0,0,False,3,20230404,2,130
9351,352,4911.092964824121,3871.680904522613,1,0,False,3,20230404,2,130
9352,353,4911.308383233533,4407.317964071856,3,3,False,3,20230404,2,130
9353,354,4911.298994974874,4943.133165829146,1,0,False,3,20230404,2,130
9354,355,4911.308841099164,5479.318399044206,0,0,False,3,20230404,2,130
9355,356,4911.696078431372,6011.318627450981,0,0,False,3,20230404,2,130
9356,357,4911.308383233533,6543.682035928144,0,0,False,3,20230404,2,130
9357,358,4911.796387017759,7083.225658297612,2,2,False,3,20230404,2,130
9358,359,4912.070743405276,7622.958033573142,1,1,False,3,20230404,2,130
9359,360,4911.5,8151.5,2,2,False,3,20230404,2,130
9360,361,4911.5,8694.951572327043,2,0,False,3,20230404,2,130
9361,362,4911.696078431372,9219.68137254902,0,0,False,3,20230404,2,130
9362,363,4911.69656019656,9755.681818181818,0,0,False,3,20230404,2,130
9363,364,4911.5,10291.863190184047,5,1,False,3,20230404,2,130
9364,365,4911.5,10827.863190184047,0,0,False,3,20230404,2,130
9365,366,4911.5,11374.602040816326,2,0,False,3,20230404,2,130
9366,367,4911.780407429598,11902.869682444578,0,0,False,3,20230404,2,130
9367,368,4911.600551808707,12443.043838136113,2,1,False,3,20230404,2,130
9368,369,4911.696078431372,12971.68137254902,1,1,False,3,20230404,2,130
9369,370,4911.780407429598,13504.130317555422,3,1,False,3,20230404,2,130
9370,371,4911.780407429598,14040.130317555422,5,3,False,3,20230404,2,130
9371,372,4911.774165202109,14579.232864674868,3,1,False,3,20230404,2,130
9372,373,4911.696078431372,15115.68137254902,0,0,False,3,20230404,2,130
9373,374,4911.780407429598,15648.130317555422,1,1,False,3,20230404,2,130
9374,375,4911.5,16191.136363636364,2,2,False,3,20230404,2,130
9375,376,4911.5,16731.5,3,1,False,3,20230404,2,130
9376,377,4911.869158878505,17266.77570093458,0,0,True,3,20230404,2,130
9377,378,4911.877182770663,17795.681606519207,1,1,False,3,20230404,2,130
9378,379,4912.261676646706,18335.32754491018,2,0,False,3,20230404,2,130
9379,380,4912.056725146199,18867.49064327485,1,1,False,3,20230404,2,130
9380,381,4911.696078431372,19403.68137254902,3,2,False,3,20230404,2,130
9381,382,4911.796387017759,19947.22565829761,1,1,False,3,20230404,2,130
9382,383,4911.961088355763,20483.050614394386,3,1,False,3,20230404,2,130
9383,384,4911.888206388207,21018.77764127764,4,2,False,3,20230404,2,130
9384,385,5354.359950859951,927.5,5,5,True,3,20230404,2,130
9385,386,5355.3972382787415,1463.4049454078356,1,1,False,3,20230404,2,130
9386,387,5354.355036855037,1999.8341523341523,0,0,False,3,20230404,2,130
9387,388,5355.103761755486,2531.314420062696,0,0,False,3,20230404,2,130
9388,389,5355.299624295554,3067.5,3,2,False,3,20230404,2,130
9389,390,5355.5,3607.309523809524,0,0,False,3,20230404,2,130
9390,391,5355.5,4135.5,3,0,False,3,20230404,2,130
9391,392,5355.87791411043,4678.758895705521,2,1,False,3,20230404,2,130
9392,393,5355.69094247246,5207.313953488372,3,1,False,3,20230404,2,130
9393,394,5355.695611285267,5747.123824451411,3,2,False,3,20230404,2,130
9394,395,5355.600250626567,6275.4047619047615,2,1,False,3,20230404,2,130
9395,396,5355.5,6815.1274509803925,4,3,False,3,20230404,2,130
9396,397,5355.597739767868,7351.404703726329,1,1,False,3,20230404,2,130
9397,398,5355.6027617212585,7887.404945407836,0,0,False,3,20230404,2,130
9398,399,5355.868641532017,8426.757929383602,4,0,False,3,20230404,2,130
9399,400,5355.6027617212585,8951.595054592164,1,0,False,3,20230404,2,130
9400,401,5355.69094247246,9487.686046511628,1,0,False,3,20230404,2,130
9401,402,5355.882352941177,10023.5,3,2,False,3,20230404,2,130
9402,403,5355.788685015291,10559.781345565749,1,1,False,3,20230404,2,130
9403,404,5355.87298266587,11099.5,1,0,False,3,20230404,2,130
9404,405,5355.803536977492,11639.21961414791,1,0,False,3,20230404,2,130
9405,406,5355.788685015291,12175.218654434251,1,0,False,3,20230404,2,130
9406,407,5355.796110414053,12707.218946047678,2,1,False,3,20230404,2,130
9407,408,5355.896238244514,13235.685579937304,1,0,False,3,20230404,2,130
9408,409,5355.700375704446,13771.5,3,2,False,3,20230404,2,130
9409,410,5355.796110414053,14307.781053952322,0,0,False,3,20230404,2,130
9410,411,5355.600125156446,14851.404881101376,2,1,False,3,20230404,2,130
9411,412,5355.700375704446,15379.5,0,0,False,3,20230404,2,130
9412,413,5355.88630806846,15919.685819070904,2,1,False,3,20230404,2,130
9413,414,5355.5,16462.936964504283,0,1,True,3,20230404,2,130
9414,415,5355.896238244514,16995.314420062696,1,2,True,3,20230404,2,130
9415,416,5355.917713152677,17531.31493721084,1,0,False,3,20230404,2,130
9416,417,5355.795739348371,18067.21929824561,2,0,False,3,20230404,2,130
9417,418,5355.6027617212585,18599.59505459217,1,1,False,3,20230404,2,130
9418,419,5355.700375704446,19139.5,6,2,False,3,20230404,2,130
9419,420,5355.968339307049,19675.40442054958,1,0,False,3,20230404,2,130
9420,421,5355.600125156446,20211.40488110137,3,1,False,3,20230404,2,130
9421,422,5355.795739348371,20755.21929824561,2,1,False,3,20230404,2,130
9422,423,5355.700375704446,21283.5,0,0,True,3,20230404,2,130
9423,424,5806.541916167665,1199.3179640718563,0,0,False,3,20230404,2,130
9424,425,5806.328331332533,1727.2454981992796,1,0,False,3,20230404,2,130
9425,426,5806.901257861635,2262.9616352201256,0,0,False,3,20230404,2,130
9426,427,5807.019426180514,2799.4067543335327,2,3,False,3,20230404,2,130
9427,428,5807.204504504504,3335.262162162162,1,1,False,3,20230404,2,130
9428,429,5807.705771643664,3871.5,0,0,False,3,20230404,2,130
9429,430,5807.308383233533,4407.317964071856,1,1,False,3,20230404,2,130
9430,431,5807.397049591965,4943.407093534212,2,1,False,3,20230404,2,130
9431,432,5807.5,5479.136363636364,1,1,False,3,20230404,2,130
9432,433,5807.5,6011.5,0,0,False,3,20230404,2,130
9433,434,5807.317964071856,6544.223353293413,2,1,False,3,20230404,2,130
9434,435,5807.303921568628,7083.318627450981,4,1,False,3,20230404,2,130
9435,436,5807.5,7623.136363636364,1,0,False,3,20230404,2,130
9436,437,5807.5,8151.5,1,0,False,3,20230404,2,130
9437,438,5807.5,8694.951572327043,0,0,False,3,20230404,2,130
9438,439,5807.399448191293,9219.956161863887,1,0,False,3,20230404,2,130
9439,440,5807.303921568628,9755.68137254902,3,3,False,3,20230404,2,130
9440,441,5807.5,10291.863190184047,1,1,False,3,20230404,2,130
9441,442,5807.5,10827.863190184047,1,1,False,3,20230404,2,130
9442,443,5807.5,11374.602040816326,1,0,False,3,20230404,2,130
9443,444,5807.691616766467,11903.317964071855,2,0,False,3,20230404,2,130
9444,445,5807.600551808707,12443.043838136113,1,0,False,3,20230404,2,130
9445,446,5807.696078431372,12971.68137254902,1,1,False,3,20230404,2,130
9446,447,5807.5,13503.863636363636,0,0,False,3,20230404,2,130
9447,448,5807.780407429598,14040.130317555422,1,0,False,3,20230404,2,130
9448,449,5807.5,14579.5,3,1,False,3,20230404,2,130
9449,450,5807.5,15115.5,6,1,False,3,20230404,2,130
9450,451,5807.308383233533,15647.682035928145,5,2,False,3,20230404,2,130
9451,452,5807.219592570402,16190.869682444578,2,1,False,3,20230404,2,130
9452,453,5807.203975535168,16731.225993883792,6,4,True,3,20230404,2,130
9453,454,5808.315897136177,17266.518118059616,2,1,False,3,20230404,2,130
9454,455,5807.5,17795.5,1,0,False,3,20230404,2,130
9455,456,5807.598027495517,18335.04333532576,2,1,False,3,20230404,2,130
9456,457,5807.686915887851,18867.317757009347,2,1,False,3,20230404,2,130
9457,458,5807.399694189602,19403.59296636085,4,2,False,3,20230404,2,130
9458,459,5807.600551808707,19947.04383813612,3,1,False,3,20230404,2,130
9459,460,5807.322429906542,20482.59813084112,2,1,False,3,20230404,2,130
9460,461,5807.600551808707,21019.04383813612,2,2,False,3,20230404,2,130
9461,462,6248.491920447483,929.41671845867,8,4,True,3,20230404,2,130
9462,463,6250.684516129032,1463.5,0,0,True,3,20230404,2,130
9463,464,6250.062461538461,1999.2710769230769,0,0,False,3,20230404,2,130
9464,465,6246.90797940798,2531.5,0,0,False,3,20230404,2,130
9465,466,6251.103761755486,3067.6855799373043,3,0,False,3,20230404,2,130
9466,467,6251.402379499695,3607.4048200122015,0,0,False,3,20230404,2,130
9467,468,6251.30905752754,4135.686046511628,2,0,False,3,20230404,2,130
9468,469,6251.788685015291,4679.21865443425,1,0,False,3,20230404,2,130
9469,470,6251.882352941177,5207.5,2,1,False,3,20230404,2,130
9470,471,6251.600250626567,5747.4047619047615,2,1,False,3,20230404,2,130
9471,472,6251.600250626567,6275.595238095239,2,0,False,3,20230404,2,130
9472,473,6251.5,6815.1274509803925,1,0,True,3,20230404,2,130
9473,474,6251.5,7351.5,1,0,False,3,20230404,2,130
9474,475,6251.6027617212585,7887.404945407836,0,0,False,3,20230404,2,130
9475,476,6251.773053892216,8426.853293413174,2,0,False,3,20230404,2,130
9476,477,6251.5,8951.690231362469,1,0,False,3,20230404,2,130
9477,478,6251.5,9487.872549019608,3,0,False,3,20230404,2,130
9478,479,6251.5,10023.872549019608,6,1,False,3,20230404,2,130
9479,480,6251.69094247246,10559.686046511628,4,0,False,3,20230404,2,130
9480,481,6251.87298266587,11099.5,2,1,False,3,20230404,2,130
9481,482,6251.6027617212585,11639.404945407836,5,1,False,3,20230404,2,130
9482,483,6251.597979179424,12175.032149418248,1,1,False,3,20230404,2,130
9483,484,6251.796110414053,12707.218946047678,0,2,False,3,20230404,2,130
9484,485,6251.896238244514,13235.685579937304,1,0,False,3,20230404,2,130
9485,486,6251.600125156446,13771.595118898624,0,0,False,3,20230404,2,130
9486,487,6251.795739348371,14307.780701754386,1,0,False,3,20230404,2,130
9487,488,6251.5,14851.309643080776,2,1,False,3,20230404,2,130
9488,489,6251.600250626567,15379.40476190476,1,0,False,3,20230404,2,130
9489,490,6251.5,15919.5,3,0,False,3,20230404,2,130
9490,491,6251.5,16462.389434889436,5,4,False,3,20230404,2,130
9491,492,6251.5,16995.30964308078,3,2,False,3,20230404,2,130
9492,493,6251.605540897098,17531.405013192612,1,2,False,3,20230404,2,130
9493,494,6251.5,18066.93753923415,3,2,False,3,20230404,2,130
9494,495,6251.5,18599.5,0,0,False,3,20230404,2,130
9495,496,6251.5,19139.30964308078,1,0,False,3,20230404,2,130
9496,497,6251.5,19675.12701733413,1,0,False,3,20230404,2,130
9497,498,6251.5,20211.30964308078,3,1,False,3,20230404,2,130
9498,499,6251.399874843554,20755.40488110137,2,0,False,3,20230404,2,130
9499,500,6251.600250626567,21283.404761904763,5,1,True,3,20230404,2,130
9500,1,899.004835589942,1464.1473243068988,0,0,True,1,20230315,2,160
9501,2,898.7570725707257,2000.5971709717096,2,1,False,1,20230315,2,160
9502,3,899.2132075471698,2532.3352201257862,1,0,False,1,20230315,2,160
9503,4,899.2132075471698,3068.3352201257862,0,0,False,1,20230315,2,160
9504,5,899.4020208205757,3607.967850581752,0,0,False,1,20230315,2,160
9505,6,899.2204169221336,4136.33629675046,1,0,False,1,20230315,2,160
9506,7,899.4020208205757,4679.967850581751,0,0,False,1,20230315,2,160
9507,8,899.7795830778664,5208.33629675046,4,1,False,1,20230315,2,160
9508,9,899.6956112852664,5747.876175548589,2,1,False,1,20230315,2,160
9509,10,899.204260651629,6275.7807017543855,0,0,False,1,20230315,2,160
9510,11,899.8779141104294,6816.241104294479,0,2,False,1,20230315,2,160
9511,12,900.0686274509804,7352.053921568628,2,0,False,1,20230315,2,160
9512,13,900.3051612903225,7887.866451612903,0,0,False,1,20230315,2,160
9513,14,900.6003003003003,8428.206306306307,1,0,False,1,20230315,2,160
9514,15,900.0979381443299,8952.051546391753,1,1,False,1,20230315,2,160
9515,16,900.2429274292743,9488.59717097171,5,0,False,1,20230315,2,160
9516,17,901.4233621755252,10024.187268232386,2,1,False,1,20230315,2,160
9517,18,901.0743368291178,10560.657310302282,2,0,False,1,20230315,2,160
9518,19,900.5989802039592,11100.224655068989,0,0,False,1,20230315,2,160
9519,20,899.7005141388174,11639.690231362469,1,0,False,1,20230315,2,160
9520,21,901.428306551298,12176.889369592089,0,0,False,1,20230315,2,160
9521,22,900.3805031446541,12707.771698113207,4,0,False,1,20230315,2,160
9522,23,900.3564231738035,13236.502518891688,2,0,False,1,20230315,2,160
9523,24,899.9824120603015,13772.14824120603,2,1,False,1,20230315,2,160
9524,25,900.1607818411097,14308.690416141237,4,1,False,1,20230315,2,160
9525,26,899.896238244514,14851.685579937304,0,0,False,1,20230315,2,160
9526,27,899.9824120603015,15380.14824120603,0,0,False,1,20230315,2,160
9527,28,899.7795830778664,15920.33629675046,0,0,False,1,20230315,2,160
9528,29,899.6909424724602,16463.68604651163,0,0,False,1,20230315,2,160
9529,30,899.6956112852664,16995.87617554859,4,2,False,1,20230315,2,160
9530,31,899.6055408970976,17531.594986807388,1,1,False,1,20230315,2,160
9531,32,899.5,18067.5,2,1,False,1,20230315,2,160
9532,33,899.5,18599.690231362467,1,1,False,1,20230315,2,160
9533,34,899.6002506265664,19139.404761904763,3,1,False,1,20230315,2,160
9534,35,900.1467065868263,19675.226946107785,2,0,False,1,20230315,2,160
9535,36,900.0925925925926,20211.5,2,0,False,1,20230315,2,160
9536,37,900.1842767295598,20754.86603773585,0,1,False,1,20230315,2,160
9537,38,903.89588688946,21283.309768637533,3,0,True,1,20230315,2,160
9538,39,1342.8345888261142,1199.9695543000628,2,1,True,1,20230315,2,160
9539,40,1343.293710691824,1728.4610062893082,0,0,False,1,20230315,2,160
9540,41,1343.1967699406723,2263.78740936058,1,1,False,1,20230315,2,160
9541,42,1343.2115987460816,2799.7884012539184,0,0,False,1,20230315,2,160
9542,43,1343.211959924859,3335.788040075141,0,1,False,1,20230315,2,160
9543,44,1343.5,3871.694993412385,0,0,False,1,20230315,2,160
9544,45,1343.5,4407.6952440550685,2,1,False,1,20230315,2,160
9545,46,1343.5,4943.5,1,1,False,1,20230315,2,160
9546,47,1343.5975609756097,5479.59756097561,2,0,False,1,20230315,2,160
9547,48,1343.5951768488746,6011.788102893891,0,0,False,1,20230315,2,160
9548,49,1343.7790697674418,6544.357322438717,1,0,False,1,20230315,2,160
9549,50,1343.7002567394095,7083.5,1,0,False,1,20230315,2,160
9550,51,1344.0771643663738,7623.5,2,0,False,1,20230315,2,160
9551,52,1343.7884012539184,8151.788401253919,0,0,False,1,20230315,2,160
9552,53,1343.705533596838,8695.5,0,0,False,1,20230315,2,160
9553,54,1343.6953727506427,9219.885604113111,2,1,False,1,20230315,2,160
9554,55,1343.89588688946,9755.690231362469,1,2,False,1,20230315,2,160
9555,56,1343.399935856318,10291.597498396408,2,1,False,1,20230315,2,160
9556,57,1344.0824742268042,10828.067010309278,2,1,False,1,20230315,2,160
9557,58,1344.4319899244333,11374.568010075567,1,0,False,1,20230315,2,160
9558,59,1343.8859649122808,11903.690476190475,0,0,False,1,20230315,2,160
9559,60,1343.89588688946,12443.309768637531,1,0,False,1,20230315,2,160
9560,61,1343.89588688946,12971.690231362469,2,1,False,1,20230315,2,160
9561,62,1343.690476190476,13503.88596491228,3,1,False,1,20230315,2,160
9562,63,1343.8859649122808,14039.690476190475,2,3,False,1,20230315,2,160
9563,64,1343.4044703000611,14579.402020820577,2,1,False,1,20230315,2,160
9564,65,1343.6953727506427,15115.885604113111,0,0,False,1,20230315,2,160
9565,66,1343.690476190476,15647.88596491228,2,0,False,1,20230315,2,160
9566,67,1343.7884012539184,16191.788401253918,0,0,False,1,20230315,2,160
9567,68,1343.399935856318,16731.402501603592,1,0,False,1,20230315,2,160
9568,69,1343.6865030674846,17267.308588957054,0,0,False,1,20230315,2,160
9569,70,1343.5955296999389,17795.98009797918,3,0,False,1,20230315,2,160
9570,71,1343.5975609756097,18335.40243902439,1,0,False,1,20230315,2,160
9571,72,1343.5,18867.88235294117,0,0,False,1,20230315,2,160
9572,73,1343.5,19403.5,3,1,False,1,20230315,2,160
9573,74,1343.89588688946,19947.309768637533,2,0,False,1,20230315,2,160
9574,75,1344.0539215686274,20482.93137254902,0,0,False,1,20230315,2,160
9575,76,1344.1825499034128,21019.03122987765,0,0,False,1,20230315,2,160
9576,77,1786.8558696988323,928.6923786109404,0,1,True,1,20230315,2,160
9577,78,1786.6937984496124,1464.37338501292,0,0,False,1,20230315,2,160
9578,79,1786.9313725490197,2000.053921568628,1,2,False,1,20230315,2,160
9579,80,1787.2038895859473,2531.781053952321,1,0,False,1,20230315,2,160
9580,81,1786.442065491184,3068.3110831234258,1,0,True,1,20230315,2,160
9581,82,1787.970300061237,3608.149112063688,6,6,True,1,20230315,2,160
9582,83,1787.5979791794243,4135.967850581751,0,0,False,1,20230315,2,160
9583,84,1787.2204169221336,4679.772225628449,1,1,False,1,20230315,2,160
9584,85,1787.029699938763,5208.149112063687,1,0,False,1,20230315,2,160
9585,86,1787.882149591452,5748.053111250786,1,0,False,1,20230315,2,160
9586,87,1787.9753476611884,6276.870417193426,0,0,False,1,20230315,2,160
9587,88,1788.0700245700243,6816.055282555282,0,0,False,1,20230315,2,160
9588,89,1788.0686274509803,7352.053921568628,0,0,False,1,20230315,2,160
9589,90,1787.9066924066924,7887.685328185328,1,0,False,1,20230315,2,160
9590,91,1788.4214157168567,8427.5,1,0,False,1,20230315,2,160
9591,92,1788.8411003236247,8951.057281553398,3,0,False,1,20230315,2,160
9592,93,1788.9590264941469,9488.74460874923,0,0,False,1,20230315,2,160
9593,94,1788.5325752919484,10024.31868469576,0,0,False,1,20230315,2,160
9594,95,1789.3282890673256,10560.925571340333,2,0,True,1,20230315,2,160
9595,96,1788.2420706163973,11099.868641532015,0,0,False,1,20230315,2,160
9596,97,1788.1082474226805,11639.5,2,3,False,1,20230315,2,160
9597,98,1788.8382533825338,12175.657441574416,0,0,False,1,20230315,2,160
9598,99,1788.3636363636365,13236.671717171715,4,1,False,1,20230315,2,160
9599,100,1788.083280955374,13772.053111250783,2,1,False,1,20230315,2,160
9600,101,1788.26214511041,14308.5952681388,2,4,False,1,20230315,2,160
9601,102,1788.0925925925926,14851.5,0,0,False,1,20230315,2,160
9602,103,1787.887665198238,15380.240088105727,0,0,False,1,20230315,2,160
9603,104,1787.8779141104294,15920.24110429448,1,1,False,1,20230315,2,160
9604,105,1787.7886850152904,16463.409480122325,0,0,False,1,20230315,2,160
9605,106,1787.795739348371,16995.780701754386,1,1,False,1,20230315,2,160
9606,107,1787.9177131526767,17531.68506278916,1,0,False,1,20230315,2,160
9607,108,1787.7003757044458,18067.5,2,1,False,1,20230315,2,160
9608,109,1787.6027617212587,18599.59505459217,0,0,False,1,20230315,2,160
9609,110,1787.896238244514,19139.314420062696,2,1,False,1,20230315,2,160
9610,111,1788.4214157168567,19675.5,1,1,False,1,20230315,2,160
9611,112,1788.0925925925926,20211.5,2,3,False,1,20230315,2,160
9612,113,1788.083280955374,20754.94688874921,1,1,False,1,20230315,2,160
9613,114,1788.294468887492,21283.5,1,1,True,1,20230315,2,160
9614,115,1791.89588688946,12707.309768637531,0,0,False,1,20230315,2,160
9615,116,2231.304755944931,1199.5,0,0,False,1,20230315,2,160
9616,117,2231.6907151819323,1727.8764115432873,1,0,False,1,20230315,2,160
9617,118,2231.5,2263.5,0,0,False,1,20230315,2,160
9618,119,2231.5,2799.5,1,1,True,1,20230315,2,160
9619,120,2231.5,3335.5,2,0,True,1,20230315,2,160
9620,121,2231.5,3871.5,0,0,False,1,20230315,2,160
9621,122,2231.695244055069,4407.5,2,0,False,1,20230315,2,160
9622,123,2231.5,4943.5,2,0,False,1,20230315,2,160
9623,124,2231.5,5479.5,2,0,False,1,20230315,2,160
9624,125,2231.6000641436817,6011.402501603592,1,1,False,1,20230315,2,160
9625,126,2231.690476190476,6543.8859649122805,1,0,False,1,20230315,2,160
9626,127,2231.89588688946,7083.690231362468,1,0,False,1,20230315,2,160
9627,128,2232.077164366374,7623.5,0,2,False,1,20230315,2,160
9628,129,2231.8859649122805,8151.690476190476,0,0,False,1,20230315,2,160
9629,130,2232.1076618229854,8695.5,0,0,False,1,20230315,2,160
9630,131,2231.79543994862,9219.787732819525,0,0,False,1,20230315,2,160
9631,132,2232.182549903413,9755.968770122345,1,2,False,1,20230315,2,160
9632,133,2232.182549903413,10291.968770122345,0,0,False,1,20230315,2,160
9633,134,2232.082474226804,10828.067010309278,1,0,True,1,20230315,2,160
9634,135,2231.6902377972465,11375.304755944931,1,0,False,1,20230315,2,160
9635,136,2232.165411173886,11903.969554300063,2,0,False,1,20230315,2,160
9636,137,2231.7002567394097,12443.5,0,0,False,1,20230315,2,160
9637,138,2232.0817245817248,12972.06628056628,0,0,False,1,20230315,2,160
9638,139,2232.3332284455632,13504.529578351165,0,0,False,1,20230315,2,160
9639,140,2232.3332284455632,14040.529578351165,2,0,False,1,20230315,2,160
9640,141,2232.241104294478,14579.87791411043,2,1,False,1,20230315,2,160
9641,142,2232.0817245817248,15116.06628056628,2,1,False,1,20230315,2,160
9642,143,2231.9695543000626,15648.165411173886,0,0,False,1,20230315,2,160
9643,144,2231.8859649122805,16191.690476190475,0,0,False,1,20230315,2,160
9644,145,2231.7002567394097,16731.5,0,0,False,1,20230315,2,160
9645,146,2232.241104294478,17267.681595092025,6,0,False,1,20230315,2,160
9646,147,2232.053921568628,17796.06862745098,2,1,False,1,20230315,2,160
9647,148,2231.8859649122805,18335.69047619048,0,0,False,1,20230315,2,160
9648,149,2232.33629675046,18867.220416922133,0,0,False,1,20230315,2,160
9649,150,2231.79543994862,19403.787732819525,4,1,False,1,20230315,2,160
9650,151,2231.89588688946,19947.309768637533,1,0,False,1,20230315,2,160
9651,152,2232.33629675046,20483.220416922133,4,0,False,1,20230315,2,160
9652,153,2231.89588688946,21019.309768637533,1,1,False,1,20230315,2,160
9653,154,2674.93137254902,928.0539215686274,1,1,False,1,20230315,2,160
9654,155,2677.859493670886,1462.4012658227848,2,0,False,1,20230315,2,160
9655,156,2675.406919779547,1999.776791181874,0,0,False,1,20230315,2,160
9656,157,2674.90666247643,2531.489943431804,0,0,False,1,20230315,2,160
9657,158,2675.1173694147265,3068.04877281309,2,1,False,1,20230315,2,160
9658,159,2674.6416309012875,3607.7722256284487,0,0,False,1,20230315,2,160
9659,160,2678.221252257676,4135.150812763395,2,1,False,1,20230315,2,160
9660,161,2679.5,4679.5,3,2,True,1,20230315,2,160
9661,162,2678.2738452309536,5208.111877624475,1,1,False,1,20230315,2,160
9662,163,2679.5,5747.5,1,0,False,1,20230315,2,160
9663,164,2680.4987699877,6275.849323493235,1,0,False,1,20230315,2,160
9664,165,2679.882775119617,6815.5,1,1,False,1,20230315,2,160
9665,166,2680.2616766467067,7351.859281437126,1,1,False,1,20230315,2,160
9666,167,2680.236225087925,8427.317116060962,0,1,False,1,20230315,2,160
9667,168,2679.907035175879,8951.680904522613,1,0,False,1,20230315,2,160
9668,169,2679.211389385808,9487.774299344066,0,0,False,1,20230315,2,160
9669,170,2680.0693779904304,10024.04066985646,0,0,False,1,20230315,2,160
9670,171,2681.5253470126736,10560.709414604707,2,1,False,1,20230315,2,160
9671,172,2680.147574517826,11099.766510812393,5,1,False,1,20230315,2,160
9672,173,2680.1638705811865,12175.766027561414,1,2,False,1,20230315,2,160
9673,174,2680.093137254902,12707.5,1,1,False,1,20230315,2,160
9674,175,2680.0840490797545,13236.039877300613,1,0,False,1,20230315,2,160
9675,176,2679.796024464832,13771.774006116208,0,1,False,1,20230315,2,160
9676,177,2680.459409594096,14308.385608856088,2,0,False,1,20230315,2,160
9677,178,2679.896572827417,14851.681150550796,0,2,False,1,20230315,2,160
9678,179,2680.0840490797545,15380.039877300613,1,2,False,1,20230315,2,160
9679,180,2680.0693779904304,15920.04066985646,2,1,False,1,20230315,2,160
9680,181,2679.980573819486,16463.406754333533,2,0,False,1,20230315,2,160
9681,182,2679.896572827417,16995.681150550794,1,0,False,1,20230315,2,160
9682,183,2679.605602060528,17531.592723760463,0,0,False,1,20230315,2,160
9683,184,2679.9935543278084,18067.58348680172,3,2,False,1,20230315,2,160
9684,185,2679.80923947203,18599.42206159648,1,0,False,1,20230315,2,160
9685,186,2680.1876155268023,19139.214109673445,1,0,False,1,20230315,2,160
9686,187,2680.4227166276346,19675.5,1,2,False,1,20230315,2,160
9687,188,2679.700488997555,20211.5,0,0,False,1,20230315,2,160
9688,189,2679.7963870177587,20755.22565829761,2,0,False,1,20230315,2,160
9689,190,2680.093137254902,21283.5,2,0,True,1,20230315,2,160
9690,191,2683.602761721259,7887.595054592164,1,1,False,1,20230315,2,160
9691,192,2683.9025806451614,11639.5,0,0,False,1,20230315,2,160
9692,193,3130.359950859951,1199.5,1,0,False,1,20230315,2,160
9693,194,3125.668888888889,1728.9653968253967,2,0,True,1,20230315,2,160
9694,195,3131.397238278741,2263.5950545921646,1,0,False,1,20230315,2,160
9695,196,3127.2105097545627,2799.7794210195093,0,0,False,1,20230315,2,160
9696,197,3129.775092936803,3336.6995043370507,2,3,False,1,20230315,2,160
9697,198,3131.397238278741,3871.5950545921646,0,0,False,1,20230315,2,160
9698,199,3130.726600985221,4406.869458128079,2,0,False,1,20230315,2,160
9699,200,3130.9945196647323,4943.595422308188,2,1,True,1,20230315,2,160
9700,201,3131.402260232132,5479.404703726329,1,0,False,1,20230315,2,160
9701,202,3131.203889585948,6011.781053952322,0,0,False,1,20230315,2,160
9702,203,3131.1220858895704,6544.241104294479,0,0,False,1,20230315,2,160
9703,204,3131.6001251564458,7083.595118898624,1,0,False,1,20230315,2,160
9704,205,3131.5,7623.127450980392,1,1,False,1,20230315,2,160
9705,206,3131.5,8151.872549019607,0,0,False,1,20230315,2,160
9706,207,3131.5,8695.309768637531,0,0,False,1,20230315,2,160
9707,208,3131.6956112852663,9219.876175548588,0,0,False,1,20230315,2,160
9708,209,3131.7961104140527,9755.781053952322,0,0,False,1,20230315,2,160
9709,210,3131.7961104140527,10291.781053952322,0,0,False,1,20230315,2,160
9710,211,3131.5,10828.06246076585,0,0,False,1,20230315,2,160
9711,212,3131.779926335175,11374.854205033764,2,0,False,1,20230315,2,160
9712,213,3131.6909424724604,11903.686046511628,3,2,False,1,20230315,2,160
9713,214,3131.6002506265663,12443.40476190476,2,3,False,1,20230315,2,160
9714,215,3131.7961104140527,12971.781053952322,1,0,False,1,20230315,2,160
9715,216,3131.7795830778664,13504.33629675046,1,1,False,1,20230315,2,160
9716,217,3131.7795830778664,14040.33629675046,2,2,False,1,20230315,2,160
9717,218,3131.960431654676,14579.960431654676,2,0,False,1,20230315,2,160
9718,219,3131.6956112852663,15115.876175548588,0,0,False,1,20230315,2,160
9719,220,3131.5,15648.063035495716,1,0,True,1,20230315,2,160
9720,221,3131.8823529411766,16191.5,1,1,False,1,20230315,2,160
9721,222,3131.5,16731.30964308078,0,1,False,1,20230315,2,160
9722,223,3131.6862686567165,17267.313731343285,0,0,False,1,20230315,2,160
9723,224,3131.313953488372,17795.68604651163,0,1,True,1,20230315,2,160
9724,225,3131.6909424724604,18335.31395348837,1,0,False,1,20230315,2,160
9725,226,3131.68671454219,18867.68671454219,3,1,False,1,20230315,2,160
9726,227,3131.700375704446,19403.5,2,0,False,1,20230315,2,160
9727,228,3131.5,19947.5,0,0,False,1,20230315,2,160
9728,229,3131.782634730539,20482.661676646705,1,0,False,1,20230315,2,160
9729,230,3131.7961104140527,21019.21894604768,0,1,False,1,20230315,2,160
9730,231,3570.6416309012875,927.7722256284488,0,0,False,1,20230315,2,160
9731,232,3571.5,1463.5,2,0,False,1,20230315,2,160
9732,233,3569.9433497536947,2000.5147783251232,2,1,True,1,20230315,2,160
9733,234,3571.3043887147337,2531.1238244514107,0,0,False,1,20230315,2,160
9734,235,3571.8962382445143,3067.6855799373043,1,1,False,1,20230315,2,160
9735,236,3571.5,3607.309523809524,0,0,False,1,20230315,2,160
9736,237,3571.597620500305,4135.595179987798,1,0,False,1,20230315,2,160
9737,238,3571.5,4679.5,0,0,False,1,20230315,2,160
9738,239,3571.88630806846,5207.6858190709045,1,2,False,1,20230315,2,160
9739,240,3571.7961104140527,5747.590338770389,0,0,False,1,20230315,2,160
9740,241,3571.8962382445143,6275.314420062696,0,0,False,1,20230315,2,160
9741,242,3571.69536019536,6815.5,0,1,False,1,20230315,2,160
9742,243,3572.166258420086,7351.041947336191,0,1,False,1,20230315,2,160
9743,244,3571.7056555269924,7887.5,1,0,False,1,20230315,2,160
9744,245,3572.5167865707435,8427.404076738609,1,0,False,1,20230315,2,160
9745,246,3571.9066924066924,8951.685328185327,0,0,False,1,20230315,2,160
9746,247,3572.260736196319,9487.86809815951,1,0,False,1,20230315,2,160
9747,248,3572.260736196319,10023.86809815951,3,1,False,1,20230315,2,160
9748,249,3572.0686274509803,10560.053921568628,0,0,False,1,20230315,2,160
9749,250,3574.511180124224,11097.66645962733,2,2,False,1,20230315,2,160
9750,251,3572.00998068255,11639.404700579524,1,0,False,1,20230315,2,160
9751,252,3572.3583690987125,12175.227774371551,2,2,False,1,20230315,2,160
9752,253,3572.0925925925926,12707.5,2,1,False,1,20230315,2,160
9753,254,3572.0825486503454,13236.052416823602,1,1,False,1,20230315,2,160
9754,255,3571.8962382445143,13771.685579937304,0,0,False,1,20230315,2,160
9755,256,3572.183417085427,14307.957286432162,0,0,False,1,20230315,2,160
9756,257,3571.700375704446,14851.5,1,0,False,1,20230315,2,160
9757,258,3572.183417085427,15379.957286432162,0,0,False,1,20230315,2,160
9758,259,3572.3583690987125,15919.772225628449,1,0,True,1,20230315,2,160
9759,260,3571.88630806846,16463.314180929094,0,0,False,1,20230315,2,160
9760,261,3572.0925925925926,16995.5,1,0,False,1,20230315,2,160
9761,262,3571.6055408970974,17531.594986807388,1,1,False,1,20230315,2,160
9762,263,3571.6001251564458,18067.40488110137,2,1,True,1,20230315,2,160
9763,264,3571.602761721259,18599.59505459217,2,5,False,1,20230315,2,160
9764,265,3572.0925925925926,19139.5,3,0,False,1,20230315,2,160
9765,266,3572.5167865707435,19675.59592326139,2,2,False,1,20230315,2,160
9766,267,3572.0925925925926,20211.5,0,0,False,1,20230315,2,160
9767,268,3572.183417085427,20755.04271356784,1,101,True,1,20230315,2,160
9768,269,3572.0925925925926,21283.5,0,1,True,1,20230315,2,160
9769,270,4023.1235884567127,1199.1135508155585,0,0,False,1,20230315,2,160
9770,271,4023.4024390243903,1727.5975609756097,0,0,False,1,20230315,2,160
9771,272,4023.5,2263.5,1,0,False,1,20230315,2,160
9772,273,4023.5,2799.304755944931,0,0,False,1,20230315,2,160
9773,274,4023.22057898049,3335.7794210195093,0,0,True,1,20230315,2,160
9774,275,4023.6026991441736,3871.597432521396,0,0,False,1,20230315,2,160
9775,276,4023.6911949685536,4407.308805031446,0,0,False,1,20230315,2,160
9776,277,4023.3973008558255,4943.597432521396,1,0,False,1,20230315,2,160
9777,278,4023.690476190476,5479.11403508772,0,0,False,1,20230315,2,160
9778,279,4023.6000641436817,6011.597498396408,0,0,False,1,20230315,2,160
9779,280,4023.690476190476,6543.8859649122805,0,0,False,1,20230315,2,160
9780,281,4023.7002567394097,7083.5,1,0,False,1,20230315,2,160
9781,282,4023.7884012539184,7623.211598746081,6,6,False,1,20230315,2,160
9782,283,4023.885964912281,8151.690476190476,0,1,False,1,20230315,2,160
9783,284,4023.6026991441736,8695.402567478604,2,0,False,1,20230315,2,160
9784,285,4023.7954399486193,9219.787732819525,0,2,False,1,20230315,2,160
9785,286,4023.89588688946,9755.690231362469,0,0,False,1,20230315,2,160
9786,287,4023.89588688946,10291.690231362469,2,1,False,1,20230315,2,160
9787,288,4023.6953727506425,10827.885604113111,1,0,False,1,20230315,2,160
9788,289,4023.7884012539184,11375.211598746082,2,3,False,1,20230315,2,160
9789,290,4023.885964912281,11903.690476190475,0,1,False,1,20230315,2,160
9790,291,4023.7002567394097,12443.5,1,1,False,1,20230315,2,160
9791,292,4023.7954399486193,12971.787732819525,1,1,False,1,20230315,2,160
9792,293,4023.969554300063,13504.165411173886,0,0,False,1,20230315,2,160
9793,294,4023.885964912281,14039.690476190475,3,1,False,1,20230315,2,160
9794,295,4023.87652811736,14579.690709046456,0,0,False,1,20230315,2,160
9795,296,4023.7954399486193,15115.787732819525,0,1,False,1,20230315,2,160
9796,297,4023.5975609756097,15647.40243902439,1,0,False,1,20230315,2,160
9797,298,4023.5,16191.5,0,1,False,1,20230315,2,160
9798,299,4023.6000641436817,16731.402501603592,0,1,False,1,20230315,2,160
9799,300,4023.4048200122015,17267.402379499694,0,0,False,1,20230315,2,160
9800,301,4024.053921568628,17796.06862745098,2,0,False,1,20230315,2,160
9801,302,4023.695244055069,18335.5,0,1,False,1,20230315,2,160
9802,303,4023.5,18867.5,0,0,False,1,20230315,2,160
9803,304,4023.6000641436817,19403.597498396408,1,0,True,1,20230315,2,160
9804,305,4023.89588688946,19947.309768637533,1,0,True,1,20230315,2,160
9805,306,4023.314180929096,20483.11369193154,2,0,False,1,20230315,2,160
9806,307,4023.6000641436817,21019.402501603592,1,0,True,1,20230315,2,160
9807,308,4467.308588957055,927.6865030674846,0,0,False,1,20230315,2,160
9808,309,4467.6027617212585,1463.5950545921644,0,0,False,1,20230315,2,160
9809,310,4467.69094247246,1999.686046511628,0,0,False,1,20230315,2,160
9810,311,4467.5,2531.5,1,0,False,1,20230315,2,160
9811,312,4467.103264281231,3067.133396107972,1,1,True,1,20230315,2,160
9812,313,4467.597620500305,3607.5951799877976,0,1,False,1,20230315,2,160
9813,314,4468.0700245700245,4135.490171990172,2,1,False,1,20230315,2,160
9814,315,4467.790461538461,4678.6704615384615,1,1,False,1,20230315,2,160
9815,316,4467.220416922134,5207.772225628449,1,0,False,1,20230315,2,160
9816,317,4467.600250626567,5747.4047619047615,0,0,False,1,20230315,2,160
9817,318,4467.695611285267,6275.876175548589,2,1,False,1,20230315,2,160
9818,319,4468.067931456549,6814.9467564259485,0,0,False,1,20230315,2,160
9819,320,4467.69094247246,7351.686046511628,0,0,False,1,20230315,2,160
9820,321,4467.705655526992,7887.5,0,0,False,1,20230315,2,160
9821,322,4467.9604316546765,8427.039568345324,3,1,False,1,20230315,2,160
9822,323,4467.803536977492,8951.78038585209,0,1,False,1,20230315,2,160
9823,324,4467.779926335175,9488.145794966236,0,0,False,1,20230315,2,160
9824,325,4467.970876762723,10023.958614347026,0,0,False,1,20230315,2,160
9825,326,4467.779926335175,10560.145794966236,0,0,False,1,20230315,2,160
9826,327,4467.773709483794,11099.773709483794,3,2,False,1,20230315,2,160
9827,328,4467.705655526992,11639.5,0,0,False,1,20230315,2,160
9828,329,4467.691411042945,12175.313496932517,1,0,False,1,20230315,2,160
9829,330,4467.992462311558,12707.404522613066,0,0,False,1,20230315,2,160
9830,331,4467.982412060302,13236.14824120603,0,0,False,1,20230315,2,160
9831,332,4467.695611285267,13771.876175548588,0,0,False,1,20230315,2,160
9832,333,4467.78679245283,14308.335220125786,0,0,False,1,20230315,2,160
9833,334,4467.700375704446,14851.5,0,1,False,1,20230315,2,160
9834,335,4467.695611285267,15379.876175548588,0,0,False,1,20230315,2,160
9835,336,4467.69094247246,15919.686046511628,1,0,False,1,20230315,2,160
9836,337,4467.597979179424,16463.03214941825,1,2,False,1,20230315,2,160
9837,338,4467.796110414053,16995.590338770387,0,0,False,1,20230315,2,160
9838,339,4467.812169312169,17531.589947089946,0,0,False,1,20230315,2,160
9839,340,4467.304143126177,18067.314187068423,1,1,False,1,20230315,2,160
9840,341,4467.6027617212585,18599.59505459217,0,1,False,1,20230315,2,160
9841,342,4467.992462311558,19139.59547738693,2,2,False,1,20230315,2,160
9842,343,4467.9604316546765,19675.586330935253,2,0,False,1,20230315,2,160
9843,344,4467.992462311558,20211.404522613066,2,2,False,1,20230315,2,160
9844,345,4467.695611285267,20755.87617554859,0,0,False,1,20230315,2,160
9845,346,4467.600250626567,21283.404761904763,1,0,True,1,20230315,2,160
9846,347,4910.279048765804,1198.8762793497892,0,0,False,1,20230315,2,160
9847,348,4909.975961538462,1726.3557692307693,1,1,False,1,20230315,2,160
9848,349,4911.294228356336,2263.5,0,0,False,1,20230315,2,160
9849,350,4910.738323353294,2799.859281437126,0,1,False,1,20230315,2,160
9850,351,4910.551497005988,3335.32754491018,1,0,False,1,20230315,2,160
9851,352,4911.092964824121,3871.680904522613,2,1,False,1,20230315,2,160
9852,353,4911.308383233533,4407.317964071856,0,0,False,1,20230315,2,160
9853,354,4911.298994974874,4943.133165829146,2,0,False,1,20230315,2,160
9854,355,4911.308841099164,5479.318399044206,3,1,False,1,20230315,2,160
9855,356,4911.696078431372,6011.318627450981,1,0,False,1,20230315,2,160
9856,357,4911.308383233533,6543.682035928144,5,2,False,1,20230315,2,160
9857,358,4911.796387017759,7083.225658297612,0,0,False,1,20230315,2,160
9858,359,4912.070743405276,7622.958033573142,1,0,False,1,20230315,2,160
9859,360,4911.5,8151.5,1,0,False,1,20230315,2,160
9860,361,4911.5,8694.951572327043,0,0,False,1,20230315,2,160
9861,362,4911.696078431372,9219.68137254902,0,0,False,1,20230315,2,160
9862,363,4911.69656019656,9755.681818181818,0,0,False,1,20230315,2,160
9863,364,4911.5,10291.863190184047,2,1,False,1,20230315,2,160
9864,365,4911.5,10827.863190184047,1,0,False,1,20230315,2,160
9865,366,4911.5,11374.602040816326,6,1,False,1,20230315,2,160
9866,367,4911.780407429598,11902.869682444578,0,1,False,1,20230315,2,160
9867,368,4911.600551808707,12443.043838136113,2,1,False,1,20230315,2,160
9868,369,4911.696078431372,12971.68137254902,1,0,False,1,20230315,2,160
9869,370,4911.780407429598,13504.130317555422,3,2,False,1,20230315,2,160
9870,371,4911.780407429598,14040.130317555422,0,0,False,1,20230315,2,160
9871,372,4911.774165202109,14579.232864674868,4,1,False,1,20230315,2,160
9872,373,4911.696078431372,15115.68137254902,1,1,False,1,20230315,2,160
9873,374,4911.780407429598,15648.130317555422,1,0,False,1,20230315,2,160
9874,375,4911.5,16191.136363636364,0,0,False,1,20230315,2,160
9875,376,4911.5,16731.5,0,0,False,1,20230315,2,160
9876,377,4911.869158878505,17266.77570093458,1,0,False,1,20230315,2,160
9877,378,4911.877182770663,17795.681606519207,0,0,False,1,20230315,2,160
9878,379,4912.261676646706,18335.32754491018,0,0,False,1,20230315,2,160
9879,380,4912.056725146199,18867.49064327485,1,1,False,1,20230315,2,160
9880,381,4911.696078431372,19403.68137254902,0,1,False,1,20230315,2,160
9881,382,4911.796387017759,19947.22565829761,0,0,False,1,20230315,2,160
9882,383,4911.961088355763,20483.050614394386,1,0,False,1,20230315,2,160
9883,384,4911.888206388207,21018.77764127764,1,0,False,1,20230315,2,160
9884,385,5354.359950859951,927.5,1,0,False,1,20230315,2,160
9885,386,5355.3972382787415,1463.4049454078356,0,0,False,1,20230315,2,160
9886,387,5354.355036855037,1999.8341523341523,1,0,False,1,20230315,2,160
9887,388,5355.103761755486,2531.314420062696,2,0,True,1,20230315,2,160
9888,389,5355.299624295554,3067.5,0,0,False,1,20230315,2,160
9889,390,5355.5,3607.309523809524,1,0,False,1,20230315,2,160
9890,391,5355.5,4135.5,0,0,False,1,20230315,2,160
9891,392,5355.87791411043,4678.758895705521,0,0,False,1,20230315,2,160
9892,393,5355.69094247246,5207.313953488372,0,0,False,1,20230315,2,160
9893,394,5355.695611285267,5747.123824451411,2,1,False,1,20230315,2,160
9894,395,5355.600250626567,6275.4047619047615,1,1,False,1,20230315,2,160
9895,396,5355.5,6815.1274509803925,0,0,False,1,20230315,2,160
9896,397,5355.597739767868,7351.404703726329,1,1,False,1,20230315,2,160
9897,398,5355.6027617212585,7887.404945407836,0,0,False,1,20230315,2,160
9898,399,5355.868641532017,8426.757929383602,3,2,False,1,20230315,2,160
9899,400,5355.6027617212585,8951.595054592164,1,0,False,1,20230315,2,160
9900,401,5355.69094247246,9487.686046511628,1,0,False,1,20230315,2,160
9901,402,5355.882352941177,10023.5,0,0,False,1,20230315,2,160
9902,403,5355.788685015291,10559.781345565749,2,1,False,1,20230315,2,160
9903,404,5355.87298266587,11099.5,2,0,False,1,20230315,2,160
9904,405,5355.803536977492,11639.21961414791,0,0,False,1,20230315,2,160
9905,406,5355.788685015291,12175.218654434251,1,1,False,1,20230315,2,160
9906,407,5355.796110414053,12707.218946047678,0,0,False,1,20230315,2,160
9907,408,5355.896238244514,13235.685579937304,0,0,False,1,20230315,2,160
9908,409,5355.700375704446,13771.5,0,1,False,1,20230315,2,160
9909,410,5355.796110414053,14307.781053952322,0,0,False,1,20230315,2,160
9910,411,5355.600125156446,14851.404881101376,1,1,False,1,20230315,2,160
9911,412,5355.700375704446,15379.5,0,0,False,1,20230315,2,160
9912,413,5355.88630806846,15919.685819070904,2,0,False,1,20230315,2,160
9913,414,5355.5,16462.936964504283,0,0,False,1,20230315,2,160
9914,415,5355.896238244514,16995.314420062696,1,1,False,1,20230315,2,160
9915,416,5355.917713152677,17531.31493721084,1,1,False,1,20230315,2,160
9916,417,5355.795739348371,18067.21929824561,1,0,False,1,20230315,2,160
9917,418,5355.6027617212585,18599.59505459217,3,1,False,1,20230315,2,160
9918,419,5355.700375704446,19139.5,1,2,False,1,20230315,2,160
9919,420,5355.968339307049,19675.40442054958,1,0,False,1,20230315,2,160
9920,421,5355.600125156446,20211.40488110137,1,0,False,1,20230315,2,160
9921,422,5355.795739348371,20755.21929824561,0,0,False,1,20230315,2,160
9922,423,5355.700375704446,21283.5,0,0,True,1,20230315,2,160
9923,424,5806.541916167665,1199.3179640718563,1,0,False,1,20230315,2,160
9924,425,5806.328331332533,1727.2454981992796,0,1,False,1,20230315,2,160
9925,426,5806.901257861635,2262.9616352201256,1,0,False,1,20230315,2,160
9926,427,5807.019426180514,2799.4067543335327,0,0,False,1,20230315,2,160
9927,428,5807.204504504504,3335.262162162162,0,0,False,1,20230315,2,160
9928,429,5807.705771643664,3871.5,0,1,False,1,20230315,2,160
9929,430,5807.308383233533,4407.317964071856,2,1,False,1,20230315,2,160
9930,431,5807.397049591965,4943.407093534212,2,0,False,1,20230315,2,160
9931,432,5807.5,5479.136363636364,0,1,False,1,20230315,2,160
9932,433,5807.5,6011.5,1,0,False,1,20230315,2,160
9933,434,5807.317964071856,6544.223353293413,3,2,False,1,20230315,2,160
9934,435,5807.303921568628,7083.318627450981,1,1,False,1,20230315,2,160
9935,436,5807.5,7623.136363636364,0,0,False,1,20230315,2,160
9936,437,5807.5,8151.5,1,0,False,1,20230315,2,160
9937,438,5807.5,8694.951572327043,1,2,False,1,20230315,2,160
9938,439,5807.399448191293,9219.956161863887,1,0,False,1,20230315,2,160
9939,440,5807.303921568628,9755.68137254902,2,3,False,1,20230315,2,160
9940,441,5807.5,10291.863190184047,0,0,False,1,20230315,2,160
9941,442,5807.5,10827.863190184047,1,0,False,1,20230315,2,160
9942,443,5807.5,11374.602040816326,0,0,False,1,20230315,2,160
9943,444,5807.691616766467,11903.317964071855,0,0,False,1,20230315,2,160
9944,445,5807.600551808707,12443.043838136113,0,0,False,1,20230315,2,160
9945,446,5807.696078431372,12971.68137254902,0,0,False,1,20230315,2,160
9946,447,5807.5,13503.863636363636,3,0,False,1,20230315,2,160
9947,448,5807.780407429598,14040.130317555422,1,0,False,1,20230315,2,160
9948,449,5807.5,14579.5,0,0,False,1,20230315,2,160
9949,450,5807.5,15115.5,1,0,False,1,20230315,2,160
9950,451,5807.308383233533,15647.682035928145,1,1,False,1,20230315,2,160
9951,452,5807.219592570402,16190.869682444578,1,1,False,1,20230315,2,160
9952,453,5807.203975535168,16731.225993883792,2,1,False,1,20230315,2,160
9953,454,5808.315897136177,17266.518118059616,1,1,False,1,20230315,2,160
9954,455,5807.5,17795.5,1,0,False,1,20230315,2,160
9955,456,5807.598027495517,18335.04333532576,4,2,False,1,20230315,2,160
9956,457,5807.686915887851,18867.317757009347,2,2,False,1,20230315,2,160
9957,458,5807.399694189602,19403.59296636085,3,1,False,1,20230315,2,160
9958,459,5807.600551808707,19947.04383813612,4,0,False,1,20230315,2,160
9959,460,5807.322429906542,20482.59813084112,5,1,False,1,20230315,2,160
9960,461,5807.600551808707,21019.04383813612,0,0,False,1,20230315,2,160
9961,462,6248.491920447483,929.41671845867,1,0,True,1,20230315,2,160
9962,463,6250.684516129032,1463.5,1,1,False,1,20230315,2,160
9963,464,6250.062461538461,1999.2710769230769,1,1,False,1,20230315,2,160
9964,465,6246.90797940798,2531.5,0,0,False,1,20230315,2,160
9965,466,6251.103761755486,3067.6855799373043,0,2,False,1,20230315,2,160
9966,467,6251.402379499695,3607.4048200122015,0,0,False,1,20230315,2,160
9967,468,6251.30905752754,4135.686046511628,0,0,False,1,20230315,2,160
9968,469,6251.788685015291,4679.21865443425,0,1,False,1,20230315,2,160
9969,470,6251.882352941177,5207.5,3,1,False,1,20230315,2,160
9970,471,6251.600250626567,5747.4047619047615,1,1,False,1,20230315,2,160
9971,472,6251.600250626567,6275.595238095239,0,1,False,1,20230315,2,160
9972,473,6251.5,6815.1274509803925,1,0,False,1,20230315,2,160
9973,474,6251.5,7351.5,3,0,False,1,20230315,2,160
9974,475,6251.6027617212585,7887.404945407836,3,4,False,1,20230315,2,160
9975,476,6251.773053892216,8426.853293413174,2,1,False,1,20230315,2,160
9976,477,6251.5,8951.690231362469,1,2,False,1,20230315,2,160
9977,478,6251.5,9487.872549019608,0,0,False,1,20230315,2,160
9978,479,6251.5,10023.872549019608,1,0,False,1,20230315,2,160
9979,480,6251.69094247246,10559.686046511628,2,1,False,1,20230315,2,160
9980,481,6251.87298266587,11099.5,1,0,False,1,20230315,2,160
9981,482,6251.6027617212585,11639.404945407836,1,1,False,1,20230315,2,160
9982,483,6251.597979179424,12175.032149418248,1,0,False,1,20230315,2,160
9983,484,6251.796110414053,12707.218946047678,0,0,False,1,20230315,2,160
9984,485,6251.896238244514,13235.685579937304,0,0,False,1,20230315,2,160
9985,486,6251.600125156446,13771.595118898624,3,0,False,1,20230315,2,160
9986,487,6251.795739348371,14307.780701754386,1,1,False,1,20230315,2,160
9987,488,6251.5,14851.309643080776,1,1,False,1,20230315,2,160
9988,489,6251.600250626567,15379.40476190476,1,1,False,1,20230315,2,160
9989,490,6251.5,15919.5,0,0,False,1,20230315,2,160
9990,491,6251.5,16462.389434889436,0,1,False,1,20230315,2,160
9991,492,6251.5,16995.30964308078,2,0,False,1,20230315,2,160
9992,493,6251.605540897098,17531.405013192612,0,0,False,1,20230315,2,160
9993,494,6251.5,18066.93753923415,1,0,False,1,20230315,2,160
9994,495,6251.5,18599.5,2,1,False,1,20230315,2,160
9995,496,6251.5,19139.30964308078,1,1,False,1,20230315,2,160
9996,497,6251.5,19675.12701733413,0,0,False,1,20230315,2,160
9997,498,6251.5,20211.30964308078,0,1,False,1,20230315,2,160
9998,499,6251.399874843554,20755.40488110137,0,0,False,1,20230315,2,160
9999,500,6251.600250626567,21283.404761904763,1,0,True,1,20230315,2,160
10000,1,899.004835589942,1464.1473243068988,0,0,True,1,20230315,2,200
10001,2,898.7570725707257,2000.5971709717096,1,0,False,1,20230315,2,200
10002,3,899.2132075471698,2532.3352201257862,0,0,False,1,20230315,2,200
10003,4,899.2132075471698,3068.3352201257862,2,0,False,1,20230315,2,200
10004,5,899.4020208205757,3607.967850581752,1,0,False,1,20230315,2,200
10005,6,899.2204169221336,4136.33629675046,0,0,False,1,20230315,2,200
10006,7,899.4020208205757,4679.967850581751,0,0,False,1,20230315,2,200
10007,8,899.7795830778664,5208.33629675046,1,0,False,1,20230315,2,200
10008,9,899.6956112852664,5747.876175548589,2,0,False,1,20230315,2,200
10009,10,899.204260651629,6275.7807017543855,0,0,False,1,20230315,2,200
10010,11,899.8779141104294,6816.241104294479,0,0,False,1,20230315,2,200
10011,12,900.0686274509804,7352.053921568628,2,0,False,1,20230315,2,200
10012,13,900.3051612903225,7887.866451612903,2,0,False,1,20230315,2,200
10013,14,900.6003003003003,8428.206306306307,2,0,False,1,20230315,2,200
10014,15,900.0979381443299,8952.051546391753,1,0,False,1,20230315,2,200
10015,16,900.2429274292743,9488.59717097171,2,0,False,1,20230315,2,200
10016,17,901.4233621755252,10024.187268232386,1,0,False,1,20230315,2,200
10017,18,901.0743368291178,10560.657310302282,3,0,False,1,20230315,2,200
10018,19,900.5989802039592,11100.224655068989,0,0,False,1,20230315,2,200
10019,20,899.7005141388174,11639.690231362469,0,0,False,1,20230315,2,200
10020,21,901.428306551298,12176.889369592089,2,0,False,1,20230315,2,200
10021,22,900.3805031446541,12707.771698113207,0,0,False,1,20230315,2,200
10022,23,900.3564231738035,13236.502518891688,2,0,False,1,20230315,2,200
10023,24,899.9824120603015,13772.14824120603,0,0,False,1,20230315,2,200
10024,25,900.1607818411097,14308.690416141237,2,0,False,1,20230315,2,200
10025,26,899.896238244514,14851.685579937304,1,0,False,1,20230315,2,200
10026,27,899.9824120603015,15380.14824120603,1,0,False,1,20230315,2,200
10027,28,899.7795830778664,15920.33629675046,0,0,False,1,20230315,2,200
10028,29,899.6909424724602,16463.68604651163,0,0,False,1,20230315,2,200
10029,30,899.6956112852664,16995.87617554859,3,0,False,1,20230315,2,200
10030,31,899.6055408970976,17531.594986807388,1,0,False,1,20230315,2,200
10031,32,899.5,18067.5,0,0,False,1,20230315,2,200
10032,33,899.5,18599.690231362467,3,1,False,1,20230315,2,200
10033,34,899.6002506265664,19139.404761904763,0,0,False,1,20230315,2,200
10034,35,900.1467065868263,19675.226946107785,1,0,False,1,20230315,2,200
10035,36,900.0925925925926,20211.5,2,0,True,1,20230315,2,200
10036,37,900.1842767295598,20754.86603773585,5,0,False,1,20230315,2,200
10037,38,903.89588688946,21283.309768637533,1,0,True,1,20230315,2,200
10038,39,1342.8345888261142,1199.9695543000628,0,0,False,1,20230315,2,200
10039,40,1343.293710691824,1728.4610062893082,2,0,False,1,20230315,2,200
10040,41,1343.1967699406723,2263.78740936058,2,0,False,1,20230315,2,200
10041,42,1343.2115987460816,2799.7884012539184,1,0,False,1,20230315,2,200
10042,43,1343.211959924859,3335.788040075141,2,0,False,1,20230315,2,200
10043,44,1343.5,3871.694993412385,7,0,True,1,20230315,2,200
10044,45,1343.5,4407.6952440550685,2,0,False,1,20230315,2,200
10045,46,1343.5,4943.5,3,0,False,1,20230315,2,200
10046,47,1343.5975609756097,5479.59756097561,2,0,False,1,20230315,2,200
10047,48,1343.5951768488746,6011.788102893891,5,0,False,1,20230315,2,200
10048,49,1343.7790697674418,6544.357322438717,0,0,False,1,20230315,2,200
10049,50,1343.7002567394095,7083.5,1,0,False,1,20230315,2,200
10050,51,1344.0771643663738,7623.5,0,0,False,1,20230315,2,200
10051,52,1343.7884012539184,8151.788401253919,0,0,False,1,20230315,2,200
10052,53,1343.705533596838,8695.5,0,0,False,1,20230315,2,200
10053,54,1343.6953727506427,9219.885604113111,1,0,False,1,20230315,2,200
10054,55,1343.89588688946,9755.690231362469,2,0,False,1,20230315,2,200
10055,56,1343.399935856318,10291.597498396408,1,0,False,1,20230315,2,200
10056,57,1344.0824742268042,10828.067010309278,1,0,False,1,20230315,2,200
10057,58,1344.4319899244333,11374.568010075567,0,0,False,1,20230315,2,200
10058,59,1343.8859649122808,11903.690476190475,0,0,False,1,20230315,2,200
10059,60,1343.89588688946,12443.309768637531,0,0,False,1,20230315,2,200
10060,61,1343.89588688946,12971.690231362469,1,0,False,1,20230315,2,200
10061,62,1343.690476190476,13503.88596491228,1,0,False,1,20230315,2,200
10062,63,1343.8859649122808,14039.690476190475,0,0,False,1,20230315,2,200
10063,64,1343.4044703000611,14579.402020820577,0,0,False,1,20230315,2,200
10064,65,1343.6953727506427,15115.885604113111,0,0,False,1,20230315,2,200
10065,66,1343.690476190476,15647.88596491228,1,0,False,1,20230315,2,200
10066,67,1343.7884012539184,16191.788401253918,0,0,False,1,20230315,2,200
10067,68,1343.399935856318,16731.402501603592,1,0,False,1,20230315,2,200
10068,69,1343.6865030674846,17267.308588957054,6,0,False,1,20230315,2,200
10069,70,1343.5955296999389,17795.98009797918,0,0,False,1,20230315,2,200
10070,71,1343.5975609756097,18335.40243902439,2,0,False,1,20230315,2,200
10071,72,1343.5,18867.88235294117,3,1,False,1,20230315,2,200
10072,73,1343.5,19403.5,0,0,False,1,20230315,2,200
10073,74,1343.89588688946,19947.309768637533,1,0,False,1,20230315,2,200
10074,75,1344.0539215686274,20482.93137254902,1,0,True,1,20230315,2,200
10075,76,1344.1825499034128,21019.03122987765,1,0,False,1,20230315,2,200
10076,77,1786.8558696988323,928.6923786109404,1,0,False,1,20230315,2,200
10077,78,1786.6937984496124,1464.37338501292,3,0,False,1,20230315,2,200
10078,79,1786.9313725490197,2000.053921568628,2,0,False,1,20230315,2,200
10079,80,1787.2038895859473,2531.781053952321,3,0,False,1,20230315,2,200
10080,81,1786.442065491184,3068.3110831234258,1,0,False,1,20230315,2,200
10081,82,1787.970300061237,3608.149112063688,2,0,False,1,20230315,2,200
10082,83,1787.5979791794243,4135.967850581751,1,0,False,1,20230315,2,200
10083,84,1787.2204169221336,4679.772225628449,4,0,False,1,20230315,2,200
10084,85,1787.029699938763,5208.149112063687,2,0,False,1,20230315,2,200
10085,86,1787.882149591452,5748.053111250786,4,0,False,1,20230315,2,200
10086,87,1787.9753476611884,6276.870417193426,2,0,False,1,20230315,2,200
10087,88,1788.0700245700243,6816.055282555282,1,0,False,1,20230315,2,200
10088,89,1788.0686274509803,7352.053921568628,0,0,False,1,20230315,2,200
10089,90,1787.9066924066924,7887.685328185328,2,0,True,1,20230315,2,200
10090,91,1788.4214157168567,8427.5,1,0,False,1,20230315,2,200
10091,92,1788.8411003236247,8951.057281553398,2,0,False,1,20230315,2,200
10092,93,1788.9590264941469,9488.74460874923,0,0,False,1,20230315,2,200
10093,94,1788.5325752919484,10024.31868469576,2,0,False,1,20230315,2,200
10094,95,1789.3282890673256,10560.925571340333,0,0,False,1,20230315,2,200
10095,96,1788.2420706163973,11099.868641532015,2,0,False,1,20230315,2,200
10096,97,1788.1082474226805,11639.5,2,0,False,1,20230315,2,200
10097,98,1788.8382533825338,12175.657441574416,1,0,False,1,20230315,2,200
10098,99,1788.3636363636365,13236.671717171715,1,0,False,1,20230315,2,200
10099,100,1788.083280955374,13772.053111250783,0,0,False,1,20230315,2,200
10100,101,1788.26214511041,14308.5952681388,3,0,False,1,20230315,2,200
10101,102,1788.0925925925926,14851.5,0,0,False,1,20230315,2,200
10102,103,1787.887665198238,15380.240088105727,5,0,True,1,20230315,2,200
10103,104,1787.8779141104294,15920.24110429448,2,0,True,1,20230315,2,200
10104,105,1787.7886850152904,16463.409480122325,1,0,False,1,20230315,2,200
10105,106,1787.795739348371,16995.780701754386,0,0,False,1,20230315,2,200
10106,107,1787.9177131526767,17531.68506278916,2,1,False,1,20230315,2,200
10107,108,1787.7003757044458,18067.5,1,0,False,1,20230315,2,200
10108,109,1787.6027617212587,18599.59505459217,0,0,False,1,20230315,2,200
10109,110,1787.896238244514,19139.314420062696,2,0,False,1,20230315,2,200
10110,111,1788.4214157168567,19675.5,2,0,False,1,20230315,2,200
10111,112,1788.0925925925926,20211.5,0,0,False,1,20230315,2,200
10112,113,1788.083280955374,20754.94688874921,2,0,False,1,20230315,2,200
10113,114,1788.294468887492,21283.5,0,0,False,1,20230315,2,200
10114,115,1791.89588688946,12707.309768637531,1,0,False,1,20230315,2,200
10115,116,2231.304755944931,1199.5,0,0,False,1,20230315,2,200
10116,117,2231.6907151819323,1727.8764115432873,1,0,False,1,20230315,2,200
10117,118,2231.5,2263.5,2,0,False,1,20230315,2,200
10118,119,2231.5,2799.5,1,0,False,1,20230315,2,200
10119,120,2231.5,3335.5,6,0,False,1,20230315,2,200
10120,121,2231.5,3871.5,2,0,False,1,20230315,2,200
10121,122,2231.695244055069,4407.5,0,0,False,1,20230315,2,200
10122,123,2231.5,4943.5,5,0,False,1,20230315,2,200
10123,124,2231.5,5479.5,0,0,False,1,20230315,2,200
10124,125,2231.6000641436817,6011.402501603592,1,0,False,1,20230315,2,200
10125,126,2231.690476190476,6543.8859649122805,5,0,True,1,20230315,2,200
10126,127,2231.89588688946,7083.690231362468,1,0,False,1,20230315,2,200
10127,128,2232.077164366374,7623.5,2,0,False,1,20230315,2,200
10128,129,2231.8859649122805,8151.690476190476,0,0,False,1,20230315,2,200
10129,130,2232.1076618229854,8695.5,2,0,True,1,20230315,2,200
10130,131,2231.79543994862,9219.787732819525,0,0,False,1,20230315,2,200
10131,132,2232.182549903413,9755.968770122345,1,0,False,1,20230315,2,200
10132,133,2232.182549903413,10291.968770122345,0,0,False,1,20230315,2,200
10133,134,2232.082474226804,10828.067010309278,0,0,False,1,20230315,2,200
10134,135,2231.6902377972465,11375.304755944931,4,0,False,1,20230315,2,200
10135,136,2232.165411173886,11903.969554300063,2,0,False,1,20230315,2,200
10136,137,2231.7002567394097,12443.5,0,0,False,1,20230315,2,200
10137,138,2232.0817245817248,12972.06628056628,2,0,False,1,20230315,2,200
10138,139,2232.3332284455632,13504.529578351165,2,0,False,1,20230315,2,200
10139,140,2232.3332284455632,14040.529578351165,1,0,True,1,20230315,2,200
10140,141,2232.241104294478,14579.87791411043,2,0,False,1,20230315,2,200
10141,142,2232.0817245817248,15116.06628056628,3,0,False,1,20230315,2,200
10142,143,2231.9695543000626,15648.165411173886,1,0,False,1,20230315,2,200
10143,144,2231.8859649122805,16191.690476190475,0,0,False,1,20230315,2,200
10144,145,2231.7002567394097,16731.5,0,0,False,1,20230315,2,200
10145,146,2232.241104294478,17267.681595092025,2,0,False,1,20230315,2,200
10146,147,2232.053921568628,17796.06862745098,1,1,False,1,20230315,2,200
10147,148,2231.8859649122805,18335.69047619048,0,0,False,1,20230315,2,200
10148,149,2232.33629675046,18867.220416922133,0,0,False,1,20230315,2,200
10149,150,2231.79543994862,19403.787732819525,5,0,False,1,20230315,2,200
10150,151,2231.89588688946,19947.309768637533,2,2,True,1,20230315,2,200
10151,152,2232.33629675046,20483.220416922133,1,0,False,1,20230315,2,200
10152,153,2231.89588688946,21019.309768637533,2,1,False,1,20230315,2,200
10153,154,2674.93137254902,928.0539215686274,1,0,False,1,20230315,2,200
10154,155,2677.859493670886,1462.4012658227848,1,0,False,1,20230315,2,200
10155,156,2675.406919779547,1999.776791181874,0,0,False,1,20230315,2,200
10156,157,2674.90666247643,2531.489943431804,0,0,False,1,20230315,2,200
10157,158,2675.1173694147265,3068.04877281309,2,0,False,1,20230315,2,200
10158,159,2674.6416309012875,3607.7722256284487,4,0,False,1,20230315,2,200
10159,160,2678.221252257676,4135.150812763395,1,0,False,1,20230315,2,200
10160,161,2679.5,4679.5,0,0,False,1,20230315,2,200
10161,162,2678.2738452309536,5208.111877624475,1,0,False,1,20230315,2,200
10162,163,2679.5,5747.5,2,0,True,1,20230315,2,200
10163,164,2680.4987699877,6275.849323493235,2,0,True,1,20230315,2,200
10164,165,2679.882775119617,6815.5,0,0,False,1,20230315,2,200
10165,166,2680.2616766467067,7351.859281437126,0,0,False,1,20230315,2,200
10166,167,2680.236225087925,8427.317116060962,2,0,True,1,20230315,2,200
10167,168,2679.907035175879,8951.680904522613,3,0,False,1,20230315,2,200
10168,169,2679.211389385808,9487.774299344066,2,0,False,1,20230315,2,200
10169,170,2680.0693779904304,10024.04066985646,3,0,False,1,20230315,2,200
10170,171,2681.5253470126736,10560.709414604707,1,0,True,1,20230315,2,200
10171,172,2680.147574517826,11099.766510812393,0,0,False,1,20230315,2,200
10172,173,2680.1638705811865,12175.766027561414,2,0,False,1,20230315,2,200
10173,174,2680.093137254902,12707.5,0,0,False,1,20230315,2,200
10174,175,2680.0840490797545,13236.039877300613,1,0,False,1,20230315,2,200
10175,176,2679.796024464832,13771.774006116208,0,0,True,1,20230315,2,200
10176,177,2680.459409594096,14308.385608856088,0,0,False,1,20230315,2,200
10177,178,2679.896572827417,14851.681150550796,2,0,True,1,20230315,2,200
10178,179,2680.0840490797545,15380.039877300613,0,0,False,1,20230315,2,200
10179,180,2680.0693779904304,15920.04066985646,6,0,False,1,20230315,2,200
10180,181,2679.980573819486,16463.406754333533,4,0,False,1,20230315,2,200
10181,182,2679.896572827417,16995.681150550794,3,0,True,1,20230315,2,200
10182,183,2679.605602060528,17531.592723760463,0,0,False,1,20230315,2,200
10183,184,2679.9935543278084,18067.58348680172,1,0,False,1,20230315,2,200
10184,185,2679.80923947203,18599.42206159648,2,0,False,1,20230315,2,200
10185,186,2680.1876155268023,19139.214109673445,2,0,False,1,20230315,2,200
10186,187,2680.4227166276346,19675.5,33,8,True,1,20230315,2,200
10187,188,2679.700488997555,20211.5,3,0,True,1,20230315,2,200
10188,189,2679.7963870177587,20755.22565829761,0,0,False,1,20230315,2,200
10189,190,2680.093137254902,21283.5,2,0,False,1,20230315,2,200
10190,191,2683.602761721259,7887.595054592164,0,0,False,1,20230315,2,200
10191,192,2683.9025806451614,11639.5,1,0,True,1,20230315,2,200
10192,193,3130.359950859951,1199.5,2,0,False,1,20230315,2,200
10193,194,3125.668888888889,1728.9653968253967,4,0,True,1,20230315,2,200
10194,195,3131.397238278741,2263.5950545921646,3,0,True,1,20230315,2,200
10195,196,3127.2105097545627,2799.7794210195093,1,0,False,1,20230315,2,200
10196,197,3129.775092936803,3336.6995043370507,1,0,False,1,20230315,2,200
10197,198,3131.397238278741,3871.5950545921646,1,0,False,1,20230315,2,200
10198,199,3130.726600985221,4406.869458128079,0,0,False,1,20230315,2,200
10199,200,3130.9945196647323,4943.595422308188,0,0,False,1,20230315,2,200
10200,201,3131.402260232132,5479.404703726329,2,0,False,1,20230315,2,200
10201,202,3131.203889585948,6011.781053952322,1,1,False,1,20230315,2,200
10202,203,3131.1220858895704,6544.241104294479,0,0,False,1,20230315,2,200
10203,204,3131.6001251564458,7083.595118898624,5,0,False,1,20230315,2,200
10204,205,3131.5,7623.127450980392,2,0,False,1,20230315,2,200
10205,206,3131.5,8151.872549019607,1,0,False,1,20230315,2,200
10206,207,3131.5,8695.309768637531,1,0,False,1,20230315,2,200
10207,208,3131.6956112852663,9219.876175548588,2,0,False,1,20230315,2,200
10208,209,3131.7961104140527,9755.781053952322,1,0,False,1,20230315,2,200
10209,210,3131.7961104140527,10291.781053952322,6,0,False,1,20230315,2,200
10210,211,3131.5,10828.06246076585,2,0,False,1,20230315,2,200
10211,212,3131.779926335175,11374.854205033764,1,0,True,1,20230315,2,200
10212,213,3131.6909424724604,11903.686046511628,0,0,False,1,20230315,2,200
10213,214,3131.6002506265663,12443.40476190476,0,0,False,1,20230315,2,200
10214,215,3131.7961104140527,12971.781053952322,1,0,False,1,20230315,2,200
10215,216,3131.7795830778664,13504.33629675046,1,0,False,1,20230315,2,200
10216,217,3131.7795830778664,14040.33629675046,1,0,False,1,20230315,2,200
10217,218,3131.960431654676,14579.960431654676,0,1,False,1,20230315,2,200
10218,219,3131.6956112852663,15115.876175548588,1,0,False,1,20230315,2,200
10219,220,3131.5,15648.063035495716,2,0,False,1,20230315,2,200
10220,221,3131.8823529411766,16191.5,0,0,False,1,20230315,2,200
10221,222,3131.5,16731.30964308078,0,0,False,1,20230315,2,200
10222,223,3131.6862686567165,17267.313731343285,1,0,False,1,20230315,2,200
10223,224,3131.313953488372,17795.68604651163,0,0,False,1,20230315,2,200
10224,225,3131.6909424724604,18335.31395348837,3,2,False,1,20230315,2,200
10225,226,3131.68671454219,18867.68671454219,4,0,True,1,20230315,2,200
10226,227,3131.700375704446,19403.5,1,0,True,1,20230315,2,200
10227,228,3131.5,19947.5,3,0,True,1,20230315,2,200
10228,229,3131.782634730539,20482.661676646705,1,0,True,1,20230315,2,200
10229,230,3131.7961104140527,21019.21894604768,1,0,True,1,20230315,2,200
10230,231,3570.6416309012875,927.7722256284488,0,0,False,1,20230315,2,200
10231,232,3571.5,1463.5,1,0,False,1,20230315,2,200
10232,233,3569.9433497536947,2000.5147783251232,1,0,False,1,20230315,2,200
10233,234,3571.3043887147337,2531.1238244514107,1,0,False,1,20230315,2,200
10234,235,3571.8962382445143,3067.6855799373043,1,0,False,1,20230315,2,200
10235,236,3571.5,3607.309523809524,1,0,False,1,20230315,2,200
10236,237,3571.597620500305,4135.595179987798,2,0,False,1,20230315,2,200
10237,238,3571.5,4679.5,5,0,False,1,20230315,2,200
10238,239,3571.88630806846,5207.6858190709045,1,0,False,1,20230315,2,200
10239,240,3571.7961104140527,5747.590338770389,1,0,False,1,20230315,2,200
10240,241,3571.8962382445143,6275.314420062696,1,0,False,1,20230315,2,200
10241,242,3571.69536019536,6815.5,1,0,False,1,20230315,2,200
10242,243,3572.166258420086,7351.041947336191,1,0,False,1,20230315,2,200
10243,244,3571.7056555269924,7887.5,0,0,False,1,20230315,2,200
10244,245,3572.5167865707435,8427.404076738609,1,0,False,1,20230315,2,200
10245,246,3571.9066924066924,8951.685328185327,2,0,False,1,20230315,2,200
10246,247,3572.260736196319,9487.86809815951,0,0,False,1,20230315,2,200
10247,248,3572.260736196319,10023.86809815951,2,0,False,1,20230315,2,200
10248,249,3572.0686274509803,10560.053921568628,1,0,False,1,20230315,2,200
10249,250,3574.511180124224,11097.66645962733,1,0,False,1,20230315,2,200
10250,251,3572.00998068255,11639.404700579524,0,0,False,1,20230315,2,200
10251,252,3572.3583690987125,12175.227774371551,0,0,False,1,20230315,2,200
10252,253,3572.0925925925926,12707.5,2,0,False,1,20230315,2,200
10253,254,3572.0825486503454,13236.052416823602,1,0,False,1,20230315,2,200
10254,255,3571.8962382445143,13771.685579937304,2,0,True,1,20230315,2,200
10255,256,3572.183417085427,14307.957286432162,0,0,False,1,20230315,2,200
10256,257,3571.700375704446,14851.5,2,0,False,1,20230315,2,200
10257,258,3572.183417085427,15379.957286432162,2,0,False,1,20230315,2,200
10258,259,3572.3583690987125,15919.772225628449,1,0,False,1,20230315,2,200
10259,260,3571.88630806846,16463.314180929094,1,0,False,1,20230315,2,200
10260,261,3572.0925925925926,16995.5,0,0,False,1,20230315,2,200
10261,262,3571.6055408970974,17531.594986807388,0,0,False,1,20230315,2,200
10262,263,3571.6001251564458,18067.40488110137,1,0,False,1,20230315,2,200
10263,264,3571.602761721259,18599.59505459217,1,1,False,1,20230315,2,200
10264,265,3572.0925925925926,19139.5,1,0,False,1,20230315,2,200
10265,266,3572.5167865707435,19675.59592326139,2,1,False,1,20230315,2,200
10266,267,3572.0925925925926,20211.5,0,0,False,1,20230315,2,200
10267,268,3572.183417085427,20755.04271356784,1,0,True,1,20230315,2,200
10268,269,3572.0925925925926,21283.5,3,0,True,1,20230315,2,200
10269,270,4023.1235884567127,1199.1135508155585,3,0,False,1,20230315,2,200
10270,271,4023.4024390243903,1727.5975609756097,3,0,False,1,20230315,2,200
10271,272,4023.5,2263.5,0,1,False,1,20230315,2,200
10272,273,4023.5,2799.304755944931,2,0,False,1,20230315,2,200
10273,274,4023.22057898049,3335.7794210195093,0,0,False,1,20230315,2,200
10274,275,4023.6026991441736,3871.597432521396,1,0,False,1,20230315,2,200
10275,276,4023.6911949685536,4407.308805031446,0,0,False,1,20230315,2,200
10276,277,4023.3973008558255,4943.597432521396,1,0,False,1,20230315,2,200
10277,278,4023.690476190476,5479.11403508772,4,0,False,1,20230315,2,200
10278,279,4023.6000641436817,6011.597498396408,2,0,False,1,20230315,2,200
10279,280,4023.690476190476,6543.8859649122805,1,0,False,1,20230315,2,200
10280,281,4023.7002567394097,7083.5,0,0,False,1,20230315,2,200
10281,282,4023.7884012539184,7623.211598746081,1,0,False,1,20230315,2,200
10282,283,4023.885964912281,8151.690476190476,0,0,False,1,20230315,2,200
10283,284,4023.6026991441736,8695.402567478604,0,1,False,1,20230315,2,200
10284,285,4023.7954399486193,9219.787732819525,1,1,False,1,20230315,2,200
10285,286,4023.89588688946,9755.690231362469,2,1,False,1,20230315,2,200
10286,287,4023.89588688946,10291.690231362469,0,0,False,1,20230315,2,200
10287,288,4023.6953727506425,10827.885604113111,0,0,False,1,20230315,2,200
10288,289,4023.7884012539184,11375.211598746082,0,0,False,1,20230315,2,200
10289,290,4023.885964912281,11903.690476190475,0,0,False,1,20230315,2,200
10290,291,4023.7002567394097,12443.5,0,0,False,1,20230315,2,200
10291,292,4023.7954399486193,12971.787732819525,0,0,False,1,20230315,2,200
10292,293,4023.969554300063,13504.165411173886,2,0,False,1,20230315,2,200
10293,294,4023.885964912281,14039.690476190475,0,0,False,1,20230315,2,200
10294,295,4023.87652811736,14579.690709046456,2,0,False,1,20230315,2,200
10295,296,4023.7954399486193,15115.787732819525,0,0,False,1,20230315,2,200
10296,297,4023.5975609756097,15647.40243902439,5,2,False,1,20230315,2,200
10297,298,4023.5,16191.5,0,0,False,1,20230315,2,200
10298,299,4023.6000641436817,16731.402501603592,1,0,False,1,20230315,2,200
10299,300,4023.4048200122015,17267.402379499694,0,0,False,1,20230315,2,200
10300,301,4024.053921568628,17796.06862745098,0,1,False,1,20230315,2,200
10301,302,4023.695244055069,18335.5,0,0,False,1,20230315,2,200
10302,303,4023.5,18867.5,1,0,False,1,20230315,2,200
10303,304,4023.6000641436817,19403.597498396408,2,0,False,1,20230315,2,200
10304,305,4023.89588688946,19947.309768637533,1,0,False,1,20230315,2,200
10305,306,4023.314180929096,20483.11369193154,3,3,False,1,20230315,2,200
10306,307,4023.6000641436817,21019.402501603592,0,0,False,1,20230315,2,200
10307,308,4467.308588957055,927.6865030674846,1,1,False,1,20230315,2,200
10308,309,4467.6027617212585,1463.5950545921644,1,0,False,1,20230315,2,200
10309,310,4467.69094247246,1999.686046511628,1,2,False,1,20230315,2,200
10310,311,4467.5,2531.5,2,0,False,1,20230315,2,200
10311,312,4467.103264281231,3067.133396107972,0,0,False,1,20230315,2,200
10312,313,4467.597620500305,3607.5951799877976,1,0,False,1,20230315,2,200
10313,314,4468.0700245700245,4135.490171990172,0,0,False,1,20230315,2,200
10314,315,4467.790461538461,4678.6704615384615,3,0,True,1,20230315,2,200
10315,316,4467.220416922134,5207.772225628449,0,0,True,1,20230315,2,200
10316,317,4467.600250626567,5747.4047619047615,1,0,False,1,20230315,2,200
10317,318,4467.695611285267,6275.876175548589,0,0,False,1,20230315,2,200
10318,319,4468.067931456549,6814.9467564259485,2,1,False,1,20230315,2,200
10319,320,4467.69094247246,7351.686046511628,1,1,False,1,20230315,2,200
10320,321,4467.705655526992,7887.5,1,0,False,1,20230315,2,200
10321,322,4467.9604316546765,8427.039568345324,1,1,False,1,20230315,2,200
10322,323,4467.803536977492,8951.78038585209,1,1,False,1,20230315,2,200
10323,324,4467.779926335175,9488.145794966236,0,0,False,1,20230315,2,200
10324,325,4467.970876762723,10023.958614347026,0,0,False,1,20230315,2,200
10325,326,4467.779926335175,10560.145794966236,1,0,False,1,20230315,2,200
10326,327,4467.773709483794,11099.773709483794,1,1,False,1,20230315,2,200
10327,328,4467.705655526992,11639.5,0,0,False,1,20230315,2,200
10328,329,4467.691411042945,12175.313496932517,0,0,False,1,20230315,2,200
10329,330,4467.992462311558,12707.404522613066,1,0,False,1,20230315,2,200
10330,331,4467.982412060302,13236.14824120603,1,0,False,1,20230315,2,200
10331,332,4467.695611285267,13771.876175548588,1,0,False,1,20230315,2,200
10332,333,4467.78679245283,14308.335220125786,0,0,False,1,20230315,2,200
10333,334,4467.700375704446,14851.5,0,0,False,1,20230315,2,200
10334,335,4467.695611285267,15379.876175548588,1,0,True,1,20230315,2,200
10335,336,4467.69094247246,15919.686046511628,0,0,True,1,20230315,2,200
10336,337,4467.597979179424,16463.03214941825,4,2,False,1,20230315,2,200
10337,338,4467.796110414053,16995.590338770387,0,0,False,1,20230315,2,200
10338,339,4467.812169312169,17531.589947089946,0,0,False,1,20230315,2,200
10339,340,4467.304143126177,18067.314187068423,2,0,True,1,20230315,2,200
10340,341,4467.6027617212585,18599.59505459217,0,0,False,1,20230315,2,200
10341,342,4467.992462311558,19139.59547738693,1,0,False,1,20230315,2,200
10342,343,4467.9604316546765,19675.586330935253,0,0,False,1,20230315,2,200
10343,344,4467.992462311558,20211.404522613066,0,0,False,1,20230315,2,200
10344,345,4467.695611285267,20755.87617554859,4,2,False,1,20230315,2,200
10345,346,4467.600250626567,21283.404761904763,0,0,False,1,20230315,2,200
10346,347,4910.279048765804,1198.8762793497892,1,1,False,1,20230315,2,200
10347,348,4909.975961538462,1726.3557692307693,2,0,False,1,20230315,2,200
10348,349,4911.294228356336,2263.5,2,1,False,1,20230315,2,200
10349,350,4910.738323353294,2799.859281437126,1,1,False,1,20230315,2,200
10350,351,4910.551497005988,3335.32754491018,1,1,False,1,20230315,2,200
10351,352,4911.092964824121,3871.680904522613,1,0,False,1,20230315,2,200
10352,353,4911.308383233533,4407.317964071856,0,0,False,1,20230315,2,200
10353,354,4911.298994974874,4943.133165829146,2,1,True,1,20230315,2,200
10354,355,4911.308841099164,5479.318399044206,0,1,False,1,20230315,2,200
10355,356,4911.696078431372,6011.318627450981,1,1,False,1,20230315,2,200
10356,357,4911.308383233533,6543.682035928144,0,0,False,1,20230315,2,200
10357,358,4911.796387017759,7083.225658297612,0,0,False,1,20230315,2,200
10358,359,4912.070743405276,7622.958033573142,0,1,False,1,20230315,2,200
10359,360,4911.5,8151.5,2,0,False,1,20230315,2,200
10360,361,4911.5,8694.951572327043,1,1,False,1,20230315,2,200
10361,362,4911.696078431372,9219.68137254902,1,0,True,1,20230315,2,200
10362,363,4911.69656019656,9755.681818181818,5,3,False,1,20230315,2,200
10363,364,4911.5,10291.863190184047,0,0,False,1,20230315,2,200
10364,365,4911.5,10827.863190184047,0,0,False,1,20230315,2,200
10365,366,4911.5,11374.602040816326,0,0,False,1,20230315,2,200
10366,367,4911.780407429598,11902.869682444578,2,0,False,1,20230315,2,200
10367,368,4911.600551808707,12443.043838136113,1,0,False,1,20230315,2,200
10368,369,4911.696078431372,12971.68137254902,0,0,False,1,20230315,2,200
10369,370,4911.780407429598,13504.130317555422,2,0,True,1,20230315,2,200
10370,371,4911.780407429598,14040.130317555422,0,0,True,1,20230315,2,200
10371,372,4911.774165202109,14579.232864674868,3,0,False,1,20230315,2,200
10372,373,4911.696078431372,15115.68137254902,2,2,False,1,20230315,2,200
10373,374,4911.780407429598,15648.130317555422,2,0,True,1,20230315,2,200
10374,375,4911.5,16191.136363636364,2,1,False,1,20230315,2,200
10375,376,4911.5,16731.5,2,0,False,1,20230315,2,200
10376,377,4911.869158878505,17266.77570093458,2,1,False,1,20230315,2,200
10377,378,4911.877182770663,17795.681606519207,0,0,True,1,20230315,2,200
10378,379,4912.261676646706,18335.32754491018,1,0,True,1,20230315,2,200
10379,380,4912.056725146199,18867.49064327485,2,2,False,1,20230315,2,200
10380,381,4911.696078431372,19403.68137254902,1,1,False,1,20230315,2,200
10381,382,4911.796387017759,19947.22565829761,1,0,False,1,20230315,2,200
10382,383,4911.961088355763,20483.050614394386,2,0,False,1,20230315,2,200
10383,384,4911.888206388207,21018.77764127764,3,0,False,1,20230315,2,200
10384,385,5354.359950859951,927.5,0,0,True,1,20230315,2,200
10385,386,5355.3972382787415,1463.4049454078356,2,0,True,1,20230315,2,200
10386,387,5354.355036855037,1999.8341523341523,0,1,True,1,20230315,2,200
10387,388,5355.103761755486,2531.314420062696,0,0,False,1,20230315,2,200
10388,389,5355.299624295554,3067.5,1,1,False,1,20230315,2,200
10389,390,5355.5,3607.309523809524,2,1,False,1,20230315,2,200
10390,391,5355.5,4135.5,1,1,False,1,20230315,2,200
10391,392,5355.87791411043,4678.758895705521,0,0,False,1,20230315,2,200
10392,393,5355.69094247246,5207.313953488372,1,0,False,1,20230315,2,200
10393,394,5355.695611285267,5747.123824451411,0,0,False,1,20230315,2,200
10394,395,5355.600250626567,6275.4047619047615,2,0,False,1,20230315,2,200
10395,396,5355.5,6815.1274509803925,2,1,False,1,20230315,2,200
10396,397,5355.597739767868,7351.404703726329,1,0,False,1,20230315,2,200
10397,398,5355.6027617212585,7887.404945407836,2,1,False,1,20230315,2,200
10398,399,5355.868641532017,8426.757929383602,3,1,False,1,20230315,2,200
10399,400,5355.6027617212585,8951.595054592164,0,0,False,1,20230315,2,200
10400,401,5355.69094247246,9487.686046511628,1,0,False,1,20230315,2,200
10401,402,5355.882352941177,10023.5,0,0,False,1,20230315,2,200
10402,403,5355.788685015291,10559.781345565749,2,0,True,1,20230315,2,200
10403,404,5355.87298266587,11099.5,1,0,True,1,20230315,2,200
10404,405,5355.803536977492,11639.21961414791,0,0,False,1,20230315,2,200
10405,406,5355.788685015291,12175.218654434251,2,0,False,1,20230315,2,200
10406,407,5355.796110414053,12707.218946047678,1,0,False,1,20230315,2,200
10407,408,5355.896238244514,13235.685579937304,2,0,False,1,20230315,2,200
10408,409,5355.700375704446,13771.5,1,0,False,1,20230315,2,200
10409,410,5355.796110414053,14307.781053952322,1,1,False,1,20230315,2,200
10410,411,5355.600125156446,14851.404881101376,0,0,False,1,20230315,2,200
10411,412,5355.700375704446,15379.5,2,2,False,1,20230315,2,200
10412,413,5355.88630806846,15919.685819070904,1,1,False,1,20230315,2,200
10413,414,5355.5,16462.936964504283,0,0,True,1,20230315,2,200
10414,415,5355.896238244514,16995.314420062696,0,0,False,1,20230315,2,200
10415,416,5355.917713152677,17531.31493721084,0,0,False,1,20230315,2,200
10416,417,5355.795739348371,18067.21929824561,1,1,False,1,20230315,2,200
10417,418,5355.6027617212585,18599.59505459217,1,0,False,1,20230315,2,200
10418,419,5355.700375704446,19139.5,1,0,False,1,20230315,2,200
10419,420,5355.968339307049,19675.40442054958,1,0,False,1,20230315,2,200
10420,421,5355.600125156446,20211.40488110137,3,0,False,1,20230315,2,200
10421,422,5355.795739348371,20755.21929824561,1,0,False,1,20230315,2,200
10422,423,5355.700375704446,21283.5,2,2,True,1,20230315,2,200
10423,424,5806.541916167665,1199.3179640718563,1,0,True,1,20230315,2,200
10424,425,5806.328331332533,1727.2454981992796,1,0,False,1,20230315,2,200
10425,426,5806.901257861635,2262.9616352201256,1,0,False,1,20230315,2,200
10426,427,5807.019426180514,2799.4067543335327,2,1,False,1,20230315,2,200
10427,428,5807.204504504504,3335.262162162162,3,1,False,1,20230315,2,200
10428,429,5807.705771643664,3871.5,1,0,False,1,20230315,2,200
10429,430,5807.308383233533,4407.317964071856,1,1,False,1,20230315,2,200
10430,431,5807.397049591965,4943.407093534212,0,0,False,1,20230315,2,200
10431,432,5807.5,5479.136363636364,1,1,False,1,20230315,2,200
10432,433,5807.5,6011.5,1,0,False,1,20230315,2,200
10433,434,5807.317964071856,6544.223353293413,1,0,False,1,20230315,2,200
10434,435,5807.303921568628,7083.318627450981,0,0,False,1,20230315,2,200
10435,436,5807.5,7623.136363636364,1,1,False,1,20230315,2,200
10436,437,5807.5,8151.5,1,0,False,1,20230315,2,200
10437,438,5807.5,8694.951572327043,2,1,False,1,20230315,2,200
10438,439,5807.399448191293,9219.956161863887,0,0,False,1,20230315,2,200
10439,440,5807.303921568628,9755.68137254902,1,0,False,1,20230315,2,200
10440,441,5807.5,10291.863190184047,0,0,False,1,20230315,2,200
10441,442,5807.5,10827.863190184047,5,0,False,1,20230315,2,200
10442,443,5807.5,11374.602040816326,2,1,False,1,20230315,2,200
10443,444,5807.691616766467,11903.317964071855,0,0,False,1,20230315,2,200
10444,445,5807.600551808707,12443.043838136113,1,0,False,1,20230315,2,200
10445,446,5807.696078431372,12971.68137254902,2,1,False,1,20230315,2,200
10446,447,5807.5,13503.863636363636,2,0,False,1,20230315,2,200
10447,448,5807.780407429598,14040.130317555422,1,1,True,1,20230315,2,200
10448,449,5807.5,14579.5,0,0,True,1,20230315,2,200
10449,450,5807.5,15115.5,2,0,False,1,20230315,2,200
10450,451,5807.308383233533,15647.682035928145,0,0,False,1,20230315,2,200
10451,452,5807.219592570402,16190.869682444578,6,2,True,1,20230315,2,200
10452,453,5807.203975535168,16731.225993883792,1,1,False,1,20230315,2,200
10453,454,5808.315897136177,17266.518118059616,0,0,False,1,20230315,2,200
10454,455,5807.5,17795.5,0,2,False,1,20230315,2,200
10455,456,5807.598027495517,18335.04333532576,1,0,False,1,20230315,2,200
10456,457,5807.686915887851,18867.317757009347,2,0,False,1,20230315,2,200
10457,458,5807.399694189602,19403.59296636085,0,0,False,1,20230315,2,200
10458,459,5807.600551808707,19947.04383813612,1,1,False,1,20230315,2,200
10459,460,5807.322429906542,20482.59813084112,2,1,False,1,20230315,2,200
10460,461,5807.600551808707,21019.04383813612,0,0,False,1,20230315,2,200
10461,462,6248.491920447483,929.41671845867,2,2,True,1,20230315,2,200
10462,463,6250.684516129032,1463.5,4,1,True,1,20230315,2,200
10463,464,6250.062461538461,1999.2710769230769,0,0,True,1,20230315,2,200
10464,465,6246.90797940798,2531.5,1,0,False,1,20230315,2,200
10465,466,6251.103761755486,3067.6855799373043,0,1,False,1,20230315,2,200
10466,467,6251.402379499695,3607.4048200122015,2,1,False,1,20230315,2,200
10467,468,6251.30905752754,4135.686046511628,0,0,False,1,20230315,2,200
10468,469,6251.788685015291,4679.21865443425,0,1,False,1,20230315,2,200
10469,470,6251.882352941177,5207.5,2,1,False,1,20230315,2,200
10470,471,6251.600250626567,5747.4047619047615,3,2,False,1,20230315,2,200
10471,472,6251.600250626567,6275.595238095239,3,1,False,1,20230315,2,200
10472,473,6251.5,6815.1274509803925,2,2,False,1,20230315,2,200
10473,474,6251.5,7351.5,1,0,False,1,20230315,2,200
10474,475,6251.6027617212585,7887.404945407836,4,1,False,1,20230315,2,200
10475,476,6251.773053892216,8426.853293413174,3,0,False,1,20230315,2,200
10476,477,6251.5,8951.690231362469,0,0,False,1,20230315,2,200
10477,478,6251.5,9487.872549019608,0,0,False,1,20230315,2,200
10478,479,6251.5,10023.872549019608,3,0,False,1,20230315,2,200
10479,480,6251.69094247246,10559.686046511628,0,0,False,1,20230315,2,200
10480,481,6251.87298266587,11099.5,0,0,False,1,20230315,2,200
10481,482,6251.6027617212585,11639.404945407836,0,0,False,1,20230315,2,200
10482,483,6251.597979179424,12175.032149418248,0,0,False,1,20230315,2,200
10483,484,6251.796110414053,12707.218946047678,0,0,False,1,20230315,2,200
10484,485,6251.896238244514,13235.685579937304,1,0,False,1,20230315,2,200
10485,486,6251.600125156446,13771.595118898624,4,1,False,1,20230315,2,200
10486,487,6251.795739348371,14307.780701754386,1,0,False,1,20230315,2,200
10487,488,6251.5,14851.309643080776,0,0,False,1,20230315,2,200
10488,489,6251.600250626567,15379.40476190476,2,0,False,1,20230315,2,200
10489,490,6251.5,15919.5,1,1,False,1,20230315,2,200
10490,491,6251.5,16462.389434889436,1,1,False,1,20230315,2,200
10491,492,6251.5,16995.30964308078,3,0,False,1,20230315,2,200
10492,493,6251.605540897098,17531.405013192612,2,0,False,1,20230315,2,200
10493,494,6251.5,18066.93753923415,2,1,False,1,20230315,2,200
10494,495,6251.5,18599.5,1,1,False,1,20230315,2,200
10495,496,6251.5,19139.30964308078,2,1,False,1,20230315,2,200
10496,497,6251.5,19675.12701733413,1,0,True,1,20230315,2,200
10497,498,6251.5,20211.30964308078,2,1,True,1,20230315,2,200
10498,499,6251.399874843554,20755.40488110137,3,1,True,1,20230315,2,200
10499,500,6251.600250626567,21283.404761904763,2,1,True,1,20230315,2,200
10500,1,899.004835589942,1464.1473243068988,0,0,True,1,20230315,2,250
10501,2,898.7570725707257,2000.5971709717096,2,0,False,1,20230315,2,250
10502,3,899.2132075471698,2532.3352201257862,1,0,False,1,20230315,2,250
10503,4,899.2132075471698,3068.3352201257862,0,0,False,1,20230315,2,250
10504,5,899.4020208205757,3607.967850581752,0,1,False,1,20230315,2,250
10505,6,899.2204169221336,4136.33629675046,1,0,True,1,20230315,2,250
10506,7,899.4020208205757,4679.967850581751,2,0,False,1,20230315,2,250
10507,8,899.7795830778664,5208.33629675046,0,0,False,1,20230315,2,250
10508,9,899.6956112852664,5747.876175548589,0,0,False,1,20230315,2,250
10509,10,899.204260651629,6275.7807017543855,2,0,False,1,20230315,2,250
10510,11,899.8779141104294,6816.241104294479,3,0,False,1,20230315,2,250
10511,12,900.0686274509804,7352.053921568628,0,0,False,1,20230315,2,250
10512,13,900.3051612903225,7887.866451612903,1,0,False,1,20230315,2,250
10513,14,900.6003003003003,8428.206306306307,1,0,False,1,20230315,2,250
10514,15,900.0979381443299,8952.051546391753,0,0,False,1,20230315,2,250
10515,16,900.2429274292743,9488.59717097171,2,0,False,1,20230315,2,250
10516,17,901.4233621755252,10024.187268232386,2,0,False,1,20230315,2,250
10517,18,901.0743368291178,10560.657310302282,1,0,False,1,20230315,2,250
10518,19,900.5989802039592,11100.224655068989,0,0,False,1,20230315,2,250
10519,20,899.7005141388174,11639.690231362469,2,0,False,1,20230315,2,250
10520,21,901.428306551298,12176.889369592089,5,0,False,1,20230315,2,250
10521,22,900.3805031446541,12707.771698113207,1,0,False,1,20230315,2,250
10522,23,900.3564231738035,13236.502518891688,1,0,False,1,20230315,2,250
10523,24,899.9824120603015,13772.14824120603,3,0,False,1,20230315,2,250
10524,25,900.1607818411097,14308.690416141237,1,0,False,1,20230315,2,250
10525,26,899.896238244514,14851.685579937304,1,0,False,1,20230315,2,250
10526,27,899.9824120603015,15380.14824120603,1,0,False,1,20230315,2,250
10527,28,899.7795830778664,15920.33629675046,2,0,False,1,20230315,2,250
10528,29,899.6909424724602,16463.68604651163,1,0,False,1,20230315,2,250
10529,30,899.6956112852664,16995.87617554859,1,0,False,1,20230315,2,250
10530,31,899.6055408970976,17531.594986807388,1,0,False,1,20230315,2,250
10531,32,899.5,18067.5,1,0,False,1,20230315,2,250
10532,33,899.5,18599.690231362467,2,0,False,1,20230315,2,250
10533,34,899.6002506265664,19139.404761904763,2,0,False,1,20230315,2,250
10534,35,900.1467065868263,19675.226946107785,4,0,False,1,20230315,2,250
10535,36,900.0925925925926,20211.5,1,0,True,1,20230315,2,250
10536,37,900.1842767295598,20754.86603773585,2,1,False,1,20230315,2,250
10537,38,903.89588688946,21283.309768637533,4,0,True,1,20230315,2,250
10538,39,1342.8345888261142,1199.9695543000628,0,0,True,1,20230315,2,250
10539,40,1343.293710691824,1728.4610062893082,1,0,False,1,20230315,2,250
10540,41,1343.1967699406723,2263.78740936058,0,0,False,1,20230315,2,250
10541,42,1343.2115987460816,2799.7884012539184,0,0,False,1,20230315,2,250
10542,43,1343.211959924859,3335.788040075141,0,1,False,1,20230315,2,250
10543,44,1343.5,3871.694993412385,0,0,False,1,20230315,2,250
10544,45,1343.5,4407.6952440550685,1,0,True,1,20230315,2,250
10545,46,1343.5,4943.5,1,0,False,1,20230315,2,250
10546,47,1343.5975609756097,5479.59756097561,1,0,False,1,20230315,2,250
10547,48,1343.5951768488746,6011.788102893891,0,0,False,1,20230315,2,250
10548,49,1343.7790697674418,6544.357322438717,1,0,False,1,20230315,2,250
10549,50,1343.7002567394095,7083.5,0,0,False,1,20230315,2,250
10550,51,1344.0771643663738,7623.5,0,0,False,1,20230315,2,250
10551,52,1343.7884012539184,8151.788401253919,0,0,False,1,20230315,2,250
10552,53,1343.705533596838,8695.5,1,0,False,1,20230315,2,250
10553,54,1343.6953727506427,9219.885604113111,0,0,False,1,20230315,2,250
10554,55,1343.89588688946,9755.690231362469,2,0,False,1,20230315,2,250
10555,56,1343.399935856318,10291.597498396408,4,1,False,1,20230315,2,250
10556,57,1344.0824742268042,10828.067010309278,2,0,True,1,20230315,2,250
10557,58,1344.4319899244333,11374.568010075567,0,0,False,1,20230315,2,250
10558,59,1343.8859649122808,11903.690476190475,1,0,False,1,20230315,2,250
10559,60,1343.89588688946,12443.309768637531,0,0,False,1,20230315,2,250
10560,61,1343.89588688946,12971.690231362469,1,0,False,1,20230315,2,250
10561,62,1343.690476190476,13503.88596491228,0,0,False,1,20230315,2,250
10562,63,1343.8859649122808,14039.690476190475,0,0,False,1,20230315,2,250
10563,64,1343.4044703000611,14579.402020820577,0,0,False,1,20230315,2,250
10564,65,1343.6953727506427,15115.885604113111,2,0,False,1,20230315,2,250
10565,66,1343.690476190476,15647.88596491228,0,0,False,1,20230315,2,250
10566,67,1343.7884012539184,16191.788401253918,4,0,False,1,20230315,2,250
10567,68,1343.399935856318,16731.402501603592,1,0,False,1,20230315,2,250
10568,69,1343.6865030674846,17267.308588957054,1,0,False,1,20230315,2,250
10569,70,1343.5955296999389,17795.98009797918,1,0,False,1,20230315,2,250
10570,71,1343.5975609756097,18335.40243902439,3,0,False,1,20230315,2,250
10571,72,1343.5,18867.88235294117,3,0,False,1,20230315,2,250
10572,73,1343.5,19403.5,2,0,False,1,20230315,2,250
10573,74,1343.89588688946,19947.309768637533,3,0,False,1,20230315,2,250
10574,75,1344.0539215686274,20482.93137254902,3,0,False,1,20230315,2,250
10575,76,1344.1825499034128,21019.03122987765,1,1,False,1,20230315,2,250
10576,77,1786.8558696988323,928.6923786109404,0,0,True,1,20230315,2,250
10577,78,1786.6937984496124,1464.37338501292,1,0,False,1,20230315,2,250
10578,79,1786.9313725490197,2000.053921568628,1,0,False,1,20230315,2,250
10579,80,1787.2038895859473,2531.781053952321,2,0,False,1,20230315,2,250
10580,81,1786.442065491184,3068.3110831234258,2,0,False,1,20230315,2,250
10581,82,1787.970300061237,3608.149112063688,0,0,False,1,20230315,2,250
10582,83,1787.5979791794243,4135.967850581751,3,0,False,1,20230315,2,250
10583,84,1787.2204169221336,4679.772225628449,1,0,False,1,20230315,2,250
10584,85,1787.029699938763,5208.149112063687,0,0,False,1,20230315,2,250
10585,86,1787.882149591452,5748.053111250786,3,0,False,1,20230315,2,250
10586,87,1787.9753476611884,6276.870417193426,1,0,False,1,20230315,2,250
10587,88,1788.0700245700243,6816.055282555282,1,0,False,1,20230315,2,250
10588,89,1788.0686274509803,7352.053921568628,0,0,False,1,20230315,2,250
10589,90,1787.9066924066924,7887.685328185328,0,0,False,1,20230315,2,250
10590,91,1788.4214157168567,8427.5,3,0,False,1,20230315,2,250
10591,92,1788.8411003236247,8951.057281553398,1,0,False,1,20230315,2,250
10592,93,1788.9590264941469,9488.74460874923,2,0,False,1,20230315,2,250
10593,94,1788.5325752919484,10024.31868469576,5,0,False,1,20230315,2,250
10594,95,1789.3282890673256,10560.925571340333,1,0,False,1,20230315,2,250
10595,96,1788.2420706163973,11099.868641532015,2,0,True,1,20230315,2,250
10596,97,1788.1082474226805,11639.5,0,0,False,1,20230315,2,250
10597,98,1788.8382533825338,12175.657441574416,0,0,False,1,20230315,2,250
10598,99,1788.3636363636365,13236.671717171715,1,0,False,1,20230315,2,250
10599,100,1788.083280955374,13772.053111250783,1,0,False,1,20230315,2,250
10600,101,1788.26214511041,14308.5952681388,3,0,False,1,20230315,2,250
10601,102,1788.0925925925926,14851.5,2,0,False,1,20230315,2,250
10602,103,1787.887665198238,15380.240088105727,0,0,False,1,20230315,2,250
10603,104,1787.8779141104294,15920.24110429448,2,0,False,1,20230315,2,250
10604,105,1787.7886850152904,16463.409480122325,2,0,False,1,20230315,2,250
10605,106,1787.795739348371,16995.780701754386,1,1,False,1,20230315,2,250
10606,107,1787.9177131526767,17531.68506278916,3,0,False,1,20230315,2,250
10607,108,1787.7003757044458,18067.5,2,0,False,1,20230315,2,250
10608,109,1787.6027617212587,18599.59505459217,1,0,False,1,20230315,2,250
10609,110,1787.896238244514,19139.314420062696,1,0,False,1,20230315,2,250
10610,111,1788.4214157168567,19675.5,1,0,False,1,20230315,2,250
10611,112,1788.0925925925926,20211.5,0,0,False,1,20230315,2,250
10612,113,1788.083280955374,20754.94688874921,0,0,False,1,20230315,2,250
10613,114,1788.294468887492,21283.5,4,0,False,1,20230315,2,250
10614,115,1791.89588688946,12707.309768637531,0,0,False,1,20230315,2,250
10615,116,2231.304755944931,1199.5,0,0,False,1,20230315,2,250
10616,117,2231.6907151819323,1727.8764115432873,0,0,False,1,20230315,2,250
10617,118,2231.5,2263.5,1,0,False,1,20230315,2,250
10618,119,2231.5,2799.5,0,0,False,1,20230315,2,250
10619,120,2231.5,3335.5,0,0,False,1,20230315,2,250
10620,121,2231.5,3871.5,1,0,False,1,20230315,2,250
10621,122,2231.695244055069,4407.5,2,0,False,1,20230315,2,250
10622,123,2231.5,4943.5,5,0,False,1,20230315,2,250
10623,124,2231.5,5479.5,1,0,False,1,20230315,2,250
10624,125,2231.6000641436817,6011.402501603592,2,0,False,1,20230315,2,250
10625,126,2231.690476190476,6543.8859649122805,1,0,False,1,20230315,2,250
10626,127,2231.89588688946,7083.690231362468,1,0,False,1,20230315,2,250
10627,128,2232.077164366374,7623.5,0,0,False,1,20230315,2,250
10628,129,2231.8859649122805,8151.690476190476,0,0,False,1,20230315,2,250
10629,130,2232.1076618229854,8695.5,1,0,False,1,20230315,2,250
10630,131,2231.79543994862,9219.787732819525,0,0,False,1,20230315,2,250
10631,132,2232.182549903413,9755.968770122345,0,0,False,1,20230315,2,250
10632,133,2232.182549903413,10291.968770122345,0,0,False,1,20230315,2,250
10633,134,2232.082474226804,10828.067010309278,1,0,False,1,20230315,2,250
10634,135,2231.6902377972465,11375.304755944931,1,0,False,1,20230315,2,250
10635,136,2232.165411173886,11903.969554300063,2,0,False,1,20230315,2,250
10636,137,2231.7002567394097,12443.5,0,0,False,1,20230315,2,250
10637,138,2232.0817245817248,12972.06628056628,0,0,False,1,20230315,2,250
10638,139,2232.3332284455632,13504.529578351165,1,0,False,1,20230315,2,250
10639,140,2232.3332284455632,14040.529578351165,0,0,False,1,20230315,2,250
10640,141,2232.241104294478,14579.87791411043,1,0,False,1,20230315,2,250
10641,142,2232.0817245817248,15116.06628056628,1,0,False,1,20230315,2,250
10642,143,2231.9695543000626,15648.165411173886,0,0,False,1,20230315,2,250
10643,144,2231.8859649122805,16191.690476190475,2,0,False,1,20230315,2,250
10644,145,2231.7002567394097,16731.5,1,0,False,1,20230315,2,250
10645,146,2232.241104294478,17267.681595092025,0,0,False,1,20230315,2,250
10646,147,2232.053921568628,17796.06862745098,4,0,False,1,20230315,2,250
10647,148,2231.8859649122805,18335.69047619048,1,0,False,1,20230315,2,250
10648,149,2232.33629675046,18867.220416922133,3,0,False,1,20230315,2,250
10649,150,2231.79543994862,19403.787732819525,0,0,False,1,20230315,2,250
10650,151,2231.89588688946,19947.309768637533,2,0,False,1,20230315,2,250
10651,152,2232.33629675046,20483.220416922133,1,0,False,1,20230315,2,250
10652,153,2231.89588688946,21019.309768637533,0,0,False,1,20230315,2,250
10653,154,2674.93137254902,928.0539215686274,2,0,False,1,20230315,2,250
10654,155,2677.859493670886,1462.4012658227848,1,0,False,1,20230315,2,250
10655,156,2675.406919779547,1999.776791181874,0,0,False,1,20230315,2,250
10656,157,2674.90666247643,2531.489943431804,0,0,False,1,20230315,2,250
10657,158,2675.1173694147265,3068.04877281309,2,0,False,1,20230315,2,250
10658,159,2674.6416309012875,3607.7722256284487,2,0,True,1,20230315,2,250
10659,160,2678.221252257676,4135.150812763395,2,0,False,1,20230315,2,250
10660,161,2679.5,4679.5,0,1,False,1,20230315,2,250
10661,162,2678.2738452309536,5208.111877624475,3,0,False,1,20230315,2,250
10662,163,2679.5,5747.5,1,0,False,1,20230315,2,250
10663,164,2680.4987699877,6275.849323493235,0,0,False,1,20230315,2,250
10664,165,2679.882775119617,6815.5,1,0,False,1,20230315,2,250
10665,166,2680.2616766467067,7351.859281437126,1,0,False,1,20230315,2,250
10666,167,2680.236225087925,8427.317116060962,2,0,False,1,20230315,2,250
10667,168,2679.907035175879,8951.680904522613,5,0,True,1,20230315,2,250
10668,169,2679.211389385808,9487.774299344066,11,0,False,1,20230315,2,250
10669,170,2680.0693779904304,10024.04066985646,0,0,False,1,20230315,2,250
10670,171,2681.5253470126736,10560.709414604707,1,0,False,1,20230315,2,250
10671,172,2680.147574517826,11099.766510812393,1,0,False,1,20230315,2,250
10672,173,2680.1638705811865,12175.766027561414,1,0,False,1,20230315,2,250
10673,174,2680.093137254902,12707.5,2,1,False,1,20230315,2,250
10674,175,2680.0840490797545,13236.039877300613,1,0,False,1,20230315,2,250
10675,176,2679.796024464832,13771.774006116208,1,0,False,1,20230315,2,250
10676,177,2680.459409594096,14308.385608856088,1,0,False,1,20230315,2,250
10677,178,2679.896572827417,14851.681150550796,2,0,False,1,20230315,2,250
10678,179,2680.0840490797545,15380.039877300613,1,0,False,1,20230315,2,250
10679,180,2680.0693779904304,15920.04066985646,1,0,False,1,20230315,2,250
10680,181,2679.980573819486,16463.406754333533,1,0,False,1,20230315,2,250
10681,182,2679.896572827417,16995.681150550794,0,0,False,1,20230315,2,250
10682,183,2679.605602060528,17531.592723760463,0,0,False,1,20230315,2,250
10683,184,2679.9935543278084,18067.58348680172,1,0,False,1,20230315,2,250
10684,185,2679.80923947203,18599.42206159648,2,0,False,1,20230315,2,250
10685,186,2680.1876155268023,19139.214109673445,0,0,False,1,20230315,2,250
10686,187,2680.4227166276346,19675.5,0,0,False,1,20230315,2,250
10687,188,2679.700488997555,20211.5,2,0,False,1,20230315,2,250
10688,189,2679.7963870177587,20755.22565829761,0,1,False,1,20230315,2,250
10689,190,2680.093137254902,21283.5,0,0,False,1,20230315,2,250
10690,191,2683.602761721259,7887.595054592164,1,0,False,1,20230315,2,250
10691,192,2683.9025806451614,11639.5,1,0,False,1,20230315,2,250
10692,193,3130.359950859951,1199.5,0,0,False,1,20230315,2,250
10693,194,3125.668888888889,1728.9653968253967,0,0,False,1,20230315,2,250
10694,195,3131.397238278741,2263.5950545921646,0,0,False,1,20230315,2,250
10695,196,3127.2105097545627,2799.7794210195093,0,0,False,1,20230315,2,250
10696,197,3129.775092936803,3336.6995043370507,0,0,False,1,20230315,2,250
10697,198,3131.397238278741,3871.5950545921646,0,0,True,1,20230315,2,250
10698,199,3130.726600985221,4406.869458128079,2,0,False,1,20230315,2,250
10699,200,3130.9945196647323,4943.595422308188,1,0,False,1,20230315,2,250
10700,201,3131.402260232132,5479.404703726329,0,0,False,1,20230315,2,250
10701,202,3131.203889585948,6011.781053952322,1,0,False,1,20230315,2,250
10702,203,3131.1220858895704,6544.241104294479,0,0,False,1,20230315,2,250
10703,204,3131.6001251564458,7083.595118898624,6,0,False,1,20230315,2,250
10704,205,3131.5,7623.127450980392,1,0,False,1,20230315,2,250
10705,206,3131.5,8151.872549019607,1,0,False,1,20230315,2,250
10706,207,3131.5,8695.309768637531,1,0,True,1,20230315,2,250
10707,208,3131.6956112852663,9219.876175548588,3,0,False,1,20230315,2,250
10708,209,3131.7961104140527,9755.781053952322,0,0,False,1,20230315,2,250
10709,210,3131.7961104140527,10291.781053952322,1,0,False,1,20230315,2,250
10710,211,3131.5,10828.06246076585,3,0,False,1,20230315,2,250
10711,212,3131.779926335175,11374.854205033764,0,0,False,1,20230315,2,250
10712,213,3131.6909424724604,11903.686046511628,0,0,False,1,20230315,2,250
10713,214,3131.6002506265663,12443.40476190476,1,0,False,1,20230315,2,250
10714,215,3131.7961104140527,12971.781053952322,2,0,False,1,20230315,2,250
10715,216,3131.7795830778664,13504.33629675046,4,0,False,1,20230315,2,250
10716,217,3131.7795830778664,14040.33629675046,4,0,False,1,20230315,2,250
10717,218,3131.960431654676,14579.960431654676,5,0,False,1,20230315,2,250
10718,219,3131.6956112852663,15115.876175548588,3,0,False,1,20230315,2,250
10719,220,3131.5,15648.063035495716,2,0,False,1,20230315,2,250
10720,221,3131.8823529411766,16191.5,1,0,False,1,20230315,2,250
10721,222,3131.5,16731.30964308078,0,0,False,1,20230315,2,250
10722,223,3131.6862686567165,17267.313731343285,4,0,False,1,20230315,2,250
10723,224,3131.313953488372,17795.68604651163,1,1,False,1,20230315,2,250
10724,225,3131.6909424724604,18335.31395348837,1,0,False,1,20230315,2,250
10725,226,3131.68671454219,18867.68671454219,3,0,False,1,20230315,2,250
10726,227,3131.700375704446,19403.5,0,0,False,1,20230315,2,250
10727,228,3131.5,19947.5,0,0,False,1,20230315,2,250
10728,229,3131.782634730539,20482.661676646705,0,0,False,1,20230315,2,250
10729,230,3131.7961104140527,21019.21894604768,2,0,False,1,20230315,2,250
10730,231,3570.6416309012875,927.7722256284488,2,0,False,1,20230315,2,250
10731,232,3571.5,1463.5,0,0,False,1,20230315,2,250
10732,233,3569.9433497536947,2000.5147783251232,1,0,False,1,20230315,2,250
10733,234,3571.3043887147337,2531.1238244514107,0,0,False,1,20230315,2,250
10734,235,3571.8962382445143,3067.6855799373043,0,0,False,1,20230315,2,250
10735,236,3571.5,3607.309523809524,1,0,False,1,20230315,2,250
10736,237,3571.597620500305,4135.595179987798,1,0,False,1,20230315,2,250
10737,238,3571.5,4679.5,0,0,False,1,20230315,2,250
10738,239,3571.88630806846,5207.6858190709045,4,0,False,1,20230315,2,250
10739,240,3571.7961104140527,5747.590338770389,0,0,False,1,20230315,2,250
10740,241,3571.8962382445143,6275.314420062696,2,0,False,1,20230315,2,250
10741,242,3571.69536019536,6815.5,0,0,False,1,20230315,2,250
10742,243,3572.166258420086,7351.041947336191,2,0,False,1,20230315,2,250
10743,244,3571.7056555269924,7887.5,2,0,False,1,20230315,2,250
10744,245,3572.5167865707435,8427.404076738609,4,0,False,1,20230315,2,250
10745,246,3571.9066924066924,8951.685328185327,1,0,False,1,20230315,2,250
10746,247,3572.260736196319,9487.86809815951,1,0,False,1,20230315,2,250
10747,248,3572.260736196319,10023.86809815951,0,0,False,1,20230315,2,250
10748,249,3572.0686274509803,10560.053921568628,2,0,False,1,20230315,2,250
10749,250,3574.511180124224,11097.66645962733,1,0,False,1,20230315,2,250
10750,251,3572.00998068255,11639.404700579524,1,0,False,1,20230315,2,250
10751,252,3572.3583690987125,12175.227774371551,1,0,False,1,20230315,2,250
10752,253,3572.0925925925926,12707.5,1,0,False,1,20230315,2,250
10753,254,3572.0825486503454,13236.052416823602,1,0,False,1,20230315,2,250
10754,255,3571.8962382445143,13771.685579937304,0,0,False,1,20230315,2,250
10755,256,3572.183417085427,14307.957286432162,1,0,False,1,20230315,2,250
10756,257,3571.700375704446,14851.5,0,0,False,1,20230315,2,250
10757,258,3572.183417085427,15379.957286432162,0,1,False,1,20230315,2,250
10758,259,3572.3583690987125,15919.772225628449,2,0,False,1,20230315,2,250
10759,260,3571.88630806846,16463.314180929094,1,0,False,1,20230315,2,250
10760,261,3572.0925925925926,16995.5,0,0,False,1,20230315,2,250
10761,262,3571.6055408970974,17531.594986807388,0,0,False,1,20230315,2,250
10762,263,3571.6001251564458,18067.40488110137,0,0,False,1,20230315,2,250
10763,264,3571.602761721259,18599.59505459217,3,0,False,1,20230315,2,250
10764,265,3572.0925925925926,19139.5,2,0,False,1,20230315,2,250
10765,266,3572.5167865707435,19675.59592326139,0,0,False,1,20230315,2,250
10766,267,3572.0925925925926,20211.5,0,0,False,1,20230315,2,250
10767,268,3572.183417085427,20755.04271356784,0,0,False,1,20230315,2,250
10768,269,3572.0925925925926,21283.5,0,0,False,1,20230315,2,250
10769,270,4023.1235884567127,1199.1135508155585,3,0,False,1,20230315,2,250
10770,271,4023.4024390243903,1727.5975609756097,3,0,False,1,20230315,2,250
10771,272,4023.5,2263.5,0,0,False,1,20230315,2,250
10772,273,4023.5,2799.304755944931,5,0,False,1,20230315,2,250
10773,274,4023.22057898049,3335.7794210195093,1,0,False,1,20230315,2,250
10774,275,4023.6026991441736,3871.597432521396,2,0,False,1,20230315,2,250
10775,276,4023.6911949685536,4407.308805031446,1,0,False,1,20230315,2,250
10776,277,4023.3973008558255,4943.597432521396,2,0,False,1,20230315,2,250
10777,278,4023.690476190476,5479.11403508772,0,0,False,1,20230315,2,250
10778,279,4023.6000641436817,6011.597498396408,0,0,False,1,20230315,2,250
10779,280,4023.690476190476,6543.8859649122805,1,0,False,1,20230315,2,250
10780,281,4023.7002567394097,7083.5,0,0,False,1,20230315,2,250
10781,282,4023.7884012539184,7623.211598746081,0,0,False,1,20230315,2,250
10782,283,4023.885964912281,8151.690476190476,2,1,False,1,20230315,2,250
10783,284,4023.6026991441736,8695.402567478604,1,0,False,1,20230315,2,250
10784,285,4023.7954399486193,9219.787732819525,3,0,False,1,20230315,2,250
10785,286,4023.89588688946,9755.690231362469,2,0,False,1,20230315,2,250
10786,287,4023.89588688946,10291.690231362469,2,0,False,1,20230315,2,250
10787,288,4023.6953727506425,10827.885604113111,1,0,False,1,20230315,2,250
10788,289,4023.7884012539184,11375.211598746082,1,0,False,1,20230315,2,250
10789,290,4023.885964912281,11903.690476190475,1,0,False,1,20230315,2,250
10790,291,4023.7002567394097,12443.5,0,0,False,1,20230315,2,250
10791,292,4023.7954399486193,12971.787732819525,0,0,False,1,20230315,2,250
10792,293,4023.969554300063,13504.165411173886,1,0,False,1,20230315,2,250
10793,294,4023.885964912281,14039.690476190475,0,0,False,1,20230315,2,250
10794,295,4023.87652811736,14579.690709046456,1,0,False,1,20230315,2,250
10795,296,4023.7954399486193,15115.787732819525,2,0,False,1,20230315,2,250
10796,297,4023.5975609756097,15647.40243902439,1,0,False,1,20230315,2,250
10797,298,4023.5,16191.5,0,0,False,1,20230315,2,250
10798,299,4023.6000641436817,16731.402501603592,1,0,False,1,20230315,2,250
10799,300,4023.4048200122015,17267.402379499694,0,0,False,1,20230315,2,250
10800,301,4024.053921568628,17796.06862745098,2,0,False,1,20230315,2,250
10801,302,4023.695244055069,18335.5,1,0,False,1,20230315,2,250
10802,303,4023.5,18867.5,0,0,False,1,20230315,2,250
10803,304,4023.6000641436817,19403.597498396408,0,0,False,1,20230315,2,250
10804,305,4023.89588688946,19947.309768637533,11,5,False,1,20230315,2,250
10805,306,4023.314180929096,20483.11369193154,0,0,False,1,20230315,2,250
10806,307,4023.6000641436817,21019.402501603592,2,0,False,1,20230315,2,250
10807,308,4467.308588957055,927.6865030674846,0,0,False,1,20230315,2,250
10808,309,4467.6027617212585,1463.5950545921644,0,0,False,1,20230315,2,250
10809,310,4467.69094247246,1999.686046511628,2,0,False,1,20230315,2,250
10810,311,4467.5,2531.5,1,0,False,1,20230315,2,250
10811,312,4467.103264281231,3067.133396107972,0,0,False,1,20230315,2,250
10812,313,4467.597620500305,3607.5951799877976,0,0,False,1,20230315,2,250
10813,314,4468.0700245700245,4135.490171990172,0,0,False,1,20230315,2,250
10814,315,4467.790461538461,4678.6704615384615,2,0,False,1,20230315,2,250
10815,316,4467.220416922134,5207.772225628449,1,0,False,1,20230315,2,250
10816,317,4467.600250626567,5747.4047619047615,1,0,False,1,20230315,2,250
10817,318,4467.695611285267,6275.876175548589,1,0,False,1,20230315,2,250
10818,319,4468.067931456549,6814.9467564259485,1,0,False,1,20230315,2,250
10819,320,4467.69094247246,7351.686046511628,0,0,False,1,20230315,2,250
10820,321,4467.705655526992,7887.5,2,0,False,1,20230315,2,250
10821,322,4467.9604316546765,8427.039568345324,1,0,False,1,20230315,2,250
10822,323,4467.803536977492,8951.78038585209,3,0,False,1,20230315,2,250
10823,324,4467.779926335175,9488.145794966236,0,0,False,1,20230315,2,250
10824,325,4467.970876762723,10023.958614347026,0,0,False,1,20230315,2,250
10825,326,4467.779926335175,10560.145794966236,0,0,False,1,20230315,2,250
10826,327,4467.773709483794,11099.773709483794,0,0,False,1,20230315,2,250
10827,328,4467.705655526992,11639.5,2,0,False,1,20230315,2,250
10828,329,4467.691411042945,12175.313496932517,3,0,False,1,20230315,2,250
10829,330,4467.992462311558,12707.404522613066,0,0,False,1,20230315,2,250
10830,331,4467.982412060302,13236.14824120603,1,0,False,1,20230315,2,250
10831,332,4467.695611285267,13771.876175548588,2,0,False,1,20230315,2,250
10832,333,4467.78679245283,14308.335220125786,2,0,False,1,20230315,2,250
10833,334,4467.700375704446,14851.5,1,0,False,1,20230315,2,250
10834,335,4467.695611285267,15379.876175548588,2,0,False,1,20230315,2,250
10835,336,4467.69094247246,15919.686046511628,2,0,False,1,20230315,2,250
10836,337,4467.597979179424,16463.03214941825,2,0,False,1,20230315,2,250
10837,338,4467.796110414053,16995.590338770387,1,0,False,1,20230315,2,250
10838,339,4467.812169312169,17531.589947089946,3,0,False,1,20230315,2,250
10839,340,4467.304143126177,18067.314187068423,3,0,False,1,20230315,2,250
10840,341,4467.6027617212585,18599.59505459217,0,0,False,1,20230315,2,250
10841,342,4467.992462311558,19139.59547738693,3,0,False,1,20230315,2,250
10842,343,4467.9604316546765,19675.586330935253,3,0,False,1,20230315,2,250
10843,344,4467.992462311558,20211.404522613066,1,0,False,1,20230315,2,250
10844,345,4467.695611285267,20755.87617554859,0,0,True,1,20230315,2,250
10845,346,4467.600250626567,21283.404761904763,0,0,True,1,20230315,2,250
10846,347,4910.279048765804,1198.8762793497892,2,0,False,1,20230315,2,250
10847,348,4909.975961538462,1726.3557692307693,2,0,False,1,20230315,2,250
10848,349,4911.294228356336,2263.5,1,0,False,1,20230315,2,250
10849,350,4910.738323353294,2799.859281437126,0,0,False,1,20230315,2,250
10850,351,4910.551497005988,3335.32754491018,1,0,False,1,20230315,2,250
10851,352,4911.092964824121,3871.680904522613,0,0,False,1,20230315,2,250
10852,353,4911.308383233533,4407.317964071856,0,0,False,1,20230315,2,250
10853,354,4911.298994974874,4943.133165829146,0,0,False,1,20230315,2,250
10854,355,4911.308841099164,5479.318399044206,1,0,False,1,20230315,2,250
10855,356,4911.696078431372,6011.318627450981,1,0,False,1,20230315,2,250
10856,357,4911.308383233533,6543.682035928144,1,0,False,1,20230315,2,250
10857,358,4911.796387017759,7083.225658297612,3,0,False,1,20230315,2,250
10858,359,4912.070743405276,7622.958033573142,1,1,False,1,20230315,2,250
10859,360,4911.5,8151.5,1,1,False,1,20230315,2,250
10860,361,4911.5,8694.951572327043,0,1,False,1,20230315,2,250
10861,362,4911.696078431372,9219.68137254902,0,0,False,1,20230315,2,250
10862,363,4911.69656019656,9755.681818181818,3,0,False,1,20230315,2,250
10863,364,4911.5,10291.863190184047,4,0,False,1,20230315,2,250
10864,365,4911.5,10827.863190184047,2,0,False,1,20230315,2,250
10865,366,4911.5,11374.602040816326,2,0,False,1,20230315,2,250
10866,367,4911.780407429598,11902.869682444578,0,0,False,1,20230315,2,250
10867,368,4911.600551808707,12443.043838136113,3,0,False,1,20230315,2,250
10868,369,4911.696078431372,12971.68137254902,2,0,False,1,20230315,2,250
10869,370,4911.780407429598,13504.130317555422,7,0,True,1,20230315,2,250
10870,371,4911.780407429598,14040.130317555422,2,0,False,1,20230315,2,250
10871,372,4911.774165202109,14579.232864674868,1,0,False,1,20230315,2,250
10872,373,4911.696078431372,15115.68137254902,1,0,True,1,20230315,2,250
10873,374,4911.780407429598,15648.130317555422,1,0,False,1,20230315,2,250
10874,375,4911.5,16191.136363636364,0,0,False,1,20230315,2,250
10875,376,4911.5,16731.5,0,0,False,1,20230315,2,250
10876,377,4911.869158878505,17266.77570093458,2,0,False,1,20230315,2,250
10877,378,4911.877182770663,17795.681606519207,0,0,False,1,20230315,2,250
10878,379,4912.261676646706,18335.32754491018,1,0,False,1,20230315,2,250
10879,380,4912.056725146199,18867.49064327485,1,0,False,1,20230315,2,250
10880,381,4911.696078431372,19403.68137254902,2,0,False,1,20230315,2,250
10881,382,4911.796387017759,19947.22565829761,0,0,False,1,20230315,2,250
10882,383,4911.961088355763,20483.050614394386,1,0,False,1,20230315,2,250
10883,384,4911.888206388207,21018.77764127764,0,0,True,1,20230315,2,250
10884,385,5354.359950859951,927.5,0,0,False,1,20230315,2,250
10885,386,5355.3972382787415,1463.4049454078356,1,0,False,1,20230315,2,250
10886,387,5354.355036855037,1999.8341523341523,0,0,False,1,20230315,2,250
10887,388,5355.103761755486,2531.314420062696,1,0,False,1,20230315,2,250
10888,389,5355.299624295554,3067.5,0,0,False,1,20230315,2,250
10889,390,5355.5,3607.309523809524,0,0,False,1,20230315,2,250
10890,391,5355.5,4135.5,0,0,False,1,20230315,2,250
10891,392,5355.87791411043,4678.758895705521,2,0,False,1,20230315,2,250
10892,393,5355.69094247246,5207.313953488372,5,0,False,1,20230315,2,250
10893,394,5355.695611285267,5747.123824451411,0,0,False,1,20230315,2,250
10894,395,5355.600250626567,6275.4047619047615,0,0,False,1,20230315,2,250
10895,396,5355.5,6815.1274509803925,1,0,False,1,20230315,2,250
10896,397,5355.597739767868,7351.404703726329,1,1,False,1,20230315,2,250
10897,398,5355.6027617212585,7887.404945407836,1,0,False,1,20230315,2,250
10898,399,5355.868641532017,8426.757929383602,4,1,False,1,20230315,2,250
10899,400,5355.6027617212585,8951.595054592164,1,0,False,1,20230315,2,250
10900,401,5355.69094247246,9487.686046511628,2,0,False,1,20230315,2,250
10901,402,5355.882352941177,10023.5,1,0,False,1,20230315,2,250
10902,403,5355.788685015291,10559.781345565749,2,0,False,1,20230315,2,250
10903,404,5355.87298266587,11099.5,3,0,False,1,20230315,2,250
10904,405,5355.803536977492,11639.21961414791,3,0,False,1,20230315,2,250
10905,406,5355.788685015291,12175.218654434251,2,0,False,1,20230315,2,250
10906,407,5355.796110414053,12707.218946047678,4,0,False,1,20230315,2,250
10907,408,5355.896238244514,13235.685579937304,3,0,False,1,20230315,2,250
10908,409,5355.700375704446,13771.5,1,0,False,1,20230315,2,250
10909,410,5355.796110414053,14307.781053952322,2,0,False,1,20230315,2,250
10910,411,5355.600125156446,14851.404881101376,0,0,False,1,20230315,2,250
10911,412,5355.700375704446,15379.5,1,0,False,1,20230315,2,250
10912,413,5355.88630806846,15919.685819070904,0,0,False,1,20230315,2,250
10913,414,5355.5,16462.936964504283,0,0,False,1,20230315,2,250
10914,415,5355.896238244514,16995.314420062696,1,0,False,1,20230315,2,250
10915,416,5355.917713152677,17531.31493721084,1,0,False,1,20230315,2,250
10916,417,5355.795739348371,18067.21929824561,2,0,False,1,20230315,2,250
10917,418,5355.6027617212585,18599.59505459217,1,0,False,1,20230315,2,250
10918,419,5355.700375704446,19139.5,1,0,False,1,20230315,2,250
10919,420,5355.968339307049,19675.40442054958,3,0,False,1,20230315,2,250
10920,421,5355.600125156446,20211.40488110137,1,0,False,1,20230315,2,250
10921,422,5355.795739348371,20755.21929824561,0,0,False,1,20230315,2,250
10922,423,5355.700375704446,21283.5,0,0,False,1,20230315,2,250
10923,424,5806.541916167665,1199.3179640718563,1,1,False,1,20230315,2,250
10924,425,5806.328331332533,1727.2454981992796,1,0,False,1,20230315,2,250
10925,426,5806.901257861635,2262.9616352201256,0,0,False,1,20230315,2,250
10926,427,5807.019426180514,2799.4067543335327,1,0,False,1,20230315,2,250
10927,428,5807.204504504504,3335.262162162162,3,0,False,1,20230315,2,250
10928,429,5807.705771643664,3871.5,1,0,False,1,20230315,2,250
10929,430,5807.308383233533,4407.317964071856,0,0,False,1,20230315,2,250
10930,431,5807.397049591965,4943.407093534212,3,0,False,1,20230315,2,250
10931,432,5807.5,5479.136363636364,1,0,False,1,20230315,2,250
10932,433,5807.5,6011.5,0,0,False,1,20230315,2,250
10933,434,5807.317964071856,6544.223353293413,1,0,False,1,20230315,2,250
10934,435,5807.303921568628,7083.318627450981,1,0,False,1,20230315,2,250
10935,436,5807.5,7623.136363636364,0,1,False,1,20230315,2,250
10936,437,5807.5,8151.5,0,0,False,1,20230315,2,250
10937,438,5807.5,8694.951572327043,0,0,False,1,20230315,2,250
10938,439,5807.399448191293,9219.956161863887,1,0,False,1,20230315,2,250
10939,440,5807.303921568628,9755.68137254902,1,0,False,1,20230315,2,250
10940,441,5807.5,10291.863190184047,1,0,False,1,20230315,2,250
10941,442,5807.5,10827.863190184047,1,0,False,1,20230315,2,250
10942,443,5807.5,11374.602040816326,0,0,False,1,20230315,2,250
10943,444,5807.691616766467,11903.317964071855,1,0,False,1,20230315,2,250
10944,445,5807.600551808707,12443.043838136113,0,0,False,1,20230315,2,250
10945,446,5807.696078431372,12971.68137254902,3,0,False,1,20230315,2,250
10946,447,5807.5,13503.863636363636,2,0,False,1,20230315,2,250
10947,448,5807.780407429598,14040.130317555422,0,0,False,1,20230315,2,250
10948,449,5807.5,14579.5,1,0,False,1,20230315,2,250
10949,450,5807.5,15115.5,0,0,False,1,20230315,2,250
10950,451,5807.308383233533,15647.682035928145,3,0,False,1,20230315,2,250
10951,452,5807.219592570402,16190.869682444578,1,0,False,1,20230315,2,250
10952,453,5807.203975535168,16731.225993883792,0,0,False,1,20230315,2,250
10953,454,5808.315897136177,17266.518118059616,0,0,False,1,20230315,2,250
10954,455,5807.5,17795.5,1,0,False,1,20230315,2,250
10955,456,5807.598027495517,18335.04333532576,1,0,False,1,20230315,2,250
10956,457,5807.686915887851,18867.317757009347,0,0,False,1,20230315,2,250
10957,458,5807.399694189602,19403.59296636085,2,0,False,1,20230315,2,250
10958,459,5807.600551808707,19947.04383813612,1,0,False,1,20230315,2,250
10959,460,5807.322429906542,20482.59813084112,2,0,False,1,20230315,2,250
10960,461,5807.600551808707,21019.04383813612,0,0,False,1,20230315,2,250
10961,462,6248.491920447483,929.41671845867,0,0,True,1,20230315,2,250
10962,463,6250.684516129032,1463.5,1,0,False,1,20230315,2,250
10963,464,6250.062461538461,1999.2710769230769,1,0,False,1,20230315,2,250
10964,465,6246.90797940798,2531.5,0,0,False,1,20230315,2,250
10965,466,6251.103761755486,3067.6855799373043,0,0,False,1,20230315,2,250
10966,467,6251.402379499695,3607.4048200122015,2,0,False,1,20230315,2,250
10967,468,6251.30905752754,4135.686046511628,0,0,False,1,20230315,2,250
10968,469,6251.788685015291,4679.21865443425,0,0,False,1,20230315,2,250
10969,470,6251.882352941177,5207.5,0,0,False,1,20230315,2,250
10970,471,6251.600250626567,5747.4047619047615,0,0,False,1,20230315,2,250
10971,472,6251.600250626567,6275.595238095239,1,0,False,1,20230315,2,250
10972,473,6251.5,6815.1274509803925,15,13,True,1,20230315,2,250
10973,474,6251.5,7351.5,1,0,False,1,20230315,2,250
10974,475,6251.6027617212585,7887.404945407836,3,0,False,1,20230315,2,250
10975,476,6251.773053892216,8426.853293413174,0,0,False,1,20230315,2,250
10976,477,6251.5,8951.690231362469,1,0,False,1,20230315,2,250
10977,478,6251.5,9487.872549019608,3,0,False,1,20230315,2,250
10978,479,6251.5,10023.872549019608,2,0,False,1,20230315,2,250
10979,480,6251.69094247246,10559.686046511628,0,0,False,1,20230315,2,250
10980,481,6251.87298266587,11099.5,1,1,False,1,20230315,2,250
10981,482,6251.6027617212585,11639.404945407836,1,0,True,1,20230315,2,250
10982,483,6251.597979179424,12175.032149418248,1,0,False,1,20230315,2,250
10983,484,6251.796110414053,12707.218946047678,2,0,False,1,20230315,2,250
10984,485,6251.896238244514,13235.685579937304,0,1,False,1,20230315,2,250
10985,486,6251.600125156446,13771.595118898624,3,0,False,1,20230315,2,250
10986,487,6251.795739348371,14307.780701754386,0,0,False,1,20230315,2,250
10987,488,6251.5,14851.309643080776,0,0,False,1,20230315,2,250
10988,489,6251.600250626567,15379.40476190476,1,0,False,1,20230315,2,250
10989,490,6251.5,15919.5,0,0,False,1,20230315,2,250
10990,491,6251.5,16462.389434889436,0,0,False,1,20230315,2,250
10991,492,6251.5,16995.30964308078,1,0,False,1,20230315,2,250
10992,493,6251.605540897098,17531.405013192612,1,0,False,1,20230315,2,250
10993,494,6251.5,18066.93753923415,1,0,False,1,20230315,2,250
10994,495,6251.5,18599.5,0,0,False,1,20230315,2,250
10995,496,6251.5,19139.30964308078,0,0,False,1,20230315,2,250
10996,497,6251.5,19675.12701733413,3,0,False,1,20230315,2,250
10997,498,6251.5,20211.30964308078,0,0,False,1,20230315,2,250
10998,499,6251.399874843554,20755.40488110137,0,0,False,1,20230315,2,250
10999,500,6251.600250626567,21283.404761904763,1,0,True,1,20230315,2,250
11000,1,899.004835589942,1464.1473243068988,1,0,True,1,20230315,2,300
11001,2,898.7570725707257,2000.5971709717096,0,0,False,1,20230315,2,300
11002,3,899.2132075471698,2532.3352201257862,0,0,False,1,20230315,2,300
11003,4,899.2132075471698,3068.3352201257862,0,0,False,1,20230315,2,300
11004,5,899.4020208205757,3607.967850581752,1,0,False,1,20230315,2,300
11005,6,899.2204169221336,4136.33629675046,0,0,False,1,20230315,2,300
11006,7,899.4020208205757,4679.967850581751,0,0,False,1,20230315,2,300
11007,8,899.7795830778664,5208.33629675046,0,0,False,1,20230315,2,300
11008,9,899.6956112852664,5747.876175548589,1,0,False,1,20230315,2,300
11009,10,899.204260651629,6275.7807017543855,0,0,False,1,20230315,2,300
11010,11,899.8779141104294,6816.241104294479,2,0,False,1,20230315,2,300
11011,12,900.0686274509804,7352.053921568628,2,0,False,1,20230315,2,300
11012,13,900.3051612903225,7887.866451612903,1,0,False,1,20230315,2,300
11013,14,900.6003003003003,8428.206306306307,0,0,False,1,20230315,2,300
11014,15,900.0979381443299,8952.051546391753,1,0,False,1,20230315,2,300
11015,16,900.2429274292743,9488.59717097171,0,0,False,1,20230315,2,300
11016,17,901.4233621755252,10024.187268232386,0,0,False,1,20230315,2,300
11017,18,901.0743368291178,10560.657310302282,0,0,False,1,20230315,2,300
11018,19,900.5989802039592,11100.224655068989,1,0,False,1,20230315,2,300
11019,20,899.7005141388174,11639.690231362469,0,0,False,1,20230315,2,300
11020,21,901.428306551298,12176.889369592089,2,0,False,1,20230315,2,300
11021,22,900.3805031446541,12707.771698113207,1,0,False,1,20230315,2,300
11022,23,900.3564231738035,13236.502518891688,1,0,False,1,20230315,2,300
11023,24,899.9824120603015,13772.14824120603,1,0,False,1,20230315,2,300
11024,25,900.1607818411097,14308.690416141237,2,0,False,1,20230315,2,300
11025,26,899.896238244514,14851.685579937304,0,0,False,1,20230315,2,300
11026,27,899.9824120603015,15380.14824120603,1,0,False,1,20230315,2,300
11027,28,899.7795830778664,15920.33629675046,0,0,False,1,20230315,2,300
11028,29,899.6909424724602,16463.68604651163,1,0,False,1,20230315,2,300
11029,30,899.6956112852664,16995.87617554859,1,0,False,1,20230315,2,300
11030,31,899.6055408970976,17531.594986807388,2,0,False,1,20230315,2,300
11031,32,899.5,18067.5,2,0,False,1,20230315,2,300
11032,33,899.5,18599.690231362467,0,0,False,1,20230315,2,300
11033,34,899.6002506265664,19139.404761904763,0,0,False,1,20230315,2,300
11034,35,900.1467065868263,19675.226946107785,0,0,False,1,20230315,2,300
11035,36,900.0925925925926,20211.5,1,0,False,1,20230315,2,300
11036,37,900.1842767295598,20754.86603773585,0,0,False,1,20230315,2,300
11037,38,903.89588688946,21283.309768637533,3,0,True,1,20230315,2,300
11038,39,1342.8345888261142,1199.9695543000628,0,0,False,1,20230315,2,300
11039,40,1343.293710691824,1728.4610062893082,0,0,False,1,20230315,2,300
11040,41,1343.1967699406723,2263.78740936058,0,0,False,1,20230315,2,300
11041,42,1343.2115987460816,2799.7884012539184,1,0,False,1,20230315,2,300
11042,43,1343.211959924859,3335.788040075141,0,0,True,1,20230315,2,300
11043,44,1343.5,3871.694993412385,0,0,False,1,20230315,2,300
11044,45,1343.5,4407.6952440550685,1,1,True,1,20230315,2,300
11045,46,1343.5,4943.5,1,0,False,1,20230315,2,300
11046,47,1343.5975609756097,5479.59756097561,1,0,False,1,20230315,2,300
11047,48,1343.5951768488746,6011.788102893891,0,0,False,1,20230315,2,300
11048,49,1343.7790697674418,6544.357322438717,0,0,False,1,20230315,2,300
11049,50,1343.7002567394095,7083.5,0,0,False,1,20230315,2,300
11050,51,1344.0771643663738,7623.5,0,0,False,1,20230315,2,300
11051,52,1343.7884012539184,8151.788401253919,0,0,False,1,20230315,2,300
11052,53,1343.705533596838,8695.5,0,1,False,1,20230315,2,300
11053,54,1343.6953727506427,9219.885604113111,1,0,False,1,20230315,2,300
11054,55,1343.89588688946,9755.690231362469,1,0,False,1,20230315,2,300
11055,56,1343.399935856318,10291.597498396408,0,0,False,1,20230315,2,300
11056,57,1344.0824742268042,10828.067010309278,0,0,False,1,20230315,2,300
11057,58,1344.4319899244333,11374.568010075567,1,0,False,1,20230315,2,300
11058,59,1343.8859649122808,11903.690476190475,0,0,False,1,20230315,2,300
11059,60,1343.89588688946,12443.309768637531,3,0,False,1,20230315,2,300
11060,61,1343.89588688946,12971.690231362469,1,1,False,1,20230315,2,300
11061,62,1343.690476190476,13503.88596491228,3,0,False,1,20230315,2,300
11062,63,1343.8859649122808,14039.690476190475,2,0,False,1,20230315,2,300
11063,64,1343.4044703000611,14579.402020820577,4,0,False,1,20230315,2,300
11064,65,1343.6953727506427,15115.885604113111,1,0,False,1,20230315,2,300
11065,66,1343.690476190476,15647.88596491228,2,0,False,1,20230315,2,300
11066,67,1343.7884012539184,16191.788401253918,0,0,False,1,20230315,2,300
11067,68,1343.399935856318,16731.402501603592,2,0,False,1,20230315,2,300
11068,69,1343.6865030674846,17267.308588957054,0,0,False,1,20230315,2,300
11069,70,1343.5955296999389,17795.98009797918,0,0,False,1,20230315,2,300
11070,71,1343.5975609756097,18335.40243902439,0,0,False,1,20230315,2,300
11071,72,1343.5,18867.88235294117,0,0,False,1,20230315,2,300
11072,73,1343.5,19403.5,1,0,False,1,20230315,2,300
11073,74,1343.89588688946,19947.309768637533,1,0,False,1,20230315,2,300
11074,75,1344.0539215686274,20482.93137254902,1,0,False,1,20230315,2,300
11075,76,1344.1825499034128,21019.03122987765,1,0,False,1,20230315,2,300
11076,77,1786.8558696988323,928.6923786109404,1,0,False,1,20230315,2,300
11077,78,1786.6937984496124,1464.37338501292,1,0,False,1,20230315,2,300
11078,79,1786.9313725490197,2000.053921568628,3,0,False,1,20230315,2,300
11079,80,1787.2038895859473,2531.781053952321,0,0,False,1,20230315,2,300
11080,81,1786.442065491184,3068.3110831234258,1,0,False,1,20230315,2,300
11081,82,1787.970300061237,3608.149112063688,2,0,True,1,20230315,2,300
11082,83,1787.5979791794243,4135.967850581751,2,1,False,1,20230315,2,300
11083,84,1787.2204169221336,4679.772225628449,1,1,True,1,20230315,2,300
11084,85,1787.029699938763,5208.149112063687,2,0,False,1,20230315,2,300
11085,86,1787.882149591452,5748.053111250786,0,0,False,1,20230315,2,300
11086,87,1787.9753476611884,6276.870417193426,1,0,False,1,20230315,2,300
11087,88,1788.0700245700243,6816.055282555282,0,0,False,1,20230315,2,300
11088,89,1788.0686274509803,7352.053921568628,2,0,False,1,20230315,2,300
11089,90,1787.9066924066924,7887.685328185328,1,0,False,1,20230315,2,300
11090,91,1788.4214157168567,8427.5,0,0,False,1,20230315,2,300
11091,92,1788.8411003236247,8951.057281553398,2,0,False,1,20230315,2,300
11092,93,1788.9590264941469,9488.74460874923,2,0,False,1,20230315,2,300
11093,94,1788.5325752919484,10024.31868469576,1,0,False,1,20230315,2,300
11094,95,1789.3282890673256,10560.925571340333,1,0,False,1,20230315,2,300
11095,96,1788.2420706163973,11099.868641532015,0,0,False,1,20230315,2,300
11096,97,1788.1082474226805,11639.5,1,0,False,1,20230315,2,300
11097,98,1788.8382533825338,12175.657441574416,1,0,False,1,20230315,2,300
11098,99,1788.3636363636365,13236.671717171715,0,0,False,1,20230315,2,300
11099,100,1788.083280955374,13772.053111250783,1,1,False,1,20230315,2,300
11100,101,1788.26214511041,14308.5952681388,0,0,False,1,20230315,2,300
11101,102,1788.0925925925926,14851.5,2,0,False,1,20230315,2,300
11102,103,1787.887665198238,15380.240088105727,1,0,True,1,20230315,2,300
11103,104,1787.8779141104294,15920.24110429448,0,0,False,1,20230315,2,300
11104,105,1787.7886850152904,16463.409480122325,0,0,False,1,20230315,2,300
11105,106,1787.795739348371,16995.780701754386,2,0,False,1,20230315,2,300
11106,107,1787.9177131526767,17531.68506278916,2,0,False,1,20230315,2,300
11107,108,1787.7003757044458,18067.5,0,0,False,1,20230315,2,300
11108,109,1787.6027617212587,18599.59505459217,0,0,False,1,20230315,2,300
11109,110,1787.896238244514,19139.314420062696,0,0,False,1,20230315,2,300
11110,111,1788.4214157168567,19675.5,1,0,False,1,20230315,2,300
11111,112,1788.0925925925926,20211.5,1,0,False,1,20230315,2,300
11112,113,1788.083280955374,20754.94688874921,2,0,False,1,20230315,2,300
11113,114,1788.294468887492,21283.5,1,0,False,1,20230315,2,300
11114,115,1791.89588688946,12707.309768637531,0,0,False,1,20230315,2,300
11115,116,2231.304755944931,1199.5,1,0,False,1,20230315,2,300
11116,117,2231.6907151819323,1727.8764115432873,0,0,False,1,20230315,2,300
11117,118,2231.5,2263.5,0,0,False,1,20230315,2,300
11118,119,2231.5,2799.5,1,0,False,1,20230315,2,300
11119,120,2231.5,3335.5,1,0,False,1,20230315,2,300
11120,121,2231.5,3871.5,0,0,False,1,20230315,2,300
11121,122,2231.695244055069,4407.5,0,0,False,1,20230315,2,300
11122,123,2231.5,4943.5,0,0,False,1,20230315,2,300
11123,124,2231.5,5479.5,2,0,False,1,20230315,2,300
11124,125,2231.6000641436817,6011.402501603592,1,0,False,1,20230315,2,300
11125,126,2231.690476190476,6543.8859649122805,1,0,False,1,20230315,2,300
11126,127,2231.89588688946,7083.690231362468,3,0,False,1,20230315,2,300
11127,128,2232.077164366374,7623.5,2,0,False,1,20230315,2,300
11128,129,2231.8859649122805,8151.690476190476,0,0,False,1,20230315,2,300
11129,130,2232.1076618229854,8695.5,2,0,False,1,20230315,2,300
11130,131,2231.79543994862,9219.787732819525,0,0,False,1,20230315,2,300
11131,132,2232.182549903413,9755.968770122345,2,1,False,1,20230315,2,300
11132,133,2232.182549903413,10291.968770122345,4,0,False,1,20230315,2,300
11133,134,2232.082474226804,10828.067010309278,2,0,False,1,20230315,2,300
11134,135,2231.6902377972465,11375.304755944931,0,0,False,1,20230315,2,300
11135,136,2232.165411173886,11903.969554300063,0,0,False,1,20230315,2,300
11136,137,2231.7002567394097,12443.5,1,0,False,1,20230315,2,300
11137,138,2232.0817245817248,12972.06628056628,1,0,False,1,20230315,2,300
11138,139,2232.3332284455632,13504.529578351165,0,0,False,1,20230315,2,300
11139,140,2232.3332284455632,14040.529578351165,1,0,False,1,20230315,2,300
11140,141,2232.241104294478,14579.87791411043,1,0,False,1,20230315,2,300
11141,142,2232.0817245817248,15116.06628056628,1,0,True,1,20230315,2,300
11142,143,2231.9695543000626,15648.165411173886,0,0,False,1,20230315,2,300
11143,144,2231.8859649122805,16191.690476190475,2,0,False,1,20230315,2,300
11144,145,2231.7002567394097,16731.5,0,0,False,1,20230315,2,300
11145,146,2232.241104294478,17267.681595092025,0,0,False,1,20230315,2,300
11146,147,2232.053921568628,17796.06862745098,0,0,False,1,20230315,2,300
11147,148,2231.8859649122805,18335.69047619048,2,0,False,1,20230315,2,300
11148,149,2232.33629675046,18867.220416922133,1,0,False,1,20230315,2,300
11149,150,2231.79543994862,19403.787732819525,0,0,False,1,20230315,2,300
11150,151,2231.89588688946,19947.309768637533,0,0,False,1,20230315,2,300
11151,152,2232.33629675046,20483.220416922133,2,0,False,1,20230315,2,300
11152,153,2231.89588688946,21019.309768637533,1,0,False,1,20230315,2,300
11153,154,2674.93137254902,928.0539215686274,2,0,False,1,20230315,2,300
11154,155,2677.859493670886,1462.4012658227848,3,0,False,1,20230315,2,300
11155,156,2675.406919779547,1999.776791181874,0,0,False,1,20230315,2,300
11156,157,2674.90666247643,2531.489943431804,3,0,True,1,20230315,2,300
11157,158,2675.1173694147265,3068.04877281309,1,0,False,1,20230315,2,300
11158,159,2674.6416309012875,3607.7722256284487,0,0,False,1,20230315,2,300
11159,160,2678.221252257676,4135.150812763395,0,0,False,1,20230315,2,300
11160,161,2679.5,4679.5,1,0,False,1,20230315,2,300
11161,162,2678.2738452309536,5208.111877624475,1,0,False,1,20230315,2,300
11162,163,2679.5,5747.5,1,0,False,1,20230315,2,300
11163,164,2680.4987699877,6275.849323493235,4,0,False,1,20230315,2,300
11164,165,2679.882775119617,6815.5,1,0,False,1,20230315,2,300
11165,166,2680.2616766467067,7351.859281437126,1,0,False,1,20230315,2,300
11166,167,2680.236225087925,8427.317116060962,1,0,False,1,20230315,2,300
11167,168,2679.907035175879,8951.680904522613,2,0,False,1,20230315,2,300
11168,169,2679.211389385808,9487.774299344066,3,0,False,1,20230315,2,300
11169,170,2680.0693779904304,10024.04066985646,1,0,False,1,20230315,2,300
11170,171,2681.5253470126736,10560.709414604707,0,0,False,1,20230315,2,300
11171,172,2680.147574517826,11099.766510812393,1,0,False,1,20230315,2,300
11172,173,2680.1638705811865,12175.766027561414,2,0,False,1,20230315,2,300
11173,174,2680.093137254902,12707.5,1,0,False,1,20230315,2,300
11174,175,2680.0840490797545,13236.039877300613,1,0,False,1,20230315,2,300
11175,176,2679.796024464832,13771.774006116208,2,0,False,1,20230315,2,300
11176,177,2680.459409594096,14308.385608856088,0,0,False,1,20230315,2,300
11177,178,2679.896572827417,14851.681150550796,0,0,False,1,20230315,2,300
11178,179,2680.0840490797545,15380.039877300613,1,0,False,1,20230315,2,300
11179,180,2680.0693779904304,15920.04066985646,2,0,False,1,20230315,2,300
11180,181,2679.980573819486,16463.406754333533,1,1,False,1,20230315,2,300
11181,182,2679.896572827417,16995.681150550794,1,0,False,1,20230315,2,300
11182,183,2679.605602060528,17531.592723760463,1,0,False,1,20230315,2,300
11183,184,2679.9935543278084,18067.58348680172,0,0,False,1,20230315,2,300
11184,185,2679.80923947203,18599.42206159648,0,0,False,1,20230315,2,300
11185,186,2680.1876155268023,19139.214109673445,1,0,False,1,20230315,2,300
11186,187,2680.4227166276346,19675.5,0,0,False,1,20230315,2,300
11187,188,2679.700488997555,20211.5,0,0,False,1,20230315,2,300
11188,189,2679.7963870177587,20755.22565829761,1,0,False,1,20230315,2,300
11189,190,2680.093137254902,21283.5,1,0,False,1,20230315,2,300
11190,191,2683.602761721259,7887.595054592164,0,0,False,1,20230315,2,300
11191,192,2683.9025806451614,11639.5,1,0,False,1,20230315,2,300
11192,193,3130.359950859951,1199.5,1,1,False,1,20230315,2,300
11193,194,3125.668888888889,1728.9653968253967,1,1,False,1,20230315,2,300
11194,195,3131.397238278741,2263.5950545921646,0,0,True,1,20230315,2,300
11195,196,3127.2105097545627,2799.7794210195093,0,0,False,1,20230315,2,300
11196,197,3129.775092936803,3336.6995043370507,0,0,False,1,20230315,2,300
11197,198,3131.397238278741,3871.5950545921646,0,0,False,1,20230315,2,300
11198,199,3130.726600985221,4406.869458128079,1,0,False,1,20230315,2,300
11199,200,3130.9945196647323,4943.595422308188,0,0,False,1,20230315,2,300
11200,201,3131.402260232132,5479.404703726329,0,0,False,1,20230315,2,300
11201,202,3131.203889585948,6011.781053952322,1,0,False,1,20230315,2,300
11202,203,3131.1220858895704,6544.241104294479,0,0,False,1,20230315,2,300
11203,204,3131.6001251564458,7083.595118898624,2,0,False,1,20230315,2,300
11204,205,3131.5,7623.127450980392,2,0,False,1,20230315,2,300
11205,206,3131.5,8151.872549019607,2,0,False,1,20230315,2,300
11206,207,3131.5,8695.309768637531,1,0,False,1,20230315,2,300
11207,208,3131.6956112852663,9219.876175548588,1,0,False,1,20230315,2,300
11208,209,3131.7961104140527,9755.781053952322,0,0,False,1,20230315,2,300
11209,210,3131.7961104140527,10291.781053952322,1,0,False,1,20230315,2,300
11210,211,3131.5,10828.06246076585,1,0,False,1,20230315,2,300
11211,212,3131.779926335175,11374.854205033764,1,0,False,1,20230315,2,300
11212,213,3131.6909424724604,11903.686046511628,1,0,False,1,20230315,2,300
11213,214,3131.6002506265663,12443.40476190476,3,0,False,1,20230315,2,300
11214,215,3131.7961104140527,12971.781053952322,2,0,False,1,20230315,2,300
11215,216,3131.7795830778664,13504.33629675046,0,0,False,1,20230315,2,300
11216,217,3131.7795830778664,14040.33629675046,0,0,False,1,20230315,2,300
11217,218,3131.960431654676,14579.960431654676,1,1,False,1,20230315,2,300
11218,219,3131.6956112852663,15115.876175548588,0,0,False,1,20230315,2,300
11219,220,3131.5,15648.063035495716,2,1,False,1,20230315,2,300
11220,221,3131.8823529411766,16191.5,2,0,True,1,20230315,2,300
11221,222,3131.5,16731.30964308078,1,0,False,1,20230315,2,300
11222,223,3131.6862686567165,17267.313731343285,1,0,False,1,20230315,2,300
11223,224,3131.313953488372,17795.68604651163,0,0,False,1,20230315,2,300
11224,225,3131.6909424724604,18335.31395348837,0,0,False,1,20230315,2,300
11225,226,3131.68671454219,18867.68671454219,2,0,False,1,20230315,2,300
11226,227,3131.700375704446,19403.5,2,0,False,1,20230315,2,300
11227,228,3131.5,19947.5,1,0,False,1,20230315,2,300
11228,229,3131.782634730539,20482.661676646705,1,0,False,1,20230315,2,300
11229,230,3131.7961104140527,21019.21894604768,1,0,False,1,20230315,2,300
11230,231,3570.6416309012875,927.7722256284488,3,0,False,1,20230315,2,300
11231,232,3571.5,1463.5,2,0,False,1,20230315,2,300
11232,233,3569.9433497536947,2000.5147783251232,0,0,False,1,20230315,2,300
11233,234,3571.3043887147337,2531.1238244514107,2,1,False,1,20230315,2,300
11234,235,3571.8962382445143,3067.6855799373043,2,0,False,1,20230315,2,300
11235,236,3571.5,3607.309523809524,0,0,False,1,20230315,2,300
11236,237,3571.597620500305,4135.595179987798,1,0,False,1,20230315,2,300
11237,238,3571.5,4679.5,0,0,False,1,20230315,2,300
11238,239,3571.88630806846,5207.6858190709045,0,0,False,1,20230315,2,300
11239,240,3571.7961104140527,5747.590338770389,0,0,False,1,20230315,2,300
11240,241,3571.8962382445143,6275.314420062696,0,0,False,1,20230315,2,300
11241,242,3571.69536019536,6815.5,1,0,False,1,20230315,2,300
11242,243,3572.166258420086,7351.041947336191,0,0,False,1,20230315,2,300
11243,244,3571.7056555269924,7887.5,1,0,False,1,20230315,2,300
11244,245,3572.5167865707435,8427.404076738609,2,0,False,1,20230315,2,300
11245,246,3571.9066924066924,8951.685328185327,0,0,False,1,20230315,2,300
11246,247,3572.260736196319,9487.86809815951,1,0,False,1,20230315,2,300
11247,248,3572.260736196319,10023.86809815951,2,0,False,1,20230315,2,300
11248,249,3572.0686274509803,10560.053921568628,2,0,False,1,20230315,2,300
11249,250,3574.511180124224,11097.66645962733,1,0,False,1,20230315,2,300
11250,251,3572.00998068255,11639.404700579524,0,0,False,1,20230315,2,300
11251,252,3572.3583690987125,12175.227774371551,1,0,False,1,20230315,2,300
11252,253,3572.0925925925926,12707.5,0,0,False,1,20230315,2,300
11253,254,3572.0825486503454,13236.052416823602,1,0,False,1,20230315,2,300
11254,255,3571.8962382445143,13771.685579937304,0,0,False,1,20230315,2,300
11255,256,3572.183417085427,14307.957286432162,3,0,False,1,20230315,2,300
11256,257,3571.700375704446,14851.5,1,0,False,1,20230315,2,300
11257,258,3572.183417085427,15379.957286432162,0,0,False,1,20230315,2,300
11258,259,3572.3583690987125,15919.772225628449,0,0,False,1,20230315,2,300
11259,260,3571.88630806846,16463.314180929094,4,0,False,1,20230315,2,300
11260,261,3572.0925925925926,16995.5,0,0,False,1,20230315,2,300
11261,262,3571.6055408970974,17531.594986807388,2,0,False,1,20230315,2,300
11262,263,3571.6001251564458,18067.40488110137,0,0,False,1,20230315,2,300
11263,264,3571.602761721259,18599.59505459217,0,0,False,1,20230315,2,300
11264,265,3572.0925925925926,19139.5,0,0,False,1,20230315,2,300
11265,266,3572.5167865707435,19675.59592326139,1,0,False,1,20230315,2,300
11266,267,3572.0925925925926,20211.5,0,0,True,1,20230315,2,300
11267,268,3572.183417085427,20755.04271356784,1,0,True,1,20230315,2,300
11268,269,3572.0925925925926,21283.5,2,0,False,1,20230315,2,300
11269,270,4023.1235884567127,1199.1135508155585,2,0,False,1,20230315,2,300
11270,271,4023.4024390243903,1727.5975609756097,0,0,False,1,20230315,2,300
11271,272,4023.5,2263.5,1,0,False,1,20230315,2,300
11272,273,4023.5,2799.304755944931,1,0,False,1,20230315,2,300
11273,274,4023.22057898049,3335.7794210195093,0,0,False,1,20230315,2,300
11274,275,4023.6026991441736,3871.597432521396,1,0,False,1,20230315,2,300
11275,276,4023.6911949685536,4407.308805031446,0,0,False,1,20230315,2,300
11276,277,4023.3973008558255,4943.597432521396,2,0,False,1,20230315,2,300
11277,278,4023.690476190476,5479.11403508772,0,0,False,1,20230315,2,300
11278,279,4023.6000641436817,6011.597498396408,0,0,False,1,20230315,2,300
11279,280,4023.690476190476,6543.8859649122805,4,0,False,1,20230315,2,300
11280,281,4023.7002567394097,7083.5,0,0,False,1,20230315,2,300
11281,282,4023.7884012539184,7623.211598746081,0,0,False,1,20230315,2,300
11282,283,4023.885964912281,8151.690476190476,1,0,False,1,20230315,2,300
11283,284,4023.6026991441736,8695.402567478604,2,0,False,1,20230315,2,300
11284,285,4023.7954399486193,9219.787732819525,5,0,False,1,20230315,2,300
11285,286,4023.89588688946,9755.690231362469,1,0,False,1,20230315,2,300
11286,287,4023.89588688946,10291.690231362469,1,0,False,1,20230315,2,300
11287,288,4023.6953727506425,10827.885604113111,3,0,False,1,20230315,2,300
11288,289,4023.7884012539184,11375.211598746082,3,0,False,1,20230315,2,300
11289,290,4023.885964912281,11903.690476190475,4,0,False,1,20230315,2,300
11290,291,4023.7002567394097,12443.5,0,0,False,1,20230315,2,300
11291,292,4023.7954399486193,12971.787732819525,0,0,False,1,20230315,2,300
11292,293,4023.969554300063,13504.165411173886,0,0,False,1,20230315,2,300
11293,294,4023.885964912281,14039.690476190475,0,0,False,1,20230315,2,300
11294,295,4023.87652811736,14579.690709046456,0,0,False,1,20230315,2,300
11295,296,4023.7954399486193,15115.787732819525,0,0,False,1,20230315,2,300
11296,297,4023.5975609756097,15647.40243902439,0,0,False,1,20230315,2,300
11297,298,4023.5,16191.5,1,0,False,1,20230315,2,300
11298,299,4023.6000641436817,16731.402501603592,0,0,False,1,20230315,2,300
11299,300,4023.4048200122015,17267.402379499694,0,0,False,1,20230315,2,300
11300,301,4024.053921568628,17796.06862745098,2,0,False,1,20230315,2,300
11301,302,4023.695244055069,18335.5,1,0,False,1,20230315,2,300
11302,303,4023.5,18867.5,1,0,False,1,20230315,2,300
11303,304,4023.6000641436817,19403.597498396408,0,0,False,1,20230315,2,300
11304,305,4023.89588688946,19947.309768637533,0,0,False,1,20230315,2,300
11305,306,4023.314180929096,20483.11369193154,2,1,False,1,20230315,2,300
11306,307,4023.6000641436817,21019.402501603592,0,0,False,1,20230315,2,300
11307,308,4467.308588957055,927.6865030674846,1,0,False,1,20230315,2,300
11308,309,4467.6027617212585,1463.5950545921644,0,0,False,1,20230315,2,300
11309,310,4467.69094247246,1999.686046511628,0,0,False,1,20230315,2,300
11310,311,4467.5,2531.5,1,0,False,1,20230315,2,300
11311,312,4467.103264281231,3067.133396107972,0,0,False,1,20230315,2,300
11312,313,4467.597620500305,3607.5951799877976,0,0,False,1,20230315,2,300
11313,314,4468.0700245700245,4135.490171990172,2,0,False,1,20230315,2,300
11314,315,4467.790461538461,4678.6704615384615,3,0,False,1,20230315,2,300
11315,316,4467.220416922134,5207.772225628449,3,0,False,1,20230315,2,300
11316,317,4467.600250626567,5747.4047619047615,1,0,False,1,20230315,2,300
11317,318,4467.695611285267,6275.876175548589,2,0,False,1,20230315,2,300
11318,319,4468.067931456549,6814.9467564259485,2,0,False,1,20230315,2,300
11319,320,4467.69094247246,7351.686046511628,1,0,False,1,20230315,2,300
11320,321,4467.705655526992,7887.5,0,0,False,1,20230315,2,300
11321,322,4467.9604316546765,8427.039568345324,1,0,False,1,20230315,2,300
11322,323,4467.803536977492,8951.78038585209,0,0,False,1,20230315,2,300
11323,324,4467.779926335175,9488.145794966236,2,0,False,1,20230315,2,300
11324,325,4467.970876762723,10023.958614347026,1,0,False,1,20230315,2,300
11325,326,4467.779926335175,10560.145794966236,0,0,False,1,20230315,2,300
11326,327,4467.773709483794,11099.773709483794,0,0,False,1,20230315,2,300
11327,328,4467.705655526992,11639.5,3,0,False,1,20230315,2,300
11328,329,4467.691411042945,12175.313496932517,2,0,False,1,20230315,2,300
11329,330,4467.992462311558,12707.404522613066,1,0,False,1,20230315,2,300
11330,331,4467.982412060302,13236.14824120603,1,0,False,1,20230315,2,300
11331,332,4467.695611285267,13771.876175548588,1,0,False,1,20230315,2,300
11332,333,4467.78679245283,14308.335220125786,0,0,False,1,20230315,2,300
11333,334,4467.700375704446,14851.5,0,0,False,1,20230315,2,300
11334,335,4467.695611285267,15379.876175548588,1,0,False,1,20230315,2,300
11335,336,4467.69094247246,15919.686046511628,0,0,False,1,20230315,2,300
11336,337,4467.597979179424,16463.03214941825,0,0,False,1,20230315,2,300
11337,338,4467.796110414053,16995.590338770387,0,0,False,1,20230315,2,300
11338,339,4467.812169312169,17531.589947089946,1,1,False,1,20230315,2,300
11339,340,4467.304143126177,18067.314187068423,4,1,False,1,20230315,2,300
11340,341,4467.6027617212585,18599.59505459217,2,0,False,1,20230315,2,300
11341,342,4467.992462311558,19139.59547738693,1,0,False,1,20230315,2,300
11342,343,4467.9604316546765,19675.586330935253,0,0,False,1,20230315,2,300
11343,344,4467.992462311558,20211.404522613066,0,0,False,1,20230315,2,300
11344,345,4467.695611285267,20755.87617554859,0,0,False,1,20230315,2,300
11345,346,4467.600250626567,21283.404761904763,4,0,True,1,20230315,2,300
11346,347,4910.279048765804,1198.8762793497892,1,1,False,1,20230315,2,300
11347,348,4909.975961538462,1726.3557692307693,0,0,False,1,20230315,2,300
11348,349,4911.294228356336,2263.5,1,0,False,1,20230315,2,300
11349,350,4910.738323353294,2799.859281437126,3,0,False,1,20230315,2,300
11350,351,4910.551497005988,3335.32754491018,2,0,False,1,20230315,2,300
11351,352,4911.092964824121,3871.680904522613,1,0,False,1,20230315,2,300
11352,353,4911.308383233533,4407.317964071856,0,0,False,1,20230315,2,300
11353,354,4911.298994974874,4943.133165829146,3,0,False,1,20230315,2,300
11354,355,4911.308841099164,5479.318399044206,2,0,True,1,20230315,2,300
11355,356,4911.696078431372,6011.318627450981,2,0,False,1,20230315,2,300
11356,357,4911.308383233533,6543.682035928144,2,0,False,1,20230315,2,300
11357,358,4911.796387017759,7083.225658297612,1,0,False,1,20230315,2,300
11358,359,4912.070743405276,7622.958033573142,1,0,False,1,20230315,2,300
11359,360,4911.5,8151.5,1,0,False,1,20230315,2,300
11360,361,4911.5,8694.951572327043,0,0,False,1,20230315,2,300
11361,362,4911.696078431372,9219.68137254902,0,0,False,1,20230315,2,300
11362,363,4911.69656019656,9755.681818181818,1,0,False,1,20230315,2,300
11363,364,4911.5,10291.863190184047,0,0,False,1,20230315,2,300
11364,365,4911.5,10827.863190184047,1,0,False,1,20230315,2,300
11365,366,4911.5,11374.602040816326,1,0,False,1,20230315,2,300
11366,367,4911.780407429598,11902.869682444578,2,0,False,1,20230315,2,300
11367,368,4911.600551808707,12443.043838136113,0,0,False,1,20230315,2,300
11368,369,4911.696078431372,12971.68137254902,4,0,False,1,20230315,2,300
11369,370,4911.780407429598,13504.130317555422,1,0,False,1,20230315,2,300
11370,371,4911.780407429598,14040.130317555422,2,0,False,1,20230315,2,300
11371,372,4911.774165202109,14579.232864674868,0,0,False,1,20230315,2,300
11372,373,4911.696078431372,15115.68137254902,0,0,False,1,20230315,2,300
11373,374,4911.780407429598,15648.130317555422,0,0,False,1,20230315,2,300
11374,375,4911.5,16191.136363636364,0,0,False,1,20230315,2,300
11375,376,4911.5,16731.5,3,0,False,1,20230315,2,300
11376,377,4911.869158878505,17266.77570093458,1,0,False,1,20230315,2,300
11377,378,4911.877182770663,17795.681606519207,0,0,False,1,20230315,2,300
11378,379,4912.261676646706,18335.32754491018,1,0,False,1,20230315,2,300
11379,380,4912.056725146199,18867.49064327485,0,0,False,1,20230315,2,300
11380,381,4911.696078431372,19403.68137254902,0,0,False,1,20230315,2,300
11381,382,4911.796387017759,19947.22565829761,0,0,False,1,20230315,2,300
11382,383,4911.961088355763,20483.050614394386,0,0,False,1,20230315,2,300
11383,384,4911.888206388207,21018.77764127764,0,0,False,1,20230315,2,300
11384,385,5354.359950859951,927.5,0,1,True,1,20230315,2,300
11385,386,5355.3972382787415,1463.4049454078356,0,0,False,1,20230315,2,300
11386,387,5354.355036855037,1999.8341523341523,0,0,False,1,20230315,2,300
11387,388,5355.103761755486,2531.314420062696,1,0,False,1,20230315,2,300
11388,389,5355.299624295554,3067.5,0,0,False,1,20230315,2,300
11389,390,5355.5,3607.309523809524,2,0,False,1,20230315,2,300
11390,391,5355.5,4135.5,1,0,False,1,20230315,2,300
11391,392,5355.87791411043,4678.758895705521,3,0,False,1,20230315,2,300
11392,393,5355.69094247246,5207.313953488372,0,0,True,1,20230315,2,300
11393,394,5355.695611285267,5747.123824451411,0,0,True,1,20230315,2,300
11394,395,5355.600250626567,6275.4047619047615,1,0,False,1,20230315,2,300
11395,396,5355.5,6815.1274509803925,1,0,False,1,20230315,2,300
11396,397,5355.597739767868,7351.404703726329,2,0,False,1,20230315,2,300
11397,398,5355.6027617212585,7887.404945407836,1,0,False,1,20230315,2,300
11398,399,5355.868641532017,8426.757929383602,0,0,False,1,20230315,2,300
11399,400,5355.6027617212585,8951.595054592164,1,0,False,1,20230315,2,300
11400,401,5355.69094247246,9487.686046511628,0,0,False,1,20230315,2,300
11401,402,5355.882352941177,10023.5,1,0,False,1,20230315,2,300
11402,403,5355.788685015291,10559.781345565749,0,0,False,1,20230315,2,300
11403,404,5355.87298266587,11099.5,5,0,False,1,20230315,2,300
11404,405,5355.803536977492,11639.21961414791,2,0,False,1,20230315,2,300
11405,406,5355.788685015291,12175.218654434251,0,0,False,1,20230315,2,300
11406,407,5355.796110414053,12707.218946047678,2,0,False,1,20230315,2,300
11407,408,5355.896238244514,13235.685579937304,1,0,False,1,20230315,2,300
11408,409,5355.700375704446,13771.5,3,0,False,1,20230315,2,300
11409,410,5355.796110414053,14307.781053952322,2,0,False,1,20230315,2,300
11410,411,5355.600125156446,14851.404881101376,1,0,False,1,20230315,2,300
11411,412,5355.700375704446,15379.5,2,0,False,1,20230315,2,300
11412,413,5355.88630806846,15919.685819070904,0,0,False,1,20230315,2,300
11413,414,5355.5,16462.936964504283,1,0,False,1,20230315,2,300
11414,415,5355.896238244514,16995.314420062696,0,0,False,1,20230315,2,300
11415,416,5355.917713152677,17531.31493721084,0,0,False,1,20230315,2,300
11416,417,5355.795739348371,18067.21929824561,1,0,False,1,20230315,2,300
11417,418,5355.6027617212585,18599.59505459217,1,0,False,1,20230315,2,300
11418,419,5355.700375704446,19139.5,0,0,False,1,20230315,2,300
11419,420,5355.968339307049,19675.40442054958,0,0,False,1,20230315,2,300
11420,421,5355.600125156446,20211.40488110137,2,0,True,1,20230315,2,300
11421,422,5355.795739348371,20755.21929824561,0,0,False,1,20230315,2,300
11422,423,5355.700375704446,21283.5,0,0,False,1,20230315,2,300
11423,424,5806.541916167665,1199.3179640718563,1,0,False,1,20230315,2,300
11424,425,5806.328331332533,1727.2454981992796,3,0,False,1,20230315,2,300
11425,426,5806.901257861635,2262.9616352201256,0,0,False,1,20230315,2,300
11426,427,5807.019426180514,2799.4067543335327,2,0,False,1,20230315,2,300
11427,428,5807.204504504504,3335.262162162162,2,0,False,1,20230315,2,300
11428,429,5807.705771643664,3871.5,1,0,False,1,20230315,2,300
11429,430,5807.308383233533,4407.317964071856,1,1,False,1,20230315,2,300
11430,431,5807.397049591965,4943.407093534212,0,0,False,1,20230315,2,300
11431,432,5807.5,5479.136363636364,0,0,False,1,20230315,2,300
11432,433,5807.5,6011.5,0,0,False,1,20230315,2,300
11433,434,5807.317964071856,6544.223353293413,0,0,False,1,20230315,2,300
11434,435,5807.303921568628,7083.318627450981,1,0,False,1,20230315,2,300
11435,436,5807.5,7623.136363636364,1,0,False,1,20230315,2,300
11436,437,5807.5,8151.5,2,0,False,1,20230315,2,300
11437,438,5807.5,8694.951572327043,0,0,False,1,20230315,2,300
11438,439,5807.399448191293,9219.956161863887,0,0,False,1,20230315,2,300
11439,440,5807.303921568628,9755.68137254902,0,0,False,1,20230315,2,300
11440,441,5807.5,10291.863190184047,2,0,False,1,20230315,2,300
11441,442,5807.5,10827.863190184047,1,0,False,1,20230315,2,300
11442,443,5807.5,11374.602040816326,2,0,False,1,20230315,2,300
11443,444,5807.691616766467,11903.317964071855,0,0,False,1,20230315,2,300
11444,445,5807.600551808707,12443.043838136113,2,0,False,1,20230315,2,300
11445,446,5807.696078431372,12971.68137254902,1,0,False,1,20230315,2,300
11446,447,5807.5,13503.863636363636,2,0,False,1,20230315,2,300
11447,448,5807.780407429598,14040.130317555422,1,0,False,1,20230315,2,300
11448,449,5807.5,14579.5,1,0,False,1,20230315,2,300
11449,450,5807.5,15115.5,1,2,False,1,20230315,2,300
11450,451,5807.308383233533,15647.682035928145,3,1,False,1,20230315,2,300
11451,452,5807.219592570402,16190.869682444578,0,0,False,1,20230315,2,300
11452,453,5807.203975535168,16731.225993883792,0,0,False,1,20230315,2,300
11453,454,5808.315897136177,17266.518118059616,0,0,False,1,20230315,2,300
11454,455,5807.5,17795.5,1,0,False,1,20230315,2,300
11455,456,5807.598027495517,18335.04333532576,0,0,True,1,20230315,2,300
11456,457,5807.686915887851,18867.317757009347,1,0,False,1,20230315,2,300
11457,458,5807.399694189602,19403.59296636085,3,0,True,1,20230315,2,300
11458,459,5807.600551808707,19947.04383813612,0,0,True,1,20230315,2,300
11459,460,5807.322429906542,20482.59813084112,1,0,False,1,20230315,2,300
11460,461,5807.600551808707,21019.04383813612,1,0,False,1,20230315,2,300
11461,462,6248.491920447483,929.41671845867,0,0,True,1,20230315,2,300
11462,463,6250.684516129032,1463.5,1,1,False,1,20230315,2,300
11463,464,6250.062461538461,1999.2710769230769,0,0,False,1,20230315,2,300
11464,465,6246.90797940798,2531.5,1,0,False,1,20230315,2,300
11465,466,6251.103761755486,3067.6855799373043,0,0,False,1,20230315,2,300
11466,467,6251.402379499695,3607.4048200122015,0,0,False,1,20230315,2,300
11467,468,6251.30905752754,4135.686046511628,3,0,False,1,20230315,2,300
11468,469,6251.788685015291,4679.21865443425,0,0,False,1,20230315,2,300
11469,470,6251.882352941177,5207.5,1,0,False,1,20230315,2,300
11470,471,6251.600250626567,5747.4047619047615,0,0,False,1,20230315,2,300
11471,472,6251.600250626567,6275.595238095239,1,0,False,1,20230315,2,300
11472,473,6251.5,6815.1274509803925,2,0,False,1,20230315,2,300
11473,474,6251.5,7351.5,0,0,False,1,20230315,2,300
11474,475,6251.6027617212585,7887.404945407836,0,0,False,1,20230315,2,300
11475,476,6251.773053892216,8426.853293413174,0,1,False,1,20230315,2,300
11476,477,6251.5,8951.690231362469,0,0,False,1,20230315,2,300
11477,478,6251.5,9487.872549019608,1,0,False,1,20230315,2,300
11478,479,6251.5,10023.872549019608,1,0,False,1,20230315,2,300
11479,480,6251.69094247246,10559.686046511628,1,0,False,1,20230315,2,300
11480,481,6251.87298266587,11099.5,2,0,False,1,20230315,2,300
11481,482,6251.6027617212585,11639.404945407836,2,0,False,1,20230315,2,300
11482,483,6251.597979179424,12175.032149418248,1,0,False,1,20230315,2,300
11483,484,6251.796110414053,12707.218946047678,0,0,False,1,20230315,2,300
11484,485,6251.896238244514,13235.685579937304,1,0,False,1,20230315,2,300
11485,486,6251.600125156446,13771.595118898624,0,0,False,1,20230315,2,300
11486,487,6251.795739348371,14307.780701754386,0,0,False,1,20230315,2,300
11487,488,6251.5,14851.309643080776,3,0,False,1,20230315,2,300
11488,489,6251.600250626567,15379.40476190476,0,0,False,1,20230315,2,300
11489,490,6251.5,15919.5,1,0,False,1,20230315,2,300
11490,491,6251.5,16462.389434889436,0,0,False,1,20230315,2,300
11491,492,6251.5,16995.30964308078,1,0,False,1,20230315,2,300
11492,493,6251.605540897098,17531.405013192612,0,0,False,1,20230315,2,300
11493,494,6251.5,18066.93753923415,1,0,True,1,20230315,2,300
11494,495,6251.5,18599.5,3,0,False,1,20230315,2,300
11495,496,6251.5,19139.30964308078,1,1,True,1,20230315,2,300
11496,497,6251.5,19675.12701733413,3,0,False,1,20230315,2,300
11497,498,6251.5,20211.30964308078,0,0,False,1,20230315,2,300
11498,499,6251.399874843554,20755.40488110137,1,0,False,1,20230315,2,300
11499,500,6251.600250626567,21283.404761904763,0,0,True,1,20230315,2,300
11500,1,899.004835589942,1464.1473243068988,0,0,True,1,20230315,2,350
11501,2,898.7570725707257,2000.5971709717096,0,0,False,1,20230315,2,350
11502,3,899.2132075471698,2532.3352201257862,0,0,False,1,20230315,2,350
11503,4,899.2132075471698,3068.3352201257862,1,0,False,1,20230315,2,350
11504,5,899.4020208205757,3607.967850581752,1,0,False,1,20230315,2,350
11505,6,899.2204169221336,4136.33629675046,2,0,False,1,20230315,2,350
11506,7,899.4020208205757,4679.967850581751,0,0,False,1,20230315,2,350
11507,8,899.7795830778664,5208.33629675046,2,0,False,1,20230315,2,350
11508,9,899.6956112852664,5747.876175548589,1,0,False,1,20230315,2,350
11509,10,899.204260651629,6275.7807017543855,0,0,False,1,20230315,2,350
11510,11,899.8779141104294,6816.241104294479,0,0,False,1,20230315,2,350
11511,12,900.0686274509804,7352.053921568628,0,0,False,1,20230315,2,350
11512,13,900.3051612903225,7887.866451612903,0,0,False,1,20230315,2,350
11513,14,900.6003003003003,8428.206306306307,1,1,False,1,20230315,2,350
11514,15,900.0979381443299,8952.051546391753,2,0,False,1,20230315,2,350
11515,16,900.2429274292743,9488.59717097171,1,0,False,1,20230315,2,350
11516,17,901.4233621755252,10024.187268232386,1,0,False,1,20230315,2,350
11517,18,901.0743368291178,10560.657310302282,3,0,False,1,20230315,2,350
11518,19,900.5989802039592,11100.224655068989,3,0,False,1,20230315,2,350
11519,20,899.7005141388174,11639.690231362469,4,0,False,1,20230315,2,350
11520,21,901.428306551298,12176.889369592089,0,0,False,1,20230315,2,350
11521,22,900.3805031446541,12707.771698113207,4,0,False,1,20230315,2,350
11522,23,900.3564231738035,13236.502518891688,3,0,False,1,20230315,2,350
11523,24,899.9824120603015,13772.14824120603,1,0,False,1,20230315,2,350
11524,25,900.1607818411097,14308.690416141237,1,0,False,1,20230315,2,350
11525,26,899.896238244514,14851.685579937304,1,0,False,1,20230315,2,350
11526,27,899.9824120603015,15380.14824120603,4,0,False,1,20230315,2,350
11527,28,899.7795830778664,15920.33629675046,1,0,False,1,20230315,2,350
11528,29,899.6909424724602,16463.68604651163,1,0,False,1,20230315,2,350
11529,30,899.6956112852664,16995.87617554859,0,0,False,1,20230315,2,350
11530,31,899.6055408970976,17531.594986807388,0,0,False,1,20230315,2,350
11531,32,899.5,18067.5,0,0,False,1,20230315,2,350
11532,33,899.5,18599.690231362467,0,0,False,1,20230315,2,350
11533,34,899.6002506265664,19139.404761904763,1,0,False,1,20230315,2,350
11534,35,900.1467065868263,19675.226946107785,0,0,False,1,20230315,2,350
11535,36,900.0925925925926,20211.5,3,0,False,1,20230315,2,350
11536,37,900.1842767295598,20754.86603773585,1,0,False,1,20230315,2,350
11537,38,903.89588688946,21283.309768637533,1,0,True,1,20230315,2,350
11538,39,1342.8345888261142,1199.9695543000628,0,0,False,1,20230315,2,350
11539,40,1343.293710691824,1728.4610062893082,1,0,False,1,20230315,2,350
11540,41,1343.1967699406723,2263.78740936058,0,0,False,1,20230315,2,350
11541,42,1343.2115987460816,2799.7884012539184,1,0,False,1,20230315,2,350
11542,43,1343.211959924859,3335.788040075141,1,0,False,1,20230315,2,350
11543,44,1343.5,3871.694993412385,2,0,False,1,20230315,2,350
11544,45,1343.5,4407.6952440550685,1,0,False,1,20230315,2,350
11545,46,1343.5,4943.5,1,0,False,1,20230315,2,350
11546,47,1343.5975609756097,5479.59756097561,2,0,False,1,20230315,2,350
11547,48,1343.5951768488746,6011.788102893891,2,0,False,1,20230315,2,350
11548,49,1343.7790697674418,6544.357322438717,0,0,False,1,20230315,2,350
11549,50,1343.7002567394095,7083.5,2,0,False,1,20230315,2,350
11550,51,1344.0771643663738,7623.5,0,0,False,1,20230315,2,350
11551,52,1343.7884012539184,8151.788401253919,0,0,False,1,20230315,2,350
11552,53,1343.705533596838,8695.5,2,0,False,1,20230315,2,350
11553,54,1343.6953727506427,9219.885604113111,2,0,False,1,20230315,2,350
11554,55,1343.89588688946,9755.690231362469,1,0,False,1,20230315,2,350
11555,56,1343.399935856318,10291.597498396408,1,0,True,1,20230315,2,350
11556,57,1344.0824742268042,10828.067010309278,0,0,False,1,20230315,2,350
11557,58,1344.4319899244333,11374.568010075567,1,0,False,1,20230315,2,350
11558,59,1343.8859649122808,11903.690476190475,1,0,False,1,20230315,2,350
11559,60,1343.89588688946,12443.309768637531,2,0,False,1,20230315,2,350
11560,61,1343.89588688946,12971.690231362469,1,0,False,1,20230315,2,350
11561,62,1343.690476190476,13503.88596491228,0,0,False,1,20230315,2,350
11562,63,1343.8859649122808,14039.690476190475,4,0,False,1,20230315,2,350
11563,64,1343.4044703000611,14579.402020820577,0,0,False,1,20230315,2,350
11564,65,1343.6953727506427,15115.885604113111,1,0,False,1,20230315,2,350
11565,66,1343.690476190476,15647.88596491228,0,0,False,1,20230315,2,350
11566,67,1343.7884012539184,16191.788401253918,0,0,False,1,20230315,2,350
11567,68,1343.399935856318,16731.402501603592,0,0,False,1,20230315,2,350
11568,69,1343.6865030674846,17267.308588957054,2,0,False,1,20230315,2,350
11569,70,1343.5955296999389,17795.98009797918,2,0,False,1,20230315,2,350
11570,71,1343.5975609756097,18335.40243902439,2,0,False,1,20230315,2,350
11571,72,1343.5,18867.88235294117,0,0,False,1,20230315,2,350
11572,73,1343.5,19403.5,1,0,False,1,20230315,2,350
11573,74,1343.89588688946,19947.309768637533,0,0,False,1,20230315,2,350
11574,75,1344.0539215686274,20482.93137254902,4,0,False,1,20230315,2,350
11575,76,1344.1825499034128,21019.03122987765,1,0,False,1,20230315,2,350
11576,77,1786.8558696988323,928.6923786109404,2,0,False,1,20230315,2,350
11577,78,1786.6937984496124,1464.37338501292,0,0,False,1,20230315,2,350
11578,79,1786.9313725490197,2000.053921568628,0,0,False,1,20230315,2,350
11579,80,1787.2038895859473,2531.781053952321,1,0,False,1,20230315,2,350
11580,81,1786.442065491184,3068.3110831234258,0,0,False,1,20230315,2,350
11581,82,1787.970300061237,3608.149112063688,1,0,False,1,20230315,2,350
11582,83,1787.5979791794243,4135.967850581751,2,0,False,1,20230315,2,350
11583,84,1787.2204169221336,4679.772225628449,0,0,False,1,20230315,2,350
11584,85,1787.029699938763,5208.149112063687,1,0,False,1,20230315,2,350
11585,86,1787.882149591452,5748.053111250786,0,0,False,1,20230315,2,350
11586,87,1787.9753476611884,6276.870417193426,1,0,False,1,20230315,2,350
11587,88,1788.0700245700243,6816.055282555282,0,0,False,1,20230315,2,350
11588,89,1788.0686274509803,7352.053921568628,0,0,False,1,20230315,2,350
11589,90,1787.9066924066924,7887.685328185328,0,0,False,1,20230315,2,350
11590,91,1788.4214157168567,8427.5,2,0,False,1,20230315,2,350
11591,92,1788.8411003236247,8951.057281553398,1,1,False,1,20230315,2,350
11592,93,1788.9590264941469,9488.74460874923,0,0,False,1,20230315,2,350
11593,94,1788.5325752919484,10024.31868469576,0,0,True,1,20230315,2,350
11594,95,1789.3282890673256,10560.925571340333,1,0,True,1,20230315,2,350
11595,96,1788.2420706163973,11099.868641532015,1,0,False,1,20230315,2,350
11596,97,1788.1082474226805,11639.5,0,0,False,1,20230315,2,350
11597,98,1788.8382533825338,12175.657441574416,2,0,False,1,20230315,2,350
11598,99,1788.3636363636365,13236.671717171715,1,0,False,1,20230315,2,350
11599,100,1788.083280955374,13772.053111250783,2,0,False,1,20230315,2,350
11600,101,1788.26214511041,14308.5952681388,0,0,False,1,20230315,2,350
11601,102,1788.0925925925926,14851.5,0,0,False,1,20230315,2,350
11602,103,1787.887665198238,15380.240088105727,2,0,False,1,20230315,2,350
11603,104,1787.8779141104294,15920.24110429448,2,0,False,1,20230315,2,350
11604,105,1787.7886850152904,16463.409480122325,0,0,False,1,20230315,2,350
11605,106,1787.795739348371,16995.780701754386,0,0,False,1,20230315,2,350
11606,107,1787.9177131526767,17531.68506278916,3,0,False,1,20230315,2,350
11607,108,1787.7003757044458,18067.5,1,0,False,1,20230315,2,350
11608,109,1787.6027617212587,18599.59505459217,1,0,False,1,20230315,2,350
11609,110,1787.896238244514,19139.314420062696,1,0,False,1,20230315,2,350
11610,111,1788.4214157168567,19675.5,1,0,False,1,20230315,2,350
11611,112,1788.0925925925926,20211.5,1,1,False,1,20230315,2,350
11612,113,1788.083280955374,20754.94688874921,2,0,False,1,20230315,2,350
11613,114,1788.294468887492,21283.5,1,0,False,1,20230315,2,350
11614,115,1791.89588688946,12707.309768637531,1,0,False,1,20230315,2,350
11615,116,2231.304755944931,1199.5,0,0,False,1,20230315,2,350
11616,117,2231.6907151819323,1727.8764115432873,0,0,False,1,20230315,2,350
11617,118,2231.5,2263.5,0,0,False,1,20230315,2,350
11618,119,2231.5,2799.5,2,0,False,1,20230315,2,350
11619,120,2231.5,3335.5,0,0,False,1,20230315,2,350
11620,121,2231.5,3871.5,0,0,False,1,20230315,2,350
11621,122,2231.695244055069,4407.5,1,0,False,1,20230315,2,350
11622,123,2231.5,4943.5,0,0,False,1,20230315,2,350
11623,124,2231.5,5479.5,2,0,False,1,20230315,2,350
11624,125,2231.6000641436817,6011.402501603592,1,0,True,1,20230315,2,350
11625,126,2231.690476190476,6543.8859649122805,2,0,False,1,20230315,2,350
11626,127,2231.89588688946,7083.690231362468,0,0,False,1,20230315,2,350
11627,128,2232.077164366374,7623.5,3,0,False,1,20230315,2,350
11628,129,2231.8859649122805,8151.690476190476,0,0,True,1,20230315,2,350
11629,130,2232.1076618229854,8695.5,1,0,False,1,20230315,2,350
11630,131,2231.79543994862,9219.787732819525,2,0,True,1,20230315,2,350
11631,132,2232.182549903413,9755.968770122345,0,0,False,1,20230315,2,350
11632,133,2232.182549903413,10291.968770122345,0,0,False,1,20230315,2,350
11633,134,2232.082474226804,10828.067010309278,1,0,False,1,20230315,2,350
11634,135,2231.6902377972465,11375.304755944931,2,0,False,1,20230315,2,350
11635,136,2232.165411173886,11903.969554300063,2,0,False,1,20230315,2,350
11636,137,2231.7002567394097,12443.5,0,0,False,1,20230315,2,350
11637,138,2232.0817245817248,12972.06628056628,0,0,False,1,20230315,2,350
11638,139,2232.3332284455632,13504.529578351165,0,0,False,1,20230315,2,350
11639,140,2232.3332284455632,14040.529578351165,1,0,False,1,20230315,2,350
11640,141,2232.241104294478,14579.87791411043,2,0,False,1,20230315,2,350
11641,142,2232.0817245817248,15116.06628056628,0,0,False,1,20230315,2,350
11642,143,2231.9695543000626,15648.165411173886,0,0,False,1,20230315,2,350
11643,144,2231.8859649122805,16191.690476190475,3,0,False,1,20230315,2,350
11644,145,2231.7002567394097,16731.5,0,0,False,1,20230315,2,350
11645,146,2232.241104294478,17267.681595092025,0,0,False,1,20230315,2,350
11646,147,2232.053921568628,17796.06862745098,3,0,False,1,20230315,2,350
11647,148,2231.8859649122805,18335.69047619048,0,0,False,1,20230315,2,350
11648,149,2232.33629675046,18867.220416922133,2,0,False,1,20230315,2,350
11649,150,2231.79543994862,19403.787732819525,1,0,False,1,20230315,2,350
11650,151,2231.89588688946,19947.309768637533,1,0,False,1,20230315,2,350
11651,152,2232.33629675046,20483.220416922133,1,0,False,1,20230315,2,350
11652,153,2231.89588688946,21019.309768637533,1,0,False,1,20230315,2,350
11653,154,2674.93137254902,928.0539215686274,0,0,False,1,20230315,2,350
11654,155,2677.859493670886,1462.4012658227848,2,0,False,1,20230315,2,350
11655,156,2675.406919779547,1999.776791181874,0,0,False,1,20230315,2,350
11656,157,2674.90666247643,2531.489943431804,1,0,False,1,20230315,2,350
11657,158,2675.1173694147265,3068.04877281309,0,0,True,1,20230315,2,350
11658,159,2674.6416309012875,3607.7722256284487,2,0,True,1,20230315,2,350
11659,160,2678.221252257676,4135.150812763395,1,0,False,1,20230315,2,350
11660,161,2679.5,4679.5,2,0,False,1,20230315,2,350
11661,162,2678.2738452309536,5208.111877624475,1,0,False,1,20230315,2,350
11662,163,2679.5,5747.5,0,0,False,1,20230315,2,350
11663,164,2680.4987699877,6275.849323493235,1,0,False,1,20230315,2,350
11664,165,2679.882775119617,6815.5,0,0,False,1,20230315,2,350
11665,166,2680.2616766467067,7351.859281437126,1,0,False,1,20230315,2,350
11666,167,2680.236225087925,8427.317116060962,0,0,False,1,20230315,2,350
11667,168,2679.907035175879,8951.680904522613,5,0,False,1,20230315,2,350
11668,169,2679.211389385808,9487.774299344066,1,0,False,1,20230315,2,350
11669,170,2680.0693779904304,10024.04066985646,0,0,False,1,20230315,2,350
11670,171,2681.5253470126736,10560.709414604707,2,0,False,1,20230315,2,350
11671,172,2680.147574517826,11099.766510812393,0,0,False,1,20230315,2,350
11672,173,2680.1638705811865,12175.766027561414,2,0,False,1,20230315,2,350
11673,174,2680.093137254902,12707.5,0,0,False,1,20230315,2,350
11674,175,2680.0840490797545,13236.039877300613,0,0,False,1,20230315,2,350
11675,176,2679.796024464832,13771.774006116208,6,0,False,1,20230315,2,350
11676,177,2680.459409594096,14308.385608856088,2,0,True,1,20230315,2,350
11677,178,2679.896572827417,14851.681150550796,2,0,False,1,20230315,2,350
11678,179,2680.0840490797545,15380.039877300613,1,0,False,1,20230315,2,350
11679,180,2680.0693779904304,15920.04066985646,3,0,False,1,20230315,2,350
11680,181,2679.980573819486,16463.406754333533,1,0,True,1,20230315,2,350
11681,182,2679.896572827417,16995.681150550794,0,0,False,1,20230315,2,350
11682,183,2679.605602060528,17531.592723760463,1,0,False,1,20230315,2,350
11683,184,2679.9935543278084,18067.58348680172,1,0,False,1,20230315,2,350
11684,185,2679.80923947203,18599.42206159648,1,0,False,1,20230315,2,350
11685,186,2680.1876155268023,19139.214109673445,2,0,False,1,20230315,2,350
11686,187,2680.4227166276346,19675.5,1,0,False,1,20230315,2,350
11687,188,2679.700488997555,20211.5,1,0,False,1,20230315,2,350
11688,189,2679.7963870177587,20755.22565829761,0,0,False,1,20230315,2,350
11689,190,2680.093137254902,21283.5,0,0,False,1,20230315,2,350
11690,191,2683.602761721259,7887.595054592164,0,0,False,1,20230315,2,350
11691,192,2683.9025806451614,11639.5,1,0,False,1,20230315,2,350
11692,193,3130.359950859951,1199.5,0,0,False,1,20230315,2,350
11693,194,3125.668888888889,1728.9653968253967,0,0,False,1,20230315,2,350
11694,195,3131.397238278741,2263.5950545921646,0,0,False,1,20230315,2,350
11695,196,3127.2105097545627,2799.7794210195093,0,0,False,1,20230315,2,350
11696,197,3129.775092936803,3336.6995043370507,0,0,False,1,20230315,2,350
11697,198,3131.397238278741,3871.5950545921646,0,0,False,1,20230315,2,350
11698,199,3130.726600985221,4406.869458128079,1,0,True,1,20230315,2,350
11699,200,3130.9945196647323,4943.595422308188,1,0,False,1,20230315,2,350
11700,201,3131.402260232132,5479.404703726329,0,0,False,1,20230315,2,350
11701,202,3131.203889585948,6011.781053952322,1,0,False,1,20230315,2,350
11702,203,3131.1220858895704,6544.241104294479,2,0,False,1,20230315,2,350
11703,204,3131.6001251564458,7083.595118898624,0,0,False,1,20230315,2,350
11704,205,3131.5,7623.127450980392,1,0,False,1,20230315,2,350
11705,206,3131.5,8151.872549019607,0,0,False,1,20230315,2,350
11706,207,3131.5,8695.309768637531,1,0,False,1,20230315,2,350
11707,208,3131.6956112852663,9219.876175548588,0,0,False,1,20230315,2,350
11708,209,3131.7961104140527,9755.781053952322,1,0,False,1,20230315,2,350
11709,210,3131.7961104140527,10291.781053952322,0,0,False,1,20230315,2,350
11710,211,3131.5,10828.06246076585,2,0,False,1,20230315,2,350
11711,212,3131.779926335175,11374.854205033764,0,0,True,1,20230315,2,350
11712,213,3131.6909424724604,11903.686046511628,0,0,True,1,20230315,2,350
11713,214,3131.6002506265663,12443.40476190476,0,0,False,1,20230315,2,350
11714,215,3131.7961104140527,12971.781053952322,0,0,False,1,20230315,2,350
11715,216,3131.7795830778664,13504.33629675046,0,0,False,1,20230315,2,350
11716,217,3131.7795830778664,14040.33629675046,1,0,True,1,20230315,2,350
11717,218,3131.960431654676,14579.960431654676,0,0,True,1,20230315,2,350
11718,219,3131.6956112852663,15115.876175548588,0,0,False,1,20230315,2,350
11719,220,3131.5,15648.063035495716,2,0,False,1,20230315,2,350
11720,221,3131.8823529411766,16191.5,0,0,False,1,20230315,2,350
11721,222,3131.5,16731.30964308078,1,0,False,1,20230315,2,350
11722,223,3131.6862686567165,17267.313731343285,0,0,False,1,20230315,2,350
11723,224,3131.313953488372,17795.68604651163,0,0,False,1,20230315,2,350
11724,225,3131.6909424724604,18335.31395348837,1,0,False,1,20230315,2,350
11725,226,3131.68671454219,18867.68671454219,0,0,False,1,20230315,2,350
11726,227,3131.700375704446,19403.5,1,0,False,1,20230315,2,350
11727,228,3131.5,19947.5,1,0,False,1,20230315,2,350
11728,229,3131.782634730539,20482.661676646705,3,1,False,1,20230315,2,350
11729,230,3131.7961104140527,21019.21894604768,1,0,False,1,20230315,2,350
11730,231,3570.6416309012875,927.7722256284488,1,0,False,1,20230315,2,350
11731,232,3571.5,1463.5,0,0,False,1,20230315,2,350
11732,233,3569.9433497536947,2000.5147783251232,1,0,False,1,20230315,2,350
11733,234,3571.3043887147337,2531.1238244514107,0,0,False,1,20230315,2,350
11734,235,3571.8962382445143,3067.6855799373043,0,0,False,1,20230315,2,350
11735,236,3571.5,3607.309523809524,1,0,False,1,20230315,2,350
11736,237,3571.597620500305,4135.595179987798,1,0,True,1,20230315,2,350
11737,238,3571.5,4679.5,3,0,True,1,20230315,2,350
11738,239,3571.88630806846,5207.6858190709045,0,0,False,1,20230315,2,350
11739,240,3571.7961104140527,5747.590338770389,4,0,False,1,20230315,2,350
11740,241,3571.8962382445143,6275.314420062696,2,0,False,1,20230315,2,350
11741,242,3571.69536019536,6815.5,1,0,False,1,20230315,2,350
11742,243,3572.166258420086,7351.041947336191,1,0,False,1,20230315,2,350
11743,244,3571.7056555269924,7887.5,2,0,False,1,20230315,2,350
11744,245,3572.5167865707435,8427.404076738609,2,0,False,1,20230315,2,350
11745,246,3571.9066924066924,8951.685328185327,1,0,False,1,20230315,2,350
11746,247,3572.260736196319,9487.86809815951,2,0,False,1,20230315,2,350
11747,248,3572.260736196319,10023.86809815951,3,0,False,1,20230315,2,350
11748,249,3572.0686274509803,10560.053921568628,0,0,False,1,20230315,2,350
11749,250,3574.511180124224,11097.66645962733,0,0,False,1,20230315,2,350
11750,251,3572.00998068255,11639.404700579524,0,0,False,1,20230315,2,350
11751,252,3572.3583690987125,12175.227774371551,0,0,False,1,20230315,2,350
11752,253,3572.0925925925926,12707.5,4,0,False,1,20230315,2,350
11753,254,3572.0825486503454,13236.052416823602,1,0,False,1,20230315,2,350
11754,255,3571.8962382445143,13771.685579937304,1,0,False,1,20230315,2,350
11755,256,3572.183417085427,14307.957286432162,0,0,False,1,20230315,2,350
11756,257,3571.700375704446,14851.5,0,0,False,1,20230315,2,350
11757,258,3572.183417085427,15379.957286432162,1,0,False,1,20230315,2,350
11758,259,3572.3583690987125,15919.772225628449,1,0,False,1,20230315,2,350
11759,260,3571.88630806846,16463.314180929094,3,0,False,1,20230315,2,350
11760,261,3572.0925925925926,16995.5,0,0,False,1,20230315,2,350
11761,262,3571.6055408970974,17531.594986807388,3,0,False,1,20230315,2,350
11762,263,3571.6001251564458,18067.40488110137,0,0,False,1,20230315,2,350
11763,264,3571.602761721259,18599.59505459217,1,1,False,1,20230315,2,350
11764,265,3572.0925925925926,19139.5,0,0,False,1,20230315,2,350
11765,266,3572.5167865707435,19675.59592326139,1,0,False,1,20230315,2,350
11766,267,3572.0925925925926,20211.5,0,0,False,1,20230315,2,350
11767,268,3572.183417085427,20755.04271356784,0,0,False,1,20230315,2,350
11768,269,3572.0925925925926,21283.5,0,0,True,1,20230315,2,350
11769,270,4023.1235884567127,1199.1135508155585,0,0,False,1,20230315,2,350
11770,271,4023.4024390243903,1727.5975609756097,0,0,False,1,20230315,2,350
11771,272,4023.5,2263.5,1,0,False,1,20230315,2,350
11772,273,4023.5,2799.304755944931,1,0,False,1,20230315,2,350
11773,274,4023.22057898049,3335.7794210195093,1,0,False,1,20230315,2,350
11774,275,4023.6026991441736,3871.597432521396,1,0,False,1,20230315,2,350
11775,276,4023.6911949685536,4407.308805031446,0,0,False,1,20230315,2,350
11776,277,4023.3973008558255,4943.597432521396,1,0,True,1,20230315,2,350
11777,278,4023.690476190476,5479.11403508772,1,0,False,1,20230315,2,350
11778,279,4023.6000641436817,6011.597498396408,0,0,False,1,20230315,2,350
11779,280,4023.690476190476,6543.8859649122805,1,1,False,1,20230315,2,350
11780,281,4023.7002567394097,7083.5,1,0,False,1,20230315,2,350
11781,282,4023.7884012539184,7623.211598746081,0,0,False,1,20230315,2,350
11782,283,4023.885964912281,8151.690476190476,1,0,False,1,20230315,2,350
11783,284,4023.6026991441736,8695.402567478604,1,0,False,1,20230315,2,350
11784,285,4023.7954399486193,9219.787732819525,0,0,False,1,20230315,2,350
11785,286,4023.89588688946,9755.690231362469,0,0,False,1,20230315,2,350
11786,287,4023.89588688946,10291.690231362469,3,0,False,1,20230315,2,350
11787,288,4023.6953727506425,10827.885604113111,0,0,False,1,20230315,2,350
11788,289,4023.7884012539184,11375.211598746082,0,0,False,1,20230315,2,350
11789,290,4023.885964912281,11903.690476190475,0,0,False,1,20230315,2,350
11790,291,4023.7002567394097,12443.5,1,0,False,1,20230315,2,350
11791,292,4023.7954399486193,12971.787732819525,0,0,False,1,20230315,2,350
11792,293,4023.969554300063,13504.165411173886,1,0,False,1,20230315,2,350
11793,294,4023.885964912281,14039.690476190475,1,0,False,1,20230315,2,350
11794,295,4023.87652811736,14579.690709046456,0,0,False,1,20230315,2,350
11795,296,4023.7954399486193,15115.787732819525,1,0,False,1,20230315,2,350
11796,297,4023.5975609756097,15647.40243902439,1,0,False,1,20230315,2,350
11797,298,4023.5,16191.5,0,0,False,1,20230315,2,350
11798,299,4023.6000641436817,16731.402501603592,0,0,False,1,20230315,2,350
11799,300,4023.4048200122015,17267.402379499694,3,0,False,1,20230315,2,350
11800,301,4024.053921568628,17796.06862745098,0,0,False,1,20230315,2,350
11801,302,4023.695244055069,18335.5,0,0,False,1,20230315,2,350
11802,303,4023.5,18867.5,0,0,False,1,20230315,2,350
11803,304,4023.6000641436817,19403.597498396408,1,0,False,1,20230315,2,350
11804,305,4023.89588688946,19947.309768637533,1,0,False,1,20230315,2,350
11805,306,4023.314180929096,20483.11369193154,0,0,False,1,20230315,2,350
11806,307,4023.6000641436817,21019.402501603592,2,0,False,1,20230315,2,350
11807,308,4467.308588957055,927.6865030674846,0,0,False,1,20230315,2,350
11808,309,4467.6027617212585,1463.5950545921644,2,0,False,1,20230315,2,350
11809,310,4467.69094247246,1999.686046511628,1,0,False,1,20230315,2,350
11810,311,4467.5,2531.5,0,0,False,1,20230315,2,350
11811,312,4467.103264281231,3067.133396107972,2,0,False,1,20230315,2,350
11812,313,4467.597620500305,3607.5951799877976,2,0,False,1,20230315,2,350
11813,314,4468.0700245700245,4135.490171990172,2,0,False,1,20230315,2,350
11814,315,4467.790461538461,4678.6704615384615,3,0,False,1,20230315,2,350
11815,316,4467.220416922134,5207.772225628449,2,0,False,1,20230315,2,350
11816,317,4467.600250626567,5747.4047619047615,2,0,False,1,20230315,2,350
11817,318,4467.695611285267,6275.876175548589,2,0,False,1,20230315,2,350
11818,319,4468.067931456549,6814.9467564259485,2,0,False,1,20230315,2,350
11819,320,4467.69094247246,7351.686046511628,0,0,False,1,20230315,2,350
11820,321,4467.705655526992,7887.5,1,0,False,1,20230315,2,350
11821,322,4467.9604316546765,8427.039568345324,0,0,False,1,20230315,2,350
11822,323,4467.803536977492,8951.78038585209,2,0,False,1,20230315,2,350
11823,324,4467.779926335175,9488.145794966236,2,0,False,1,20230315,2,350
11824,325,4467.970876762723,10023.958614347026,1,0,False,1,20230315,2,350
11825,326,4467.779926335175,10560.145794966236,2,0,False,1,20230315,2,350
11826,327,4467.773709483794,11099.773709483794,1,0,False,1,20230315,2,350
11827,328,4467.705655526992,11639.5,3,0,False,1,20230315,2,350
11828,329,4467.691411042945,12175.313496932517,1,0,False,1,20230315,2,350
11829,330,4467.992462311558,12707.404522613066,0,0,False,1,20230315,2,350
11830,331,4467.982412060302,13236.14824120603,0,0,False,1,20230315,2,350
11831,332,4467.695611285267,13771.876175548588,1,0,False,1,20230315,2,350
11832,333,4467.78679245283,14308.335220125786,0,0,False,1,20230315,2,350
11833,334,4467.700375704446,14851.5,2,0,False,1,20230315,2,350
11834,335,4467.695611285267,15379.876175548588,1,0,False,1,20230315,2,350
11835,336,4467.69094247246,15919.686046511628,2,0,False,1,20230315,2,350
11836,337,4467.597979179424,16463.03214941825,1,0,False,1,20230315,2,350
11837,338,4467.796110414053,16995.590338770387,0,1,False,1,20230315,2,350
11838,339,4467.812169312169,17531.589947089946,1,0,False,1,20230315,2,350
11839,340,4467.304143126177,18067.314187068423,1,0,False,1,20230315,2,350
11840,341,4467.6027617212585,18599.59505459217,2,0,False,1,20230315,2,350
11841,342,4467.992462311558,19139.59547738693,2,0,False,1,20230315,2,350
11842,343,4467.9604316546765,19675.586330935253,0,0,True,1,20230315,2,350
11843,344,4467.992462311558,20211.404522613066,1,0,False,1,20230315,2,350
11844,345,4467.695611285267,20755.87617554859,0,0,False,1,20230315,2,350
11845,346,4467.600250626567,21283.404761904763,0,0,False,1,20230315,2,350
11846,347,4910.279048765804,1198.8762793497892,1,0,False,1,20230315,2,350
11847,348,4909.975961538462,1726.3557692307693,1,0,False,1,20230315,2,350
11848,349,4911.294228356336,2263.5,2,0,False,1,20230315,2,350
11849,350,4910.738323353294,2799.859281437126,0,0,False,1,20230315,2,350
11850,351,4910.551497005988,3335.32754491018,0,0,False,1,20230315,2,350
11851,352,4911.092964824121,3871.680904522613,4,0,False,1,20230315,2,350
11852,353,4911.308383233533,4407.317964071856,1,0,False,1,20230315,2,350
11853,354,4911.298994974874,4943.133165829146,0,0,False,1,20230315,2,350
11854,355,4911.308841099164,5479.318399044206,3,0,False,1,20230315,2,350
11855,356,4911.696078431372,6011.318627450981,4,0,False,1,20230315,2,350
11856,357,4911.308383233533,6543.682035928144,1,0,False,1,20230315,2,350
11857,358,4911.796387017759,7083.225658297612,1,0,False,1,20230315,2,350
11858,359,4912.070743405276,7622.958033573142,0,0,False,1,20230315,2,350
11859,360,4911.5,8151.5,1,0,False,1,20230315,2,350
11860,361,4911.5,8694.951572327043,2,0,False,1,20230315,2,350
11861,362,4911.696078431372,9219.68137254902,1,0,False,1,20230315,2,350
11862,363,4911.69656019656,9755.681818181818,5,0,False,1,20230315,2,350
11863,364,4911.5,10291.863190184047,2,0,False,1,20230315,2,350
11864,365,4911.5,10827.863190184047,1,0,False,1,20230315,2,350
11865,366,4911.5,11374.602040816326,3,0,False,1,20230315,2,350
11866,367,4911.780407429598,11902.869682444578,1,0,True,1,20230315,2,350
11867,368,4911.600551808707,12443.043838136113,0,0,False,1,20230315,2,350
11868,369,4911.696078431372,12971.68137254902,0,0,False,1,20230315,2,350
11869,370,4911.780407429598,13504.130317555422,3,0,False,1,20230315,2,350
11870,371,4911.780407429598,14040.130317555422,1,0,False,1,20230315,2,350
11871,372,4911.774165202109,14579.232864674868,0,0,False,1,20230315,2,350
11872,373,4911.696078431372,15115.68137254902,0,0,False,1,20230315,2,350
11873,374,4911.780407429598,15648.130317555422,2,0,False,1,20230315,2,350
11874,375,4911.5,16191.136363636364,1,0,False,1,20230315,2,350
11875,376,4911.5,16731.5,1,0,False,1,20230315,2,350
11876,377,4911.869158878505,17266.77570093458,2,0,False,1,20230315,2,350
11877,378,4911.877182770663,17795.681606519207,3,0,False,1,20230315,2,350
11878,379,4912.261676646706,18335.32754491018,2,0,False,1,20230315,2,350
11879,380,4912.056725146199,18867.49064327485,0,0,False,1,20230315,2,350
11880,381,4911.696078431372,19403.68137254902,0,0,True,1,20230315,2,350
11881,382,4911.796387017759,19947.22565829761,0,0,False,1,20230315,2,350
11882,383,4911.961088355763,20483.050614394386,0,0,False,1,20230315,2,350
11883,384,4911.888206388207,21018.77764127764,2,0,True,1,20230315,2,350
11884,385,5354.359950859951,927.5,0,0,False,1,20230315,2,350
11885,386,5355.3972382787415,1463.4049454078356,0,0,False,1,20230315,2,350
11886,387,5354.355036855037,1999.8341523341523,0,0,False,1,20230315,2,350
11887,388,5355.103761755486,2531.314420062696,0,0,True,1,20230315,2,350
11888,389,5355.299624295554,3067.5,0,0,False,1,20230315,2,350
11889,390,5355.5,3607.309523809524,0,0,False,1,20230315,2,350
11890,391,5355.5,4135.5,2,0,False,1,20230315,2,350
11891,392,5355.87791411043,4678.758895705521,0,0,False,1,20230315,2,350
11892,393,5355.69094247246,5207.313953488372,0,0,False,1,20230315,2,350
11893,394,5355.695611285267,5747.123824451411,1,0,False,1,20230315,2,350
11894,395,5355.600250626567,6275.4047619047615,1,0,False,1,20230315,2,350
11895,396,5355.5,6815.1274509803925,0,0,True,1,20230315,2,350
11896,397,5355.597739767868,7351.404703726329,2,0,False,1,20230315,2,350
11897,398,5355.6027617212585,7887.404945407836,0,0,False,1,20230315,2,350
11898,399,5355.868641532017,8426.757929383602,6,1,False,1,20230315,2,350
11899,400,5355.6027617212585,8951.595054592164,1,0,False,1,20230315,2,350
11900,401,5355.69094247246,9487.686046511628,1,0,True,1,20230315,2,350
11901,402,5355.882352941177,10023.5,1,0,False,1,20230315,2,350
11902,403,5355.788685015291,10559.781345565749,1,0,False,1,20230315,2,350
11903,404,5355.87298266587,11099.5,1,0,False,1,20230315,2,350
11904,405,5355.803536977492,11639.21961414791,0,0,False,1,20230315,2,350
11905,406,5355.788685015291,12175.218654434251,1,0,False,1,20230315,2,350
11906,407,5355.796110414053,12707.218946047678,1,0,False,1,20230315,2,350
11907,408,5355.896238244514,13235.685579937304,1,0,False,1,20230315,2,350
11908,409,5355.700375704446,13771.5,0,0,False,1,20230315,2,350
11909,410,5355.796110414053,14307.781053952322,3,0,False,1,20230315,2,350
11910,411,5355.600125156446,14851.404881101376,0,0,False,1,20230315,2,350
11911,412,5355.700375704446,15379.5,2,0,False,1,20230315,2,350
11912,413,5355.88630806846,15919.685819070904,3,0,False,1,20230315,2,350
11913,414,5355.5,16462.936964504283,2,0,False,1,20230315,2,350
11914,415,5355.896238244514,16995.314420062696,1,0,False,1,20230315,2,350
11915,416,5355.917713152677,17531.31493721084,2,0,False,1,20230315,2,350
11916,417,5355.795739348371,18067.21929824561,1,0,True,1,20230315,2,350
11917,418,5355.6027617212585,18599.59505459217,3,0,False,1,20230315,2,350
11918,419,5355.700375704446,19139.5,3,1,False,1,20230315,2,350
11919,420,5355.968339307049,19675.40442054958,4,0,False,1,20230315,2,350
11920,421,5355.600125156446,20211.40488110137,0,0,False,1,20230315,2,350
11921,422,5355.795739348371,20755.21929824561,0,0,True,1,20230315,2,350
11922,423,5355.700375704446,21283.5,2,0,False,1,20230315,2,350
11923,424,5806.541916167665,1199.3179640718563,1,0,False,1,20230315,2,350
11924,425,5806.328331332533,1727.2454981992796,2,0,False,1,20230315,2,350
11925,426,5806.901257861635,2262.9616352201256,1,0,False,1,20230315,2,350
11926,427,5807.019426180514,2799.4067543335327,0,0,False,1,20230315,2,350
11927,428,5807.204504504504,3335.262162162162,1,0,False,1,20230315,2,350
11928,429,5807.705771643664,3871.5,1,0,False,1,20230315,2,350
11929,430,5807.308383233533,4407.317964071856,0,0,False,1,20230315,2,350
11930,431,5807.397049591965,4943.407093534212,0,0,False,1,20230315,2,350
11931,432,5807.5,5479.136363636364,0,0,False,1,20230315,2,350
11932,433,5807.5,6011.5,0,0,False,1,20230315,2,350
11933,434,5807.317964071856,6544.223353293413,1,0,False,1,20230315,2,350
11934,435,5807.303921568628,7083.318627450981,0,0,False,1,20230315,2,350
11935,436,5807.5,7623.136363636364,0,0,False,1,20230315,2,350
11936,437,5807.5,8151.5,0,0,False,1,20230315,2,350
11937,438,5807.5,8694.951572327043,0,0,False,1,20230315,2,350
11938,439,5807.399448191293,9219.956161863887,2,0,False,1,20230315,2,350
11939,440,5807.303921568628,9755.68137254902,1,0,False,1,20230315,2,350
11940,441,5807.5,10291.863190184047,1,0,False,1,20230315,2,350
11941,442,5807.5,10827.863190184047,1,0,False,1,20230315,2,350
11942,443,5807.5,11374.602040816326,2,0,False,1,20230315,2,350
11943,444,5807.691616766467,11903.317964071855,2,0,False,1,20230315,2,350
11944,445,5807.600551808707,12443.043838136113,0,0,False,1,20230315,2,350
11945,446,5807.696078431372,12971.68137254902,0,0,False,1,20230315,2,350
11946,447,5807.5,13503.863636363636,1,0,False,1,20230315,2,350
11947,448,5807.780407429598,14040.130317555422,4,0,False,1,20230315,2,350
11948,449,5807.5,14579.5,0,0,False,1,20230315,2,350
11949,450,5807.5,15115.5,2,0,False,1,20230315,2,350
11950,451,5807.308383233533,15647.682035928145,2,0,False,1,20230315,2,350
11951,452,5807.219592570402,16190.869682444578,1,0,False,1,20230315,2,350
11952,453,5807.203975535168,16731.225993883792,0,0,False,1,20230315,2,350
11953,454,5808.315897136177,17266.518118059616,0,0,False,1,20230315,2,350
11954,455,5807.5,17795.5,1,0,False,1,20230315,2,350
11955,456,5807.598027495517,18335.04333532576,2,0,True,1,20230315,2,350
11956,457,5807.686915887851,18867.317757009347,0,0,False,1,20230315,2,350
11957,458,5807.399694189602,19403.59296636085,3,0,False,1,20230315,2,350
11958,459,5807.600551808707,19947.04383813612,2,0,False,1,20230315,2,350
11959,460,5807.322429906542,20482.59813084112,1,0,False,1,20230315,2,350
11960,461,5807.600551808707,21019.04383813612,0,0,False,1,20230315,2,350
11961,462,6248.491920447483,929.41671845867,1,0,True,1,20230315,2,350
11962,463,6250.684516129032,1463.5,0,0,True,1,20230315,2,350
11963,464,6250.062461538461,1999.2710769230769,1,0,False,1,20230315,2,350
11964,465,6246.90797940798,2531.5,3,0,False,1,20230315,2,350
11965,466,6251.103761755486,3067.6855799373043,1,0,False,1,20230315,2,350
11966,467,6251.402379499695,3607.4048200122015,0,0,False,1,20230315,2,350
11967,468,6251.30905752754,4135.686046511628,0,0,False,1,20230315,2,350
11968,469,6251.788685015291,4679.21865443425,0,0,False,1,20230315,2,350
11969,470,6251.882352941177,5207.5,3,1,False,1,20230315,2,350
11970,471,6251.600250626567,5747.4047619047615,1,0,False,1,20230315,2,350
11971,472,6251.600250626567,6275.595238095239,1,0,False,1,20230315,2,350
11972,473,6251.5,6815.1274509803925,1,0,False,1,20230315,2,350
11973,474,6251.5,7351.5,1,0,False,1,20230315,2,350
11974,475,6251.6027617212585,7887.404945407836,4,0,True,1,20230315,2,350
11975,476,6251.773053892216,8426.853293413174,1,0,False,1,20230315,2,350
11976,477,6251.5,8951.690231362469,0,0,False,1,20230315,2,350
11977,478,6251.5,9487.872549019608,0,0,False,1,20230315,2,350
11978,479,6251.5,10023.872549019608,0,0,False,1,20230315,2,350
11979,480,6251.69094247246,10559.686046511628,1,0,False,1,20230315,2,350
11980,481,6251.87298266587,11099.5,1,0,False,1,20230315,2,350
11981,482,6251.6027617212585,11639.404945407836,1,0,False,1,20230315,2,350
11982,483,6251.597979179424,12175.032149418248,0,0,False,1,20230315,2,350
11983,484,6251.796110414053,12707.218946047678,2,0,False,1,20230315,2,350
11984,485,6251.896238244514,13235.685579937304,2,0,False,1,20230315,2,350
11985,486,6251.600125156446,13771.595118898624,2,0,False,1,20230315,2,350
11986,487,6251.795739348371,14307.780701754386,0,0,False,1,20230315,2,350
11987,488,6251.5,14851.309643080776,0,0,False,1,20230315,2,350
11988,489,6251.600250626567,15379.40476190476,2,0,False,1,20230315,2,350
11989,490,6251.5,15919.5,2,0,False,1,20230315,2,350
11990,491,6251.5,16462.389434889436,1,0,False,1,20230315,2,350
11991,492,6251.5,16995.30964308078,0,0,False,1,20230315,2,350
11992,493,6251.605540897098,17531.405013192612,1,0,False,1,20230315,2,350
11993,494,6251.5,18066.93753923415,1,0,False,1,20230315,2,350
11994,495,6251.5,18599.5,3,0,False,1,20230315,2,350
11995,496,6251.5,19139.30964308078,2,0,False,1,20230315,2,350
11996,497,6251.5,19675.12701733413,0,0,False,1,20230315,2,350
11997,498,6251.5,20211.30964308078,0,0,False,1,20230315,2,350
11998,499,6251.399874843554,20755.40488110137,1,0,False,1,20230315,2,350
11999,500,6251.600250626567,21283.404761904763,1,0,True,1,20230315,2,350
